date_time,actual_traffic,predicted_traffic,error,absolute_error
2017-11-02 19:00:00,3335,3513.792666666667,-178.79266666666717,178.79266666666717
2017-11-02 20:00:00,2846,3014.964773809524,-168.9647738095241,168.9647738095241
2017-11-02 21:00:00,3094,2758.8970238095244,335.1029761904756,335.1029761904756
2017-11-02 22:00:00,2412,2586.3218232323234,-174.32182323232337,174.32182323232337
2017-11-02 23:00:00,1336,1318.5464047619048,17.453595238095204,17.453595238095204
2017-11-03 00:00:00,768,693.4304285714288,74.56957142857118,74.56957142857118
2017-11-03 01:00:00,432,499.982488095238,-67.98248809523801,67.98248809523801
2017-11-03 02:00:00,354,362.858130952381,-8.858130952380975,8.858130952380975
2017-11-03 03:00:00,444,380.64554761904765,63.35445238095235,63.35445238095235
2017-11-03 04:00:00,842,820.9941428571428,21.005857142857167,21.005857142857167
2017-11-03 05:00:00,2715,2639.0525000000007,75.94749999999931,75.94749999999931
2017-11-03 06:00:00,5524,5538.891500000001,-14.891500000000633,14.891500000000633
2017-11-03 07:00:00,6594,6401.588222222221,192.4117777777792,192.4117777777792
2017-11-03 08:00:00,5784,5830.898404761907,-46.89840476190693,46.89840476190693
2017-11-03 09:00:00,5086,5165.373142857144,-79.37314285714365,79.37314285714365
2017-11-03 10:00:00,4663,4744.1418293650795,-81.1418293650795,81.1418293650795
2017-11-03 11:00:00,4977,5072.307583333333,-95.30758333333324,95.30758333333324
2017-11-03 12:00:00,5403,5130.402952380953,272.59704761904686,272.59704761904686
2017-11-03 13:00:00,5484,5428.649380952381,55.35061904761915,55.35061904761915
2017-11-03 14:00:00,5564,5732.874750000001,-168.87475000000086,168.87475000000086
2017-11-03 15:00:00,5860,5955.960333333334,-95.96033333333435,95.96033333333435
2017-11-03 16:00:00,5086,6273.975087301586,-1187.9750873015864,1187.9750873015864
2017-11-03 16:00:00,5086,5271.683380952382,-185.68338095238232,185.68338095238232
2017-11-03 16:00:00,5086,5263.824904761905,-177.8249047619047,177.8249047619047
2017-11-03 17:00:00,5406,4778.574916666666,627.4250833333344,627.4250833333344
2017-11-03 17:00:00,5406,5279.5722261904775,126.42777380952248,126.42777380952248
2017-11-03 17:00:00,5406,5286.388869047619,119.61113095238125,119.61113095238125
2017-11-03 18:00:00,4317,4543.472035714286,-226.472035714286,226.472035714286
2017-11-03 18:00:00,4317,4175.948226190476,141.0517738095241,141.0517738095241
2017-11-03 18:00:00,4317,4152.872297619048,164.12770238095163,164.12770238095163
2017-11-03 19:00:00,3437,3125.2945476190484,311.70545238095156,311.70545238095156
2017-11-03 19:00:00,3437,2908.598000000001,528.4019999999991,528.4019999999991
2017-11-03 20:00:00,2827,2914.1316349206354,-87.1316349206354,87.1316349206354
2017-11-03 20:00:00,2827,2696.583833333334,130.41616666666596,130.41616666666596
2017-11-03 21:00:00,2656,3079.836666666666,-423.83666666666613,423.83666666666613
2017-11-03 22:00:00,2613,2704.6608333333334,-91.66083333333336,91.66083333333336
2017-11-03 23:00:00,1676,2049.536857142857,-373.5368571428571,373.5368571428571
2017-11-04 00:00:00,1031,1144.7580714285716,-113.75807142857161,113.75807142857161
2017-11-04 01:00:00,658,715.3524087301587,-57.352408730158686,57.352408730158686
2017-11-04 02:00:00,470,535.6801904761905,-65.68019047619055,65.68019047619055
2017-11-04 03:00:00,352,373.72832142857135,-21.72832142857135,21.72832142857135
2017-11-04 04:00:00,371,380.6335238095238,-9.633523809523808,9.633523809523808
2017-11-04 05:00:00,680,682.685880952381,-2.6858809523810123,2.6858809523810123
2017-11-04 05:00:00,680,735.8168333333335,-55.816833333333534,55.816833333333534
2017-11-04 06:00:00,1243,1260.3540476190472,-17.35404761904715,17.35404761904715
2017-11-04 07:00:00,1957,1824.886412698412,132.11358730158804,132.11358730158804
2017-11-04 08:00:00,2790,2890.4015793650806,-100.40157936508058,100.40157936508058
2017-11-04 08:00:00,2790,3145.5026269841283,-355.50262698412826,355.50262698412826
2017-11-04 09:00:00,3489,3282.9676666666674,206.03233333333264,206.03233333333264
2017-11-04 09:00:00,3489,3983.9966111111107,-494.9966111111107,494.9966111111107
2017-11-04 10:00:00,3979,3963.5871825396816,15.412817460318365,15.412817460318365
2017-11-04 10:00:00,3979,4058.1550432900426,-79.15504329004261,79.15504329004261
2017-11-04 11:00:00,4563,4201.6714999999995,361.32850000000053,361.32850000000053
2017-11-04 12:00:00,4837,4690.445031746031,146.55496825396858,146.55496825396858
2017-11-04 12:00:00,4837,4933.54125,-96.54125000000022,96.54125000000022
2017-11-04 13:00:00,4836,4812.89369047619,23.106309523809614,23.106309523809614
2017-11-04 14:00:00,4764,4874.8264880952365,-110.82648809523653,110.82648809523653
2017-11-04 15:00:00,4890,4715.944619047618,174.0553809523817,174.0553809523817
2017-11-04 16:00:00,4894,4829.555547619048,64.44445238095159,64.44445238095159
2017-11-04 17:00:00,4794,4812.578983516483,-18.578983516483277,18.578983516483277
2017-11-04 17:00:00,4794,4864.588793040294,-70.58879304029415,70.58879304029415
2017-11-04 18:00:00,4411,4482.516523809524,-71.51652380952419,71.51652380952419
2017-11-04 18:00:00,4411,4297.948398268398,113.0516017316022,113.0516017316022
2017-11-04 18:00:00,4411,4294.544731601731,116.45526839826925,116.45526839826925
2017-11-04 19:00:00,3421,3274.5320775613272,146.46792243867276,146.46792243867276
2017-11-04 19:00:00,3421,3141.354821428572,279.645178571428,279.645178571428
2017-11-04 20:00:00,2718,2965.274785714285,-247.27478571428492,247.27478571428492
2017-11-04 20:00:00,2718,2707.834547619048,10.165452380952047,10.165452380952047
2017-11-04 21:00:00,3515,2714.064309523809,800.9356904761912,800.9356904761912
2017-11-04 21:00:00,3515,3311.520452380953,203.47954761904703,203.47954761904703
2017-11-04 22:00:00,3865,3351.0296349206355,513.9703650793645,513.9703650793645
2017-11-04 22:00:00,3865,3265.460452380952,599.5395476190479,599.5395476190479
2017-11-04 22:00:00,3865,3212.4531904761902,652.5468095238098,652.5468095238098
2017-11-04 23:00:00,2042,2227.823301587301,-185.8233015873011,185.8233015873011
2017-11-04 23:00:00,2042,1776.464384559884,265.5356154401161,265.5356154401161
2017-11-05 00:00:00,1554,1372.3053809523813,181.69461904761874,181.69461904761874
2017-11-05 00:00:00,1554,1153.9089047619045,400.0910952380955,400.0910952380955
2017-11-05 00:00:00,1554,1152.7555238095233,401.2444761904767,401.2444761904767
2017-11-05 01:00:00,629,812.2106071428572,-183.21060714285716,183.21060714285716
2017-11-05 01:00:00,629,617.323023809524,11.676976190476012,11.676976190476012
2017-11-05 01:00:00,629,618.8283571428572,10.171642857142842,10.171642857142842
2017-11-05 02:00:00,361,605.538119047619,-244.53811904761903,244.53811904761903
2017-11-05 02:00:00,361,365.1361547619048,-4.136154761904777,4.136154761904777
2017-11-05 02:00:00,361,367.1126547619047,-6.112654761904707,6.112654761904707
2017-11-05 03:00:00,247,354.10983333333337,-107.10983333333337,107.10983333333337
2017-11-05 03:00:00,247,301.37655555555557,-54.37655555555557,54.37655555555557
2017-11-05 04:00:00,287,251.9325595238094,35.0674404761906,35.0674404761906
2017-11-05 04:00:00,287,284.03182142857145,2.9681785714285525,2.9681785714285525
2017-11-05 04:00:00,287,279.2101547619047,7.7898452380953245,7.7898452380953245
2017-11-05 05:00:00,469,463.2226785714286,5.777321428571383,5.777321428571383
2017-11-05 05:00:00,469,477.2385714285714,-8.23857142857139,8.23857142857139
2017-11-05 05:00:00,469,477.04364285714286,-8.043642857142856,8.043642857142856
2017-11-05 06:00:00,823,790.0317857142858,32.968214285714225,32.968214285714225
2017-11-05 06:00:00,823,963.5799285714285,-140.57992857142847,140.57992857142847
2017-11-05 07:00:00,1209,1144.1335555555554,64.8664444444446,64.8664444444446
2017-11-05 08:00:00,2059,2007.4311666666672,51.568833333332805,51.568833333332805
2017-11-05 09:00:00,2974,2920.7151904761913,53.28480952380869,53.28480952380869
2017-11-05 10:00:00,3592,3442.0245793650793,149.97542063492074,149.97542063492074
2017-11-05 11:00:00,4014,3894.07263095238,119.92736904761978,119.92736904761978
2017-11-05 12:00:00,4256,4240.159547619045,15.840452380954957,15.840452380954957
2017-11-05 13:00:00,4309,4324.873095238094,-15.87309523809381,15.87309523809381
2017-11-05 14:00:00,4303,4294.510464285715,8.489535714285012,8.489535714285012
2017-11-05 15:00:00,4525,4246.5276031746025,278.4723968253975,278.4723968253975
2017-11-05 16:00:00,4744,4561.316595238098,182.68340476190224,182.68340476190224
2017-11-05 17:00:00,4235,4533.81819047619,-298.81819047618956,298.81819047618956
2017-11-05 18:00:00,3765,3710.4397380952378,54.56026190476223,54.56026190476223
2017-11-05 19:00:00,2888,3057.2899047619053,-169.2899047619053,169.2899047619053
2017-11-05 20:00:00,2273,2477.513571428572,-204.51357142857205,204.51357142857205
2017-11-05 21:00:00,1912,2144.0560476190476,-232.0560476190476,232.0560476190476
2017-11-05 22:00:00,1323,1636.5168452380958,-313.5168452380958,313.5168452380958
2017-11-05 23:00:00,861,1031.0918722943723,-170.09187229437225,170.09187229437225
2017-11-06 00:00:00,469,472.1885476190476,-3.188547619047597,3.188547619047597
2017-11-06 01:00:00,330,299.2718253968254,30.72817460317458,30.72817460317458
2017-11-06 02:00:00,186,260.50038095238097,-74.50038095238097,74.50038095238097
2017-11-06 03:00:00,333,234.07159920634928,98.92840079365072,98.92840079365072
2017-11-06 04:00:00,809,799.9144880952382,9.085511904761802,9.085511904761802
2017-11-06 05:00:00,2853,2662.322971861471,190.67702813852884,190.67702813852884
2017-11-06 06:00:00,5836,5791.787952380951,44.21204761904937,44.21204761904937
2017-11-06 07:00:00,6268,6296.437964285715,-28.43796428571477,28.43796428571477
2017-11-06 08:00:00,5990,5736.210845238096,253.78915476190377,253.78915476190377
2017-11-06 09:00:00,4992,5077.636476190477,-85.63647619047697,85.63647619047697
2017-11-06 10:00:00,4298,4349.989261904762,-51.989261904762316,51.989261904762316
2017-11-06 11:00:00,4488,4423.744190476191,64.25580952380915,64.25580952380915
2017-11-06 12:00:00,4677,4653.796047619048,23.203952380951705,23.203952380951705
2017-11-06 13:00:00,4746,4831.46945238095,-85.46945238095032,85.46945238095032
2017-11-06 14:00:00,4987,5048.532376984127,-61.53237698412704,61.53237698412704
2017-11-06 15:00:00,5657,5404.430369047619,252.56963095238098,252.56963095238098
2017-11-06 16:00:00,6647,6261.744988095239,385.255011904761,385.255011904761
2017-11-06 17:00:00,6175,6241.102642857142,-66.1026428571422,66.1026428571422
2017-11-06 18:00:00,4152,4339.87976984127,-187.87976984127,187.87976984127
2017-11-06 19:00:00,2919,2964.0833095238086,-45.083309523808566,45.083309523808566
2017-11-06 20:00:00,2263,2424.655888888889,-161.65588888888897,161.65588888888897
2017-11-06 21:00:00,2009,1947.412119047619,61.587880952381056,61.587880952381056
2017-11-06 22:00:00,1451,1414.1522261904759,36.84777380952414,36.84777380952414
2017-11-06 23:00:00,961,1029.7819880952381,-68.78198809523815,68.78198809523815
2017-11-07 00:00:00,560,525.3088253968253,34.69117460317466,34.69117460317466
2017-11-07 01:00:00,339,340.1260436507936,-1.1260436507935765,1.1260436507935765
2017-11-07 02:00:00,244,253.19285714285718,-9.192857142857179,9.192857142857179
2017-11-07 03:00:00,377,340.920238095238,36.079761904761995,36.079761904761995
2017-11-07 04:00:00,899,786.6437380952382,112.35626190476182,112.35626190476182
2017-11-07 05:00:00,3031,2744.6195952380963,286.3804047619037,286.3804047619037
2017-11-07 06:00:00,6100,5799.44446031746,300.55553968254026,300.55553968254026
2017-11-07 07:00:00,6538,6542.5569047619065,-4.55690476190648,4.55690476190648
2017-11-07 08:00:00,6091,5864.767233766233,226.2327662337666,226.2327662337666
2017-11-07 09:00:00,5319,5595.15005952381,-276.15005952381034,276.15005952381034
2017-11-07 10:00:00,4518,4491.855261904764,26.14473809523588,26.14473809523588
2017-11-07 11:00:00,4701,4730.786055555555,-29.786055555555322,29.786055555555322
2017-11-07 12:00:00,4866,4915.366095238096,-49.36609523809602,49.36609523809602
2017-11-07 13:00:00,5101,4890.167321428571,210.83267857142891,210.83267857142891
2017-11-07 14:00:00,5273,5319.469892857143,-46.46989285714335,46.46989285714335
2017-11-07 15:00:00,5747,5865.386928571429,-118.38692857142905,118.38692857142905
2017-11-07 16:00:00,6705,6568.208238095237,136.791761904763,136.791761904763
2017-11-07 17:00:00,6198,6317.828325396827,-119.82832539682659,119.82832539682659
2017-11-07 18:00:00,4421,4464.768416666666,-43.76841666666587,43.76841666666587
2017-11-07 19:00:00,3073,3166.912571428571,-93.91257142857103,93.91257142857103
2017-11-07 20:00:00,2581,2730.306857142857,-149.3068571428571,149.3068571428571
2017-11-07 21:00:00,2265,2670.0865952380955,-405.08659523809547,405.08659523809547
2017-11-07 22:00:00,1631,1639.5942261904756,-8.594226190475638,8.594226190475638
2017-11-07 23:00:00,1073,1083.6662142857144,-10.666214285714432,10.666214285714432
2017-11-08 00:00:00,548,574.8083333333334,-26.808333333333394,26.808333333333394
2017-11-08 01:00:00,329,338.2293452380952,-9.22934523809522,9.22934523809522
2017-11-08 03:00:00,373,366.38551190476204,6.614488095237959,6.614488095237959
2017-11-08 04:00:00,898,778.0879166666666,119.91208333333338,119.91208333333338
2017-11-08 05:00:00,2985,2690.9894523809526,294.01054761904743,294.01054761904743
2017-11-08 06:00:00,6126,5841.704464285714,284.2955357142864,284.2955357142864
2017-11-08 07:00:00,6513,6607.383841269842,-94.38384126984238,94.38384126984238
2017-11-08 08:00:00,5926,5996.423916666669,-70.42391666666936,70.42391666666936
2017-11-08 09:00:00,5670,5262.699833333334,407.300166666666,407.300166666666
2017-11-08 10:00:00,4195,4583.896404761904,-388.8964047619038,388.8964047619038
2017-11-08 11:00:00,4553,4500.557238095239,52.44276190476103,52.44276190476103
2017-11-08 12:00:00,4585,4806.1830735930735,-221.18307359307346,221.18307359307346
2017-11-08 13:00:00,4833,4648.053035714285,184.94696428571478,184.94696428571478
2017-11-08 14:00:00,5049,5262.906214285714,-213.90621428571376,213.90621428571376
2017-11-08 15:00:00,5651,5493.447904761905,157.5520952380948,157.5520952380948
2017-11-08 16:00:00,6832,6366.258726190476,465.7412738095236,465.7412738095236
2017-11-08 17:00:00,6090,6567.863805555556,-477.8638055555557,477.8638055555557
2017-11-08 18:00:00,4650,4691.631630952382,-41.631630952381784,41.631630952381784
2017-11-08 19:00:00,3292,3322.532126623377,-30.532126623376826,30.532126623376826
2017-11-08 20:00:00,2885,2863.0197857142853,21.980214285714737,21.980214285714737
2017-11-08 21:00:00,2445,2650.4299761904763,-205.42997619047628,205.42997619047628
2017-11-08 22:00:00,1728,1803.1589444444444,-75.15894444444439,75.15894444444439
2017-11-08 23:00:00,1094,1136.3859523809524,-42.3859523809524,42.3859523809524
2017-11-09 00:00:00,614,594.6014285714286,19.39857142857136,19.39857142857136
2017-11-09 01:00:00,348,379.25595238095235,-31.25595238095235,31.25595238095235
2017-11-09 03:00:00,361,372.98434126984125,-11.984341269841252,11.984341269841252
2017-11-09 04:00:00,877,757.639119047619,119.36088095238097,119.36088095238097
2017-11-09 05:00:00,2966,2636.0631666666663,329.93683333333365,329.93683333333365
2017-11-09 06:00:00,5970,5816.004797619048,153.99520238095192,153.99520238095192
2017-11-09 07:00:00,6530,6456.059329365078,73.94067063492184,73.94067063492184
2017-11-09 08:00:00,5542,6074.309702380952,-532.3097023809523,532.3097023809523
2017-11-09 09:00:00,5710,5034.029186507935,675.9708134920647,675.9708134920647
2017-11-09 10:00:00,4726,4607.36319047619,118.63680952381037,118.63680952381037
2017-11-09 11:00:00,5025,4912.706142857142,112.29385714285763,112.29385714285763
2017-11-09 12:00:00,5151,5182.259452380954,-31.259452380953917,31.259452380953917
2017-11-09 13:00:00,5340,5190.5552976190465,149.44470238095346,149.44470238095346
2017-11-09 14:00:00,5261,5641.657476190475,-380.6574761904749,380.6574761904749
2017-11-09 15:00:00,5794,5610.562309523808,183.43769047619207,183.43769047619207
2017-11-09 16:00:00,6654,6465.240496031745,188.75950396825465,188.75950396825465
2017-11-09 17:00:00,6210,6286.280416666664,-76.28041666666377,76.28041666666377
2017-11-09 18:00:00,4758,4681.606880952382,76.3931190476178,76.3931190476178
2017-11-09 19:00:00,3466,3414.555714285716,51.44428571428398,51.44428571428398
2017-11-09 20:00:00,3112,2964.5313452380947,147.46865476190533,147.46865476190533
2017-11-09 21:00:00,2703,2805.4396349206345,-102.43963492063449,102.43963492063449
2017-11-09 22:00:00,2838,2138.035595238095,699.9644047619049,699.9644047619049
2017-11-09 23:00:00,1471,1586.683650793651,-115.68365079365094,115.68365079365094
2017-11-10 00:00:00,812,786.2675714285717,25.732428571428272,25.732428571428272
2017-11-10 01:00:00,418,518.666488095238,-100.66648809523804,100.66648809523804
2017-11-10 02:00:00,311,328.13604761904776,-17.13604761904776,17.13604761904776
2017-11-10 03:00:00,419,372.0472976190475,46.95270238095247,46.95270238095247
2017-11-10 04:00:00,776,802.0831428571431,-26.083142857143116,26.083142857143116
2017-11-10 05:00:00,2725,2580.6013928571424,144.3986071428576,144.3986071428576
2017-11-10 06:00:00,5554,5561.9793452380945,-7.979345238094538,7.979345238094538
2017-11-10 07:00:00,6494,6536.487753968254,-42.487753968253855,42.487753968253855
2017-11-10 08:00:00,5593,5717.975297619048,-124.97529761904843,124.97529761904843
2017-11-10 09:00:00,5039,5081.631452380952,-42.631452380952396,42.631452380952396
2017-11-10 10:00:00,4584,4734.84853968254,-150.84853968253992,150.84853968253992
2017-11-10 11:00:00,4964,4930.087261904762,33.91273809523773,33.91273809523773
2017-11-10 12:00:00,5106,5199.064654761905,-93.06465476190533,93.06465476190533
2017-11-10 13:00:00,5445,5168.075333333333,276.9246666666668,276.9246666666668
2017-11-10 14:00:00,5311,5665.51147835498,-354.5114783549798,354.5114783549798
2017-11-10 15:00:00,5667,5733.013785714286,-66.01378571428631,66.01378571428631
2017-11-10 16:00:00,6057,6029.835928571428,27.164071428572242,27.164071428572242
2017-11-10 17:00:00,5412,5487.382138888889,-75.38213888888913,75.38213888888913
2017-11-10 18:00:00,4707,4603.431547619048,103.5684523809523,103.5684523809523
2017-11-10 19:00:00,3505,3591.064083333333,-86.0640833333332,86.0640833333332
2017-11-10 20:00:00,3025,2992.7982976190483,32.2017023809517,32.2017023809517
2017-11-10 21:00:00,2836,2997.49694047619,-161.49694047619005,161.49694047619005
2017-11-10 22:00:00,2467,2701.6104523809518,-234.61045238095176,234.61045238095176
2017-11-10 23:00:00,1739,1749.0407738095237,-10.040773809523671,10.040773809523671
2017-11-11 00:00:00,1009,1105.2923571428569,-96.29235714285687,96.29235714285687
2017-11-11 00:00:00,1009,932.9110000000002,76.08899999999983,76.08899999999983
2017-11-11 01:00:00,649,699.2581547619048,-50.25815476190485,50.25815476190485
2017-11-11 01:00:00,649,584.3094047619048,64.69059523809517,64.69059523809517
2017-11-11 03:00:00,541,439.8913888888889,101.10861111111109,101.10861111111109
2017-11-11 04:00:00,555,445.1703253968255,109.82967460317451,109.82967460317451
2017-11-11 05:00:00,1057,748.1649920634919,308.8350079365081,308.8350079365081
2017-11-11 06:00:00,1584,1369.3347142857144,214.66528571428557,214.66528571428557
2017-11-11 07:00:00,2323,2196.243134920635,126.75686507936507,126.75686507936507
2017-11-11 08:00:00,3446,3247.824785714285,198.1752142857149,198.1752142857149
2017-11-11 09:00:00,4305,3839.352845238096,465.64715476190395,465.64715476190395
2017-11-11 10:00:00,4690,4630.435833333334,59.5641666666661,59.5641666666661
2017-11-11 11:00:00,4714,4805.969333333334,-91.96933333333436,91.96933333333436
2017-11-11 12:00:00,4882,4884.01380952381,-2.0138095238098686,2.0138095238098686
2017-11-11 13:00:00,4770,4767.261642857142,2.738357142858149,2.738357142858149
2017-11-11 14:00:00,4858,4680.49713095238,177.50286904762015,177.50286904762015
2017-11-11 15:00:00,4495,4836.548563492064,-341.5485634920642,341.5485634920642
2017-11-11 16:00:00,4766,4509.400011904762,256.5999880952377,256.5999880952377
2017-11-11 17:00:00,4544,4509.329071428572,34.670928571427794,34.670928571427794
2017-11-11 18:00:00,4236,4236.026630952381,-0.026630952381310635,0.026630952381310635
2017-11-11 19:00:00,3435,3372.412740259741,62.587259740259015,62.587259740259015
2017-11-11 20:00:00,2694,2862.8938452380953,-168.8938452380953,168.8938452380953
2017-11-11 21:00:00,2696,2635.7345476190476,60.26545238095241,60.26545238095241
2017-11-11 22:00:00,2869,2612.0063690476186,256.9936309523814,256.9936309523814
2017-11-11 23:00:00,2231,2145.8737301587294,85.12626984127064,85.12626984127064
2017-11-12 00:00:00,1259,1309.7405238095234,-50.74052380952344,50.74052380952344
2017-11-12 01:00:00,704,802.4448333333333,-98.44483333333335,98.44483333333335
2017-11-12 02:00:00,724,550.1911190476189,173.80888095238106,173.80888095238106
2017-11-12 02:00:00,724,555.9887023809524,168.01129761904758,168.01129761904758
2017-11-12 03:00:00,497,390.44401190476196,106.55598809523804,106.55598809523804
2017-11-12 04:00:00,504,436.25774206349206,67.74225793650794,67.74225793650794
2017-11-12 05:00:00,609,563.8211428571428,45.17885714285717,45.17885714285717
2017-11-12 06:00:00,962,970.2299206349207,-8.229920634920745,8.229920634920745
2017-11-12 07:00:00,1260,1217.1449285714289,42.85507142857114,42.85507142857114
2017-11-12 08:00:00,2133,1958.9550634920631,174.04493650793688,174.04493650793688
2017-11-12 09:00:00,2910,2772.4781666666663,137.5218333333337,137.5218333333337
2017-11-12 09:00:00,2910,3458.2795317460314,-548.2795317460314,548.2795317460314
2017-11-12 10:00:00,3540,3700.6885436507932,-160.68854365079324,160.68854365079324
2017-11-12 11:00:00,3858,3915.6572619047615,-57.657261904761526,57.657261904761526
2017-11-12 12:00:00,4055,4231.188309523809,-176.18830952380904,176.18830952380904
2017-11-12 13:00:00,4114,4206.762119047619,-92.76211904761931,92.76211904761931
2017-11-12 14:00:00,4163,4310.54319047619,-147.54319047618992,147.54319047618992
2017-11-12 15:00:00,4490,4276.004765873016,213.99523412698363,213.99523412698363
2017-11-12 16:00:00,4746,4438.86476984127,307.13523015873034,307.13523015873034
2017-11-12 17:00:00,4877,4523.3834166666675,353.6165833333325,353.6165833333325
2017-11-12 18:00:00,5355,4377.5867103174605,977.4132896825395,977.4132896825395
2017-11-12 19:00:00,3170,3404.477523809525,-234.47752380952488,234.47752380952488
2017-11-12 20:00:00,2463,2532.3590952380946,-69.3590952380946,69.3590952380946
2017-11-12 21:00:00,1919,2347.3112380952384,-428.3112380952384,428.3112380952384
2017-11-12 22:00:00,1342,1531.292452380952,-189.292452380952,189.292452380952
2017-11-12 23:00:00,929,1142.4140476190478,-213.41404761904778,213.41404761904778
2017-11-13 00:00:00,461,644.0505357142858,-183.05053571428584,183.05053571428584
2017-11-13 01:00:00,302,303.79752380952385,-1.7975238095238524,1.7975238095238524
2017-11-13 02:00:00,207,244.556246031746,-37.556246031746014,37.556246031746014
2017-11-13 02:00:00,207,220.34655952380953,-13.346559523809532,13.346559523809532
2017-11-13 03:00:00,338,306.2466785714286,31.753321428571383,31.753321428571383
2017-11-13 04:00:00,819,780.1954642857144,38.804535714285635,38.804535714285635
2017-11-13 05:00:00,2844,2782.8273170995667,61.1726829004333,61.1726829004333
2017-11-13 06:00:00,5660,5731.994023809522,-71.99402380952233,71.99402380952233
2017-11-13 07:00:00,6505,6151.556595238096,353.4434047619043,353.4434047619043
2017-11-13 08:00:00,6117,5928.396476190475,188.60352380952463,188.60352380952463
2017-11-13 09:00:00,5190,5045.86,144.14000000000033,144.14000000000033
2017-11-13 10:00:00,4456,4479.167932539681,-23.167932539680805,23.167932539680805
2017-11-13 10:00:00,4456,4290.452714285715,165.54728571428495,165.54728571428495
2017-11-13 11:00:00,4595,4576.491107142858,18.5088928571422,18.5088928571422
2017-11-13 12:00:00,4829,4771.832476190478,57.16752380952221,57.16752380952221
2017-11-13 13:00:00,4779,4860.479833333333,-81.47983333333286,81.47983333333286
2017-11-13 14:00:00,5048,5110.416166666667,-62.41616666666687,62.41616666666687
2017-11-13 15:00:00,5629,5529.776761904763,99.22323809523732,99.22323809523732
2017-11-13 16:00:00,6604,6237.243134920634,366.75686507936643,366.75686507936643
2017-11-13 17:00:00,5936,6173.0562142857125,-237.05621428571249,237.05621428571249
2017-11-13 18:00:00,4184,4285.997503968254,-101.99750396825402,101.99750396825402
2017-11-13 19:00:00,3008,2986.9265238095245,21.073476190475503,21.073476190475503
2017-11-13 20:00:00,2537,2513.206547619047,23.793452380953113,23.793452380953113
2017-11-13 21:00:00,2048,2209.469313492063,-161.46931349206307,161.46931349206307
2017-11-13 21:00:00,2048,2054.653408730159,-6.653408730158844,6.653408730158844
2017-11-13 22:00:00,1498,1518.3238690476187,-20.3238690476187,20.3238690476187
2017-11-13 22:00:00,1498,1410.995,87.00500000000011,87.00500000000011
2017-11-13 23:00:00,980,1030.741431096681,-50.741431096681026,50.741431096681026
2017-11-13 23:00:00,980,967.7116428571426,12.288357142857421,12.288357142857421
2017-11-14 00:00:00,483,560.8127218614719,-77.81272186147191,77.81272186147191
2017-11-14 00:00:00,483,480.062869047619,2.9371309523809828,2.9371309523809828
2017-11-14 01:00:00,321,325.55476190476196,-4.5547619047619605,4.5547619047619605
2017-11-14 01:00:00,321,315.50865079365076,5.491349206349241,5.491349206349241
2017-11-14 02:00:00,216,246.30013095238098,-30.300130952380982,30.300130952380982
2017-11-14 02:00:00,216,223.63409523809528,-7.634095238095284,7.634095238095284
2017-11-14 03:00:00,346,327.9449880952381,18.055011904761898,18.055011904761898
2017-11-14 04:00:00,871,820.1867857142854,50.813214285714594,50.813214285714594
2017-11-14 05:00:00,3005,2805.42825,199.57175000000007,199.57175000000007
2017-11-14 06:00:00,5631,5818.763797619047,-187.76379761904718,187.76379761904718
2017-11-14 07:00:00,6212,6202.7474325396815,9.25256746031846,9.25256746031846
2017-11-14 08:00:00,5841,5892.730547619049,-51.73054761904859,51.73054761904859
2017-11-14 08:00:00,5841,5602.559821428573,238.44017857142717,238.44017857142717
2017-11-14 09:00:00,5531,5331.514749999999,199.48525000000063,199.48525000000063
2017-11-14 09:00:00,5531,5056.559904761905,474.4400952380947,474.4400952380947
2017-11-14 09:00:00,5531,5216.312892857142,314.6871071428577,314.6871071428577
2017-11-14 10:00:00,4398,4530.107158730158,-132.1071587301576,132.1071587301576
2017-11-14 10:00:00,4398,4302.4338809523815,95.56611904761849,95.56611904761849
2017-11-14 11:00:00,4690,4605.152499999999,84.84750000000076,84.84750000000076
2017-11-14 12:00:00,4910,4873.383642857142,36.61635714285785,36.61635714285785
2017-11-14 12:00:00,4910,4976.574309523809,-66.57430952380855,66.57430952380855
2017-11-14 13:00:00,4952,4921.10463095238,30.89536904762008,30.89536904762008
2017-11-14 14:00:00,5129,5153.477702380954,-24.477702380953815,24.477702380953815
2017-11-14 15:00:00,5730,5666.68680952381,63.31319047619036,63.31319047619036
2017-11-14 15:00:00,5730,5772.456214285714,-42.45621428571394,42.45621428571394
2017-11-14 16:00:00,6717,6378.2580357142815,338.7419642857185,338.7419642857185
2017-11-14 16:00:00,6717,6445.745166666666,271.2548333333343,271.2548333333343
2017-11-14 17:00:00,6091,6197.869928571427,-106.86992857142741,106.86992857142741
2017-11-14 17:00:00,6091,5675.865238095239,415.13476190476104,415.13476190476104
2017-11-14 17:00:00,6091,5678.830904761907,412.1690952380932,412.1690952380932
2017-11-14 18:00:00,4371,4474.052357142857,-103.05235714285664,103.05235714285664
2017-11-14 19:00:00,3202,3080.979809523809,121.02019047619115,121.02019047619115
2017-11-14 19:00:00,3202,3075.6422142857145,126.35778571428546,126.35778571428546
2017-11-14 20:00:00,2778,2891.4380714285708,-113.43807142857077,113.43807142857077
2017-11-14 20:00:00,2778,2719.7529087301587,58.24709126984135,58.24709126984135
2017-11-14 20:00:00,2778,2744.146666666666,33.85333333333392,33.85333333333392
2017-11-14 21:00:00,3722,2592.9523809523803,1129.0476190476197,1129.0476190476197
2017-11-14 21:00:00,3722,3073.5848333333333,648.4151666666667,648.4151666666667
2017-11-14 21:00:00,3722,2829.7169047619045,892.2830952380955,892.2830952380955
2017-11-14 22:00:00,2381,2627.6032500000006,-246.60325000000057,246.60325000000057
2017-11-14 22:00:00,2381,1587.8172142857145,793.1827857142855,793.1827857142855
2017-11-14 22:00:00,2381,1618.123285714286,762.8767142857139,762.8767142857139
2017-11-14 23:00:00,1462,1384.3898571428579,77.61014285714214,77.61014285714214
2017-11-14 23:00:00,1462,1146.8136612554115,315.1863387445885,315.1863387445885
2017-11-14 23:00:00,1462,1052.069732683983,409.9302673160171,409.9302673160171
2017-11-14 23:00:00,1462,1057.1949816017318,404.8050183982682,404.8050183982682
2017-11-15 00:00:00,608,926.1172896825394,-318.1172896825394,318.1172896825394
2017-11-15 00:00:00,608,602.7736666666666,5.2263333333334,5.2263333333334
2017-11-15 00:00:00,608,612.1418333333332,-4.141833333333238,4.141833333333238
2017-11-15 00:00:00,608,608.7734999999998,-0.7734999999997854,0.7734999999997854
2017-11-15 01:00:00,318,392.42798412698414,-74.42798412698414,74.42798412698414
2017-11-15 01:00:00,318,320.5731904761905,-2.5731904761905184,2.5731904761905184
2017-11-15 01:00:00,318,320.44435714285714,-2.444357142857143,2.444357142857143
2017-11-15 01:00:00,318,320.4991904761905,-2.499190476190506,2.499190476190506
2017-11-15 03:00:00,354,346.3365,7.663499999999999,7.663499999999999
2017-11-15 03:00:00,354,352.57610714285715,1.423892857142846,1.423892857142846
2017-11-15 03:00:00,354,356.8128531746032,-2.8128531746032195,2.8128531746032195
2017-11-15 04:00:00,911,776.8991428571427,134.1008571428573,134.1008571428573
2017-11-15 04:00:00,911,901.7389841269842,9.261015873015822,9.261015873015822
2017-11-15 04:00:00,911,902.1698174603174,8.830182539682596,8.830182539682596
2017-11-15 05:00:00,3011,2911.44967063492,99.55032936507996,99.55032936507996
2017-11-15 06:00:00,6015,5808.919333333333,206.08066666666673,206.08066666666673
2017-11-15 07:00:00,6580,6237.662250000001,342.3377499999988,342.3377499999988
2017-11-15 08:00:00,6104,5908.889095238095,195.11090476190475,195.11090476190475
2017-11-15 09:00:00,5379,5317.448535714287,61.55146428571334,61.55146428571334
2017-11-15 10:00:00,4687,4495.3577857142855,191.64221428571454,191.64221428571454
2017-11-15 11:00:00,4924,4955.191999999999,-31.191999999999098,31.191999999999098
2017-11-15 12:00:00,5043,5084.196142857144,-41.19614285714397,41.19614285714397
2017-11-15 13:00:00,4945,5044.443249999998,-99.44324999999844,99.44324999999844
2017-11-15 14:00:00,5221,5169.974238095239,51.02576190476066,51.02576190476066
2017-11-15 15:00:00,5919,5755.833912698411,163.16608730158896,163.16608730158896
2017-11-15 16:00:00,6923,6375.499749999997,547.5002500000028,547.5002500000028
2017-11-15 17:00:00,6325,6433.316666666665,-108.31666666666479,108.31666666666479
2017-11-15 18:00:00,4660,4605.742996031746,54.25700396825414,54.25700396825414
2017-11-15 19:00:00,3216,3327.913607142857,-111.91360714285702,111.91360714285702
2017-11-15 20:00:00,2914,2795.575079365079,118.42492063492091,118.42492063492091
2017-11-15 21:00:00,2461,2710.0533809523813,-249.0533809523813,249.0533809523813
2017-11-15 22:00:00,1957,1841.5734523809524,115.4265476190476,115.4265476190476
2017-11-15 23:00:00,1400,1328.1477619047623,71.85223809523768,71.85223809523768
2017-11-16 00:00:00,604,731.3917251082249,-127.39172510822493,127.39172510822493
2017-11-16 01:00:00,359,377.10934920634935,-18.10934920634935,18.10934920634935
2017-11-16 02:00:00,264,265.2872380952382,-1.2872380952381945,1.2872380952381945
2017-11-16 03:00:00,375,358.1666904761904,16.83330952380959,16.83330952380959
2017-11-16 04:00:00,916,820.9667857142856,95.0332142857144,95.0332142857144
2017-11-16 05:00:00,2967,2711.8478095238097,255.1521904761903,255.1521904761903
2017-11-16 06:00:00,5942,5807.212424603174,134.78757539682556,134.78757539682556
2017-11-16 07:00:00,6685,6495.127678571428,189.87232142857192,189.87232142857192
2017-11-16 08:00:00,6029,5994.756742063491,34.2432579365086,34.2432579365086
2017-11-16 09:00:00,5507,5299.100849206348,207.89915079365164,207.89915079365164
2017-11-16 10:00:00,4678,4606.647904761902,71.35209523809772,71.35209523809772
2017-11-16 11:00:00,4943,4902.900857142858,40.0991428571424,40.0991428571424
2017-11-16 12:00:00,4977,5127.769714285714,-150.76971428571414,150.76971428571414
2017-11-16 13:00:00,5182,5050.618357142857,131.38164285714265,131.38164285714265
2017-11-16 14:00:00,5315,5427.354357142857,-112.35435714285722,112.35435714285722
2017-11-16 15:00:00,6079,5817.30569047619,261.69430952381026,261.69430952381026
2017-11-16 16:00:00,6658,6830.97330952381,-172.9733095238098,172.9733095238098
2017-11-16 17:00:00,6125,6324.507464285714,-199.50746428571438,199.50746428571438
2017-11-16 18:00:00,4724,4663.47265079365,60.527349206349754,60.527349206349754
2017-11-16 19:00:00,3538,3408.177750000001,129.8222499999988,129.8222499999988
2017-11-16 20:00:00,3132,3040.6646031746036,91.3353968253964,91.3353968253964
2017-11-16 21:00:00,3069,2843.2570793650784,225.74292063492157,225.74292063492157
2017-11-16 22:00:00,3643,2518.522119047619,1124.477880952381,1124.477880952381
2017-11-16 23:00:00,2158,1400.5735595238102,757.4264404761898,757.4264404761898
2017-11-17 00:00:00,760,760.8172579365078,-0.8172579365077581,0.8172579365077581
2017-11-17 01:00:00,469,471.65696428571437,-2.6569642857143663,2.6569642857143663
2017-11-17 02:00:00,316,359.5714054834054,-43.571405483405385,43.571405483405385
2017-11-17 03:00:00,405,371.4593373015873,33.54066269841269,33.54066269841269
2017-11-17 04:00:00,851,804.3125476190476,46.687452380952436,46.687452380952436
2017-11-17 05:00:00,2809,2747.942559523811,61.057440476189186,61.057440476189186
2017-11-17 06:00:00,5672,5652.852214285715,19.14778571428542,19.14778571428542
2017-11-17 07:00:00,5849,6587.948321428573,-738.9483214285729,738.9483214285729
2017-11-17 08:00:00,5344,5689.738301587303,-345.7383015873029,345.7383015873029
2017-11-17 08:00:00,5344,5297.952166666667,46.047833333333074,46.047833333333074
2017-11-17 08:00:00,5344,5266.660666666667,77.33933333333334,77.33933333333334
2017-11-17 09:00:00,5132,5077.740773809523,54.25922619047742,54.25922619047742
2017-11-17 09:00:00,5132,5013.979488095236,118.02051190476413,118.02051190476413
2017-11-17 09:00:00,5132,4924.59032142857,207.40967857143005,207.40967857143005
2017-11-17 10:00:00,4706,4770.358678571428,-64.35867857142784,64.35867857142784
2017-11-17 10:00:00,4706,4678.450333333332,27.54966666666769,27.54966666666769
2017-11-17 10:00:00,4706,4697.2536666666665,8.746333333333496,8.746333333333496
2017-11-17 11:00:00,5128,5125.218646825398,2.7813531746023727,2.7813531746023727
2017-11-17 11:00:00,5128,5158.701273809524,-30.701273809523627,30.701273809523627
2017-11-17 11:00:00,5128,5145.232452380952,-17.232452380952054,17.232452380952054
2017-11-17 12:00:00,5308,5318.157321428572,-10.157321428571777,10.157321428571777
2017-11-17 12:00:00,5308,5471.295785714283,-163.29578571428283,163.29578571428283
2017-11-17 12:00:00,5308,5448.737924603172,-140.73792460317236,140.73792460317236
2017-11-17 12:00:00,5308,5438.84872222222,-130.8487222222202,130.8487222222202
2017-11-17 13:00:00,5105,5307.575142857142,-202.57514285714205,202.57514285714205
2017-11-17 13:00:00,5105,5159.823309523809,-54.82330952380926,54.82330952380926
2017-11-17 13:00:00,5105,5155.189976190476,-50.189976190476045,50.189976190476045
2017-11-17 14:00:00,5488,5203.376619047618,284.6233809523819,284.6233809523819
2017-11-17 14:00:00,5488,5572.037500000001,-84.03750000000127,84.03750000000127
2017-11-17 14:00:00,5488,5631.216833333335,-143.21683333333476,143.21683333333476
2017-11-17 14:00:00,5488,5713.0700000000015,-225.07000000000153,225.07000000000153
2017-11-17 15:00:00,5906,5875.462095238097,30.53790476190261,30.53790476190261
2017-11-17 15:00:00,5906,5968.581602813853,-62.58160281385335,62.58160281385335
2017-11-17 15:00:00,5906,6005.723317099568,-99.7233170995678,99.7233170995678
2017-11-17 16:00:00,6629,6070.011904761905,558.9880952380954,558.9880952380954
2017-11-17 16:00:00,6629,6622.124738095236,6.875261904763647,6.875261904763647
2017-11-17 16:00:00,6629,6622.864738095236,6.1352619047638655,6.1352619047638655
2017-11-17 17:00:00,5965,6130.457738095238,-165.4577380952378,165.4577380952378
2017-11-17 17:00:00,5965,5730.654833333333,234.34516666666696,234.34516666666696
2017-11-17 18:00:00,5100,4997.243238095239,102.75676190476133,102.75676190476133
2017-11-17 18:00:00,5100,4696.795087301586,403.20491269841386,403.20491269841386
2017-11-17 19:00:00,3774,3635.109166666667,138.89083333333292,138.89083333333292
2017-11-17 20:00:00,3077,3184.521238095239,-107.52123809523891,107.52123809523891
2017-11-17 21:00:00,3030,2972.3252142857136,57.67478571428637,57.67478571428637
2017-11-17 22:00:00,2630,2841.878702380952,-211.87870238095184,211.87870238095184
2017-11-17 22:00:00,2630,2870.91942857143,-240.91942857143022,240.91942857143022
2017-11-17 23:00:00,2657,2022.9931785714286,634.0068214285714,634.0068214285714
2017-11-18 00:00:00,1222,1621.2084166666664,-399.2084166666664,399.2084166666664
2017-11-18 00:00:00,1222,1193.5086547619048,28.491345238095164,28.491345238095164
2017-11-18 00:00:00,1222,1191.4564047619049,30.543595238095122,30.543595238095122
2017-11-18 01:00:00,709,769.0956309523809,-60.09563095238093,60.09563095238093
2017-11-18 01:00:00,709,693.6286428571428,15.371357142857164,15.371357142857164
2017-11-18 02:00:00,496,571.0280238095239,-75.02802380952392,75.02802380952392
2017-11-18 03:00:00,433,358.3813571428571,74.6186428571429,74.6186428571429
2017-11-18 04:00:00,392,423.3357619047618,-31.335761904761796,31.335761904761796
2017-11-18 05:00:00,801,721.0782380952379,79.92176190476209,79.92176190476209
2017-11-18 06:00:00,1385,1282.0114999999998,102.98850000000016,102.98850000000016
2017-11-18 07:00:00,2115,2073.7202698412702,41.27973015872976,41.27973015872976
2017-11-18 08:00:00,3136,3171.39309920635,-35.39309920635014,35.39309920635014
2017-11-18 09:00:00,3676,3903.910222222222,-227.91022222222182,227.91022222222182
2017-11-18 10:00:00,4034,4169.568452380953,-135.5684523809532,135.5684523809532
2017-11-18 11:00:00,4517,4357.040035714284,159.9599642857156,159.9599642857156
2017-11-18 12:00:00,4590,4926.667690476189,-336.6676904761889,336.6676904761889
2017-11-18 13:00:00,4876,4548.886523809523,327.11347619047683,327.11347619047683
2017-11-18 14:00:00,4729,4838.718039682539,-109.7180396825388,109.7180396825388
2017-11-18 15:00:00,4754,4728.687285353535,25.312714646464883,25.312714646464883
2017-11-18 16:00:00,4939,4723.940035714287,215.05996428571325,215.05996428571325
2017-11-18 17:00:00,4852,5000.710591991341,-148.71059199134106,148.71059199134106
2017-11-18 18:00:00,4556,4442.111595238095,113.8884047619049,113.8884047619049
2017-11-18 19:00:00,3733,3510.323654761906,222.6763452380942,222.6763452380942
2017-11-18 20:00:00,3181,3098.4933968253963,82.5066031746037,82.5066031746037
2017-11-18 21:00:00,3011,3192.090869047618,-181.09086904761807,181.09086904761807
2017-11-18 22:00:00,3358,3003.4024047619046,354.59759523809544,354.59759523809544
2017-11-18 23:00:00,3347,1969.8099642857142,1377.1900357142858,1377.1900357142858
2017-11-19 00:00:00,1529,1410.9721190476191,118.02788095238088,118.02788095238088
2017-11-19 01:00:00,996,810.3768095238092,185.62319047619076,185.62319047619076
2017-11-19 02:00:00,726,704.2263333333333,21.773666666666713,21.773666666666713
2017-11-19 03:00:00,439,382.478130952381,56.52186904761902,56.52186904761902
2017-11-19 04:00:00,407,359.8455476190476,47.15445238095242,47.15445238095242
2017-11-19 05:00:00,738,610.4340000000002,127.5659999999998,127.5659999999998
2017-11-19 06:00:00,1138,1219.047357142857,-81.04735714285698,81.04735714285698
2017-11-19 07:00:00,1498,1487.6414960317466,10.358503968253444,10.358503968253444
2017-11-19 08:00:00,2214,2069.5948809523807,144.40511904761934,144.40511904761934
2017-11-19 09:00:00,3432,3044.2405,387.7595000000001,387.7595000000001
2017-11-19 10:00:00,4460,3852.648892857143,607.351107142857,607.351107142857
2017-11-19 11:00:00,4195,4625.493107142856,-430.4931071428564,430.4931071428564
2017-11-19 12:00:00,4185,4453.24730952381,-268.24730952381015,268.24730952381015
2017-11-19 13:00:00,4115,4340.231253968254,-225.23125396825435,225.23125396825435
2017-11-19 14:00:00,4121,4200.899035714287,-79.89903571428658,79.89903571428658
2017-11-19 15:00:00,4329,4189.143821428572,139.85617857142825,139.85617857142825
2017-11-19 16:00:00,4555,4424.604714285714,130.39528571428582,130.39528571428582
2017-11-19 17:00:00,4505,4456.846500000001,48.15349999999944,48.15349999999944
2017-11-19 18:00:00,3560,4158.945249999999,-598.9452499999989,598.9452499999989
2017-11-19 19:00:00,2989,2976.6474761904765,12.352523809523518,12.352523809523518
2017-11-19 20:00:00,2477,2549.005210317461,-72.0052103174612,72.0052103174612
2017-11-19 21:00:00,1898,2232.389452380952,-334.3894523809522,334.3894523809522
2017-11-19 22:00:00,1413,1463.4684166666664,-50.46841666666637,50.46841666666637
2017-11-19 23:00:00,991,938.920900793651,52.07909920634904,52.07909920634904
2017-11-20 00:00:00,484,528.1514285714286,-44.151428571428596,44.151428571428596
2017-11-20 01:00:00,331,335.60022510822523,-4.6002251082252315,4.6002251082252315
2017-11-20 02:00:00,239,258.2160238095238,-19.21602380952379,19.21602380952379
2017-11-20 03:00:00,373,319.35242857142856,53.64757142857144,53.64757142857144
2017-11-20 04:00:00,848,815.9577698412697,32.04223015873026,32.04223015873026
2017-11-20 05:00:00,2851,2687.239476190476,163.76052380952387,163.76052380952387
2017-11-20 06:00:00,5208,5752.535964285711,-544.5359642857111,544.5359642857111
2017-11-20 07:00:00,6600,5848.209369047619,751.7906309523814,751.7906309523814
2017-11-20 08:00:00,5918,5907.696166666667,10.303833333333387,10.303833333333387
2017-11-20 09:00:00,5020,4955.476488095237,64.52351190476293,64.52351190476293
2017-11-20 10:00:00,4583,4423.973011904761,159.02698809523918,159.02698809523918
2017-11-20 11:00:00,4556,4688.081063492064,-132.08106349206355,132.08106349206355
2017-11-20 12:00:00,4812,4756.088190476191,55.9118095238091,55.9118095238091
2017-11-20 13:00:00,4866,4813.382186507938,52.61781349206194,52.61781349206194
2017-11-20 14:00:00,5095,5177.642023809524,-82.64202380952429,82.64202380952429
2017-11-20 15:00:00,5769,5503.866166666667,265.1338333333333,265.1338333333333
2017-11-20 16:00:00,6629,6305.757654761907,323.24234523809264,323.24234523809264
2017-11-20 17:00:00,6013,6226.724916666666,-213.7249166666661,213.7249166666661
2017-11-20 18:00:00,4162,4405.538273809524,-243.53827380952407,243.53827380952407
2017-11-20 19:00:00,3029,2952.3153214285717,76.68467857142832,76.68467857142832
2017-11-20 20:00:00,2612,2583.657571428571,28.342428571429082,28.342428571429082
2017-11-20 21:00:00,2595,2134.998186507937,460.00181349206287,460.00181349206287
2017-11-20 22:00:00,3268,1977.7227698412698,1290.2772301587302,1290.2772301587302
2017-11-20 23:00:00,1174,1379.175297619048,-205.17529761904802,205.17529761904802
2017-11-21 00:00:00,560,623.4250674603173,-63.42506746031734,63.42506746031734
2017-11-21 01:00:00,373,354.9554047619047,18.044595238095326,18.044595238095326
2017-11-21 02:00:00,247,273.00366666666673,-26.00366666666673,26.00366666666673
2017-11-21 03:00:00,381,342.6335833333334,38.36641666666662,38.36641666666662
2017-11-21 04:00:00,867,798.2941111111111,68.70588888888892,68.70588888888892
2017-11-21 05:00:00,2906,2789.864809523809,116.13519047619093,116.13519047619093
2017-11-21 06:00:00,5793,5744.109051587301,48.89094841269889,48.89094841269889
2017-11-21 07:00:00,6796,6501.455833333333,294.54416666666657,294.54416666666657
2017-11-21 08:00:00,5932,6028.534785714284,-96.53478571428423,96.53478571428423
2017-11-21 09:00:00,5354,5270.331662698413,83.66833730158669,83.66833730158669
2017-11-21 10:00:00,4682,4587.414607142856,94.58539285714414,94.58539285714414
2017-11-21 11:00:00,4877,4771.770748196247,105.22925180375296,105.22925180375296
2017-11-21 12:00:00,5069,5015.228952380951,53.77104761904866,53.77104761904866
2017-11-21 13:00:00,5268,5092.537892857144,175.46210714285644,175.46210714285644
2017-11-21 14:00:00,5314,5576.41844047619,-262.41844047618997,262.41844047618997
2017-11-21 15:00:00,5823,5866.7505,-43.7505000000001,43.7505000000001
2017-11-21 16:00:00,6669,6660.958369047619,8.041630952380729,8.041630952380729
2017-11-21 17:00:00,6379,6302.815238095238,76.18476190476213,76.18476190476213
2017-11-21 18:00:00,4670,4500.313928571428,169.68607142857218,169.68607142857218
2017-11-21 19:00:00,3208,3268.358904761905,-60.358904761904796,60.358904761904796
2017-11-21 20:00:00,2807,2796.7443888888874,10.255611111112557,10.255611111112557
2017-11-21 21:00:00,2583,2580.6373174603177,2.3626825396822824,2.3626825396822824
2017-11-21 22:00:00,1848,2427.980119047619,-579.9801190476192,579.9801190476192
2017-11-21 23:00:00,1111,1383.04962012987,-272.04962012986994,272.04962012986994
2017-11-22 00:00:00,633,648.045880952381,-15.045880952381026,15.045880952381026
2017-11-22 01:00:00,422,394.3015357142857,27.698464285714294,27.698464285714294
2017-11-22 02:00:00,320,351.57439285714287,-31.57439285714287,31.57439285714287
2017-11-22 03:00:00,380,365.8170714285715,14.182928571428477,14.182928571428477
2017-11-22 04:00:00,861,801.769369047619,59.230630952381034,59.230630952381034
2017-11-22 05:00:00,2761,2768.122583333333,-7.122583333332841,7.122583333332841
2017-11-22 06:00:00,5385,5797.990964285715,-412.99096428571465,412.99096428571465
2017-11-22 07:00:00,5983,6197.248726190475,-214.24872619047528,214.24872619047528
2017-11-22 08:00:00,5411,5596.762095238095,-185.76209523809484,185.76209523809484
2017-11-22 09:00:00,5036,5071.316,-35.3159999999998,35.3159999999998
2017-11-22 10:00:00,4830,4581.825465367965,248.17453463203492,248.17453463203492
2017-11-22 11:00:00,5165,5017.7106309523815,147.2893690476185,147.2893690476185
2017-11-22 12:00:00,5484,5207.425880952382,276.5741190476183,276.5741190476183
2017-11-22 13:00:00,5650,5451.608023809524,198.39197619047627,198.39197619047627
2017-11-22 14:00:00,5916,5723.966011904762,192.03398809523787,192.03398809523787
2017-11-22 15:00:00,5793,5993.0596904761915,-200.05969047619146,200.05969047619146
2017-11-22 16:00:00,6032,6664.035547619048,-632.035547619048,632.035547619048
2017-11-22 17:00:00,5177,5765.312142857141,-588.3121428571412,588.3121428571412
2017-11-22 18:00:00,4347,4082.9495952380944,264.0504047619056,264.0504047619056
2017-11-22 19:00:00,3179,3081.250297619048,97.74970238095193,97.74970238095193
2017-11-22 20:00:00,2860,2768.617464285714,91.38253571428595,91.38253571428595
2017-11-22 21:00:00,2638,2606.734571428571,31.265428571428856,31.265428571428856
2017-11-22 22:00:00,2077,1970.6873611111112,106.31263888888884,106.31263888888884
2017-11-22 23:00:00,1474,1255.2886507936505,218.7113492063495,218.7113492063495
2017-11-23 00:00:00,1324,788.7247976190479,535.2752023809521,535.2752023809521
2017-11-23 01:00:00,601,587.2255,13.774499999999989,13.774499999999989
2017-11-23 02:00:00,416,390.2165,25.783500000000004,25.783500000000004
2017-11-23 03:00:00,320,358.2784365079364,-38.27843650793642,38.27843650793642
2017-11-23 04:00:00,266,750.3690595238094,-484.36905952380937,484.36905952380937
2017-11-23 05:00:00,423,1490.4448611111106,-1067.4448611111106,1067.4448611111106
2017-11-23 06:00:00,834,2255.3659761904764,-1421.3659761904764,1421.3659761904764
2017-11-23 07:00:00,991,4152.440690476191,-3161.440690476191,3161.440690476191
2017-11-23 08:00:00,1267,1855.4223095238103,-588.4223095238103,588.4223095238103
2017-11-23 09:00:00,2227,2233.7124523809525,-6.712452380952527,6.712452380952527
2017-11-23 10:00:00,2817,2666.9133095238103,150.0866904761897,150.0866904761897
2017-11-23 11:00:00,3347,3674.2262142857153,-327.2262142857153,327.2262142857153
2017-11-23 12:00:00,3169,3909.9869047619054,-740.9869047619054,740.9869047619054
2017-11-23 13:00:00,3049,3446.8423333333344,-397.8423333333344,397.8423333333344
2017-11-23 14:00:00,2935,3127.793261904762,-192.79326190476195,192.79326190476195
2017-11-23 15:00:00,3278,3056.73146031746,221.26853968254,221.26853968254
2017-11-23 16:00:00,3212,3189.6170919913425,22.382908008657523,22.382908008657523
2017-11-23 17:00:00,3340,3131.5935086580084,208.40649134199157,208.40649134199157
2017-11-23 18:00:00,3267,3203.491666666667,63.50833333333321,63.50833333333321
2017-11-23 19:00:00,3194,3055.556630952381,138.44336904761894,138.44336904761894
2017-11-23 20:00:00,2989,2876.2340952380946,112.7659047619054,112.7659047619054
2017-11-23 21:00:00,2730,2786.0644920634927,-56.06449206349271,56.06449206349271
2017-11-23 22:00:00,1962,2195.859166666666,-233.85916666666617,233.85916666666617
2017-11-23 23:00:00,1313,1643.3677142857152,-330.36771428571524,330.36771428571524
2017-11-24 00:00:00,770,711.0818571428572,58.91814285714281,58.91814285714281
2017-11-24 01:00:00,467,489.209869047619,-22.20986904761901,22.20986904761901
2017-11-24 02:00:00,271,364.5705714285713,-93.57057142857133,93.57057142857133
2017-11-24 03:00:00,257,359.8019999999999,-102.80199999999991,102.80199999999991
2017-11-24 04:00:00,403,655.1347499999999,-252.13474999999994,252.13474999999994
2017-11-24 05:00:00,1045,2356.868904761906,-1311.868904761906,1311.868904761906
2017-11-24 06:00:00,2101,4376.447468253967,-2275.4474682539667,2275.4474682539667
2017-11-24 07:00:00,2419,3407.671249999999,-988.671249999999,988.671249999999
2017-11-24 08:00:00,2480,2899.1808690476187,-419.18086904761867,419.18086904761867
2017-11-24 09:00:00,2909,3056.7957380952375,-147.79573809523754,147.79573809523754
2017-11-24 10:00:00,3405,3548.0457579365075,-143.04575793650747,143.04575793650747
2017-11-24 11:00:00,4017,3926.1120833333343,90.88791666666566,90.88791666666566
2017-11-24 12:00:00,4321,4285.639142857142,35.36085714285764,35.36085714285764
2017-11-24 13:00:00,4334,4378.076821428571,-44.07682142857084,44.07682142857084
2017-11-24 14:00:00,4749,4482.736273809523,266.2637261904774,266.2637261904774
2017-11-24 15:00:00,4696,5201.1542023809525,-505.1542023809525,505.1542023809525
2017-11-24 15:00:00,4696,5022.051773809524,-326.0517738095241,326.0517738095241
2017-11-24 16:00:00,4482,5121.931047619048,-639.9310476190476,639.9310476190476
2017-11-24 16:00:00,4482,4686.332821428571,-204.33282142857115,204.33282142857115
2017-11-24 17:00:00,4858,4284.146928571428,573.8530714285716,573.8530714285716
2017-11-24 18:00:00,5325,4447.743916666666,877.2560833333337,877.2560833333337
2017-11-24 19:00:00,3279,3596.128166666666,-317.12816666666595,317.12816666666595
2017-11-24 20:00:00,2844,2726.0673571428574,117.93264285714258,117.93264285714258
2017-11-24 21:00:00,2802,2865.0898571428575,-63.089857142857454,63.089857142857454
2017-11-24 22:00:00,2297,2767.9832142857135,-470.98321428571353,470.98321428571353
2017-11-24 23:00:00,1642,1623.3995238095242,18.600476190475774,18.600476190475774
2017-11-25 00:00:00,1079,1077.708396825397,1.2916031746030967,1.2916031746030967
2017-11-25 01:00:00,655,710.2820000000002,-55.28200000000015,55.28200000000015
2017-11-25 02:00:00,516,515.7171904761906,0.28280952380941926,0.28280952380941926
2017-11-25 03:00:00,372,345.7754285714285,26.224571428571494,26.224571428571494
2017-11-25 04:00:00,323,405.5339603174601,-82.53396031746013,82.53396031746013
2017-11-25 05:00:00,595,603.1131746031747,-8.113174603174684,8.113174603174684
2017-11-25 06:00:00,1010,1072.6362976190474,-62.636297619047355,62.636297619047355
2017-11-25 07:00:00,1539,1491.3694246031746,47.63057539682541,47.63057539682541
2017-11-25 08:00:00,2133,2176.066436507936,-43.06643650793603,43.06643650793603
2017-11-25 09:00:00,3054,3101.565992063493,-47.56599206349301,47.56599206349301
2017-11-25 10:00:00,3914,3936.42238095238,-22.42238095238008,22.42238095238008
2017-11-25 11:00:00,4734,4225.556154761904,508.4438452380964,508.4438452380964
2017-11-25 12:00:00,5167,4855.021726190476,311.97827380952367,311.97827380952367
2017-11-25 13:00:00,4952,5051.798904761903,-99.79890476190303,99.79890476190303
2017-11-25 14:00:00,4461,4856.845559523809,-395.84555952380924,395.84555952380924
2017-11-25 15:00:00,4348,4463.129539682539,-115.12953968253896,115.12953968253896
2017-11-25 16:00:00,4380,4376.6311428571435,3.368857142856541,3.368857142856541
2017-11-25 17:00:00,4490,4175.436849206351,314.5631507936487,314.5631507936487
2017-11-25 18:00:00,4046,4194.757976190475,-148.75797619047535,148.75797619047535
2017-11-25 19:00:00,3463,3289.9443809523814,173.05561904761862,173.05561904761862
2017-11-25 20:00:00,3005,2894.016464285715,110.98353571428515,110.98353571428515
2017-11-25 21:00:00,2800,2918.5188095238095,-118.51880952380952,118.51880952380952
2017-11-25 22:00:00,2673,3067.866511904762,-394.86651190476186,394.86651190476186
2017-11-25 23:00:00,2584,2076.7662857142855,507.23371428571454,507.23371428571454
2017-11-26 00:00:00,1386,1628.1207142857143,-242.12071428571426,242.12071428571426
2017-11-26 01:00:00,938,830.4251666666664,107.57483333333357,107.57483333333357
2017-11-26 02:00:00,701,677.1096904761906,23.89030952380938,23.89030952380938
2017-11-26 03:00:00,513,380.34865476190475,132.65134523809525,132.65134523809525
2017-11-26 04:00:00,454,413.70273809523826,40.29726190476174,40.29726190476174
2017-11-26 05:00:00,602,570.165119047619,31.834880952381013,31.834880952381013
2017-11-26 06:00:00,965,969.4976944444446,-4.497694444444619,4.497694444444619
2017-11-26 07:00:00,1240,1214.915341269841,25.084658730158935,25.084658730158935
2017-11-26 08:00:00,1769,2004.3078333333335,-235.30783333333352,235.30783333333352
2017-11-26 09:00:00,2404,2530.7866150793643,-126.78661507936431,126.78661507936431
2017-11-26 10:00:00,3280,3151.5039404761915,128.49605952380853,128.49605952380853
2017-11-26 11:00:00,3886,3716.3898214285723,169.6101785714277,169.6101785714277
2017-11-26 12:00:00,4299,4226.775178571428,72.22482142857189,72.22482142857189
2017-11-26 13:00:00,4860,4400.338095238096,459.6619047619042,459.6619047619042
2017-11-26 14:00:00,4871,4846.957904761904,24.042095238096408,24.042095238096408
2017-11-26 15:00:00,4994,4796.206976190476,197.79302380952413,197.79302380952413
2017-11-26 16:00:00,4933,4928.822559523809,4.177440476190895,4.177440476190895
2017-11-26 17:00:00,4794,4802.062642857142,-8.062642857142237,8.062642857142237
2017-11-26 18:00:00,4392,4367.639488095238,24.36051190476155,24.36051190476155
2017-11-26 19:00:00,3341,3370.769690476191,-29.769690476191045,29.769690476191045
2017-11-26 20:00:00,2839,2663.305277777777,175.69472222222294,175.69472222222294
2017-11-26 21:00:00,2550,2279.7026904761906,270.2973095238094,270.2973095238094
2017-11-26 22:00:00,1640,2023.168499999999,-383.1684999999991,383.1684999999991
2017-11-26 23:00:00,1009,1201.0268373015872,-192.0268373015872,192.0268373015872
2017-11-27 00:00:00,539,703.1370476190476,-164.13704761904762,164.13704761904762
2017-11-27 01:00:00,317,327.5436428571429,-10.543642857142913,10.543642857142913
2017-11-27 02:00:00,213,250.9023174603175,-37.902317460317505,37.902317460317505
2017-11-27 03:00:00,328,310.8451785714285,17.154821428571495,17.154821428571495
2017-11-27 04:00:00,810,798.3964960317461,11.603503968253904,11.603503968253904
2017-11-27 05:00:00,2875,2770.620305194804,104.37969480519587,104.37969480519587
2017-11-27 06:00:00,5636,5809.896523809525,-173.8965238095252,173.8965238095252
2017-11-27 07:00:00,6656,6390.903404761903,265.0965952380966,265.0965952380966
2017-11-27 08:00:00,5907,5986.18169047619,-79.18169047618994,79.18169047618994
2017-11-27 09:00:00,5063,5002.90707936508,60.09292063492012,60.09292063492012
2017-11-27 10:00:00,4365,4449.928833333333,-84.92883333333339,84.92883333333339
2017-11-27 11:00:00,4513,4641.713976190476,-128.7139761904764,128.7139761904764
2017-11-27 12:00:00,4933,4671.250190476191,261.74980952380884,261.74980952380884
2017-11-27 13:00:00,4659,4956.941940476189,-297.9419404761893,297.9419404761893
2017-11-27 14:00:00,4997,4936.776690476191,60.223309523808894,60.223309523808894
2017-11-27 15:00:00,5748,5486.893166666669,261.10683333333145,261.10683333333145
2017-11-27 16:00:00,6674,6426.319273809521,247.6807261904787,247.6807261904787
2017-11-27 17:00:00,5937,6228.998238095239,-291.9982380952388,291.9982380952388
2017-11-27 18:00:00,4171,4330.514095238094,-159.51409523809434,159.51409523809434
2017-11-27 19:00:00,2984,2990.335630952381,-6.335630952381052,6.335630952381052
2017-11-27 20:00:00,2399,2452.911416666667,-53.91141666666681,53.91141666666681
2017-11-27 21:00:00,2051,2116.371488095238,-65.37148809523796,65.37148809523796
2017-11-27 22:00:00,1431,1449.4464880952378,-18.446488095237783,18.446488095237783
2017-11-27 23:00:00,955,949.8489999999999,5.151000000000067,5.151000000000067
2017-11-28 00:00:00,569,608.9946428571428,-39.99464285714282,39.99464285714282
2017-11-28 01:00:00,317,360.01641666666654,-43.016416666666544,43.016416666666544
2017-11-28 02:00:00,254,245.68842857142855,8.311571428571455,8.311571428571455
2017-11-28 03:00:00,352,341.15445238095236,10.845547619047636,10.845547619047636
2017-11-28 04:00:00,843,810.2488333333333,32.75116666666668,32.75116666666668
2017-11-28 05:00:00,3058,2847.18724025974,210.81275974025993,210.81275974025993
2017-11-28 06:00:00,5917,5864.015888888888,52.984111111111815,52.984111111111815
2017-11-28 07:00:00,6649,6678.281535714286,-29.281535714286292,29.281535714286292
2017-11-28 08:00:00,6075,6018.5233452380935,56.4766547619065,56.4766547619065
2017-11-28 09:00:00,5320,5360.257535714286,-40.25753571428595,40.25753571428595
2017-11-28 10:00:00,4493,4443.145750000001,49.85424999999941,49.85424999999941
2017-11-28 11:00:00,4934,4700.621619047619,233.37838095238112,233.37838095238112
2017-11-28 12:00:00,4980,5051.896940476188,-71.89694047618832,71.89694047618832
2017-11-28 13:00:00,4837,4945.8812976190475,-108.88129761904747,108.88129761904747
2017-11-28 14:00:00,5024,5212.107293650794,-188.10729365079442,188.10729365079442
2017-11-28 15:00:00,5756,5641.0287023809515,114.97129761904853,114.97129761904853
2017-11-28 16:00:00,6731,6570.885571428572,160.1144285714281,160.1144285714281
2017-11-28 17:00:00,5922,6323.07125,-401.07124999999996,401.07124999999996
2017-11-28 18:00:00,4740,4398.127507936509,341.87249206349134,341.87249206349134
2017-11-28 19:00:00,3162,3270.2491147186147,-108.24911471861469,108.24911471861469
2017-11-28 20:00:00,2676,2739.1300476190477,-63.13004761904767,63.13004761904767
2017-11-28 21:00:00,2378,2502.787869047619,-124.7878690476191,124.7878690476191
2017-11-28 22:00:00,1532,1674.8494603174602,-142.84946031746017,142.84946031746017
2017-11-28 23:00:00,946,996.7761461038958,-50.776146103895826,50.776146103895826
2017-11-29 00:00:00,552,597.2381666666665,-45.23816666666653,45.23816666666653
2017-11-29 01:00:00,310,339.2865357142857,-29.28653571428572,29.28653571428572
2017-11-29 02:00:00,274,261.77461111111114,12.225388888888858,12.225388888888858
2017-11-29 03:00:00,376,351.1184285714287,24.881571428571306,24.881571428571306
2017-11-29 04:00:00,883,785.9268095238093,97.07319047619069,97.07319047619069
2017-11-29 05:00:00,3034,2761.0770952380954,272.92290476190465,272.92290476190465
2017-11-29 06:00:00,5956,5875.3348809523795,80.66511904762046,80.66511904762046
2017-11-29 07:00:00,6624,6729.491757936508,-105.4917579365083,105.4917579365083
2017-11-29 08:00:00,6020,5935.298642857142,84.70135714285789,84.70135714285789
2017-11-29 09:00:00,5331,5262.852904761906,68.14709523809415,68.14709523809415
2017-11-29 10:00:00,4690,4662.763797619046,27.236202380953728,27.236202380953728
2017-11-29 11:00:00,4770,4967.023428571429,-197.02342857142867,197.02342857142867
2017-11-29 12:00:00,4982,5040.333341269842,-58.333341269842094,58.333341269842094
2017-11-29 13:00:00,4983,4958.354392857143,24.645607142857443,24.645607142857443
2017-11-29 14:00:00,5223,5342.390015873015,-119.39001587301482,119.39001587301482
2017-11-29 15:00:00,5862,5805.111373015874,56.88862698412595,56.88862698412595
2017-11-29 16:00:00,6685,6753.915095238093,-68.91509523809327,68.91509523809327
2017-11-29 17:00:00,6347,6353.131916666665,-6.131916666665347,6.131916666665347
2017-11-29 18:00:00,4914,4770.306948412698,143.69305158730185,143.69305158730185
2017-11-29 19:00:00,3716,3369.9029004329004,346.0970995670996,346.0970995670996
2017-11-29 20:00:00,2859,2877.5157142857142,-18.51571428571424,18.51571428571424
2017-11-29 21:00:00,2491,2695.669726190476,-204.669726190476,204.669726190476
2017-11-29 22:00:00,1780,1761.4320476190476,18.56795238095242,18.56795238095242
2017-11-29 23:00:00,2859,1206.3263066378067,1652.6736933621933,1652.6736933621933
2017-11-30 00:00:00,732,849.813880952381,-117.81388095238106,117.81388095238106
2017-11-30 01:00:00,401,444.2689047619047,-43.26890476190471,43.26890476190471
2017-11-30 02:00:00,284,310.8151904761904,-26.815190476190423,26.815190476190423
2017-11-30 03:00:00,395,374.24514285714287,20.754857142857134,20.754857142857134
2017-11-30 04:00:00,926,852.5115952380953,73.48840476190469,73.48840476190469
2017-11-30 05:00:00,2967,2898.8948690476186,68.10513095238139,68.10513095238139
2017-11-30 06:00:00,5862,5841.681916666666,20.31808333333356,20.31808333333356
2017-11-30 07:00:00,6440,6444.23669047619,-4.236690476190233,4.236690476190233
2017-11-30 08:00:00,5819,5836.637595238095,-17.637595238094946,17.637595238094946
2017-11-30 09:00:00,5518,5306.8813452380955,211.1186547619045,211.1186547619045
2017-11-30 10:00:00,4643,4612.364238095237,30.635761904763058,30.635761904763058
2017-11-30 11:00:00,5089,4940.744785714284,148.25521428571574,148.25521428571574
2017-11-30 12:00:00,5069,5165.301583333333,-96.30158333333293,96.30158333333293
2017-11-30 13:00:00,5138,5121.735500000001,16.264499999999316,16.264499999999316
2017-11-30 14:00:00,5338,5417.65169047619,-79.6516904761902,79.6516904761902
2017-11-30 15:00:00,5700,5899.55196825397,-199.5519682539698,199.5519682539698
2017-11-30 16:00:00,6605,6423.779214285713,181.22078571428665,181.22078571428665
2017-11-30 17:00:00,6241,6199.420726190476,41.57927380952424,41.57927380952424
2017-11-30 18:00:00,4668,4721.173821428572,-53.17382142857241,53.17382142857241
2017-11-30 19:00:00,3377,3405.714976190477,-28.714976190477046,28.714976190477046
2017-11-30 20:00:00,3106,2914.996916666668,191.00308333333214,191.00308333333214
2017-11-30 21:00:00,3619,2802.6220000000003,816.3779999999997,816.3779999999997
2017-11-30 22:00:00,2969,3081.7754523809526,-112.77545238095263,112.77545238095263
2017-11-30 23:00:00,1383,1638.0526746031744,-255.0526746031744,255.0526746031744
2017-12-01 00:00:00,721,1144.3200833333333,-423.3200833333333,423.3200833333333
2017-12-01 01:00:00,431,501.65914285714285,-70.65914285714285,70.65914285714285
2017-12-01 02:00:00,291,339.65502380952375,-48.655023809523755,48.655023809523755
2017-12-01 03:00:00,420,367.7225634920635,52.2774365079365,52.2774365079365
2017-12-01 04:00:00,830,803.9712142857144,26.02878571428562,26.02878571428562
2017-12-01 05:00:00,2873,2608.0397619047626,264.9602380952374,264.9602380952374
2017-12-01 06:00:00,5650,5609.392333333334,40.607666666665864,40.607666666665864
2017-12-01 07:00:00,6708,6487.108825396825,220.8911746031754,220.8911746031754
2017-12-01 08:00:00,5772,5848.60042857143,-76.6004285714298,76.6004285714298
2017-12-01 09:00:00,5335,5102.710476190477,232.28952380952342,232.28952380952342
2017-12-01 10:00:00,4881,4901.766845238095,-20.766845238094902,20.766845238094902
2017-12-01 11:00:00,5187,5171.972654761906,15.027345238094313,15.027345238094313
2017-12-01 12:00:00,5421,5469.927,-48.92699999999968,48.92699999999968
2017-12-01 13:00:00,5565,5473.465361111112,91.53463888888837,91.53463888888837
2017-12-01 14:00:00,5711,5804.945416666667,-93.94541666666737,93.94541666666737
2017-12-01 15:00:00,6284,6023.617880952381,260.3821190476192,260.3821190476192
2017-12-01 16:00:00,6468,6603.78003968254,-135.7800396825396,135.7800396825396
2017-12-01 17:00:00,6000,6091.9055238095225,-91.90552380952249,91.90552380952249
2017-12-01 18:00:00,5037,5089.64067857143,-52.64067857142982,52.64067857142982
2017-12-01 19:00:00,4086,3622.4984047619055,463.5015952380945,463.5015952380945
2017-12-01 20:00:00,3480,3183.3348928571418,296.66510714285823,296.66510714285823
2017-12-01 21:00:00,3043,3125.2439285714295,-82.24392857142948,82.24392857142948
2017-12-01 22:00:00,3054,2847.064523809523,206.93547619047695,206.93547619047695
2017-12-01 23:00:00,3604,2297.7365595238093,1306.2634404761907,1306.2634404761907
2017-12-02 00:00:00,1479,1588.8633809523808,-109.8633809523808,109.8633809523808
2017-12-02 01:00:00,866,802.0342619047618,63.96573809523818,63.96573809523818
2017-12-02 02:00:00,635,695.8042619047618,-60.8042619047618,60.8042619047618
2017-12-02 03:00:00,489,426.94233333333324,62.05766666666676,62.05766666666676
2017-12-02 04:00:00,539,483.1780833333333,55.82191666666671,55.82191666666671
2017-12-02 05:00:00,978,729.6947142857139,248.30528571428613,248.30528571428613
2017-12-02 06:00:00,1666,1227.4566666666665,438.5433333333335,438.5433333333335
2017-12-02 07:00:00,2386,2322.228793650794,63.77120634920584,63.77120634920584
2017-12-02 08:00:00,3343,3148.710452380952,194.28954761904788,194.28954761904788
2017-12-02 09:00:00,4112,3912.088142857143,199.91185714285712,199.91185714285712
2017-12-02 10:00:00,4562,4349.255488095238,212.74451190476157,212.74451190476157
2017-12-02 11:00:00,5055,4686.333214285714,368.66678571428565,368.66678571428565
2017-12-02 12:00:00,5441,5297.788833333333,143.21116666666694,143.21116666666694
2017-12-02 13:00:00,5516,5364.102111111112,151.8978888888878,151.8978888888878
2017-12-02 14:00:00,5177,5488.134154761906,-311.13415476190585,311.13415476190585
2017-12-02 15:00:00,5477,4961.5475495338,515.4524504662004,515.4524504662004
2017-12-02 16:00:00,5397,5560.029666666668,-163.02966666666816,163.02966666666816
2017-12-02 17:00:00,5838,5066.433710317461,771.5662896825388,771.5662896825388
2017-12-02 18:00:00,5490,4892.8252619047635,597.1747380952365,597.1747380952365
2017-12-02 19:00:00,4140,3450.8613214285706,689.1386785714294,689.1386785714294
2017-12-02 20:00:00,4032,3199.5772045454546,832.4227954545454,832.4227954545454
2017-12-02 21:00:00,3182,3368.369680735931,-186.36968073593107,186.36968073593107
2017-12-02 22:00:00,2623,3310.196273809524,-687.196273809524,687.196273809524
2017-12-02 23:00:00,1939,2001.4588571428571,-62.45885714285714,62.45885714285714
2017-12-03 00:00:00,1274,1290.448904761905,-16.44890476190494,16.44890476190494
2017-12-03 01:00:00,705,753.4929761904762,-48.492976190476156,48.492976190476156
2017-12-03 02:00:00,577,551.2682619047619,25.731738095238143,25.731738095238143
2017-12-03 03:00:00,343,355.01311904761906,-12.013119047619057,12.013119047619057
2017-12-03 04:00:00,289,321.09627380952384,-32.09627380952384,32.09627380952384
2017-12-03 05:00:00,476,462.22484523809516,13.775154761904844,13.775154761904844
2017-12-03 06:00:00,813,779.234130952381,33.76586904761905,33.76586904761905
2017-12-03 07:00:00,1131,1105.1688571428572,25.831142857142822,25.831142857142822
2017-12-03 08:00:00,1936,1581.1277738095241,354.8722261904759,354.8722261904759
2017-12-03 09:00:00,2831,2757.880047619048,73.11995238095187,73.11995238095187
2017-12-03 10:00:00,3515,3557.900507936508,-42.90050793650789,42.90050793650789
2017-12-03 11:00:00,4113,3804.7298015873016,308.2701984126984,308.2701984126984
2017-12-03 12:00:00,4235,4432.037380952381,-197.03738095238077,197.03738095238077
2017-12-03 13:00:00,4516,4309.545976190477,206.45402380952328,206.45402380952328
2017-12-03 14:00:00,4383,4527.001238095238,-144.00123809523757,144.00123809523757
2017-12-03 15:00:00,4892,4440.854535714286,451.1454642857143,451.1454642857143
2017-12-03 16:00:00,4962,4786.628035714285,175.37196428571497,175.37196428571497
2017-12-03 17:00:00,5014,4826.640214285714,187.35978571428586,187.35978571428586
2017-12-03 18:00:00,4035,4625.740694444444,-590.7406944444438,590.7406944444438
2017-12-03 19:00:00,2993,3272.986928571429,-279.98692857142896,279.98692857142896
2017-12-03 20:00:00,2533,2509.6389166666663,23.36108333333368,23.36108333333368
2017-12-03 21:00:00,2135,2388.2709523809517,-253.2709523809517,253.2709523809517
2017-12-03 22:00:00,1782,1659.7052023809526,122.29479761904736,122.29479761904736
2017-12-03 23:00:00,1105,1138.1793333333335,-33.17933333333349,33.17933333333349
2017-12-04 00:00:00,573,595.901380952381,-22.901380952381032,22.901380952381032
2017-12-04 01:00:00,358,358.9245992063492,-0.9245992063492281,0.9245992063492281
2017-12-04 02:00:00,247,277.78197619047614,-30.781976190476144,30.781976190476144
2017-12-04 03:00:00,407,324.0568571428572,82.94314285714279,82.94314285714279
2017-12-04 04:00:00,915,864.1262976190474,50.873702380952636,50.873702380952636
2017-12-04 05:00:00,2938,2814.5736190476186,123.42638095238135,123.42638095238135
2017-12-04 06:00:00,5369,5736.756702380952,-367.75670238095245,367.75670238095245
2017-12-04 07:00:00,5056,6077.909825396825,-1021.909825396825,1021.909825396825
2017-12-04 08:00:00,5454,4972.953428571429,481.04657142857104,481.04657142857104
2017-12-04 08:00:00,5454,5457.371523809524,-3.371523809523751,3.371523809523751
2017-12-04 09:00:00,5173,4840.4914761904765,332.50852380952347,332.50852380952347
2017-12-04 09:00:00,5173,4857.028595238096,315.9714047619036,315.9714047619036
2017-12-04 09:00:00,5173,4868.425817460319,304.5741825396808,304.5741825396808
2017-12-04 10:00:00,4647,4507.087646825398,139.91235317460178,139.91235317460178
2017-12-04 10:00:00,4647,4273.852047619048,373.1479523809521,373.1479523809521
2017-12-04 10:00:00,4647,4282.547380952381,364.452619047619,364.452619047619
2017-12-04 11:00:00,4641,4677.477761904761,-36.47776190476088,36.47776190476088
2017-12-04 12:00:00,4705,4739.687583333333,-34.68758333333335,34.68758333333335
2017-12-04 12:00:00,4705,4839.129714285715,-134.12971428571473,134.12971428571473
2017-12-04 12:00:00,4705,4800.764928571429,-95.76492857142875,95.76492857142875
2017-12-04 13:00:00,5004,4733.52007142857,270.4799285714298,270.4799285714298
2017-12-04 13:00:00,5004,4993.102964285714,10.897035714286176,10.897035714286176
2017-12-04 13:00:00,5004,5002.61913095238,1.3808690476198535,1.3808690476198535
2017-12-04 13:00:00,5004,5010.922630952379,-6.922630952379222,6.922630952379222
2017-12-04 14:00:00,5165,5181.795666666667,-16.795666666666875,16.795666666666875
2017-12-04 14:00:00,5165,5292.365845238096,-127.36584523809597,127.36584523809597
2017-12-04 14:00:00,5165,5275.196511904763,-110.1965119047627,110.1965119047627
2017-12-04 15:00:00,5666,5698.148095238096,-32.148095238096175,32.148095238096175
2017-12-04 15:00:00,5666,5698.273539682539,-32.273539682539194,32.273539682539194
2017-12-04 15:00:00,5666,5699.194809523809,-33.194809523809454,33.194809523809454
2017-12-04 15:00:00,5666,5809.474705627705,-143.47470562770468,143.47470562770468
2017-12-04 16:00:00,6533,6334.16292857143,198.8370714285702,198.8370714285702
2017-12-04 16:00:00,6533,6429.754595238092,103.2454047619076,103.2454047619076
2017-12-04 16:00:00,6533,6455.415166666664,77.58483333333606,77.58483333333606
2017-12-04 17:00:00,5912,6142.96538888889,-230.96538888888972,230.96538888888972
2017-12-04 17:00:00,5912,5740.605396825396,171.39460317460362,171.39460317460362
2017-12-04 17:00:00,5912,5750.5373730158735,161.46262698412647,161.46262698412647
2017-12-04 18:00:00,4378,4313.850166666665,64.14983333333475,64.14983333333475
2017-12-04 18:00:00,4378,4117.651214285715,260.34878571428544,260.34878571428544
2017-12-04 19:00:00,3092,3102.6917142857133,-10.69171428571326,10.69171428571326
2017-12-04 19:00:00,3092,2915.4705476190475,176.52945238095253,176.52945238095253
2017-12-04 19:00:00,3092,2896.252380952381,195.74761904761908,195.74761904761908
2017-12-04 20:00:00,2556,2547.6424523809524,8.357547619047637,8.357547619047637
2017-12-04 20:00:00,2556,2214.0956269841267,341.90437301587326,341.90437301587326
2017-12-04 20:00:00,2556,2191.45476984127,364.5452301587302,364.5452301587302
2017-12-04 21:00:00,2150,2162.344261904762,-12.34426190476188,12.34426190476188
2017-12-04 21:00:00,2150,2130.410214285715,19.58978571428497,19.58978571428497
2017-12-04 21:00:00,2150,2112.4577857142854,37.542214285714635,37.542214285714635
2017-12-04 22:00:00,1653,1876.0366190476184,-223.0366190476184,223.0366190476184
2017-12-04 22:00:00,1653,1387.3597142857145,265.6402857142855,265.6402857142855
2017-12-04 22:00:00,1653,1374.8242142857143,278.17578571428567,278.17578571428567
2017-12-04 23:00:00,1763,1468.056928571429,294.9430714285711,294.9430714285711
2017-12-04 23:00:00,1763,1556.8335595238095,206.16644047619047,206.16644047619047
2017-12-04 23:00:00,1763,1437.411916666667,325.5880833333331,325.5880833333331
2017-12-05 00:00:00,693,678.9391825396825,14.06081746031748,14.06081746031748
2017-12-05 00:00:00,693,704.6966269841267,-11.696626984126738,11.696626984126738
2017-12-05 00:00:00,693,701.7150714285712,-8.71507142857115,8.71507142857115
2017-12-05 01:00:00,327,500.9232857142856,-173.9232857142856,173.9232857142856
2017-12-05 01:00:00,327,317.25483333333347,9.745166666666535,9.745166666666535
2017-12-05 02:00:00,278,258.6367103174603,19.363289682539687,19.363289682539687
2017-12-05 02:00:00,278,267.4088055555555,10.591194444444511,10.591194444444511
2017-12-05 03:00:00,394,331.1825357142858,62.81746428571421,62.81746428571421
2017-12-05 03:00:00,394,402.0825952380952,-8.082595238095223,8.082595238095223
2017-12-05 04:00:00,853,796.7055833333335,56.29441666666651,56.29441666666651
2017-12-05 04:00:00,853,867.1963611111112,-14.196361111111173,14.196361111111173
2017-12-05 05:00:00,2637,2748.421797619048,-111.421797619048,111.421797619048
2017-12-05 06:00:00,3657,5488.650222222222,-1831.6502222222216,1831.6502222222216
2017-12-05 07:00:00,2334,3966.3520476190474,-1632.3520476190474,1632.3520476190474
2017-12-05 08:00:00,2160,2612.4022658730155,-452.4022658730155,452.4022658730155
2017-12-05 09:00:00,2578,2423.823634920635,154.17636507936504,154.17636507936504
2017-12-05 09:00:00,2578,3028.4497499999993,-450.4497499999993,450.4497499999993
2017-12-05 10:00:00,3706,3052.2897619047626,653.7102380952374,653.7102380952374
2017-12-05 11:00:00,3683,3872.0023690476187,-189.00236904761869,189.00236904761869
2017-12-05 11:00:00,3683,3937.8076904761906,-254.8076904761906,254.8076904761906
2017-12-05 12:00:00,3991,3972.1831666666667,18.816833333333307,18.816833333333307
2017-12-05 12:00:00,3991,4252.896785714286,-261.8967857142861,261.8967857142861
2017-12-05 13:00:00,4158,4130.2181666666675,27.781833333332543,27.781833333332543
2017-12-05 13:00:00,4158,4341.934357142856,-183.93435714285624,183.93435714285624
2017-12-05 14:00:00,4383,4313.543416666667,69.45658333333267,69.45658333333267
2017-12-05 14:00:00,4383,4743.2713214285695,-360.27132142856954,360.27132142856954
2017-12-05 18:00:00,3936,4052.516396825397,-116.5163968253969,116.5163968253969
2017-12-05 19:00:00,2924,2904.840285714286,19.159714285714017,19.159714285714017
2017-12-05 20:00:00,2447,2776.75561904762,-329.7556190476198,329.7556190476198
2017-12-05 21:00:00,2278,2221.20711904762,56.792880952380074,56.792880952380074
2017-12-05 22:00:00,1555,1832.935444444444,-277.9354444444441,277.9354444444441
2017-12-05 23:00:00,1014,1044.5771904761903,-30.577190476190253,30.577190476190253
2017-12-06 00:00:00,744,556.5522619047618,187.44773809523815,187.44773809523815
2017-12-06 01:00:00,585,468.22807142857135,116.77192857142865,116.77192857142865
2017-12-06 02:00:00,409,367.12719047619044,41.872809523809565,41.872809523809565
2017-12-06 03:00:00,534,428.63611904761916,105.36388095238084,105.36388095238084
2017-12-06 04:00:00,1072,996.0688095238094,75.93119047619064,75.93119047619064
2017-12-06 05:00:00,3067,2741.420111111111,325.57988888888895,325.57988888888895
2017-12-06 06:00:00,5480,5701.515785714284,-221.515785714284,221.515785714284
2017-12-06 07:00:00,5255,6106.37005952381,-851.3700595238097,851.3700595238097
2017-12-06 08:00:00,5113,5184.148785714284,-71.1487857142838,71.1487857142838
2017-12-06 09:00:00,5485,5004.794642857142,480.2053571428578,480.2053571428578
2017-12-06 10:00:00,4772,4492.178194444444,279.82180555555624,279.82180555555624
2017-12-06 11:00:00,4861,4872.849738095238,-11.849738095237626,11.849738095237626
2017-12-06 12:00:00,4983,4985.493988095238,-2.49398809523791,2.49398809523791
2017-12-06 13:00:00,5073,5018.071071428572,54.928928571427605,54.928928571427605
2017-12-06 14:00:00,5155,5198.222472222222,-43.22247222222177,43.22247222222177
2017-12-06 15:00:00,5480,5555.008246031747,-75.00824603174715,75.00824603174715
2017-12-06 15:00:00,5480,5788.0335,-308.03349999999955,308.03349999999955
2017-12-06 16:00:00,5729,6266.110277777779,-537.1102777777787,537.1102777777787
2017-12-06 16:00:00,5729,6212.3833690476185,-483.38336904761854,483.38336904761854
2017-12-06 17:00:00,5196,5574.457646825396,-378.4576468253963,378.4576468253963
2017-12-06 17:00:00,5196,5049.279047619047,146.72095238095335,146.72095238095335
2017-12-06 18:00:00,4144,3953.105896825397,190.89410317460306,190.89410317460306
2017-12-06 18:00:00,4144,3884.0811785714295,259.9188214285705,259.9188214285705
2017-12-06 18:00:00,4144,3790.5625952380956,353.4374047619044,353.4374047619044
2017-12-06 19:00:00,3061,3024.175619047619,36.824380952381034,36.824380952381034
2017-12-06 19:00:00,3061,2707.2842619047615,353.7157380952385,353.7157380952385
2017-12-06 19:00:00,3061,2705.4619761904764,355.53802380952357,355.53802380952357
2017-12-06 20:00:00,2753,2657.693773809524,95.30622619047608,95.30622619047608
2017-12-06 20:00:00,2753,2650.9042857142854,102.09571428571462,102.09571428571462
2017-12-06 21:00:00,2449,2568.210523809524,-119.21052380952415,119.21052380952415
2017-12-06 22:00:00,1652,1895.2233373015877,-243.22333730158766,243.22333730158766
2017-12-06 23:00:00,1093,1130.7201071428572,-37.72010714285716,37.72010714285716
2017-12-07 00:00:00,602,602.3850952380951,-0.3850952380951185,0.3850952380951185
2017-12-07 01:00:00,357,384.36307142857135,-27.363071428571345,27.363071428571345
2017-12-07 02:00:00,286,268.94697619047616,17.053023809523836,17.053023809523836
2017-12-07 03:00:00,376,345.21004761904754,30.789952380952457,30.789952380952457
2017-12-07 04:00:00,927,796.4719761904761,130.52802380952392,130.52802380952392
2017-12-07 05:00:00,3044,2709.039642857143,334.960357142857,334.960357142857
2017-12-07 06:00:00,5058,5429.37819047619,-371.37819047618996,371.37819047618996
2017-12-07 07:00:00,5782,5860.276694444445,-78.27669444444473,78.27669444444473
2017-12-07 08:00:00,5509,5592.034654761906,-83.03465476190559,83.03465476190559
2017-12-07 09:00:00,4958,5043.844746031744,-85.84474603174385,85.84474603174385
2017-12-07 10:00:00,4486,4549.74666991342,-63.74666991342019,63.74666991342019
2017-12-07 11:00:00,4774,4731.809335497836,42.1906645021636,42.1906645021636
2017-12-07 12:00:00,4981,4954.7974523809535,26.202547619046527,26.202547619046527
2017-12-07 13:00:00,5035,5018.351321428572,16.64867857142781,16.64867857142781
2017-12-07 14:00:00,5296,5375.276857142857,-79.2768571428569,79.2768571428569
2017-12-07 15:00:00,5696,5620.217440476192,75.78255952380823,75.78255952380823
2017-12-07 16:00:00,6217,6231.355333333333,-14.355333333332965,14.355333333332965
2017-12-07 17:00:00,5865,5826.08832142857,38.91167857142955,38.91167857142955
2017-12-07 18:00:00,4712,4431.141380952381,280.85861904761896,280.85861904761896
2017-12-07 19:00:00,3445,3380.5289047619062,64.47109523809377,64.47109523809377
2017-12-07 20:00:00,2995,2945.338166666667,49.66183333333311,49.66183333333311
2017-12-07 21:00:00,2934,2851.025476190476,82.97452380952382,82.97452380952382
2017-12-07 22:00:00,1923,2356.9739960317465,-433.97399603174654,433.97399603174654
2017-12-07 23:00:00,1152,1213.1582777777778,-61.15827777777781,61.15827777777781
2017-12-08 00:00:00,651,661.0265119047621,-10.02651190476206,10.02651190476206
2017-12-08 01:00:00,386,418.1539206349205,-32.153920634920496,32.153920634920496
2017-12-08 02:00:00,319,321.8962579365079,-2.8962579365078795,2.8962579365078795
2017-12-08 03:00:00,392,377.78538492063484,14.21461507936516,14.21461507936516
2017-12-08 04:00:00,865,788.402666666667,76.59733333333304,76.59733333333304
2017-12-08 05:00:00,2916,2579.6889880952385,336.3110119047615,336.3110119047615
2017-12-08 06:00:00,5276,5548.622023809523,-272.62202380952294,272.62202380952294
2017-12-08 07:00:00,6081,6078.590142857143,2.4098571428567084,2.4098571428567084
2017-12-08 08:00:00,5448,5469.814452380952,-21.81445238095239,21.81445238095239
2017-12-08 09:00:00,5087,4955.596404761904,131.4035952380964,131.4035952380964
2017-12-08 10:00:00,4771,4813.254452380952,-42.25445238095199,42.25445238095199
2017-12-08 11:00:00,5083,5138.111559523811,-55.11155952381068,55.11155952381068
2017-12-08 12:00:00,5299,5291.653976190474,7.346023809525832,7.346023809525832
2017-12-08 13:00:00,5418,5305.188523809524,112.81147619047624,112.81147619047624
2017-12-08 14:00:00,5424,5670.740654761903,-246.740654761903,246.740654761903
2017-12-08 15:00:00,5931,5813.001428571431,117.99857142856945,117.99857142856945
2017-12-08 16:00:00,6150,6150.172071428571,-0.17207142857114377,0.17207142857114377
2017-12-08 17:00:00,5526,5602.218273809525,-76.21827380952527,76.21827380952527
2017-12-08 18:00:00,4564,4573.871642857142,-9.871642857142433,9.871642857142433
2017-12-08 19:00:00,3631,3483.5486666666666,147.45133333333342,147.45133333333342
2017-12-08 19:00:00,3631,3321.0568968253974,309.9431031746026,309.9431031746026
2017-12-08 20:00:00,3190,3061.783214285714,128.21678571428583,128.21678571428583
2017-12-08 20:00:00,3190,2777.402452380952,412.5975476190479,412.5975476190479
2017-12-08 21:00:00,3138,3104.948178571427,33.05182142857302,33.05182142857302
2017-12-08 22:00:00,2728,2947.13125,-219.1312499999999,219.1312499999999
2017-12-08 23:00:00,1846,1836.564738095238,9.435261904762001,9.435261904762001
2017-12-09 00:00:00,1326,1200.85851984127,125.14148015873002,125.14148015873002
2017-12-09 01:00:00,826,780.107380952381,45.89261904761895,45.89261904761895
2017-12-09 02:00:00,601,666.0616666666667,-65.06166666666672,65.06166666666672
2017-12-09 03:00:00,389,440.30279365079355,-51.30279365079355,51.30279365079355
2017-12-09 04:00:00,471,404.0204761904763,66.9795238095237,66.9795238095237
2017-12-09 05:00:00,877,673.2224444444441,203.77755555555586,203.77755555555586
2017-12-09 06:00:00,1441,1157.641238095238,283.3587619047621,283.3587619047621
2017-12-09 07:00:00,2156,2082.652285714286,73.34771428571412,73.34771428571412
2017-12-09 08:00:00,3024,2740.700047619047,283.2999523809531,283.2999523809531
2017-12-09 09:00:00,3900,3563.7775238095255,336.2224761904745,336.2224761904745
2017-12-09 10:00:00,4433,4108.946424603175,324.0535753968252,324.0535753968252
2017-12-09 11:00:00,4928,4847.4201388888905,80.5798611111095,80.5798611111095
2017-12-09 12:00:00,5263,5178.095916666667,84.90408333333289,84.90408333333289
2017-12-09 13:00:00,5186,5103.327571428571,82.67242857142901,82.67242857142901
2017-12-09 14:00:00,5255,5184.215523809521,70.78447619047893,70.78447619047893
2017-12-09 15:00:00,5087,5255.058976190476,-168.05897619047573,168.05897619047573
2017-12-09 16:00:00,5160,5153.425619047618,6.574380952381944,6.574380952381944
2017-12-09 17:00:00,5536,5162.661392857143,373.33860714285674,373.33860714285674
2017-12-09 18:00:00,4555,4602.908666666666,-47.90866666666625,47.90866666666625
2017-12-09 19:00:00,3449,3306.1173333333336,142.8826666666664,142.8826666666664
2017-12-09 20:00:00,3030,2856.3484404761916,173.65155952380837,173.65155952380837
2017-12-09 21:00:00,3260,3040.0054999999993,219.9945000000007,219.9945000000007
2017-12-09 22:00:00,3068,3643.64525,-575.64525,575.64525
2017-12-09 23:00:00,1919,2331.2598095238095,-412.2598095238095,412.2598095238095
2017-12-10 00:00:00,1370,1239.4891111111112,130.51088888888876,130.51088888888876
2017-12-10 01:00:00,910,841.7006825396827,68.2993174603173,68.2993174603173
2017-12-10 02:00:00,641,685.3472857142857,-44.347285714285704,44.347285714285704
2017-12-10 03:00:00,391,381.93204761904775,9.06795238095225,9.06795238095225
2017-12-10 04:00:00,392,380.24142857142846,11.758571428571543,11.758571428571543
2017-12-10 05:00:00,635,575.9738333333333,59.026166666666654,59.026166666666654
2017-12-10 06:00:00,922,1010.6408095238097,-88.64080952380971,88.64080952380971
2017-12-10 07:00:00,1152,1068.0292121212121,83.97078787878786,83.97078787878786
2017-12-10 08:00:00,1869,1489.8157142857142,379.1842857142858,379.1842857142858
2017-12-10 09:00:00,2745,2498.118571428571,246.88142857142884,246.88142857142884
2017-12-10 10:00:00,3616,3647.053678571428,-31.05367857142801,31.05367857142801
2017-12-10 11:00:00,4025,3980.0966428571423,44.90335714285766,44.90335714285766
2017-12-10 12:00:00,4264,4409.198769841269,-145.1987698412686,145.1987698412686
2017-12-10 13:00:00,4352,4358.951000000001,-6.951000000000931,6.951000000000931
2017-12-10 14:00:00,4370,4374.23055952381,-4.230559523810371,4.230559523810371
2017-12-10 15:00:00,4762,4361.28530952381,400.7146904761903,400.7146904761903
2017-12-10 16:00:00,4604,4683.669380952381,-79.66938095238129,79.66938095238129
2017-12-10 17:00:00,4355,4411.548047619048,-56.54804761904779,56.54804761904779
2017-12-10 18:00:00,3724,3732.1050436507926,-8.105043650792595,8.105043650792595
2017-12-10 19:00:00,2966,3176.779345238095,-210.77934523809517,210.77934523809517
2017-12-10 20:00:00,2560,2540.947476190476,19.05252380952379,19.05252380952379
2017-12-10 21:00:00,2069,2247.7478452380956,-178.74784523809558,178.74784523809558
2017-12-10 22:00:00,1732,1714.7579999999998,17.24200000000019,17.24200000000019
2017-12-10 23:00:00,999,1257.737511904762,-258.73751190476196,258.73751190476196
2017-12-11 00:00:00,542,553.2257857142856,-11.225785714285621,11.225785714285621
2017-12-11 00:00:00,542,534.1908333333334,7.809166666666556,7.809166666666556
2017-12-11 01:00:00,281,345.02765476190484,-64.02765476190484,64.02765476190484
2017-12-11 01:00:00,281,277.25373015873015,3.74626984126985,3.74626984126985
2017-12-11 01:00:00,281,277.9395634920635,3.0604365079365152,3.0604365079365152
2017-12-11 02:00:00,279,250.4915396825396,28.50846031746039,28.50846031746039
2017-12-11 02:00:00,279,257.9440515873016,21.0559484126984,21.0559484126984
2017-12-11 03:00:00,353,326.7987857142857,26.201214285714286,26.201214285714286
2017-12-11 03:00:00,353,324.73076190476195,28.26923809523805,28.26923809523805
2017-12-11 04:00:00,901,789.3159523809527,111.6840476190473,111.6840476190473
2017-12-11 04:00:00,901,894.9791190476191,6.020880952380935,6.020880952380935
2017-12-11 05:00:00,2907,2657.727202380952,249.2727976190481,249.2727976190481
2017-12-11 05:00:00,2907,2900.4850476190477,6.514952380952309,6.514952380952309
2017-12-11 06:00:00,5061,5664.184611111111,-603.1846111111108,603.1846111111108
2017-12-11 07:00:00,4050,5610.042206349205,-1560.0422063492051,1560.0422063492051
2017-12-11 07:00:00,4050,4150.940349206349,-100.94034920634931,100.94034920634931
2017-12-11 07:00:00,4050,4175.033134920634,-125.03313492063444,125.03313492063444
2017-12-11 08:00:00,4349,4034.692023809523,314.3079761904769,314.3079761904769
2017-12-11 08:00:00,4349,4225.540523809523,123.45947619047729,123.45947619047729
2017-12-11 09:00:00,4734,4248.9440974025965,485.0559025974035,485.0559025974035
2017-12-11 09:00:00,4734,4564.037202380951,169.96279761904862,169.96279761904862
2017-12-11 10:00:00,4049,4192.386528138528,-143.38652813852786,143.38652813852786
2017-12-11 10:00:00,4049,4039.5685952380945,9.431404761905469,9.431404761905469
2017-12-11 11:00:00,4291,4209.300388888886,81.69961111111388,81.69961111111388
2017-12-11 11:00:00,4291,4429.410047619048,-138.41004761904787,138.41004761904787
2017-12-11 12:00:00,4452,4449.331952380951,2.6680476190485933,2.6680476190485933
2017-12-11 13:00:00,4509,4557.015071428571,-48.01507142857099,48.01507142857099
2017-12-11 14:00:00,4824,4713.8929761904765,110.10702380952353,110.10702380952353
2017-12-11 15:00:00,5501,5087.854111111113,413.1458888888874,413.1458888888874
2017-12-11 16:00:00,6076,6349.756277777779,-273.75627777777936,273.75627777777936
2017-12-11 17:00:00,5712,5716.102988095239,-4.102988095239198,4.102988095239198
2017-12-11 18:00:00,4040,4073.7209285714302,-33.72092857143025,33.72092857143025
2017-12-11 19:00:00,2894,2903.1085476190474,-9.108547619047386,9.108547619047386
2017-12-11 20:00:00,2374,2405.246103174603,-31.246103174602922,31.246103174602922
2017-12-11 21:00:00,2028,2079.5867142857146,-51.586714285714606,51.586714285714606
2017-12-11 22:00:00,1433,1567.0587500000004,-134.05875000000037,134.05875000000037
2017-12-11 23:00:00,958,982.7863968253971,-24.786396825397105,24.786396825397105
2017-12-12 00:00:00,548,531.9492023809524,16.050797619047557,16.050797619047557
2017-12-12 01:00:00,395,342.00910714285715,52.99089285714285,52.99089285714285
2017-12-12 02:00:00,256,310.6824523809523,-54.68245238095233,54.68245238095233
2017-12-12 03:00:00,339,327.6573095238096,11.342690476190398,11.342690476190398
2017-12-12 04:00:00,939,829.1463214285712,109.85367857142876,109.85367857142876
2017-12-12 05:00:00,2963,2712.6874047619053,250.31259523809467,250.31259523809467
2017-12-12 06:00:00,5981,5425.283797619047,555.7162023809533,555.7162023809533
2017-12-12 07:00:00,5928,6273.942023809526,-345.9420238095263,345.9420238095263
2017-12-12 08:00:00,5709,5794.856690476192,-85.85669047619194,85.85669047619194
2017-12-12 09:00:00,5184,5136.386285714287,47.613714285713286,47.613714285713286
2017-12-12 10:00:00,4531,4515.430071428571,15.569928571429045,15.569928571429045
2017-12-12 11:00:00,4714,4679.786916666667,34.21308333333309,34.21308333333309
2017-12-12 12:00:00,4948,4885.793912698412,62.20608730158801,62.20608730158801
2017-12-12 13:00:00,4869,4937.935285714285,-68.93528571428487,68.93528571428487
2017-12-12 14:00:00,5012,5122.124460317461,-110.12446031746094,110.12446031746094
2017-12-12 15:00:00,5651,5492.87088095238,158.1291190476204,158.1291190476204
2017-12-12 16:00:00,6407,6266.378138888888,140.62186111111168,140.62186111111168
2017-12-12 17:00:00,5923,6095.33194047619,-172.33194047618963,172.33194047618963
2017-12-12 18:00:00,4427,4419.14380952381,7.856190476190022,7.856190476190022
2017-12-12 19:00:00,3282,3164.642333333333,117.35766666666677,117.35766666666677
2017-12-12 20:00:00,2673,2771.2007023809524,-98.20070238095241,98.20070238095241
2017-12-12 21:00:00,2819,2487.076809523809,331.92319047619094,331.92319047619094
2017-12-12 22:00:00,3263,2706.955785714287,556.0442142857132,556.0442142857132
2017-12-12 23:00:00,1080,1368.8363293650796,-288.83632936507956,288.83632936507956
2017-12-13 00:00:00,641,594.8264880952382,46.17351190476177,46.17351190476177
2017-12-13 01:00:00,391,410.6198849206349,-19.619884920634888,19.619884920634888
2017-12-13 02:00:00,268,319.2910952380951,-51.291095238095124,51.291095238095124
2017-12-13 03:00:00,395,360.85240476190467,34.147595238095334,34.147595238095334
2017-12-13 04:00:00,912,834.601857142857,77.39814285714294,77.39814285714294
2017-12-13 05:00:00,3108,2742.8778690476192,365.12213095238076,365.12213095238076
2017-12-13 06:00:00,5910,5753.042285714285,156.95771428571516,156.95771428571516
2017-12-13 07:00:00,6025,6453.295126984128,-428.2951269841278,428.2951269841278
2017-12-13 08:00:00,4696,5767.73261904762,-1071.7326190476197,1071.7326190476197
2017-12-13 08:00:00,4696,4675.730960317461,20.269039682539187,20.269039682539187
2017-12-13 09:00:00,5179,4656.564222222222,522.4357777777777,522.4357777777777
2017-12-13 09:00:00,5179,5035.097047619049,143.90295238095132,143.90295238095132
2017-12-13 10:00:00,4347,4588.933047619048,-241.933047619048,241.933047619048
2017-12-13 11:00:00,4501,4555.779095238096,-54.77909523809558,54.77909523809558
2017-12-13 12:00:00,4787,4697.950805555554,89.04919444444567,89.04919444444567
2017-12-13 13:00:00,4943,4908.869454545455,34.13054545454543,34.13054545454543
2017-12-13 14:00:00,5049,5272.695492063491,-223.69549206349075,223.69549206349075
2017-12-13 15:00:00,5642,5626.729726190476,15.270273809524042,15.270273809524042
2017-12-13 16:00:00,6621,6271.635083333333,349.36491666666734,349.36491666666734
2017-12-13 17:00:00,6000,6159.3258333333315,-159.3258333333315,159.3258333333315
2017-12-13 18:00:00,4370,4370.758000000001,-0.7580000000007203,0.7580000000007203
2017-12-13 19:00:00,3139,3162.433714285715,-23.433714285714814,23.433714285714814
2017-12-13 20:00:00,2777,2726.967940476191,50.03205952380904,50.03205952380904
2017-12-13 21:00:00,2369,2609.3298214285714,-240.32982142857145,240.32982142857145
2017-12-13 22:00:00,1889,1823.6139682539686,65.38603174603145,65.38603174603145
2017-12-13 23:00:00,1168,1409.3768095238097,-241.3768095238097,241.3768095238097
2017-12-14 00:00:00,571,656.7251904761907,-85.72519047619073,85.72519047619073
2017-12-14 01:00:00,392,350.19307539682546,41.80692460317454,41.80692460317454
2017-12-14 02:00:00,298,319.45219047619054,-21.452190476190538,21.452190476190538
2017-12-14 03:00:00,372,347.2626666666667,24.73733333333331,24.73733333333331
2017-12-14 03:00:00,372,379.8918809523811,-7.8918809523810864,7.8918809523810864
2017-12-14 04:00:00,908,817.2000238095236,90.7999761904764,90.7999761904764
2017-12-14 05:00:00,2930,2604.173880952381,325.82611904761916,325.82611904761916
2017-12-14 06:00:00,5808,5679.806940476189,128.19305952381092,128.19305952381092
2017-12-14 07:00:00,6252,6258.365198412699,-6.365198412699101,6.365198412699101
2017-12-14 08:00:00,5573,5905.923166666667,-332.9231666666674,332.9231666666674
2017-12-14 09:00:00,5360,5089.66932142857,270.3306785714303,270.3306785714303
2017-12-14 10:00:00,4607,4628.178059523809,-21.17805952380877,21.17805952380877
2017-12-14 11:00:00,4881,4865.057547619047,15.942452380953,15.942452380953
2017-12-14 12:00:00,5058,5025.687011904761,32.312988095239234,32.312988095239234
2017-12-14 13:00:00,5019,5118.033321428575,-99.03332142857471,99.03332142857471
2017-12-14 14:00:00,5430,5241.240507936507,188.75949206349287,188.75949206349287
2017-12-14 15:00:00,5897,5814.5446785714275,82.45532142857246,82.45532142857246
2017-12-14 15:00:00,5897,5983.169642857142,-86.16964285714221,86.16964285714221
2017-12-14 16:00:00,6757,6438.429119047618,318.57088095238214,318.57088095238214
2017-12-14 17:00:00,6042,6398.465857142857,-356.4658571428572,356.4658571428572
2017-12-14 18:00:00,4672,4523.756047619049,148.24395238095076,148.24395238095076
2017-12-14 19:00:00,3397,3370.020821428573,26.979178571426928,26.979178571426928
2017-12-14 20:00:00,3055,2906.3495000000003,148.65049999999974,148.65049999999974
2017-12-14 21:00:00,3558,2847.470555555556,710.5294444444439,710.5294444444439
2017-12-14 22:00:00,3433,3132.71536904762,300.2846309523802,300.2846309523802
2017-12-14 23:00:00,1680,1420.5681190476191,259.4318809523809,259.4318809523809
2017-12-15 00:00:00,803,968.8809285714289,-165.88092857142885,165.88092857142885
2017-12-15 01:00:00,490,509.65105952380947,-19.651059523809465,19.651059523809465
2017-12-15 02:00:00,358,364.26116666666695,-6.261166666666952,6.261166666666952
2017-12-15 03:00:00,387,391.2606904761904,-4.260690476190405,4.260690476190405
2017-12-15 04:00:00,836,778.5023571428574,57.49764285714264,57.49764285714264
2017-12-15 05:00:00,2773,2568.4844642857147,204.5155357142853,204.5155357142853
2017-12-15 06:00:00,5506,5581.745047619047,-75.745047619047,75.745047619047
2017-12-15 07:00:00,6307,6424.492281746032,-117.49228174603195,117.49228174603195
2017-12-15 08:00:00,5600,5548.416714285715,51.58328571428501,51.58328571428501
2017-12-15 09:00:00,5222,5045.48876190476,176.5112380952396,176.5112380952396
2017-12-15 10:00:00,4949,4748.092555555558,200.90744444444226,200.90744444444226
2017-12-15 11:00:00,5342,5196.109678571428,145.89032142857195,145.89032142857195
2017-12-15 12:00:00,5368,5510.233047619046,-142.23304761904637,142.23304761904637
2017-12-15 13:00:00,5386,5351.072511904761,34.927488095238914,34.927488095238914
2017-12-15 14:00:00,5672,5495.624976190477,176.37502380952265,176.37502380952265
2017-12-15 15:00:00,6048,5962.440981601734,85.55901839826583,85.55901839826583
2017-12-15 16:00:00,6669,6504.4216428571435,164.57835714285648,164.57835714285648
2017-12-15 17:00:00,5666,6057.616142857145,-391.61614285714495,391.61614285714495
2017-12-15 18:00:00,4776,4635.979976190475,140.0200238095249,140.0200238095249
2017-12-15 19:00:00,3550,3585.312964285715,-35.312964285715225,35.312964285715225
2017-12-15 19:00:00,3550,3291.474333333333,258.5256666666669,258.5256666666669
2017-12-15 20:00:00,2849,3145.2634007936513,-296.2634007936513,296.2634007936513
2017-12-15 20:00:00,2849,2681.974924603175,167.02507539682483,167.02507539682483
2017-12-15 21:00:00,2866,2842.15786904762,23.842130952380103,23.842130952380103
2017-12-15 21:00:00,2866,2884.4669880952383,-18.46698809523832,18.46698809523832
2017-12-15 22:00:00,2554,2850.237154761905,-296.237154761905,296.237154761905
2017-12-15 22:00:00,2554,2984.078944444445,-430.0789444444449,430.0789444444449
2017-12-15 23:00:00,1814,1863.0804285714287,-49.08042857142868,49.08042857142868
2017-12-15 23:00:00,1814,1566.3012142857142,247.6987857142858,247.6987857142858
2017-12-16 00:00:00,1275,1130.1816190476186,144.8183809523814,144.8183809523814
2017-12-16 00:00:00,1275,1002.6328452380953,272.36715476190466,272.36715476190466
2017-12-16 01:00:00,817,780.2147500000001,36.785249999999905,36.785249999999905
2017-12-16 01:00:00,817,685.5983333333332,131.40166666666676,131.40166666666676
2017-12-16 02:00:00,646,617.1566190476191,28.843380952380926,28.843380952380926
2017-12-16 02:00:00,646,568.5773809523811,77.42261904761892,77.42261904761892
2017-12-16 03:00:00,413,461.98604761904767,-48.98604761904767,48.98604761904767
2017-12-16 03:00:00,413,388.4710476190475,24.52895238095249,24.52895238095249
2017-12-16 04:00:00,441,423.6277301587301,17.372269841269883,17.372269841269883
2017-12-16 05:00:00,798,734.1765952380952,63.82340476190484,63.82340476190484
2017-12-16 06:00:00,1294,1187.6405595238093,106.35944047619068,106.35944047619068
2017-12-16 07:00:00,1812,1987.4217142857137,-175.42171428571373,175.42171428571373
2017-12-16 08:00:00,2603,2450.3137142857145,152.68628571428553,152.68628571428553
2017-12-16 09:00:00,3440,2941.236908730159,498.76309126984097,498.76309126984097
2017-12-16 10:00:00,3960,3549.113595238095,410.88640476190494,410.88640476190494
2017-12-16 11:00:00,4303,4178.392904761906,124.60709523809419,124.60709523809419
2017-12-16 11:00:00,4303,4504.988952380953,-201.98895238095338,201.98895238095338
2017-12-16 12:00:00,4806,4513.196333333333,292.8036666666667,292.8036666666667
2017-12-16 12:00:00,4806,5005.5645476190475,-199.56454761904752,199.56454761904752
2017-12-16 13:00:00,4743,4804.133154761904,-61.133154761903825,61.133154761903825
2017-12-16 13:00:00,4743,4677.051119047618,65.94888095238184,65.94888095238184
2017-12-16 14:00:00,4893,4635.172119047618,257.82788095238175,257.82788095238175
2017-12-16 15:00:00,5448,4764.1740515873025,683.8259484126975,683.8259484126975
2017-12-16 16:00:00,6122,5407.900880952379,714.0991190476207,714.0991190476207
2017-12-16 16:00:00,6122,6221.964797619047,-99.9647976190472,99.9647976190472
2017-12-16 17:00:00,5088,5587.136718253968,-499.13671825396796,499.13671825396796
2017-12-16 18:00:00,4600,4421.164095238095,178.8359047619051,178.8359047619051
2017-12-16 19:00:00,3512,3461.626666666667,50.373333333332994,50.373333333332994
2017-12-16 20:00:00,3143,2910.5670476190485,232.43295238095152,232.43295238095152
2017-12-16 21:00:00,3003,3056.1647857142857,-53.1647857142857,53.1647857142857
2017-12-16 22:00:00,3020,3075.9048571428575,-55.90485714285751,55.90485714285751
2017-12-16 23:00:00,2166,2166.739821428571,-0.7398214285708491,0.7398214285708491
2017-12-17 00:00:00,1230,1232.3798571428572,-2.3798571428571904,2.3798571428571904
2017-12-17 01:00:00,759,767.4358452380949,-8.435845238094885,8.435845238094885
2017-12-17 02:00:00,557,572.7256666666667,-15.725666666666712,15.725666666666712
2017-12-17 03:00:00,391,351.91405952380956,39.085940476190444,39.085940476190444
2017-12-17 04:00:00,320,364.54564285714264,-44.54564285714264,44.54564285714264
2017-12-17 05:00:00,501,475.05600000000004,25.94399999999996,25.94399999999996
2017-12-17 06:00:00,931,857.6553571428573,73.34464285714273,73.34464285714273
2017-12-17 07:00:00,1283,1012.0410000000002,270.95899999999983,270.95899999999983
2017-12-17 08:00:00,1994,1675.0067698412695,318.9932301587305,318.9932301587305
2017-12-17 08:00:00,1994,2596.71419047619,-602.7141904761902,602.7141904761902
2017-12-17 09:00:00,3246,2640.7177142857145,605.2822857142855,605.2822857142855
2017-12-17 09:00:00,3246,3614.7718571428563,-368.77185714285633,368.77185714285633
2017-12-17 09:00:00,3246,3607.756904761905,-361.75690476190493,361.75690476190493
2017-12-17 10:00:00,4399,3565.217452380953,833.7825476190469,833.7825476190469
2017-12-17 10:00:00,4399,4605.251843073594,-206.2518430735936,206.2518430735936
2017-12-17 10:00:00,4399,4607.631509740259,-208.6315097402594,208.6315097402594
2017-12-17 11:00:00,3996,4747.229261904762,-751.2292619047621,751.2292619047621
2017-12-17 11:00:00,3996,4237.3505,-241.35049999999956,241.35049999999956
2017-12-17 12:00:00,4084,4199.046833333333,-115.04683333333287,115.04683333333287
2017-12-17 13:00:00,3977,4202.628007936507,-225.62800793650695,225.62800793650695
2017-12-17 13:00:00,3977,4206.79711904762,-229.79711904762007,229.79711904762007
2017-12-17 14:00:00,4015,4060.9911666666676,-45.991166666667596,45.991166666667596
2017-12-17 14:00:00,4015,4155.827738095238,-140.8277380952377,140.8277380952377
2017-12-17 15:00:00,4255,4163.903023809524,91.0969761904762,91.0969761904762
2017-12-17 15:00:00,4255,4309.65536111111,-54.655361111110324,54.655361111110324
2017-12-17 15:00:00,4255,4268.396333333332,-13.396333333332223,13.396333333332223
2017-12-17 16:00:00,4493,4253.62738095238,239.37261904762,239.37261904762
2017-12-17 16:00:00,4493,4519.1192619047615,-26.119261904761515,26.119261904761515
2017-12-17 17:00:00,4183,4440.036333333333,-257.03633333333255,257.03633333333255
2017-12-17 17:00:00,4183,3909.160726190476,273.839273809524,273.839273809524
2017-12-17 18:00:00,3558,3533.3988690476185,24.60113095238148,24.60113095238148
2017-12-17 18:00:00,3558,3146.8783333333336,411.12166666666644,411.12166666666644
2017-12-17 19:00:00,2892,2959.5759206349194,-67.57592063491938,67.57592063491938
2017-12-17 19:00:00,2892,2551.625873015874,340.3741269841262,340.3741269841262
2017-12-17 20:00:00,2486,2449.870119047619,36.12988095238097,36.12988095238097
2017-12-17 20:00:00,2486,2354.8143333333333,131.18566666666675,131.18566666666675
2017-12-17 21:00:00,2061,2377.505333333333,-316.50533333333306,316.50533333333306
2017-12-17 21:00:00,2061,2207.2463214285717,-146.24632142857172,146.24632142857172
2017-12-17 22:00:00,1692,1802.4808888888888,-110.48088888888879,110.48088888888879
2017-12-17 22:00:00,1692,1588.1974047619044,103.80259523809559,103.80259523809559
2017-12-17 23:00:00,979,1217.5631666666668,-238.5631666666668,238.5631666666668
2017-12-17 23:00:00,979,951.4923214285714,27.50767857142864,27.50767857142864
2017-12-18 00:00:00,530,556.4107142857142,-26.41071428571422,26.41071428571422
2017-12-18 00:00:00,530,529.8959603174602,0.10403968253979201,0.10403968253979201
2017-12-18 01:00:00,310,330.1262380952381,-20.12623809523808,20.12623809523808
2017-12-18 01:00:00,310,306.5675119047619,3.4324880952381136,3.4324880952381136
2017-12-18 02:00:00,260,250.10412301587309,9.895876984126915,9.895876984126915
2017-12-18 02:00:00,260,257.7498769841271,2.250123015872873,2.250123015872873
2017-12-18 03:00:00,332,324.10273809523824,7.897261904761763,7.897261904761763
2017-12-18 03:00:00,332,340.1317222222223,-8.131722222222322,8.131722222222322
2017-12-18 04:00:00,905,815.7598095238096,89.24019047619038,89.24019047619038
2017-12-18 05:00:00,2852,2660.257678571429,191.7423214285709,191.7423214285709
2017-12-18 06:00:00,5448,5584.171892857141,-136.17189285714085,136.17189285714085
2017-12-18 07:00:00,6198,6148.721309523808,49.27869047619242,49.27869047619242
2017-12-18 08:00:00,5039,5897.956619047619,-858.9566190476189,858.9566190476189
2017-12-18 09:00:00,4901,4904.939142857143,-3.9391428571434517,3.9391428571434517
2017-12-18 10:00:00,4496,4344.789119047618,151.21088095238156,151.21088095238156
2017-12-18 10:00:00,4496,4292.100761904762,203.8992380952377,203.8992380952377
2017-12-18 11:00:00,4542,4691.566416666666,-149.56641666666565,149.56641666666565
2017-12-18 12:00:00,4860,4719.221999999999,140.77800000000116,140.77800000000116
2017-12-18 13:00:00,4802,4894.312440476188,-92.31244047618839,92.31244047618839
2017-12-18 14:00:00,5185,5164.666666666667,20.33333333333303,20.33333333333303
2017-12-18 15:00:00,5859,5625.746571428572,233.25342857142823,233.25342857142823
2017-12-18 16:00:00,6502,6392.700202380953,109.29979761904724,109.29979761904724
2017-12-18 17:00:00,6009,6093.334738095238,-84.33473809523821,84.33473809523821
2017-12-18 18:00:00,4434,4320.749289682539,113.2507103174612,113.2507103174612
2017-12-18 19:00:00,3065,3097.327142857142,-32.32714285714201,32.32714285714201
2017-12-18 20:00:00,2397,2543.545944444444,-146.5459444444441,146.5459444444441
2017-12-18 21:00:00,2125,2150.6570119047615,-25.657011904761475,25.657011904761475
2017-12-18 22:00:00,1560,1726.6344285714285,-166.63442857142854,166.63442857142854
2017-12-18 23:00:00,1062,1020.3160151515152,41.68398484848478,41.68398484848478
2017-12-19 00:00:00,591,619.8615000000001,-28.861500000000092,28.861500000000092
2017-12-19 01:00:00,371,367.19503968253974,3.8049603174602566,3.8049603174602566
2017-12-19 02:00:00,278,291.517,-13.516999999999996,13.516999999999996
2017-12-19 03:00:00,359,349.11394047619063,9.886059523809365,9.886059523809365
2017-12-19 04:00:00,869,823.0224404761904,45.977559523809646,45.977559523809646
2017-12-19 05:00:00,2977,2777.9449880952375,199.05501190476252,199.05501190476252
2017-12-19 06:00:00,5784,5768.432095238094,15.567904761905993,15.567904761905993
2017-12-19 07:00:00,6291,6238.447761904763,52.552238095237044,52.552238095237044
2017-12-19 08:00:00,5791,5705.582083333333,85.41791666666722,85.41791666666722
2017-12-19 09:00:00,5121,5248.765149350648,-127.76514935064824,127.76514935064824
2017-12-19 10:00:00,4727,4533.99255952381,193.0074404761899,193.0074404761899
2017-12-19 11:00:00,4976,4841.461404761904,134.5385952380957,134.5385952380957
2017-12-19 12:00:00,5123,5091.417353174604,31.582646825396296,31.582646825396296
2017-12-19 13:00:00,4997,5194.272035714283,-197.27203571428345,197.27203571428345
2017-12-19 14:00:00,5385,5315.339309523811,69.6606904761893,69.6606904761893
2017-12-19 15:00:00,5847,5866.263595238092,-19.26359523809242,19.26359523809242
2017-12-19 16:00:00,6677,6750.189071428571,-73.18907142857097,73.18907142857097
2017-12-19 17:00:00,5962,6295.500206349205,-333.50020634920475,333.50020634920475
2017-12-19 18:00:00,4381,4454.094142857142,-73.09414285714229,73.09414285714229
2017-12-19 19:00:00,3323,3171.3336428571424,151.66635714285758,151.66635714285758
2017-12-19 20:00:00,2794,2784.7975476190472,9.202452380952764,9.202452380952764
2017-12-19 21:00:00,2461,2687.4012222222223,-226.40122222222226,226.40122222222226
2017-12-19 22:00:00,1911,1911.7582063492064,-0.7582063492063753,0.7582063492063753
2017-12-19 23:00:00,1146,1298.3514642857144,-152.35146428571443,152.35146428571443
2017-12-20 00:00:00,635,620.4913333333333,14.508666666666727,14.508666666666727
2017-12-20 01:00:00,418,404.63057539682535,13.36942460317465,13.36942460317465
2017-12-20 02:00:00,306,337.5955833333334,-31.595583333333423,31.595583333333423
2017-12-20 03:00:00,379,355.6285,23.371500000000026,23.371500000000026
2017-12-20 04:00:00,905,804.8879404761906,100.11205952380942,100.11205952380942
2017-12-20 05:00:00,2952,2737.2084285714286,214.7915714285714,214.7915714285714
2017-12-20 06:00:00,5834,5732.201595238095,101.79840476190475,101.79840476190475
2017-12-20 07:00:00,6546,6490.363555555556,55.63644444444435,55.63644444444435
2017-12-20 08:00:00,5694,5887.955567099567,-193.9555670995669,193.9555670995669
2017-12-20 09:00:00,5372,5106.969484126985,265.03051587301525,265.03051587301525
2017-12-20 10:00:00,4902,4594.445095238094,307.5549047619061,307.5549047619061
2017-12-20 11:00:00,5092,5043.91819047619,48.08180952381008,48.08180952381008
2017-12-20 12:00:00,5090,5149.180337301588,-59.180337301588224,59.180337301588224
2017-12-20 13:00:00,4769,5173.704869047619,-404.70486904761856,404.70486904761856
2017-12-20 14:00:00,5026,5189.238595238094,-163.2385952380937,163.2385952380937
2017-12-20 14:00:00,5026,5250.434380952381,-224.4343809523807,224.4343809523807
2017-12-20 15:00:00,5549,5571.456801587301,-22.456801587301015,22.456801587301015
2017-12-20 15:00:00,5549,5743.449019841268,-194.44901984126773,194.44901984126773
2017-12-20 15:00:00,5549,5790.873702380952,-241.87370238095173,241.87370238095173
2017-12-20 16:00:00,6372,6282.604222222224,89.39577777777595,89.39577777777595
2017-12-20 17:00:00,5634,6052.24692857143,-418.24692857142963,418.24692857142963
2017-12-20 18:00:00,4366,4168.698833333332,197.301166666668,197.301166666668
2017-12-20 19:00:00,3259,3084.6685238095233,174.33147619047668,174.33147619047668
2017-12-20 20:00:00,2648,2739.703583333333,-91.70358333333297,91.70358333333297
2017-12-20 21:00:00,2533,2438.1030952380947,94.89690476190526,94.89690476190526
2017-12-20 22:00:00,1915,1812.427869047619,102.57213095238103,102.57213095238103
2017-12-20 23:00:00,1204,1342.0696190476194,-138.06961904761943,138.06961904761943
2017-12-21 00:00:00,621,680.7210238095238,-59.721023809523786,59.721023809523786
2017-12-21 01:00:00,393,383.34779761904764,9.65220238095236,9.65220238095236
2017-12-21 02:00:00,281,334.76916666666665,-53.76916666666665,53.76916666666665
2017-12-21 03:00:00,382,350.0182738095238,31.981726190476195,31.981726190476195
2017-12-21 04:00:00,901,821.4934523809525,79.50654761904752,79.50654761904752
2017-12-21 05:00:00,2863,2608.4237023809524,254.57629761904764,254.57629761904764
2017-12-21 06:00:00,5512,5625.961511904761,-113.96151190476121,113.96151190476121
2017-12-21 07:00:00,5878,6449.137698412699,-571.1376984126991,571.1376984126991
2017-12-21 08:00:00,5310,5636.218095238096,-326.2180952380959,326.2180952380959
2017-12-21 09:00:00,4975,5016.629547619048,-41.629547619048026,41.629547619048026
2017-12-21 10:00:00,4792,4570.519098484848,221.48090151515225,221.48090151515225
2017-12-21 11:00:00,4936,4952.357666666667,-16.357666666666773,16.357666666666773
2017-12-21 12:00:00,5140,5095.244785714286,44.75521428571392,44.75521428571392
2017-12-21 13:00:00,5137,5270.320321428572,-133.32032142857224,133.32032142857224
2017-12-21 14:00:00,5493,5335.785500000002,157.21449999999822,157.21449999999822
2017-12-21 15:00:00,5903,5863.420547619046,39.579452380953626,39.579452380953626
2017-12-21 16:00:00,6551,6569.686412698411,-18.686412698411004,18.686412698411004
2017-12-21 17:00:00,5926,6174.697190476191,-248.69719047619128,248.69719047619128
2017-12-21 18:00:00,4535,4416.704619047618,118.2953809523824,118.2953809523824
2017-12-21 19:00:00,3242,3317.9784166666664,-75.97841666666636,75.97841666666636
2017-12-21 20:00:00,2884,2823.73080952381,60.26919047619003,60.26919047619003
2017-12-21 21:00:00,2773,2739.069920634921,33.93007936507911,33.93007936507911
2017-12-21 22:00:00,2294,2219.212702380952,74.78729761904788,74.78729761904788
2017-12-21 23:00:00,1450,1449.504960317461,0.4950396825390726,0.4950396825390726
2017-12-22 00:00:00,771,814.736773809524,-43.73677380952404,43.73677380952404
2017-12-22 01:00:00,474,477.678630952381,-3.6786309523810132,3.6786309523810132
2017-12-22 02:00:00,329,366.746841991342,-37.74684199134202,37.74684199134202
2017-12-22 03:00:00,382,374.5331071428572,7.4668928571427955,7.4668928571427955
2017-12-22 04:00:00,767,773.3994285714285,-6.39942857142853,6.39942857142853
2017-12-22 05:00:00,2429,2470.913333333333,-41.91333333333296,41.91333333333296
2017-12-22 06:00:00,4378,5102.574785714285,-724.5747857142851,724.5747857142851
2017-12-22 07:00:00,4955,4313.157357142856,641.8426428571438,641.8426428571438
2017-12-22 08:00:00,4509,4980.030238095239,-471.03023809523893,471.03023809523893
2017-12-22 09:00:00,4515,4535.698488095238,-20.698488095237735,20.698488095237735
2017-12-22 10:00:00,4593,4456.655464285714,136.3445357142864,136.3445357142864
2017-12-22 11:00:00,5139,4979.995428571429,159.00457142857067,159.00457142857067
2017-12-22 12:00:00,5447,5467.601238095235,-20.601238095235203,20.601238095235203
2017-12-22 13:00:00,5349,5396.450873015872,-47.450873015872276,47.450873015872276
2017-12-22 14:00:00,5581,5624.738488095239,-43.73848809523861,43.73848809523861
2017-12-22 15:00:00,5510,5901.001404761906,-391.0014047619061,391.0014047619061
2017-12-22 16:00:00,5346,6157.45180952381,-811.45180952381,811.45180952381
2017-12-22 17:00:00,4871,4987.98925,-116.98924999999963,116.98924999999963
2017-12-22 18:00:00,4105,4313.173178571427,-208.17317857142734,208.17317857142734
2017-12-22 19:00:00,3464,3251.765083333333,212.23491666666678,212.23491666666678
2017-12-22 20:00:00,2972,2816.2617460317474,155.7382539682526,155.7382539682526
2017-12-22 21:00:00,3096,2979.634285714286,116.36571428571415,116.36571428571415
2017-12-22 22:00:00,2584,2897.943702380952,-313.9437023809519,313.9437023809519
2017-12-22 23:00:00,1779,1925.4934999999998,-146.4934999999998,146.4934999999998
2017-12-23 00:00:00,1141,1098.6253214285712,42.37467857142883,42.37467857142883
2017-12-23 01:00:00,698,735.8596666666666,-37.85966666666661,37.85966666666661
2017-12-23 03:00:00,391,433.5792619047619,-42.57926190476189,42.57926190476189
2017-12-23 04:00:00,359,422.43813492063487,-63.438134920634866,63.438134920634866
2017-12-23 05:00:00,596,697.0666706349203,-101.06667063492034,101.06667063492034
2017-12-23 06:00:00,1016,1050.3629166666667,-34.362916666666706,34.362916666666706
2017-12-23 07:00:00,1390,1421.220043650793,-31.22004365079306,31.22004365079306
2017-12-23 08:00:00,2008,2201.843166666667,-193.843166666667,193.843166666667
2017-12-23 09:00:00,2819,2863.618214285713,-44.61821428571284,44.61821428571284
2017-12-23 10:00:00,3375,3554.6503650793647,-179.65036507936475,179.65036507936475
2017-12-23 11:00:00,4002,3776.8569126984135,225.14308730158655,225.14308730158655
2017-12-23 12:00:00,4175,4266.07480952381,-91.07480952380956,91.07480952380956
2017-12-23 13:00:00,4475,4337.602630952381,137.39736904761867,137.39736904761867
2017-12-23 14:00:00,4305,4556.273833333332,-251.27383333333182,251.27383333333182
2017-12-23 15:00:00,4107,4393.107,-286.10699999999997,286.10699999999997
2017-12-23 16:00:00,4144,4179.373071428572,-35.373071428572075,35.373071428572075
2017-12-23 17:00:00,3994,3860.624253968253,133.37574603174698,133.37574603174698
2017-12-23 18:00:00,3532,3586.501571428572,-54.50157142857188,54.50157142857188
2017-12-23 19:00:00,2949,3005.168011904763,-56.16801190476281,56.16801190476281
2017-12-23 20:00:00,2420,2748.2055238095245,-328.2055238095245,328.2055238095245
2017-12-23 21:00:00,2449,2370.2468571428567,78.7531428571433,78.7531428571433
2017-12-23 22:00:00,2372,2463.6517261904755,-91.65172619047553,91.65172619047553
2017-12-23 23:00:00,1840,1682.6445238095237,157.35547619047634,157.35547619047634
2017-12-24 00:00:00,1147,1242.453992063492,-95.45399206349202,95.45399206349202
2017-12-24 01:00:00,963,729.523869047619,233.47613095238103,233.47613095238103
2017-12-24 02:00:00,861,715.3049047619047,145.6950952380953,145.6950952380953
2017-12-24 03:00:00,374,478.8608333333333,-104.86083333333329,104.86083333333329
2017-12-24 04:00:00,303,324.47145238095237,-21.47145238095237,21.47145238095237
2017-12-24 05:00:00,529,477.1052380952382,51.89476190476182,51.89476190476182
2017-12-24 06:00:00,839,921.7867380952381,-82.78673809523809,82.78673809523809
2017-12-24 07:00:00,964,1071.301023809524,-107.30102380952394,107.30102380952394
2017-12-24 08:00:00,1477,1524.1333809523805,-47.13338095238055,47.13338095238055
2017-12-24 09:00:00,2250,2181.989607142857,68.01039285714296,68.01039285714296
2017-12-24 10:00:00,2929,2964.2531190476184,-35.253119047618384,35.253119047618384
2017-12-24 11:00:00,3200,3318.475976190476,-118.4759761904761,118.4759761904761
2017-12-24 12:00:00,3698,3486.8982142857144,211.1017857142856,211.1017857142856
2017-12-24 13:00:00,3400,3795.998511904761,-395.998511904761,395.998511904761
2017-12-24 13:00:00,3400,3517.680531746032,-117.6805317460321,117.6805317460321
2017-12-24 14:00:00,3694,3472.620182539682,221.379817460318,221.379817460318
2017-12-24 14:00:00,3694,3853.3636666666653,-159.36366666666527,159.36366666666527
2017-12-24 15:00:00,3851,3878.1929999999993,-27.1929999999993,27.1929999999993
2017-12-24 16:00:00,3529,3930.9553571428573,-401.95535714285734,401.95535714285734
2017-12-24 17:00:00,3196,3206.394654761904,-10.394654761903894,10.394654761903894
2017-12-24 18:00:00,2549,2959.438107142857,-410.438107142857,410.438107142857
2017-12-24 19:00:00,2339,2525.842710317461,-186.84271031746084,186.84271031746084
2017-12-24 20:00:00,2460,1995.6054999999992,464.3945000000008,464.3945000000008
2017-12-24 21:00:00,2576,2421.309892857143,154.69010714285696,154.69010714285696
2017-12-24 21:00:00,2576,2346.136547619049,229.863452380951,229.863452380951
2017-12-24 22:00:00,2300,1764.3759523809522,535.6240476190478,535.6240476190478
2017-12-24 23:00:00,1565,1558.9597619047622,6.0402380952377825,6.0402380952377825
2017-12-25 00:00:00,1092,865.6674761904761,226.33252380952388,226.33252380952388
2017-12-25 01:00:00,666,429.16846031746024,236.83153968253976,236.83153968253976
2017-12-25 02:00:00,487,440.0265317460316,46.973468253968406,46.973468253968406
2017-12-25 03:00:00,349,461.1300714285715,-112.13007142857151,112.13007142857151
2017-12-25 04:00:00,339,762.6528809523811,-423.6528809523811,423.6528809523811
2017-12-25 05:00:00,520,1713.5268809523814,-1193.5268809523814,1193.5268809523814
2017-12-25 06:00:00,798,980.2566666666665,-182.25666666666655,182.25666666666655
2017-12-25 06:00:00,798,4305.236083333334,-3507.236083333334,3507.236083333334
2017-12-25 07:00:00,942,3615.5413452380944,-2673.5413452380944,2673.5413452380944
2017-12-25 07:00:00,942,3605.795285714287,-2663.795285714287,2663.795285714287
2017-12-25 08:00:00,1260,1599.5984047619052,-339.59840476190516,339.59840476190516
2017-12-25 08:00:00,1260,2087.4238809523818,-827.4238809523818,827.4238809523818
2017-12-25 09:00:00,1760,2006.9682142857148,-246.9682142857148,246.9682142857148
2017-12-25 10:00:00,2292,1908.084677489178,383.9153225108221,383.9153225108221
2017-12-25 11:00:00,2653,2545.0025714285716,107.99742857142837,107.99742857142837
2017-12-25 12:00:00,2957,3109.210047619048,-152.21004761904805,152.21004761904805
2017-12-25 13:00:00,2983,3263.9252727272733,-280.9252727272733,280.9252727272733
2017-12-25 14:00:00,2850,3176.944106060607,-326.9441060606068,326.9441060606068
2017-12-25 15:00:00,2732,2869.751666666667,-137.751666666667,137.751666666667
2017-12-25 16:00:00,3045,2685.6563095238093,359.34369047619066,359.34369047619066
2017-12-25 17:00:00,3134,2848.354357142857,285.6456428571428,285.6456428571428
2017-12-25 18:00:00,3172,2861.557904761905,310.44209523809513,310.44209523809513
2017-12-25 19:00:00,3100,2563.2438809523806,536.7561190476194,536.7561190476194
2017-12-25 20:00:00,2875,2545.4230476190473,329.57695238095266,329.57695238095266
2017-12-25 21:00:00,2404,2314.2360674603174,89.76393253968263,89.76393253968263
2017-12-25 22:00:00,1798,1756.8152142857143,41.18478571428568,41.18478571428568
2017-12-25 23:00:00,1147,1384.1815,-237.18149999999991,237.18149999999991
2017-12-26 00:00:00,539,639.34526984127,-100.34526984127001,100.34526984127001
2017-12-26 01:00:00,326,324.20793253968264,1.7920674603173552,1.7920674603173552
2017-12-26 02:00:00,213,253.84194047619047,-40.84194047619047,40.84194047619047
2017-12-26 03:00:00,261,317.3019404761905,-56.30194047619051,56.30194047619051
2017-12-26 04:00:00,507,556.7938928571429,-49.79389285714285,49.79389285714285
2017-12-26 05:00:00,1761,1642.617984126984,118.38201587301592,118.38201587301592
2017-12-26 06:00:00,3029,3784.292523809523,-755.2925238095231,755.2925238095231
2017-12-26 07:00:00,3203,4940.914035714285,-1737.914035714285,1737.914035714285
2017-12-26 08:00:00,2982,3851.831714285714,-869.831714285714,869.831714285714
2017-12-26 09:00:00,3013,4182.459365079365,-1169.459365079365,1169.459365079365
2017-12-26 10:00:00,3396,3917.956515873014,-521.9565158730138,521.9565158730138
2017-12-26 11:00:00,3983,3618.180285714286,364.81971428571387,364.81971428571387
2017-12-26 12:00:00,4197,4115.079738095237,81.92026190476281,81.92026190476281
2017-12-26 13:00:00,4487,4484.25496031746,2.7450396825397547,2.7450396825397547
2017-12-26 14:00:00,4828,4944.61769047619,-116.61769047618964,116.61769047618964
2017-12-26 15:00:00,5172,5076.73884920635,95.2611507936499,95.2611507936499
2017-12-26 16:00:00,5282,5511.046563492064,-229.0465634920638,229.0465634920638
2017-12-26 17:00:00,4561,4841.47561904762,-280.47561904762006,280.47561904762006
2017-12-26 18:00:00,3598,3866.02602164502,-268.02602164502014,268.02602164502014
2017-12-26 19:00:00,2846,2986.399666666667,-140.39966666666714,140.39966666666714
2017-12-26 20:00:00,2369,2669.6042500000003,-300.6042500000003,300.6042500000003
2017-12-26 21:00:00,2031,2194.232301587302,-163.23230158730212,163.23230158730212
2017-12-26 22:00:00,1882,1682.7043690476194,199.29563095238063,199.29563095238063
2017-12-26 23:00:00,1065,1343.4283452380953,-278.4283452380953,278.4283452380953
2017-12-27 00:00:00,586,600.623238095238,-14.62323809523798,14.62323809523798
2017-12-27 01:00:00,378,358.9534523809525,19.046547619047487,19.046547619047487
2017-12-27 02:00:00,272,305.25449999999995,-33.25449999999995,33.25449999999995
2017-12-27 03:00:00,330,334.7017380952381,-4.701738095238113,4.701738095238113
2017-12-27 04:00:00,712,759.389392857143,-47.38939285714298,47.38939285714298
2017-12-27 05:00:00,2287,2281.8184642857154,5.181535714284564,5.181535714284564
2017-12-27 06:00:00,4250,4587.648333333333,-337.64833333333263,337.64833333333263
2017-12-27 07:00:00,4453,4551.481809523809,-98.4818095238088,98.4818095238088
2017-12-27 08:00:00,4124,4404.581571428571,-280.5815714285709,280.5815714285709
2017-12-27 09:00:00,3950,4062.5988452380966,-112.5988452380966,112.5988452380966
2017-12-27 10:00:00,3858,3838.0276428571424,19.972357142857618,19.972357142857618
2017-12-27 11:00:00,4401,4041.0813095238095,359.9186904761905,359.9186904761905
2017-12-27 12:00:00,4752,4596.527904761905,155.47209523809488,155.47209523809488
2017-12-27 13:00:00,4836,4742.138,93.86200000000008,93.86200000000008
2017-12-27 14:00:00,5250,5058.609166666667,191.39083333333292,191.39083333333292
2017-12-27 15:00:00,5398,5608.9292857142855,-210.92928571428547,210.92928571428547
2017-12-27 16:00:00,5997,6051.515388888888,-54.51538888888808,54.51538888888808
2017-12-27 17:00:00,5397,5714.242952380952,-317.2429523809524,317.2429523809524
2017-12-27 18:00:00,4295,4153.01261111111,141.98738888888965,141.98738888888965
2017-12-27 19:00:00,2941,3090.4013333333337,-149.4013333333337,149.4013333333337
2017-12-27 20:00:00,2482,2732.722555555555,-250.72255555555512,250.72255555555512
2017-12-27 21:00:00,2971,2560.4093380230897,410.59066197691027,410.59066197691027
2017-12-27 22:00:00,3074,2621.539559523809,452.4604404761908,452.4604404761908
2017-12-27 23:00:00,1310,1463.892198412698,-153.892198412698,153.892198412698
2017-12-28 00:00:00,732,680.7467539682539,51.25324603174613,51.25324603174613
2017-12-28 01:00:00,412,457.81800000000004,-45.81800000000004,45.81800000000004
2017-12-28 02:00:00,288,322.7067857142857,-34.70678571428567,34.70678571428567
2017-12-28 03:00:00,373,341.394,31.605999999999995,31.605999999999995
2017-12-28 03:00:00,373,397.4911190476189,-24.491119047618895,24.491119047618895
2017-12-28 04:00:00,743,786.380523809524,-43.38052380952399,43.38052380952399
2017-12-28 04:00:00,743,783.4805595238097,-40.48055952380969,40.48055952380969
2017-12-28 05:00:00,2217,2357.2368452380956,-140.2368452380956,140.2368452380956
2017-12-28 05:00:00,2217,2130.7771904761903,86.2228095238097,86.2228095238097
2017-12-28 05:00:00,2217,2031.8681428571424,185.1318571428576,185.1318571428576
2017-12-28 06:00:00,3997,4507.9144761904745,-510.9144761904745,510.9144761904745
2017-12-28 06:00:00,3997,4334.397333333334,-337.39733333333425,337.39733333333425
2017-12-28 06:00:00,3997,4305.088166666666,-308.08816666666644,308.08816666666644
2017-12-28 07:00:00,3699,4270.162166666665,-571.1621666666651,571.1621666666651
2017-12-28 07:00:00,3699,3815.332630952381,-116.3326309523809,116.3326309523809
2017-12-28 07:00:00,3699,3808.440964285714,-109.44096428571402,109.44096428571402
2017-12-28 08:00:00,2745,4010.7639047619055,-1265.7639047619055,1265.7639047619055
2017-12-28 08:00:00,2745,3116.9824603174616,-371.9824603174616,371.9824603174616
2017-12-28 09:00:00,3529,3398.3484603174597,130.65153968254026,130.65153968254026
2017-12-28 09:00:00,3529,3607.1544642857148,-78.15446428571477,78.15446428571477
2017-12-28 09:00:00,3529,3637.791607142857,-108.79160714285717,108.79160714285717
2017-12-28 10:00:00,3562,3692.5252499999997,-130.5252499999997,130.5252499999997
2017-12-28 10:00:00,3562,3643.6657857142854,-81.66578571428545,81.66578571428545
2017-12-28 10:00:00,3562,3648.472833333333,-86.4728333333328,86.4728333333328
2017-12-28 11:00:00,3433,3741.8570595238098,-308.85705952380977,308.85705952380977
2017-12-28 11:00:00,3433,3555.4197619047613,-122.41976190476134,122.41976190476134
2017-12-28 11:00:00,3433,3550.078428571428,-117.07842857142805,117.07842857142805
2017-12-28 12:00:00,3994,3566.6372499999984,427.3627500000016,427.3627500000016
2017-12-28 12:00:00,3994,4421.303666666668,-427.3036666666676,427.3036666666676
2017-12-28 13:00:00,3931,4160.371666666668,-229.3716666666678,229.3716666666678
2017-12-28 13:00:00,3931,4066.7374090909084,-135.7374090909084,135.7374090909084
2017-12-28 14:00:00,4308,4027.488028138528,280.5119718614719,280.5119718614719
2017-12-28 14:00:00,4308,4567.358119047618,-259.35811904761795,259.35811904761795
2017-12-28 15:00:00,4515,4575.969619047618,-60.969619047617925,60.969619047617925
2017-12-28 15:00:00,4515,4812.45780952381,-297.4578095238103,297.4578095238103
2017-12-28 16:00:00,5141,4686.019976190476,454.980023809524,454.980023809524
2017-12-28 16:00:00,5141,5474.887849206349,-333.8878492063486,333.8878492063486
2017-12-28 17:00:00,4520,4944.943130952382,-424.9431309523816,424.9431309523816
2017-12-28 17:00:00,4520,4311.529071428571,208.47092857142889,208.47092857142889
2017-12-28 18:00:00,3764,4090.6451666666667,-326.6451666666667,326.6451666666667
2017-12-28 19:00:00,2849,3056.4865238095226,-207.48652380952262,207.48652380952262
2017-12-28 20:00:00,2299,2632.6508174603177,-333.65081746031774,333.65081746031774
2017-12-28 21:00:00,2180,2217.3893095238104,-37.389309523810425,37.389309523810425
2017-12-28 22:00:00,1916,1989.1849285714284,-73.18492857142837,73.18492857142837
2017-12-28 22:00:00,1916,1713.5126904761905,202.48730952380947,202.48730952380947
2017-12-28 23:00:00,1177,1231.881154761905,-54.88115476190501,54.88115476190501
2017-12-29 00:00:00,741,699.212845238095,41.78715476190496,41.78715476190496
2017-12-29 01:00:00,437,453.42170454545453,-16.42170454545453,16.42170454545453
2017-12-29 02:00:00,358,353.44026190476194,4.55973809523806,4.55973809523806
2017-12-29 03:00:00,383,362.1086785714286,20.891321428571416,20.891321428571416
2017-12-29 04:00:00,694,794.7172976190477,-100.71729761904771,100.71729761904771
2017-12-29 05:00:00,2207,2236.5989761904766,-29.598976190476606,29.598976190476606
2017-12-29 06:00:00,3875,4422.751357142856,-547.7513571428562,547.7513571428562
2017-12-29 07:00:00,4148,3974.375904761904,173.62409523809583,173.62409523809583
2017-12-29 08:00:00,3897,4226.59861904762,-329.59861904761965,329.59861904761965
2017-12-29 09:00:00,3845,3812.401309523809,32.59869047619122,32.59869047619122
2017-12-29 10:00:00,4109,3834.2528333333335,274.74716666666654,274.74716666666654
2017-12-29 11:00:00,4345,4433.521142857142,-88.52114285714197,88.52114285714197
2017-12-29 12:00:00,4496,4533.662619047618,-37.662619047618136,37.662619047618136
2017-12-29 13:00:00,4474,4681.584095238094,-207.58409523809405,207.58409523809405
2017-12-29 14:00:00,4750,4846.675154761905,-96.6751547619051,96.6751547619051
2017-12-29 14:00:00,4750,4965.99594047619,-215.9959404761903,215.9959404761903
2017-12-29 15:00:00,4767,5119.062357142857,-352.06235714285685,352.06235714285685
2017-12-29 15:00:00,4767,5128.970023809524,-361.9700238095238,361.9700238095238
2017-12-29 16:00:00,4859,4894.546404761905,-35.54640476190525,35.54640476190525
2017-12-29 16:00:00,4859,4732.912273809525,126.08772619047522,126.08772619047522
2017-12-29 17:00:00,4564,4712.837535714285,-148.83753571428497,148.83753571428497
2017-12-29 17:00:00,4564,4259.039997835496,304.96000216450375,304.96000216450375
2017-12-29 18:00:00,3929,4062.1434264069253,-133.1434264069253,133.1434264069253
2017-12-29 18:00:00,3929,3537.822916666667,391.17708333333303,391.17708333333303
2017-12-29 19:00:00,3016,3085.018658730158,-69.01865873015822,69.01865873015822
2017-12-29 20:00:00,2470,2632.725119047619,-162.72511904761905,162.72511904761905
2017-12-29 21:00:00,2554,2608.76025865801,-54.760258658010116,54.760258658010116
2017-12-29 22:00:00,3725,2652.4301428571434,1072.5698571428566,1072.5698571428566
2017-12-29 23:00:00,1684,2167.2069999999994,-483.2069999999994,483.2069999999994
2017-12-30 00:00:00,1092,1099.777154761905,-7.777154761904967,7.777154761904967
2017-12-30 01:00:00,666,679.1991904761904,-13.199190476190438,13.199190476190438
2017-12-30 02:00:00,487,506.5700952380953,-19.57009523809529,19.57009523809529
2017-12-30 03:00:00,349,350.1060238095238,-1.1060238095237764,1.1060238095237764
2017-12-30 04:00:00,339,373.94083333333333,-34.94083333333333,34.94083333333333
2017-12-30 05:00:00,601,625.8616071428572,-24.861607142857224,24.861607142857224
2017-12-30 06:00:00,1006,1048.9060833333333,-42.9060833333333,42.9060833333333
2017-12-30 07:00:00,1216,1432.2660793650791,-216.26607936507912,216.26607936507912
2017-12-30 08:00:00,1681,1911.8045476190478,-230.80454761904775,230.80454761904775
2017-12-30 09:00:00,2412,2502.106190476191,-90.10619047619093,90.10619047619093
2017-12-30 10:00:00,3188,3015.7861071428556,172.2138928571444,172.2138928571444
2017-12-30 11:00:00,3716,3602.6923888888887,113.30761111111133,113.30761111111133
2017-12-30 12:00:00,4160,4144.426626984127,15.573373015872676,15.573373015872676
2017-12-30 13:00:00,4197,4321.896017316017,-124.8960173160167,124.8960173160167
2017-12-30 14:00:00,4003,4358.750555555555,-355.75055555555537,355.75055555555537
2017-12-30 15:00:00,3831,4089.1283809523825,-258.1283809523825,258.1283809523825
2017-12-30 16:00:00,4288,3907.3990873015878,380.60091269841223,380.60091269841223
2017-12-30 17:00:00,4376,3889.1057896825414,486.8942103174586,486.8942103174586
2017-12-30 18:00:00,4514,3912.1237261904757,601.8762738095243,601.8762738095243
2017-12-30 19:00:00,3380,3302.869311688312,77.13068831168812,77.13068831168812
2017-12-30 20:00:00,2597,2776.3325,-179.33249999999998,179.33249999999998
2017-12-30 21:00:00,2271,2654.2163452380955,-383.2163452380955,383.2163452380955
2017-12-30 22:00:00,2352,2424.1091666666666,-72.10916666666662,72.10916666666662
2017-12-30 23:00:00,2680,1758.0275357142862,921.9724642857138,921.9724642857138
2017-12-31 00:00:00,1000,1616.9857619047614,-616.9857619047614,616.9857619047614
2017-12-31 01:00:00,711,645.9973095238096,65.00269047619042,65.00269047619042
2017-12-31 02:00:00,519,545.5844801587301,-26.584480158730116,26.584480158730116
2017-12-31 03:00:00,303,319.7518650793651,-16.751865079365075,16.751865079365075
2017-12-31 04:00:00,285,277.64264285714296,7.35735714285704,7.35735714285704
2017-12-31 05:00:00,457,455.0446468253968,1.9553531746032036,1.9553531746032036
2017-12-31 06:00:00,808,773.0746785714286,34.92532142857135,34.92532142857135
2017-12-31 07:00:00,959,1022.0991190476191,-63.09911904761907,63.09911904761907
2017-12-31 08:00:00,1319,1569.2391309523812,-250.23913095238117,250.23913095238117
2017-12-31 09:00:00,2384,2163.10525,220.89474999999993,220.89474999999993
2017-12-31 10:00:00,3504,2937.833321428571,566.1666785714292,566.1666785714292
2017-12-31 11:00:00,3404,3659.8825714285713,-255.88257142857128,255.88257142857128
2017-12-31 12:00:00,3438,3634.6115952380974,-196.61159523809738,196.61159523809738
2017-12-31 13:00:00,3212,3544.4531190476196,-332.45311904761957,332.45311904761957
2017-12-31 14:00:00,3410,3446.1842500000002,-36.18425000000025,36.18425000000025
2017-12-31 15:00:00,3635,3561.9843571428564,73.01564285714358,73.01564285714358
2017-12-31 16:00:00,3802,3749.8377857142846,52.162214285715436,52.162214285715436
2017-12-31 17:00:00,3513,3360.3076190476195,152.69238095238052,152.69238095238052
2017-12-31 18:00:00,3350,2945.7237380952392,404.27626190476076,404.27626190476076
2017-12-31 19:00:00,2995,2729.727166666666,265.2728333333339,265.2728333333339
2017-12-31 20:00:00,2731,2456.630535714286,274.369464285714,274.369464285714
2017-12-31 21:00:00,2483,2480.3860396825394,2.6139603174606236,2.6139603174606236
2017-12-31 22:00:00,2041,2485.7579920634917,-444.75799206349166,444.75799206349166
2017-12-31 23:00:00,1580,1311.1244653679655,268.8755346320345,268.8755346320345
2018-01-01 00:00:00,1478,1064.1521904761903,413.8478095238097,413.8478095238097
2018-01-01 01:00:00,1408,1082.1708095238096,325.82919047619043,325.82919047619043
2018-01-01 02:00:00,931,988.3868095238097,-57.38680952380969,57.38680952380969
2018-01-01 03:00:00,585,446.99458730158744,138.00541269841256,138.00541269841256
2018-01-01 04:00:00,381,811.5791111111109,-430.57911111111093,430.57911111111093
2018-01-01 05:00:00,434,1809.3063888888898,-1375.3063888888898,1375.3063888888898
2018-01-01 06:00:00,686,1501.220880952381,-815.2208809523811,815.2208809523811
2018-01-01 07:00:00,677,1549.8595238095236,-872.8595238095236,872.8595238095236
2018-01-01 08:00:00,811,1304.2513333333336,-493.2513333333336,493.2513333333336
2018-01-01 09:00:00,1122,2566.8029166666665,-1444.8029166666665,1444.8029166666665
2018-01-01 10:00:00,1738,1572.8726904761907,165.12730952380934,165.12730952380934
2018-01-01 11:00:00,2421,1871.2360346320354,549.7639653679646,549.7639653679646
2018-01-01 12:00:00,2908,2653.625111111112,254.3748888888881,254.3748888888881
2018-01-01 13:00:00,2985,3246.5703333333327,-261.57033333333266,261.57033333333266
2018-01-01 14:00:00,3214,3201.1980000000012,12.80199999999877,12.80199999999877
2018-01-01 15:00:00,3410,3428.5173928571417,-18.517392857141658,18.517392857141658
2018-01-01 16:00:00,3290,3551.90594047619,-261.90594047619015,261.90594047619015
2018-01-01 17:00:00,3079,3016.7074523809515,62.29254761904849,62.29254761904849
2018-01-01 18:00:00,2891,2880.8834761904754,10.116523809524551,10.116523809524551
2018-01-01 19:00:00,2199,2631.95505952381,-432.9550595238102,432.9550595238102
2018-01-01 20:00:00,1738,1974.2205476190475,-236.22054761904747,236.22054761904747
2018-01-01 21:00:00,1555,1661.1737261904755,-106.17372619047546,106.17372619047546
2018-01-01 22:00:00,1213,1279.723011904762,-66.72301190476196,66.72301190476196
2018-01-01 23:00:00,830,840.9482142857139,-10.948214285713902,10.948214285713902
2018-01-02 00:00:00,477,541.7013492063493,-64.70134920634928,64.70134920634928
2018-01-02 01:00:00,279,310.9170357142856,-31.91703571428559,31.91703571428559
2018-01-02 02:00:00,205,232.59730952380957,-27.59730952380957,27.59730952380957
2018-01-02 03:00:00,299,305.5888095238095,-6.588809523809516,6.588809523809516
2018-01-02 04:00:00,729,741.5926269841267,-12.592626984126696,12.592626984126696
2018-01-02 05:00:00,2544,2447.358365079365,96.64163492063517,96.64163492063517
2018-01-02 06:00:00,4801,5355.793202380953,-554.7932023809526,554.7932023809526
2018-01-02 07:00:00,5696,5367.32036904762,328.67963095237974,328.67963095237974
2018-01-02 08:00:00,4901,5428.036234126984,-527.0362341269838,527.0362341269838
2018-01-02 09:00:00,4189,4489.747738095238,-300.74773809523776,300.74773809523776
2018-01-02 10:00:00,4065,3976.597896825397,88.40210317460287,88.40210317460287
2018-01-02 11:00:00,4172,4352.765865079363,-180.7658650793628,180.7658650793628
2018-01-02 12:00:00,4448,4498.097666666666,-50.097666666665646,50.097666666665646
2018-01-02 13:00:00,4537,4568.600297619048,-31.600297619048433,31.600297619048433
2018-01-02 14:00:00,4698,4962.144567460319,-264.1445674603192,264.1445674603192
2018-01-02 15:00:00,5232,5368.328369047622,-136.3283690476219,136.3283690476219
2018-01-02 16:00:00,5618,6325.490071428573,-707.4900714285732,707.4900714285732
2018-01-02 16:00:00,5618,6272.149214285713,-654.1492142857132,654.1492142857132
2018-01-02 17:00:00,5178,5545.185547619047,-367.1855476190467,367.1855476190467
2018-01-02 17:00:00,5178,4927.827809523809,250.17219047619074,250.17219047619074
2018-01-02 18:00:00,3625,3758.028583333333,-133.0285833333328,133.0285833333328
2018-01-02 18:00:00,3625,3161.7631666666675,463.23683333333247,463.23683333333247
2018-01-02 19:00:00,2669,2726.1324404761904,-57.13244047619037,57.13244047619037
2018-01-02 19:00:00,2669,2472.380761904762,196.61923809523796,196.61923809523796
2018-01-02 20:00:00,2056,2409.4499761904763,-353.44997619047626,353.44997619047626
2018-01-02 21:00:00,2834,1960.3223571428568,873.6776428571432,873.6776428571432
2018-01-02 22:00:00,2785,2735.94861904762,49.051380952379986,49.051380952379986
2018-01-02 23:00:00,1118,1233.5308333333335,-115.53083333333348,115.53083333333348
2018-01-03 00:00:00,599,580.7216904761906,18.278309523809412,18.278309523809412
2018-01-03 01:00:00,353,382.00304220779225,-29.003042207792248,29.003042207792248
2018-01-03 01:00:00,353,314.5561428571429,38.4438571428571,38.4438571428571
2018-01-03 02:00:00,283,290.8274523809525,-7.827452380952479,7.827452380952479
2018-01-03 03:00:00,358,330.51083333333344,27.489166666666563,27.489166666666563
2018-01-03 04:00:00,811,842.1215515873016,-31.12155158730161,31.12155158730161
2018-01-03 05:00:00,2739,2630.025964285715,108.97403571428504,108.97403571428504
2018-01-03 06:00:00,5225,5572.215321428574,-347.2153214285736,347.2153214285736
2018-01-03 07:00:00,6017,5980.667611111112,36.33238888888809,36.33238888888809
2018-01-03 08:00:00,5398,5521.618341269844,-123.61834126984377,123.61834126984377
2018-01-03 09:00:00,5142,4967.324261904763,174.67573809523674,174.67573809523674
2018-01-03 10:00:00,4092,4268.651166666667,-176.65116666666745,176.65116666666745
2018-01-03 11:00:00,4328,4341.878380952379,-13.878380952379302,13.878380952379302
2018-01-03 12:00:00,4600,4610.3443531746025,-10.344353174602475,10.344353174602475
2018-01-03 13:00:00,4591,4784.405309523809,-193.40530952380868,193.40530952380868
2018-01-03 14:00:00,4983,4957.0839166666665,25.916083333333518,25.916083333333518
2018-01-03 15:00:00,5589,5488.674166666667,100.32583333333332,100.32583333333332
2018-01-03 16:00:00,6317,6294.669857142856,22.330142857143983,22.330142857143983
2018-01-03 17:00:00,5951,6046.714488095238,-95.71448809523827,95.71448809523827
2018-01-03 18:00:00,4350,4346.62069047619,3.379309523809752,3.379309523809752
2018-01-03 19:00:00,3144,2977.7567301587305,166.24326984126947,166.24326984126947
2018-01-03 20:00:00,2319,2742.4418214285715,-423.44182142857153,423.44182142857153
2018-01-03 21:00:00,2105,2097.364523809524,7.635476190475856,7.635476190475856
2018-01-03 22:00:00,1517,1478.562321428571,38.43767857142893,38.43767857142893
2018-01-03 23:00:00,991,961.2807261904762,29.71927380952377,29.71927380952377
2018-01-04 00:00:00,529,532.1728492063493,-3.1728492063492695,3.1728492063492695
2018-01-04 01:00:00,343,335.1944047619048,7.805595238095179,7.805595238095179
2018-01-04 02:00:00,247,256.2182738095238,-9.218273809523794,9.218273809523794
2018-01-04 03:00:00,325,323.5727857142857,1.4272142857142853,1.4272142857142853
2018-01-04 04:00:00,827,778.5894523809518,48.4105476190482,48.4105476190482
2018-01-04 05:00:00,2757,2630.784488095238,126.21551190476202,126.21551190476202
2018-01-04 06:00:00,5323,5191.39896031746,131.60103968254043,131.60103968254043
2018-01-04 07:00:00,6420,5961.271345238096,458.7286547619042,458.7286547619042
2018-01-04 08:00:00,4478,5743.605698412699,-1265.605698412699,1265.605698412699
2018-01-04 09:00:00,4885,4409.058484126983,475.9415158730171,475.9415158730171
2018-01-04 10:00:00,4259,4323.343238095238,-64.34323809523812,64.34323809523812
2018-01-04 11:00:00,4446,4502.268769841271,-56.26876984127102,56.26876984127102
2018-01-04 12:00:00,4738,4772.120964285714,-34.12096428571385,34.12096428571385
2018-01-04 13:00:00,4656,4755.098880952381,-99.09888095238057,99.09888095238057
2018-01-04 14:00:00,5094,5092.622519841271,1.3774801587287584,1.3774801587287584
2018-01-04 15:00:00,5442,5639.837682539684,-197.83768253968356,197.83768253968356
2018-01-04 16:00:00,6450,6349.005714285712,100.9942857142878,100.9942857142878
2018-01-04 17:00:00,5993,6092.9476904761905,-99.94769047619047,99.94769047619047
2018-01-04 18:00:00,4377,4426.191813492062,-49.191813492061556,49.191813492061556
2018-01-04 19:00:00,3071,3071.571480158731,-0.5714801587309921,0.5714801587309921
2018-01-04 20:00:00,2646,2763.377642857143,-117.3776428571432,117.3776428571432
2018-01-04 21:00:00,3933,2569.392,1363.6080000000002,1363.6080000000002
2018-01-04 22:00:00,2422,3079.7990436507944,-657.7990436507944,657.7990436507944
2018-01-04 23:00:00,1185,1276.6872301587302,-91.68723015873024,91.68723015873024
2018-01-05 00:00:00,630,650.9798412698415,-20.979841269841472,20.979841269841472
2018-01-05 01:00:00,379,380.5003452380952,-1.5003452380951785,1.5003452380951785
2018-01-05 02:00:00,301,293.1913452380952,7.808654761904791,7.808654761904791
2018-01-05 03:00:00,335,347.06621428571424,-12.066214285714238,12.066214285714238
2018-01-05 04:00:00,813,745.4217142857141,67.57828571428593,67.57828571428593
2018-01-05 05:00:00,2629,2582.6677738095236,46.332226190476376,46.332226190476376
2018-01-05 06:00:00,5002,5174.585932178931,-172.58593217893122,172.58593217893122
2018-01-05 07:00:00,5906,5753.382047619048,152.61795238095237,152.61795238095237
2018-01-05 08:00:00,4742,5441.786269841271,-699.786269841271,699.786269841271
2018-01-05 09:00:00,4704,4704.626999999998,-0.626999999997679,0.626999999997679
2018-01-05 10:00:00,4279,4251.5521071428575,27.447892857142506,27.447892857142506
2018-01-05 11:00:00,4566,4529.734642857141,36.2653571428591,36.2653571428591
2018-01-05 12:00:00,4989,4838.564817460316,150.43518253968432,150.43518253968432
2018-01-05 13:00:00,4968,4974.180357142857,-6.180357142857247,6.180357142857247
2018-01-05 14:00:00,5315,5244.75794047619,70.24205952380998,70.24205952380998
2018-01-05 15:00:00,5867,5679.37794047619,187.6220595238101,187.6220595238101
2018-01-05 16:00:00,6504,6312.747309523812,191.25269047618804,191.25269047618804
2018-01-05 17:00:00,6185,6049.078892857143,135.92110714285718,135.92110714285718
2018-01-05 18:00:00,4611,4775.843642857143,-164.8436428571431,164.8436428571431
2018-01-05 19:00:00,3652,3486.589539682539,165.410460317461,165.410460317461
2018-01-05 20:00:00,2880,2835.5255833333335,44.47441666666646,44.47441666666646
2018-01-05 21:00:00,2815,3071.043892857143,-256.04389285714296,256.04389285714296
2018-01-05 22:00:00,2978,2915.9670515873017,62.03294841269826,62.03294841269826
2018-01-05 23:00:00,1805,1815.9437023809521,-10.943702380952118,10.943702380952118
2018-01-06 00:00:00,1003,1128.7716785714285,-125.77167857142854,125.77167857142854
2018-01-06 01:00:00,673,643.4878928571429,29.512107142857076,29.512107142857076
2018-01-06 02:00:00,483,609.5872142857143,-126.58721428571425,126.58721428571425
2018-01-06 03:00:00,319,354.4191666666666,-35.41916666666663,35.41916666666663
2018-01-06 04:00:00,383,322.2713492063491,60.7286507936509,60.7286507936509
2018-01-06 05:00:00,694,710.2918333333332,-16.291833333333216,16.291833333333216
2018-01-06 06:00:00,1129,1189.8004285714287,-60.80042857142871,60.80042857142871
2018-01-06 07:00:00,1728,1636.5330357142857,91.46696428571431,91.46696428571431
2018-01-06 08:00:00,2487,2449.3719920634917,37.62800793650831,37.62800793650831
2018-01-06 09:00:00,3046,3032.820603174604,13.179396825395997,13.179396825395997
2018-01-06 10:00:00,3593,3415.9477857142865,177.0522142857135,177.0522142857135
2018-01-06 11:00:00,4092,3950.620603174603,141.37939682539718,141.37939682539718
2018-01-06 12:00:00,4506,4462.87676190476,43.123238095239685,43.123238095239685
2018-01-06 13:00:00,4501,4527.897333333332,-26.897333333332426,26.897333333332426
2018-01-06 14:00:00,4857,4571.920702380951,285.0792976190487,285.0792976190487
2018-01-06 15:00:00,4519,4777.244793650793,-258.2447936507933,258.2447936507933
2018-01-06 16:00:00,4486,4521.608476190475,-35.6084761904749,35.6084761904749
2018-01-06 17:00:00,4536,4259.688694444444,276.3113055555559,276.3113055555559
2018-01-06 18:00:00,3801,4070.1197142857154,-269.1197142857154,269.1197142857154
2018-01-06 19:00:00,3174,2926.9220952380956,247.0779047619044,247.0779047619044
2018-01-06 20:00:00,2556,2679.0819285714288,-123.08192857142876,123.08192857142876
2018-01-06 21:00:00,2463,2703.416035714285,-240.41603571428504,240.41603571428504
2018-01-06 22:00:00,2801,2719.8763015873014,81.12369841269856,81.12369841269856
2018-01-06 23:00:00,2089,2441.8962380952385,-352.89623809523846,352.89623809523846
2018-01-07 00:00:00,1053,1190.6528333333335,-137.65283333333355,137.65283333333355
2018-01-07 01:00:00,648,689.2670119047621,-41.26701190476206,41.26701190476206
2018-01-07 02:00:00,540,552.7887976190476,-12.788797619047614,12.788797619047614
2018-01-07 03:00:00,313,338.69454761904757,-25.69454761904757,25.69454761904757
2018-01-07 04:00:00,260,260.7340873015873,-0.7340873015872944,0.7340873015872944
2018-01-07 05:00:00,442,446.61278571428574,-4.612785714285735,4.612785714285735
2018-01-07 06:00:00,769,724.5417896825394,44.45821031746061,44.45821031746061
2018-01-07 07:00:00,1024,1053.9077023809525,-29.907702380952514,29.907702380952514
2018-01-07 08:00:00,1695,1663.5810595238092,31.418940476190755,31.418940476190755
2018-01-07 09:00:00,2516,2456.047059523809,59.95294047619109,59.95294047619109
2018-01-07 10:00:00,3256,3384.8748809523804,-128.8748809523804,128.8748809523804
2018-01-07 11:00:00,3670,3557.7640476190486,112.2359523809514,112.2359523809514
2018-01-07 12:00:00,4070,3885.5511428571435,184.44885714285647,184.44885714285647
2018-01-07 13:00:00,4065,4242.985083333334,-177.98508333333393,177.98508333333393
2018-01-07 14:00:00,4409,4201.473547619047,207.52645238095283,207.52645238095283
2018-01-07 15:00:00,4082,4340.205238095236,-258.2052380952364,258.2052380952364
2018-01-07 16:00:00,4050,4166.874999999999,-116.87499999999909,116.87499999999909
2018-01-07 17:00:00,4099,3860.054095238096,238.94590476190388,238.94590476190388
2018-01-07 18:00:00,3388,3520.9276428571425,-132.92764285714247,132.92764285714247
2018-01-07 19:00:00,2780,2830.6617619047624,-50.66176190476244,50.66176190476244
2018-01-07 20:00:00,2261,2451.054226190476,-190.05422619047613,190.05422619047613
2018-01-07 21:00:00,1800,1950.616214285715,-150.61621428571493,150.61621428571493
2018-01-07 22:00:00,1433,1386.9872619047621,46.012738095237864,46.012738095237864
2018-01-07 23:00:00,1073,1016.4022023809522,56.59779761904781,56.59779761904781
2018-01-08 00:00:00,455,586.7016071428573,-131.70160714285726,131.70160714285726
2018-01-08 01:00:00,289,308.07411904761904,-19.074119047619035,19.074119047619035
2018-01-08 02:00:00,220,230.86279365079363,-10.862793650793634,10.862793650793634
2018-01-08 03:00:00,361,315.00364285714284,45.996357142857164,45.996357142857164
2018-01-08 04:00:00,820,794.6959047619051,25.304095238094874,25.304095238094874
2018-01-08 05:00:00,2809,2628.846452380953,180.153547619047,180.153547619047
2018-01-08 06:00:00,5189,5662.033214285712,-473.03321428571235,473.03321428571235
2018-01-08 07:00:00,6048,5813.110345238096,234.88965476190424,234.88965476190424
2018-01-08 08:00:00,5751,5395.518579365079,355.48142063492105,355.48142063492105
2018-01-08 09:00:00,4728,4697.056936507937,30.94306349206272,30.94306349206272
2018-01-08 10:00:00,4138,4089.888142857142,48.11185714285784,48.11185714285784
2018-01-08 11:00:00,4324,4343.544242063492,-19.544242063491765,19.544242063491765
2018-01-08 12:00:00,4512,4472.209285714284,39.790714285715694,39.790714285715694
2018-01-08 13:00:00,4786,4560.501329365079,225.49867063492093,225.49867063492093
2018-01-08 14:00:00,4880,5148.854714285716,-268.854714285716,268.854714285716
2018-01-08 15:00:00,5406,5425.576341269841,-19.57634126984067,19.57634126984067
2018-01-08 16:00:00,6458,6314.319571428572,143.6804285714279,143.6804285714279
2018-01-08 17:00:00,5732,6111.327547619048,-379.32754761904835,379.32754761904835
2018-01-08 18:00:00,4446,4112.149238095239,333.8507619047614,333.8507619047614
2018-01-08 19:00:00,2836,2911.271666666667,-75.27166666666699,75.27166666666699
2018-01-08 20:00:00,2416,2345.2329999999993,70.76700000000073,70.76700000000073
2018-01-08 21:00:00,2076,2146.544452380952,-70.54445238095195,70.54445238095195
2018-01-08 22:00:00,1481,1475.193854256854,5.806145743146089,5.806145743146089
2018-01-08 23:00:00,948,959.8293690476191,-11.829369047619139,11.829369047619139
2018-01-09 00:00:00,560,530.9708571428571,29.029142857142915,29.029142857142915
2018-01-09 01:00:00,342,351.8895476190477,-9.889547619047676,9.889547619047676
2018-01-09 02:00:00,239,244.6652380952381,-5.665238095238095,5.665238095238095
2018-01-09 03:00:00,334,338.86259523809514,-4.862595238095139,4.862595238095139
2018-01-09 04:00:00,832,780.5397857142854,51.46021428571464,51.46021428571464
2018-01-09 05:00:00,2972,2649.9100873015886,322.08991269841135,322.08991269841135
2018-01-09 06:00:00,5674,5814.800523809524,-140.80052380952384,140.80052380952384
2018-01-09 07:00:00,6229,6321.3382142857145,-92.33821428571446,92.33821428571446
2018-01-09 08:00:00,5965,5699.222547619047,265.77745238095304,265.77745238095304
2018-01-09 09:00:00,5124,5018.4260952380955,105.57390476190449,105.57390476190449
2018-01-09 10:00:00,4348,4352.2916904761905,-4.291690476190524,4.291690476190524
2018-01-09 11:00:00,4473,4574.932190476193,-101.93219047619277,101.93219047619277
2018-01-09 12:00:00,5034,4708.631166666666,325.3688333333339,325.3688333333339
2018-01-09 13:00:00,4784,4937.91063095238,-153.91063095238042,153.91063095238042
2018-01-09 14:00:00,5065,5170.848357142857,-105.84835714285691,105.84835714285691
2018-01-09 15:00:00,5589,5676.455416666667,-87.45541666666668,87.45541666666668
2018-01-09 16:00:00,6559,6432.3854801587295,126.61451984127052,126.61451984127052
2018-01-09 17:00:00,6104,6145.2047539682535,-41.2047539682535,41.2047539682535
2018-01-09 18:00:00,4405,4520.061321428569,-115.06132142856859,115.06132142856859
2018-01-09 19:00:00,3001,3068.4513571428565,-67.45135714285652,67.45135714285652
2018-01-09 20:00:00,2604,2678.5171904761896,-74.51719047618963,74.51719047618963
2018-01-09 21:00:00,2931,2486.3124047619044,444.6875952380956,444.6875952380956
2018-01-09 22:00:00,3488,2844.671916666667,643.3280833333329,643.3280833333329
2018-01-09 23:00:00,1125,1167.5302142857147,-42.53021428571469,42.53021428571469
2018-01-10 00:00:00,583,604.8817619047619,-21.881761904761902,21.881761904761902
2018-01-10 01:00:00,327,359.67774999999995,-32.677749999999946,32.677749999999946
2018-01-10 02:00:00,270,260.0478253968255,9.952174603174512,9.952174603174512
2018-01-10 03:00:00,336,355.4092142857142,-19.4092142857142,19.4092142857142
2018-01-10 03:00:00,336,371.0317142857142,-35.0317142857142,35.0317142857142
2018-01-10 04:00:00,887,855.1860595238095,31.81394047619051,31.81394047619051
2018-01-10 04:00:00,887,889.7514603174603,-2.751460317460328,2.751460317460328
2018-01-10 05:00:00,2944,2743.8341904761905,200.16580952380946,200.16580952380946
2018-01-10 05:00:00,2944,2960.719535714286,-16.71953571428594,16.71953571428594
2018-01-10 06:00:00,5614,5836.452515873015,-222.45251587301482,222.45251587301482
2018-01-10 06:00:00,5614,5572.953357142857,41.046642857142615,41.046642857142615
2018-01-10 07:00:00,6228,6070.838321428574,157.1616785714259,157.1616785714259
2018-01-10 07:00:00,6228,6149.501428571429,78.49857142857127,78.49857142857127
2018-01-10 08:00:00,5842,5937.408166666666,-95.40816666666615,95.40816666666615
2018-01-10 08:00:00,5842,5738.641619047618,103.3583809523816,103.3583809523816
2018-01-10 09:00:00,5145,5024.927380952383,120.07261904761708,120.07261904761708
2018-01-10 09:00:00,5145,5066.427047619049,78.57295238095139,78.57295238095139
2018-01-10 10:00:00,4552,4294.698928571428,257.30107142857196,257.30107142857196
2018-01-10 10:00:00,4552,4325.935222222223,226.06477777777673,226.06477777777673
2018-01-10 11:00:00,4623,4659.85967857143,-36.85967857142987,36.85967857142987
2018-01-10 12:00:00,4911,4848.76457936508,62.23542063492005,62.23542063492005
2018-01-10 13:00:00,4926,4902.0155476190475,23.98445238095246,23.98445238095246
2018-01-10 14:00:00,5315,5169.7011114718625,145.29888852813747,145.29888852813747
2018-01-10 14:00:00,5315,5516.9524011544,-201.95240115439992,201.95240115439992
2018-01-10 15:00:00,5681,5855.199047619048,-174.19904761904763,174.19904761904763
2018-01-10 15:00:00,5681,5707.536190476192,-26.536190476192132,26.536190476192132
2018-01-10 16:00:00,6602,6555.51830952381,46.481690476190124,46.481690476190124
2018-01-10 16:00:00,6602,6580.948670634922,21.051329365078345,21.051329365078345
2018-01-10 17:00:00,6128,6289.477833333333,-161.47783333333336,161.47783333333336
2018-01-10 17:00:00,6128,6056.715845238094,71.2841547619064,71.2841547619064
2018-01-10 18:00:00,4520,4540.111257936506,-20.111257936506263,20.111257936506263
2018-01-10 18:00:00,4520,4452.758678571429,67.2413214285707,67.2413214285707
2018-01-10 19:00:00,2986,3134.690563492063,-148.69056349206312,148.69056349206312
2018-01-10 20:00:00,2642,2707.0642857142857,-65.06428571428569,65.06428571428569
2018-01-10 20:00:00,2642,2587.2458928571423,54.75410714285772,54.75410714285772
2018-01-10 20:00:00,2642,2583.819119047619,58.1808809523809,58.1808809523809
2018-01-10 21:00:00,2342,2546.9726190476194,-204.97261904761945,204.97261904761945
2018-01-10 21:00:00,2342,2368.4819523809524,-26.481952380952407,26.481952380952407
2018-01-10 21:00:00,2342,2366.729285714286,-24.729285714286107,24.729285714286107
2018-01-10 22:00:00,1596,1706.7023928571425,-110.70239285714251,110.70239285714251
2018-01-10 22:00:00,1596,1644.164166666667,-48.164166666666915,48.164166666666915
2018-01-10 22:00:00,1596,1546.8947380952384,49.10526190476162,49.10526190476162
2018-01-10 23:00:00,1115,1083.2440000000001,31.755999999999858,31.755999999999858
2018-01-10 23:00:00,1115,1062.295607142857,52.70439285714292,52.70439285714292
2018-01-10 23:00:00,1115,1066.958130952381,48.041869047619,48.041869047619
2018-01-11 00:00:00,568,592.903511904762,-24.903511904762013,24.903511904762013
2018-01-11 00:00:00,568,557.1695595238095,10.83044047619046,10.83044047619046
2018-01-11 00:00:00,568,557.8782976190475,10.121702380952456,10.121702380952456
2018-01-11 01:00:00,352,419.72158333333334,-67.72158333333334,67.72158333333334
2018-01-11 01:00:00,352,351.63104761904765,0.3689523809523507,0.3689523809523507
2018-01-11 02:00:00,291,284.89338888888875,6.106611111111249,6.106611111111249
2018-01-11 02:00:00,291,284.2825714285715,6.717428571428513,6.717428571428513
2018-01-11 02:00:00,291,281.23208333333343,9.767916666666565,9.767916666666565
2018-01-11 03:00:00,391,348.5906428571429,42.40935714285712,42.40935714285712
2018-01-11 03:00:00,391,397.6272380952381,-6.627238095238113,6.627238095238113
2018-01-11 04:00:00,855,840.7069603174604,14.293039682539643,14.293039682539643
2018-01-11 04:00:00,855,853.6325238095238,1.367476190476168,1.367476190476168
2018-01-11 04:00:00,855,855.6912738095239,-0.6912738095238637,0.6912738095238637
2018-01-11 05:00:00,2869,2604.817603174604,264.18239682539615,264.18239682539615
2018-01-11 05:00:00,2869,2872.613166666667,-3.6131666666669844,3.6131666666669844
2018-01-11 06:00:00,4869,5660.632119047619,-791.6321190476192,791.6321190476192
2018-01-11 06:00:00,4869,4914.4909761904755,-45.49097619047552,45.49097619047552
2018-01-11 06:00:00,4869,4914.4909761904755,-45.49097619047552,45.49097619047552
2018-01-11 07:00:00,4601,5509.89861904762,-908.8986190476198,908.8986190476198
2018-01-11 07:00:00,4601,5217.082103174604,-616.0821031746036,616.0821031746036
2018-01-11 08:00:00,4475,4607.043119047619,-132.04311904761926,132.04311904761926
2018-01-11 08:00:00,4475,4460.886297619048,14.113702380952418,14.113702380952418
2018-01-11 09:00:00,4021,4482.84425,-461.8442500000001,461.8442500000001
2018-01-11 09:00:00,4021,3980.2800357142864,40.71996428571356,40.71996428571356
2018-01-11 10:00:00,3559,3983.953011904762,-424.9530119047622,424.9530119047622
2018-01-11 10:00:00,3559,3606.914321428571,-47.91432142857093,47.91432142857093
2018-01-11 11:00:00,3524,3709.5261190476185,-185.52611904761852,185.52611904761852
2018-01-11 11:00:00,3524,3575.731154761905,-51.731154761905145,51.731154761905145
2018-01-11 12:00:00,3587,3712.0069404761903,-125.00694047619027,125.00694047619027
2018-01-11 12:00:00,3587,3683.1082023809518,-96.10820238095175,96.10820238095175
2018-01-11 13:00:00,3293,3754.251571428571,-461.25157142857097,461.25157142857097
2018-01-11 13:00:00,3293,3493.7278809523805,-200.72788095238047,200.72788095238047
2018-01-11 14:00:00,3557,3541.0338571428565,15.966142857143495,15.966142857143495
2018-01-11 14:00:00,3557,3727.22282142857,-170.22282142857011,170.22282142857011
2018-01-11 15:00:00,4081,3724.372392857142,356.62760714285787,356.62760714285787
2018-01-11 15:00:00,4081,4260.732158730159,-179.73215873015943,179.73215873015943
2018-01-11 16:00:00,4269,4198.3735476190495,70.62645238095047,70.62645238095047
2018-01-11 17:00:00,4178,4116.991011904763,61.00898809523733,61.00898809523733
2018-01-11 17:00:00,4178,3885.245857142856,292.75414285714396,292.75414285714396
2018-01-11 18:00:00,3130,3876.1078333333326,-746.1078333333326,746.1078333333326
2018-01-11 19:00:00,2480,2830.9873690476193,-350.98736904761927,350.98736904761927
2018-01-11 20:00:00,2251,2628.4302261904754,-377.4302261904754,377.4302261904754
2018-01-11 21:00:00,2081,2212.0633333333335,-131.0633333333335,131.0633333333335
2018-01-11 22:00:00,1450,1693.6537857142857,-243.65378571428573,243.65378571428573
2018-01-11 23:00:00,949,1037.4480952380954,-88.44809523809545,88.44809523809545
2018-01-12 00:00:00,566,579.1781904761904,-13.178190476190366,13.178190476190366
2018-01-12 01:00:00,335,376.6669484126985,-41.6669484126985,41.6669484126985
2018-01-12 02:00:00,272,315.3279675324674,-43.327967532467426,43.327967532467426
2018-01-12 03:00:00,353,342.591,10.408999999999992,10.408999999999992
2018-01-12 04:00:00,828,788.3029523809522,39.697047619047794,39.697047619047794
2018-01-12 05:00:00,2728,2594.6556428571434,133.34435714285655,133.34435714285655
2018-01-12 06:00:00,4791,5302.190214285714,-511.1902142857143,511.1902142857143
2018-01-12 07:00:00,5517,5288.676321428572,228.323678571428,228.323678571428
2018-01-12 08:00:00,4240,5208.9442698412695,-968.9442698412695,968.9442698412695
2018-01-12 09:00:00,4565,4009.838333333332,555.1616666666682,555.1616666666682
2018-01-12 10:00:00,3988,4364.519957792208,-376.5199577922076,376.5199577922076
2018-01-12 11:00:00,4440,4256.973428571428,183.02657142857242,183.02657142857242
2018-01-12 12:00:00,4958,4813.927404761905,144.07259523809535,144.07259523809535
2018-01-12 13:00:00,4928,4931.262773809524,-3.262773809524333,3.262773809524333
2018-01-12 14:00:00,5078,5137.411253968255,-59.41125396825464,59.41125396825464
2018-01-12 15:00:00,5560,5468.517670634919,91.48232936508066,91.48232936508066
2018-01-12 16:00:00,5841,6231.798380952379,-390.7983809523794,390.7983809523794
2018-01-12 17:00:00,5779,5523.471738095238,255.52826190476208,255.52826190476208
2018-01-12 18:00:00,4677,4805.306595238094,-128.3065952380939,128.3065952380939
2018-01-12 19:00:00,3348,3501.5267301587314,-153.52673015873143,153.52673015873143
2018-01-12 20:00:00,2690,2735.288523809524,-45.28852380952412,45.28852380952412
2018-01-12 21:00:00,2573,2664.6876904761907,-91.68769047619071,91.68769047619071
2018-01-12 22:00:00,2440,2416.267678571429,23.73232142857114,23.73232142857114
2018-01-12 23:00:00,1654,1791.3976720779224,-137.39767207792238,137.39767207792238
2018-01-13 00:00:00,1032,1084.011678571428,-52.01167857142809,52.01167857142809
2018-01-13 01:00:00,601,653.937261904762,-52.937261904761954,52.937261904761954
2018-01-13 02:00:00,467,483.3693809523809,-16.36938095238088,16.36938095238088
2018-01-13 03:00:00,361,352.46091666666666,8.539083333333338,8.539083333333338
2018-01-13 04:00:00,388,404.899761904762,-16.899761904761988,16.899761904761988
2018-01-13 05:00:00,647,719.8983809523806,-72.89838095238065,72.89838095238065
2018-01-13 06:00:00,1175,1138.6488809523808,36.35111904761925,36.35111904761925
2018-01-13 07:00:00,1720,1840.5246666666667,-120.52466666666669,120.52466666666669
2018-01-13 08:00:00,2582,2426.6538928571426,155.34610714285736,155.34610714285736
2018-01-13 09:00:00,3473,3230.9199523809525,242.0800476190475,242.0800476190475
2018-01-13 10:00:00,3916,3753.79173809524,162.2082619047601,162.2082619047601
2018-01-13 11:00:00,4155,4224.229380952381,-69.22938095238078,69.22938095238078
2018-01-13 12:00:00,4379,4538.848821428572,-159.84882142857168,159.84882142857168
2018-01-13 13:00:00,4595,4543.572869047618,51.42713095238196,51.42713095238196
2018-01-13 14:00:00,4212,4699.353952380953,-487.35395238095316,487.35395238095316
2018-01-13 15:00:00,3941,4272.814380952381,-331.8143809523808,331.8143809523808
2018-01-13 16:00:00,3601,4014.6818214285718,-413.68182142857177,413.68182142857177
2018-01-13 17:00:00,3374,3136.7110674603173,237.28893253968272,237.28893253968272
2018-01-13 18:00:00,3141,3037.9219603174606,103.07803968253938,103.07803968253938
2018-01-13 19:00:00,3479,2829.8420952380948,649.1579047619052,649.1579047619052
2018-01-13 20:00:00,3429,2859.5970476190473,569.4029523809527,569.4029523809527
2018-01-13 21:00:00,4055,3239.8138134920637,815.1861865079363,815.1861865079363
2018-01-13 22:00:00,2990,3161.837694444444,-171.83769444444397,171.83769444444397
2018-01-13 23:00:00,1872,1978.108678571428,-106.10867857142807,106.10867857142807
2018-01-14 00:00:00,1210,1276.9351904761904,-66.93519047619043,66.93519047619043
2018-01-14 01:00:00,756,791.6482142857141,-35.64821428571406,35.64821428571406
2018-01-14 02:00:00,494,616.8412142857143,-122.84121428571427,122.84121428571427
2018-01-14 03:00:00,313,325.9178055555557,-12.917805555555674,12.917805555555674
2018-01-14 04:00:00,271,268.3587857142857,2.641214285714284,2.641214285714284
2018-01-14 05:00:00,474,446.70865873015873,27.29134126984127,27.29134126984127
2018-01-14 06:00:00,735,789.9773333333334,-54.97733333333338,54.97733333333338
2018-01-14 07:00:00,1296,1077.7553214285715,218.2446785714285,218.2446785714285
2018-01-14 08:00:00,1880,1931.1486071428578,-51.14860714285783,51.14860714285783
2018-01-14 09:00:00,2567,2731.4482142857137,-164.44821428571368,164.44821428571368
2018-01-14 10:00:00,3338,3207.0522380952384,130.9477619047616,130.9477619047616
2018-01-14 10:00:00,3338,3382.1781547619044,-44.17815476190435,44.17815476190435
2018-01-14 11:00:00,3771,3592.7157619047625,178.28423809523747,178.28423809523747
2018-01-14 11:00:00,3771,4327.105380952382,-556.1053809523819,556.1053809523819
2018-01-14 12:00:00,4175,4261.43455952381,-86.4345595238101,86.4345595238101
2018-01-14 12:00:00,4175,4453.118642857144,-278.11864285714364,278.11864285714364
2018-01-14 13:00:00,4567,4257.803547619047,309.1964523809529,309.1964523809529
2018-01-14 13:00:00,4567,4478.911416666667,88.08858333333319,88.08858333333319
2018-01-14 14:00:00,3873,4558.739809523808,-685.7398095238077,685.7398095238077
2018-01-14 14:00:00,3873,3932.728666666667,-59.72866666666687,59.72866666666687
2018-01-14 15:00:00,3383,3882.433476190476,-499.4334761904761,499.4334761904761
2018-01-14 15:00:00,3383,3483.852996031746,-100.85299603174599,100.85299603174599
2018-01-14 16:00:00,2769,3028.9697487790004,-259.9697487790004,259.9697487790004
2018-01-14 16:00:00,2769,2906.322067460317,-137.32206746031716,137.32206746031716
2018-01-14 16:00:00,2769,2847.260869047619,-78.26086904761905,78.26086904761905
2018-01-14 17:00:00,2357,2766.9443690476196,-409.9443690476196,409.9443690476196
2018-01-14 17:00:00,2357,2402.9020000000005,-45.9020000000005,45.9020000000005
2018-01-14 17:00:00,2357,2457.9889761904765,-100.98897619047648,100.98897619047648
2018-01-14 18:00:00,1935,2343.9583571428575,-408.9583571428575,408.9583571428575
2018-01-14 18:00:00,1935,2080.34311904762,-145.3431190476199,145.3431190476199
2018-01-14 19:00:00,1800,2006.977071428572,-206.9770714285719,206.9770714285719
2018-01-14 19:00:00,1800,1876.6867301587301,-76.68673015873014,76.68673015873014
2018-01-14 20:00:00,2218,1879.3862063492063,338.6137936507937,338.6137936507937
2018-01-14 20:00:00,2218,1913.880158730159,304.1198412698409,304.1198412698409
2018-01-14 21:00:00,2264,1905.361134920635,358.6388650793649,358.6388650793649
2018-01-14 21:00:00,2264,2088.9848253968257,175.01517460317427,175.01517460317427
2018-01-14 22:00:00,2292,1796.6873333333333,495.3126666666667,495.3126666666667
2018-01-14 22:00:00,2292,1887.3126190476191,404.68738095238086,404.68738095238086
2018-01-14 22:00:00,2292,1802.5286904761908,489.47130952380917,489.47130952380917
2018-01-14 23:00:00,979,1476.7067261904767,-497.70672619047673,497.70672619047673
2018-01-14 23:00:00,979,921.6743214285714,57.325678571428625,57.325678571428625
2018-01-15 00:00:00,600,570.5083928571428,29.49160714285722,29.49160714285722
2018-01-15 00:00:00,600,573.3048214285715,26.695178571428528,26.695178571428528
2018-01-15 00:00:00,600,554.2128214285716,45.7871785714284,45.7871785714284
2018-01-15 01:00:00,341,366.06579220779213,-25.06579220779213,25.06579220779213
2018-01-15 01:00:00,341,316.733126984127,24.26687301587299,24.26687301587299
2018-01-15 02:00:00,269,256.6168571428571,12.3831428571429,12.3831428571429
2018-01-15 02:00:00,269,241.86407142857144,27.135928571428565,27.135928571428565
2018-01-15 03:00:00,347,328.13250000000005,18.86749999999995,18.86749999999995
2018-01-15 03:00:00,347,327.46691666666663,19.533083333333366,19.533083333333366
2018-01-15 04:00:00,775,794.1421428571431,-19.142142857143085,19.142142857143085
2018-01-15 04:00:00,775,764.2809642857144,10.71903571428561,10.71903571428561
2018-01-15 04:00:00,775,764.7364642857144,10.263535714285581,10.263535714285581
2018-01-15 05:00:00,2183,2480.464571428571,-297.46457142857116,297.46457142857116
2018-01-15 05:00:00,2183,1996.2472142857148,186.7527857142852,186.7527857142852
2018-01-15 05:00:00,2183,1996.2472142857148,186.7527857142852,186.7527857142852
2018-01-15 06:00:00,3637,4634.543011904761,-997.5430119047614,997.5430119047614
2018-01-15 06:00:00,3637,4049.4462619047617,-412.44626190476174,412.44626190476174
2018-01-15 07:00:00,3651,4044.413761904762,-393.41376190476194,393.41376190476194
2018-01-15 07:00:00,3651,4078.029428571428,-427.02942857142807,427.02942857142807
2018-01-15 07:00:00,3651,3995.3823571428557,-344.38235714285565,344.38235714285565
2018-01-15 08:00:00,3231,3685.3499285714274,-454.3499285714274,454.3499285714274
2018-01-15 08:00:00,3231,3203.584071428572,27.41592857142814,27.41592857142814
2018-01-15 09:00:00,3410,3448.256880952382,-38.256880952381835,38.256880952381835
2018-01-15 09:00:00,3410,3520.7534523809527,-110.7534523809527,110.7534523809527
2018-01-15 10:00:00,3307,3509.9264523809525,-202.92645238095247,202.92645238095247
2018-01-15 10:00:00,3307,3458.080880952381,-151.080880952381,151.080880952381
2018-01-15 11:00:00,3638,3620.554095238095,17.445904761904785,17.445904761904785
2018-01-15 11:00:00,3638,3836.5578571428573,-198.5578571428573,198.5578571428573
2018-01-15 12:00:00,3970,3812.404071428572,157.59592857142798,157.59592857142798
2018-01-15 12:00:00,3970,4128.560909090909,-158.56090909090926,158.56090909090926
2018-01-15 13:00:00,4207,4135.679337662338,71.32066233766182,71.32066233766182
2018-01-15 13:00:00,4207,4432.450476190477,-225.45047619047727,225.45047619047727
2018-01-15 14:00:00,4440,4493.5561428571455,-53.55614285714546,53.55614285714546
2018-01-15 15:00:00,4414,4902.730833333332,-488.73083333333216,488.73083333333216
2018-01-15 15:00:00,4414,4878.655833333332,-464.65583333333234,464.65583333333234
2018-01-15 16:00:00,4800,4855.658547619047,-55.65854761904666,55.65854761904666
2018-01-15 16:00:00,4800,5437.843500000001,-637.8435000000009,637.8435000000009
2018-01-15 17:00:00,4437,4976.039116883116,-539.0391168831156,539.0391168831156
2018-01-15 18:00:00,3528,4017.81744047619,-489.81744047618986,489.81744047618986
2018-01-15 19:00:00,2611,2641.680559523809,-30.680559523808824,30.680559523808824
2018-01-15 20:00:00,2162,2172.4373333333333,-10.4373333333333,10.4373333333333
2018-01-15 21:00:00,1977,2042.4535714285712,-65.4535714285712,65.4535714285712
2018-01-15 22:00:00,1430,1430.5705476190476,-0.570547619047602,0.570547619047602
2018-01-15 23:00:00,888,1017.2559404761904,-129.2559404761904,129.2559404761904
2018-01-16 00:00:00,494,500.61952777777765,-6.619527777777648,6.619527777777648
2018-01-16 01:00:00,321,335.9318571428571,-14.931857142857098,14.931857142857098
2018-01-16 02:00:00,255,249.87616666666673,5.123833333333266,5.123833333333266
2018-01-16 03:00:00,354,331.1515357142857,22.84846428571427,22.84846428571427
2018-01-16 04:00:00,872,789.8966666666669,82.10333333333313,82.10333333333313
2018-01-16 05:00:00,2836,2666.2745357142853,169.72546428571468,169.72546428571468
2018-01-16 06:00:00,5254,5039.963166666666,214.03683333333356,214.03683333333356
2018-01-16 07:00:00,5568,5657.505023809523,-89.50502380952275,89.50502380952275
2018-01-16 08:00:00,5066,5593.101845238093,-527.1018452380931,527.1018452380931
2018-01-16 09:00:00,5045,4881.775654761904,163.22434523809625,163.22434523809625
2018-01-16 09:00:00,5045,4891.8301785714275,153.1698214285725,153.1698214285725
2018-01-16 10:00:00,4302,4268.160107142857,33.83989285714324,33.83989285714324
2018-01-16 11:00:00,4332,4455.072309523809,-123.07230952380905,123.07230952380905
2018-01-16 11:00:00,4332,4427.053190476191,-95.05319047619105,95.05319047619105
2018-01-16 12:00:00,4602,4468.036071428571,133.96392857142928,133.96392857142928
2018-01-16 13:00:00,4608,4751.426285714285,-143.42628571428486,143.42628571428486
2018-01-16 14:00:00,4625,4959.044154761905,-334.0441547619048,334.0441547619048
2018-01-16 15:00:00,5424,5141.219976190476,282.7800238095242,282.7800238095242
2018-01-16 16:00:00,6186,6297.918500000001,-111.91850000000068,111.91850000000068
2018-01-16 17:00:00,5809,5916.810083333332,-107.81008333333193,107.81008333333193
2018-01-16 18:00:00,4066,4063.4592142857127,2.540785714287267,2.540785714287267
2018-01-16 19:00:00,2924,2853.000361111111,70.99963888888897,70.99963888888897
2018-01-16 20:00:00,2574,2583.234833333334,-9.234833333333881,9.234833333333881
2018-01-16 21:00:00,2330,2398.5266071428573,-68.5266071428573,68.5266071428573
2018-01-16 22:00:00,1522,1653.7594523809523,-131.75945238095233,131.75945238095233
2018-01-16 23:00:00,977,948.7480833333335,28.25191666666649,28.25191666666649
2018-01-17 00:00:00,491,532.3329920634919,-41.33299206349193,41.33299206349193
2018-01-17 01:00:00,303,314.7712777777778,-11.771277777777811,11.771277777777811
2018-01-17 02:00:00,245,245.6966428571429,-0.6966428571429049,0.6966428571429049
2018-01-17 03:00:00,346,320.6739761904762,25.326023809523804,25.326023809523804
2018-01-17 04:00:00,882,836.2331666666668,45.76683333333324,45.76683333333324
2018-01-17 05:00:00,2856,2804.3890714285717,51.6109285714283,51.6109285714283
2018-01-17 06:00:00,5351,5132.433238095238,218.56676190476173,218.56676190476173
2018-01-17 07:00:00,5684,5966.073916666666,-282.07391666666626,282.07391666666626
2018-01-17 08:00:00,5345,5458.832023809526,-113.83202380952571,113.83202380952571
2018-01-17 09:00:00,4847,4912.563726190475,-65.56372619047488,65.56372619047488
2018-01-17 10:00:00,4412,4242.324800865799,169.67519913420074,169.67519913420074
2018-01-17 11:00:00,4497,4603.704119047619,-106.70411904761932,106.70411904761932
2018-01-17 12:00:00,4653,4729.538666666669,-76.53866666666909,76.53866666666909
2018-01-17 13:00:00,4917,4690.4963928571415,226.50360714285853,226.50360714285853
2018-01-17 14:00:00,5147,5244.2107380952375,-97.2107380952375,97.2107380952375
2018-01-17 15:00:00,3271,5629.227416666666,-2358.2274166666657,2358.2274166666657
2018-01-17 16:00:00,5287,3034.135556277056,2252.864443722944,2252.864443722944
2018-01-17 17:00:00,5676,5085.200428571428,590.7995714285717,590.7995714285717
2018-01-17 18:00:00,4207,4261.293738095238,-54.29373809523804,54.29373809523804
2018-01-17 19:00:00,3080,2938.1644047619066,141.83559523809345,141.83559523809345
2018-01-17 20:00:00,2777,2734.2155833333322,42.78441666666777,42.78441666666777
2018-01-17 21:00:00,2278,2771.614345238095,-493.6143452380952,493.6143452380952
2018-01-17 22:00:00,1706,1714.6400119047619,-8.640011904761877,8.640011904761877
2018-01-17 23:00:00,2597,1068.6840714285718,1528.3159285714282,1528.3159285714282
2018-01-18 00:00:00,756,807.1574999999997,-51.157499999999686,51.157499999999686
2018-01-18 01:00:00,352,491.2524761904762,-139.25247619047622,139.25247619047622
2018-01-18 03:00:00,366,355.7262261904762,10.273773809523789,10.273773809523789
2018-01-18 04:00:00,883,812.2628333333331,70.7371666666669,70.7371666666669
2018-01-18 05:00:00,2952,2687.094809523809,264.9051904761909,264.9051904761909
2018-01-18 06:00:00,5369,5830.559797619047,-461.55979761904655,461.55979761904655
2018-01-18 07:00:00,5848,6029.074309523809,-181.07430952380855,181.07430952380855
2018-01-18 08:00:00,5751,5437.769214285715,313.23078571428505,313.23078571428505
2018-01-18 09:00:00,5143,5000.139476190476,142.86052380952424,142.86052380952424
2018-01-18 10:00:00,4479,4441.667928571429,37.332071428571,37.332071428571
2018-01-18 11:00:00,4706,4755.808837301587,-49.80883730158712,49.80883730158712
2018-01-18 12:00:00,4872,4883.750785714286,-11.750785714286394,11.750785714286394
2018-01-18 13:00:00,4878,4920.536515873016,-42.53651587301556,42.53651587301556
2018-01-18 14:00:00,5056,5280.086452380953,-224.08645238095323,224.08645238095323
2018-01-18 15:00:00,5834,5671.834285714285,162.16571428571478,162.16571428571478
2018-01-18 16:00:00,6527,6657.940547619047,-130.9405476190468,130.9405476190468
2018-01-18 17:00:00,6039,6178.173190476191,-139.17319047619094,139.17319047619094
2018-01-18 18:00:00,4502,4567.90325,-65.9032500000003,65.9032500000003
2018-01-18 19:00:00,3289,3249.622555555555,39.37744444444479,39.37744444444479
2018-01-18 20:00:00,3096,2825.933519841269,270.0664801587309,270.0664801587309
2018-01-18 21:00:00,2753,2971.3349285714294,-218.33492857142937,218.33492857142937
2018-01-18 22:00:00,1797,2573.5509761904764,-776.5509761904764,776.5509761904764
2018-01-18 23:00:00,1188,1337.8049999999996,-149.8049999999996,149.8049999999996
2018-01-19 00:00:00,589,642.6440952380951,-53.64409523809513,53.64409523809513
2018-01-19 01:00:00,333,395.2020714285715,-62.202071428571514,62.202071428571514
2018-01-19 02:00:00,283,292.64276190476187,-9.64276190476187,9.64276190476187
2018-01-19 03:00:00,373,355.2081309523809,17.791869047619116,17.791869047619116
2018-01-19 04:00:00,886,822.5751190476191,63.42488095238093,63.42488095238093
2018-01-19 05:00:00,2795,2677.6274880952383,117.37251190476172,117.37251190476172
2018-01-19 06:00:00,5340,5544.35844047619,-204.35844047618957,204.35844047618957
2018-01-19 07:00:00,6309,6265.644154761905,43.355845238094844,43.355845238094844
2018-01-19 08:00:00,5673,5620.122396825396,52.87760317460379,52.87760317460379
2018-01-19 09:00:00,4948,4920.388821428571,27.611178571429264,27.611178571429264
2018-01-19 10:00:00,4463,4496.368892857141,-33.36889285714096,33.36889285714096
2018-01-19 11:00:00,4936,4847.0264761904755,88.97352380952452,88.97352380952452
2018-01-19 12:00:00,5218,5127.778686507935,90.22131349206484,90.22131349206484
2018-01-19 13:00:00,5101,5274.220474747474,-173.22047474747433,173.22047474747433
2018-01-19 14:00:00,5302,5362.581857142859,-60.58185714285901,60.58185714285901
2018-01-19 15:00:00,5810,5826.42288888889,-16.422888888890157,16.422888888890157
2018-01-19 16:00:00,6305,6406.098738095239,-101.09873809523924,101.09873809523924
2018-01-19 17:00:00,5657,5712.0315,-55.03150000000005,55.03150000000005
2018-01-19 18:00:00,4503,4698.9545,-195.95449999999983,195.95449999999983
2018-01-19 19:00:00,3516,3394.0630357142854,121.93696428571457,121.93696428571457
2018-01-19 20:00:00,3094,2996.883559523809,97.1164404761912,97.1164404761912
2018-01-19 21:00:00,3370,3011.466404761905,358.53359523809513,358.53359523809513
2018-01-19 22:00:00,2819,3133.8534047619046,-314.8534047619046,314.8534047619046
2018-01-19 23:00:00,1892,2100.618154761904,-208.61815476190395,208.61815476190395
2018-01-20 00:00:00,1179,1248.854373015873,-69.85437301587308,69.85437301587308
2018-01-20 01:00:00,759,720.354238095238,38.645761904762026,38.645761904762026
2018-01-20 02:00:00,528,635.8672023809523,-107.86720238095234,107.86720238095234
2018-01-20 03:00:00,366,371.81360714285694,-5.813607142856938,5.813607142856938
2018-01-20 04:00:00,399,388.64671428571427,10.353285714285732,10.353285714285732
2018-01-20 05:00:00,703,690.6925793650792,12.307420634920845,12.307420634920845
2018-01-20 05:00:00,703,781.2472142857143,-78.24721428571434,78.24721428571434
2018-01-20 05:00:00,703,804.7359126984126,-101.73591269841256,101.73591269841256
2018-01-20 06:00:00,1307,1257.1284761904762,49.87152380952375,49.87152380952375
2018-01-20 06:00:00,1307,1421.694,-114.69399999999996,114.69399999999996
2018-01-20 06:00:00,1307,1403.5845,-96.58449999999993,96.58449999999993
2018-01-20 07:00:00,1888,1820.1379047619048,67.86209523809521,67.86209523809521
2018-01-20 08:00:00,2838,2668.846640692641,169.1533593073591,169.1533593073591
2018-01-20 09:00:00,3381,3457.907928571429,-76.90792857142878,76.90792857142878
2018-01-20 10:00:00,4033,3820.7251666666684,212.27483333333157,212.27483333333157
2018-01-20 11:00:00,4425,4383.529865079365,41.470134920635246,41.470134920635246
2018-01-20 12:00:00,4886,4933.47619047619,-47.47619047618991,47.47619047618991
2018-01-20 13:00:00,4693,4951.052924603175,-258.0529246031747,258.0529246031747
2018-01-20 14:00:00,4986,4724.901837301589,261.0981626984112,261.0981626984112
2018-01-20 15:00:00,4811,4899.541794372295,-88.54179437229504,88.54179437229504
2018-01-20 16:00:00,4757,4880.00992857143,-123.00992857142955,123.00992857142955
2018-01-20 17:00:00,4754,4617.144710317461,136.85528968253857,136.85528968253857
2018-01-20 18:00:00,4530,4343.516309523809,186.48369047619144,186.48369047619144
2018-01-20 19:00:00,3900,3361.20894047619,538.79105952381,538.79105952381
2018-01-20 20:00:00,3497,2958.6718095238093,538.3281904761907,538.3281904761907
2018-01-20 21:00:00,3742,3217.650047619048,524.3499523809519,524.3499523809519
2018-01-20 22:00:00,3608,3170.7871309523816,437.21286904761837,437.21286904761837
2018-01-20 23:00:00,3427,2047.7251785714284,1379.2748214285716,1379.2748214285716
2018-01-21 00:00:00,1830,1390.3366984126985,439.6633015873015,439.6633015873015
2018-01-21 01:00:00,1254,1213.0551547619048,40.94484523809524,40.94484523809524
2018-01-21 02:00:00,788,820.6133333333336,-32.61333333333357,32.61333333333357
2018-01-21 03:00:00,367,442.24539285714263,-75.24539285714263,75.24539285714263
2018-01-21 04:00:00,433,355.62045238095226,77.37954761904774,77.37954761904774
2018-01-21 05:00:00,582,537.2164047619046,44.78359523809536,44.78359523809536
2018-01-21 06:00:00,1070,964.8747301587302,105.12526984126976,105.12526984126976
2018-01-21 07:00:00,1343,1220.7320119047617,122.26798809523825,122.26798809523825
2018-01-21 08:00:00,2056,2101.811916666667,-45.811916666667,45.811916666667
2018-01-21 09:00:00,2804,2983.1876666666667,-179.1876666666667,179.1876666666667
2018-01-21 10:00:00,3355,3417.2340476190457,-62.23404761904567,62.23404761904567
2018-01-21 11:00:00,3686,3711.1642738095247,-25.16427380952473,25.16427380952473
2018-01-21 12:00:00,4247,4300.323726190476,-53.32372619047601,53.32372619047601
2018-01-21 13:00:00,4403,4368.022333333332,34.977666666667574,34.977666666667574
2018-01-21 14:00:00,4464,4398.191226190476,65.8087738095237,65.8087738095237
2018-01-21 15:00:00,4261,4452.266674603174,-191.26667460317367,191.26667460317367
2018-01-21 16:00:00,4236,4224.034904761906,11.965095238094364,11.965095238094364
2018-01-21 17:00:00,3791,4061.335333333334,-270.3353333333339,270.3353333333339
2018-01-21 18:00:00,2398,3597.146019841269,-1199.1460198412692,1199.1460198412692
2018-01-21 19:00:00,1992,2119.905277777778,-127.90527777777788,127.90527777777788
2018-01-21 20:00:00,2566,1885.362511904762,680.637488095238,680.637488095238
2018-01-21 21:00:00,2433,2312.6539632034633,120.34603679653674,120.34603679653674
2018-01-21 22:00:00,1481,1782.4914913419914,-301.4914913419914,301.4914913419914
2018-01-21 23:00:00,848,987.3687619047616,-139.36876190476164,139.36876190476164
2018-01-22 00:00:00,486,473.95241269841273,12.04758730158727,12.04758730158727
2018-01-22 01:00:00,337,316.58747619047614,20.41252380952386,20.41252380952386
2018-01-22 02:00:00,254,262.15385714285713,-8.153857142857134,8.153857142857134
2018-01-22 03:00:00,325,326.2764722222223,-1.27647222222231,1.27647222222231
2018-01-22 04:00:00,897,769.7144047619047,127.28559523809531,127.28559523809531
2018-01-22 05:00:00,2797,2672.7856785714284,124.21432142857157,124.21432142857157
2018-01-22 05:00:00,2797,2797.16780952381,-0.1678095238098649,0.1678095238098649
2018-01-22 06:00:00,5109,5585.819373015872,-476.81937301587186,476.81937301587186
2018-01-22 06:00:00,5109,5087.337988095238,21.66201190476204,21.66201190476204
2018-01-22 07:00:00,5250,5658.590261904763,-408.5902619047629,408.5902619047629
2018-01-22 08:00:00,4429,5115.91380952381,-686.9138095238104,686.9138095238104
2018-01-22 09:00:00,3794,4348.262535714286,-554.2625357142861,554.2625357142861
2018-01-22 10:00:00,3351,3902.638773809523,-551.6387738095232,551.6387738095232
2018-01-22 10:00:00,3351,3581.5135595238103,-230.51355952381027,230.51355952381027
2018-01-22 11:00:00,3240,3579.003916666667,-339.003916666667,339.003916666667
2018-01-22 11:00:00,3240,3511.849238095239,-271.8492380952389,271.8492380952389
2018-01-22 11:00:00,3240,3540.5776190476186,-300.57761904761855,300.57761904761855
2018-01-22 12:00:00,3143,3550.3679523809524,-407.3679523809524,407.3679523809524
2018-01-22 12:00:00,3143,3420.415952380952,-277.41595238095215,277.41595238095215
2018-01-22 12:00:00,3143,3485.428285714286,-342.4282857142862,342.4282857142862
2018-01-22 13:00:00,3066,3423.9146666666666,-357.91466666666656,357.91466666666656
2018-01-22 13:00:00,3066,3383.771833333333,-317.7718333333328,317.7718333333328
2018-01-22 13:00:00,3066,3348.6801666666665,-282.68016666666654,282.68016666666654
2018-01-22 14:00:00,2846,3306.4590476190483,-460.4590476190483,460.4590476190483
2018-01-22 14:00:00,2846,2957.9550952380946,-111.9550952380946,111.9550952380946
2018-01-22 15:00:00,2132,2997.386976190475,-865.3869761904748,865.3869761904748
2018-01-22 15:00:00,2132,2700.5960000000005,-568.5960000000005,568.5960000000005
2018-01-22 16:00:00,1488,2165.0229285714286,-677.0229285714286,677.0229285714286
2018-01-22 16:00:00,1488,2108.4486071428573,-620.4486071428573,620.4486071428573
2018-01-22 17:00:00,1379,1800.8384761904763,-421.8384761904763,421.8384761904763
2018-01-22 17:00:00,1379,1677.3078095238095,-298.3078095238095,298.3078095238095
2018-01-22 18:00:00,1086,1661.4534761904763,-575.4534761904763,575.4534761904763
2018-01-22 18:00:00,1086,1404.5516071428576,-318.5516071428576,318.5516071428576
2018-01-22 18:00:00,1086,1383.190440476191,-297.19044047619104,297.19044047619104
2018-01-22 19:00:00,1291,1385.114321428572,-94.11432142857211,94.11432142857211
2018-01-22 19:00:00,1291,1686.0713333333333,-395.0713333333333,395.0713333333333
2018-01-22 20:00:00,889,1719.2742142857137,-830.2742142857137,830.2742142857137
2018-01-22 20:00:00,889,2088.9756428571422,-1199.9756428571422,1199.9756428571422
2018-01-22 20:00:00,889,2113.4424761904756,-1224.4424761904756,1224.4424761904756
2018-01-22 21:00:00,1246,1589.0791666666667,-343.07916666666665,343.07916666666665
2018-01-22 21:00:00,1246,1535.73530952381,-289.73530952381,289.73530952381
2018-01-22 22:00:00,1631,1152.7018214285715,478.2981785714285,478.2981785714285
2018-01-22 22:00:00,1631,1318.494007936508,312.50599206349193,312.50599206349193
2018-01-22 23:00:00,570,1143.0572380952385,-573.0572380952385,573.0572380952385
2018-01-22 23:00:00,570,1383.6430952380956,-813.6430952380956,813.6430952380956
2018-01-23 00:00:00,446,536.1681190476191,-90.16811904761914,90.16811904761914
2018-01-23 01:00:00,245,325.699619047619,-80.69961904761902,80.69961904761902
2018-01-23 02:00:00,211,247.46583730158724,-36.46583730158724,36.46583730158724
2018-01-23 03:00:00,282,326.7285714285715,-44.72857142857151,44.72857142857151
2018-01-23 04:00:00,705,759.4582142857143,-54.45821428571435,54.45821428571435
2018-01-23 05:00:00,2008,2252.2364841269846,-244.23648412698458,244.23648412698458
2018-01-23 06:00:00,3674,4310.924857142857,-636.924857142857,636.924857142857
2018-01-23 07:00:00,3788,3993.6624523809533,-205.66245238095325,205.66245238095325
2018-01-23 08:00:00,3196,3534.706119047619,-338.7061190476188,338.7061190476188
2018-01-23 09:00:00,3337,3571.235785714286,-234.23578571428607,234.23578571428607
2018-01-23 10:00:00,3237,3507.5518095238094,-270.5518095238094,270.5518095238094
2018-01-23 11:00:00,3299,3515.551702380952,-216.55170238095207,216.55170238095207
2018-01-23 12:00:00,3506,3661.145698412698,-155.14569841269804,155.14569841269804
2018-01-23 13:00:00,3670,3740.435071428572,-70.43507142857197,70.43507142857197
2018-01-23 14:00:00,4001,3913.529547619047,87.47045238095279,87.47045238095279
2018-01-23 15:00:00,4287,4214.823873015873,72.17612698412722,72.17612698412722
2018-01-23 16:00:00,5068,4590.785654761904,477.21434523809603,477.21434523809603
2018-01-23 17:00:00,4650,5041.615452380953,-391.6154523809528,391.6154523809528
2018-01-23 18:00:00,3467,4354.583488095237,-887.583488095237,887.583488095237
2018-01-23 19:00:00,2652,2813.7588293650797,-161.7588293650797,161.7588293650797
2018-01-23 20:00:00,2279,2334.219428571428,-55.219428571428125,55.219428571428125
2018-01-23 21:00:00,2175,2017.017571428571,157.98242857142895,157.98242857142895
2018-01-23 22:00:00,1412,1564.371547619047,-152.37154761904708,152.37154761904708
2018-01-23 23:00:00,979,935.611297619048,43.388702380952054,43.388702380952054
2018-01-24 00:00:00,512,545.8012261904761,-33.801226190476086,33.801226190476086
2018-01-24 01:00:00,350,355.5374166666666,-5.537416666666616,5.537416666666616
2018-01-24 02:00:00,235,287.6559761904762,-52.655976190476224,52.655976190476224
2018-01-24 03:00:00,373,312.2964642857142,60.703535714285806,60.703535714285806
2018-01-24 04:00:00,893,785.408095238095,107.59190476190497,107.59190476190497
2018-01-24 05:00:00,2915,2718.097821428571,196.90217857142898,196.90217857142898
2018-01-24 06:00:00,5445,5643.109702380952,-198.1097023809516,198.1097023809516
2018-01-24 07:00:00,5866,6253.51919047619,-387.5191904761896,387.5191904761896
2018-01-24 08:00:00,5625,5719.977499999999,-94.97749999999905,94.97749999999905
2018-01-24 09:00:00,5153,5048.286845238095,104.71315476190466,104.71315476190466
2018-01-24 10:00:00,4359,4360.338392857144,-1.3383928571438446,1.3383928571438446
2018-01-24 11:00:00,4510,4548.059079365079,-38.059079365079015,38.059079365079015
2018-01-24 12:00:00,4704,4648.327261904763,55.67273809523704,55.67273809523704
2018-01-24 13:00:00,4672,4802.196428571429,-130.19642857142935,130.19642857142935
2018-01-24 14:00:00,4878,4978.60342063492,-100.60342063492044,100.60342063492044
2018-01-24 15:00:00,5570,5302.472015873018,267.5279841269821,267.5279841269821
2018-01-24 16:00:00,6395,6384.104261904762,10.895738095237903,10.895738095237903
2018-01-24 17:00:00,5836,6195.950235209236,-359.95023520923587,359.95023520923587
2018-01-24 18:00:00,4270,4259.11451839827,10.885481601730135,10.885481601730135
2018-01-24 19:00:00,3104,2976.453547619048,127.5464523809519,127.5464523809519
2018-01-24 20:00:00,2720,2739.615892857143,-19.61589285714308,19.61589285714308
2018-01-24 21:00:00,2567,2569.905305555555,-2.90530555555506,2.90530555555506
2018-01-24 22:00:00,2254,2103.3925634920633,150.60743650793665,150.60743650793665
2018-01-24 23:00:00,1074,1272.860315656566,-198.86031565656594,198.86031565656594
2018-01-24 23:00:00,1074,987.7268452380949,86.27315476190506,86.27315476190506
2018-01-25 00:00:00,578,647.9658333333335,-69.96583333333353,69.96583333333353
2018-01-25 00:00:00,578,570.8730238095238,7.126976190476171,7.126976190476171
2018-01-25 01:00:00,345,366.6368690476191,-21.636869047619086,21.636869047619086
2018-01-25 02:00:00,265,266.9942380952381,-1.9942380952380745,1.9942380952380745
2018-01-25 03:00:00,398,344.83745238095247,53.16254761904753,53.16254761904753
2018-01-25 04:00:00,929,837.3111746031749,91.68882539682511,91.68882539682511
2018-01-25 05:00:00,2932,2708.71694047619,223.28305952381015,223.28305952381015
2018-01-25 06:00:00,5498,5790.792928571425,-292.79292857142536,292.79292857142536
2018-01-25 06:00:00,5498,5480.015476190476,17.984523809524035,17.984523809524035
2018-01-25 07:00:00,5702,6060.069626984127,-358.06962698412735,358.06962698412735
2018-01-25 07:00:00,5702,6086.981226190475,-384.98122619047535,384.98122619047535
2018-01-25 08:00:00,5616,5731.381511904764,-115.38151190476401,115.38151190476401
2018-01-25 08:00:00,5616,5624.783789682539,-8.783789682538554,8.783789682538554
2018-01-25 09:00:00,5177,4981.97973809524,195.02026190476045,195.02026190476045
2018-01-25 09:00:00,5177,5055.3413452380955,121.65865476190447,121.65865476190447
2018-01-25 10:00:00,4525,4399.879595238095,125.12040476190487,125.12040476190487
2018-01-25 10:00:00,4525,4296.169238095239,228.83076190476095,228.83076190476095
2018-01-25 11:00:00,4529,4726.2774880952375,-197.27748809523746,197.27748809523746
2018-01-25 11:00:00,4529,4710.79692857143,-181.79692857142982,181.79692857142982
2018-01-25 12:00:00,4646,4770.987166666666,-124.98716666666587,124.98716666666587
2018-01-25 12:00:00,4646,4914.349246031746,-268.3492460317457,268.3492460317457
2018-01-25 13:00:00,4866,4725.12259126984,140.8774087301599,140.8774087301599
2018-01-25 14:00:00,5152,5139.393015873016,12.606984126983662,12.606984126983662
2018-01-25 15:00:00,5720,5690.480178571428,29.51982142857196,29.51982142857196
2018-01-25 15:00:00,5720,5830.675030303031,-110.67503030303124,110.67503030303124
2018-01-25 16:00:00,6669,6600.242400793651,68.75759920634937,68.75759920634937
2018-01-25 17:00:00,5883,6193.898095238096,-310.8980952380962,310.8980952380962
2018-01-25 17:00:00,5883,5989.2107380952375,-106.2107380952375,106.2107380952375
2018-01-25 18:00:00,4449,4424.638317460316,24.361682539683898,24.361682539683898
2018-01-25 18:00:00,4449,4282.722452380955,166.27754761904544,166.27754761904544
2018-01-25 18:00:00,4449,4275.326452380954,173.67354761904608,173.67354761904608
2018-01-25 19:00:00,3637,3111.1727499999993,525.8272500000007,525.8272500000007
2018-01-25 19:00:00,3637,2957.631440476189,679.3685595238112,679.3685595238112
2018-01-25 19:00:00,3637,2964.4146071428563,672.5853928571437,672.5853928571437
2018-01-25 20:00:00,3009,3033.6982857142843,-24.69828571428434,24.69828571428434
2018-01-25 20:00:00,3009,2823.3794047619053,185.62059523809467,185.62059523809467
2018-01-25 21:00:00,2817,3095.8582619047625,-278.85826190476246,278.85826190476246
2018-01-25 21:00:00,2817,2724.025309523809,92.97469047619097,92.97469047619097
2018-01-25 21:00:00,2817,2731.2381428571425,85.76185714285748,85.76185714285748
2018-01-25 22:00:00,2047,2533.4383809523806,-486.4383809523806,486.4383809523806
2018-01-25 22:00:00,2047,1721.6684761904755,325.33152380952447,325.33152380952447
2018-01-25 23:00:00,1216,1298.7187402597403,-82.71874025974034,82.71874025974034
2018-01-25 23:00:00,1216,1067.9985515873016,148.00144841269844,148.00144841269844
2018-01-26 00:00:00,893,680.2556428571429,212.7443571428571,212.7443571428571
2018-01-26 00:00:00,893,619.1033928571428,273.8966071428572,273.8966071428572
2018-01-26 01:00:00,553,510.65376190476195,42.34623809523805,42.34623809523805
2018-01-26 01:00:00,553,401.94538888888883,151.05461111111117,151.05461111111117
2018-01-26 02:00:00,421,393.8675912698412,27.132408730158772,27.132408730158772
2018-01-26 02:00:00,421,357.71533333333326,63.28466666666674,63.28466666666674
2018-01-26 03:00:00,480,402.1063452380952,77.89365476190483,77.89365476190483
2018-01-26 04:00:00,986,834.8612380952378,151.1387619047622,151.1387619047622
2018-01-26 05:00:00,2821,2797.2100595238094,23.789940476190623,23.789940476190623
2018-01-26 06:00:00,5179,5681.084047619046,-502.08404761904603,502.08404761904603
2018-01-26 07:00:00,6059,6185.516035714282,-126.51603571428222,126.51603571428222
2018-01-26 08:00:00,5953,5534.118285714286,418.8817142857142,418.8817142857142
2018-01-26 09:00:00,4939,5091.646857142857,-152.6468571428568,152.6468571428568
2018-01-26 10:00:00,4693,4520.825678571428,172.1743214285716,172.1743214285716
2018-01-26 11:00:00,5029,5125.159035714286,-96.15903571428589,96.15903571428589
2018-01-26 12:00:00,5401,5255.024543650793,145.97545634920698,145.97545634920698
2018-01-26 13:00:00,5380,5421.012761904762,-41.012761904761646,41.012761904761646
2018-01-26 14:00:00,5464,5616.325873015872,-152.32587301587228,152.32587301587228
2018-01-26 15:00:00,5810,5863.956095238094,-53.95609523809435,53.95609523809435
2018-01-26 16:00:00,6561,6322.321547619046,238.6784523809538,238.6784523809538
2018-01-26 17:00:00,5829,6004.5219642857155,-175.5219642857155,175.5219642857155
2018-01-26 18:00:00,4811,4751.44888095238,59.55111904761998,59.55111904761998
2018-01-26 19:00:00,3638,3462.6256071428584,175.37439285714163,175.37439285714163
2018-01-26 20:00:00,3465,3007.7163809523813,457.2836190476187,457.2836190476187
2018-01-26 21:00:00,3215,3249.746115079366,-34.746115079366064,34.746115079366064
2018-01-26 22:00:00,2637,2870.3839761904756,-233.38397619047555,233.38397619047555
2018-01-26 23:00:00,1841,1829.011761904761,11.988238095239012,11.988238095239012
2018-01-27 00:00:00,1121,1249.12798015873,-128.12798015873,128.12798015873
2018-01-27 01:00:00,672,692.8797619047618,-20.879761904761835,20.879761904761835
2018-01-27 02:00:00,476,543.146119047619,-67.14611904761898,67.14611904761898
2018-01-27 03:00:00,373,366.63019047619053,6.369809523809465,6.369809523809465
2018-01-27 04:00:00,449,383.20407142857124,65.79592857142876,65.79592857142876
2018-01-27 05:00:00,753,744.5429285714283,8.45707142857168,8.45707142857168
2018-01-27 06:00:00,1378,1289.1479523809526,88.85204761904743,88.85204761904743
2018-01-27 07:00:00,2158,2123.5159523809534,34.48404761904658,34.48404761904658
2018-01-27 08:00:00,2848,3199.5279047619038,-351.52790476190376,351.52790476190376
2018-01-27 09:00:00,3629,3524.9356666666663,104.0643333333337,104.0643333333337
2018-01-27 10:00:00,4325,3988.8610317460316,336.1389682539684,336.1389682539684
2018-01-27 11:00:00,4896,4691.973952380951,204.02604761904877,204.02604761904877
2018-01-27 12:00:00,5344,5174.796380952382,169.2036190476183,169.2036190476183
2018-01-27 13:00:00,5304,5150.592523809523,153.4074761904767,153.4074761904767
2018-01-27 14:00:00,5132,4934.805976190477,197.19402380952306,197.19402380952306
2018-01-27 15:00:00,5407,4828.858285714285,578.1417142857154,578.1417142857154
2018-01-27 16:00:00,5460,5259.232333333334,200.76766666666572,200.76766666666572
2018-01-27 17:00:00,5182,5210.064765873015,-28.06476587301495,28.06476587301495
2018-01-27 18:00:00,5052,4533.446690476191,518.5533095238088,518.5533095238088
2018-01-27 19:00:00,4090,3707.127511904762,382.87248809523817,382.87248809523817
2018-01-27 20:00:00,3584,3064.518809523809,519.4811904761909,519.4811904761909
2018-01-27 21:00:00,3350,3395.914952380953,-45.914952380952855,45.914952380952855
2018-01-27 22:00:00,3070,3731.0119166666673,-661.0119166666673,661.0119166666673
2018-01-27 23:00:00,2033,2463.24275,-430.2427499999999,430.2427499999999
2018-01-28 00:00:00,1260,1254.696357142857,5.303642857142904,5.303642857142904
2018-01-28 01:00:00,791,826.8951904761906,-35.89519047619058,35.89519047619058
2018-01-28 02:00:00,653,586.3831666666669,66.61683333333315,66.61683333333315
2018-01-28 03:00:00,444,449.1543015873015,-5.154301587301518,5.154301587301518
2018-01-28 04:00:00,395,454.9344761904763,-59.93447619047629,59.93447619047629
2018-01-28 05:00:00,643,547.9545952380954,95.04540476190459,95.04540476190459
2018-01-28 06:00:00,1058,939.7476428571428,118.25235714285725,118.25235714285725
2018-01-28 07:00:00,1666,1188.1133611111113,477.8866388888887,477.8866388888887
2018-01-28 08:00:00,2314,1900.9108373015874,413.08916269841257,413.08916269841257
2018-01-28 09:00:00,3024,2925.7690357142856,98.23096428571444,98.23096428571444
2018-01-28 10:00:00,3564,3424.3666190476188,139.63338095238123,139.63338095238123
2018-01-28 11:00:00,4065,3839.0334603174606,225.9665396825394,225.9665396825394
2018-01-28 12:00:00,4506,4418.493833333333,87.50616666666701,87.50616666666701
2018-01-28 12:00:00,4506,4889.572674603175,-383.5726746031751,383.5726746031751
2018-01-28 13:00:00,4784,4490.536166666667,293.46383333333324,293.46383333333324
2018-01-28 14:00:00,4895,4751.927642857144,143.07235714285616,143.07235714285616
2018-01-28 15:00:00,4801,4619.0605674603175,181.93943253968246,181.93943253968246
2018-01-28 16:00:00,4716,4763.011380952381,-47.01138095238093,47.01138095238093
2018-01-28 17:00:00,4535,4425.577666666667,109.42233333333297,109.42233333333297
2018-01-28 18:00:00,3849,4029.295666666668,-180.29566666666778,180.29566666666778
2018-01-28 19:00:00,3221,2922.3473928571434,298.6526071428566,298.6526071428566
2018-01-28 20:00:00,2554,2469.649634920634,84.35036507936593,84.35036507936593
2018-01-28 21:00:00,2082,2218.8741071428576,-136.8741071428576,136.8741071428576
2018-01-28 22:00:00,1433,1564.297976190476,-131.297976190476,131.297976190476
2018-01-28 23:00:00,877,1186.9229999999998,-309.9229999999998,309.9229999999998
2018-01-29 00:00:00,482,486.8353492063493,-4.835349206349292,4.835349206349292
2018-01-29 01:00:00,335,313.8724761904762,21.12752380952378,21.12752380952378
2018-01-29 02:00:00,230,246.8567619047618,-16.85676190476181,16.85676190476181
2018-01-29 03:00:00,353,315.7177142857143,37.282285714285706,37.282285714285706
2018-01-29 04:00:00,888,804.2614047619049,83.73859523809506,83.73859523809506
2018-01-29 05:00:00,2837,2782.3661547619045,54.633845238095546,54.633845238095546
2018-01-29 06:00:00,5488,5636.274547619046,-148.27454761904573,148.27454761904573
2018-01-29 07:00:00,6362,6083.54375,278.4562500000002,278.4562500000002
2018-01-29 08:00:00,5438,5733.686821428571,-295.6868214285714,295.6868214285714
2018-01-29 09:00:00,4715,4674.347833333334,40.652166666665835,40.652166666665835
2018-01-29 10:00:00,4287,4126.475857142857,160.52414285714258,160.52414285714258
2018-01-29 11:00:00,4409,4442.259071428571,-33.25907142857068,33.25907142857068
2018-01-29 12:00:00,4725,4471.7709047619055,253.2290952380945,253.2290952380945
2018-01-29 13:00:00,4578,4817.394238095237,-239.3942380952367,239.3942380952367
2018-01-29 14:00:00,5030,4904.227817460318,125.77218253968203,125.77218253968203
2018-01-29 15:00:00,5527,5570.474797619048,-43.47479761904833,43.47479761904833
2018-01-29 16:00:00,6285,6347.928142857144,-62.92814285714394,62.92814285714394
2018-01-29 17:00:00,6023,5993.897535714286,29.102464285713722,29.102464285713722
2018-01-29 18:00:00,4286,4326.571154761905,-40.571154761904836,40.571154761904836
2018-01-29 19:00:00,3448,2815.1506666666664,632.8493333333336,632.8493333333336
2018-01-29 20:00:00,2957,2457.04930952381,499.9506904761902,499.9506904761902
2018-01-29 21:00:00,2657,2512.898083333333,144.10191666666697,144.10191666666697
2018-01-29 22:00:00,1955,1816.222944444445,138.77705555555508,138.77705555555508
2018-01-29 23:00:00,1185,1223.5974325396826,-38.597432539682586,38.597432539682586
2018-01-30 00:00:00,588,593.1844484126984,-5.18444841269843,5.18444841269843
2018-01-30 01:00:00,330,354.82305952380955,-24.823059523809547,24.823059523809547
2018-01-30 02:00:00,249,244.076488095238,4.923511904761995,4.923511904761995
2018-01-30 03:00:00,371,336.008261904762,34.99173809523802,34.99173809523802
2018-01-30 04:00:00,910,847.9852261904763,62.01477380952372,62.01477380952372
2018-01-30 05:00:00,2876,2778.1305238095247,97.86947619047532,97.86947619047532
2018-01-30 06:00:00,5585,5159.606460317459,425.3935396825409,425.3935396825409
2018-01-30 07:00:00,6405,6133.166666666666,271.83333333333394,271.83333333333394
2018-01-30 08:00:00,5489,5835.030833333332,-346.03083333333234,346.03083333333234
2018-01-30 09:00:00,4462,4955.894190476191,-493.8941904761914,493.8941904761914
2018-01-30 10:00:00,4388,4140.074738095238,247.925261904762,247.925261904762
2018-01-30 11:00:00,4432,4557.229285714286,-125.22928571428565,125.22928571428565
2018-01-30 12:00:00,4783,4651.798976190476,131.20102380952358,131.20102380952358
2018-01-30 13:00:00,4801,4839.308730158729,-38.308730158729304,38.308730158729304
2018-01-30 14:00:00,5195,5092.830357142859,102.1696428571413,102.1696428571413
2018-01-30 15:00:00,5701,5684.485488095238,16.514511904762003,16.514511904762003
2018-01-30 16:00:00,6838,6469.9196785714275,368.08032142857246,368.08032142857246
2018-01-30 17:00:00,5944,6405.842523809527,-461.84252380952694,461.84252380952694
2018-01-30 18:00:00,4589,4395.6749880952375,193.3250119047625,193.3250119047625
2018-01-30 19:00:00,3090,3054.2790238095245,35.72097619047554,35.72097619047554
2018-01-30 20:00:00,2885,2751.4626428571432,133.53735714285676,133.53735714285676
2018-01-30 21:00:00,2490,2598.042916666667,-108.04291666666722,108.04291666666722
2018-01-30 22:00:00,2261,1788.1698333333327,472.8301666666673,472.8301666666673
2018-01-30 23:00:00,1430,1393.403452380952,36.5965476190479,36.5965476190479
2018-01-31 00:00:00,628,885.261880952381,-257.26188095238103,257.26188095238103
2018-01-31 01:00:00,381,387.2843571428571,-6.284357142857118,6.284357142857118
2018-01-31 03:00:00,376,424.159746031746,-48.15974603174601,48.15974603174601
2018-01-31 03:00:00,376,397.8740357142856,-21.874035714285583,21.874035714285583
2018-01-31 03:00:00,376,390.32444047619043,-14.324440476190432,14.324440476190432
2018-01-31 04:00:00,982,821.4813809523812,160.5186190476188,160.5186190476188
2018-01-31 04:00:00,982,989.7644761904762,-7.764476190476216,7.764476190476216
2018-01-31 05:00:00,2534,2807.751940476191,-273.75194047619107,273.75194047619107
2018-01-31 05:00:00,2534,2462.925226190476,71.07477380952378,71.07477380952378
2018-01-31 06:00:00,5081,5399.186273809522,-318.1862738095224,318.1862738095224
2018-01-31 07:00:00,5675,5721.687714285716,-46.68771428571563,46.68771428571563
2018-01-31 08:00:00,5155,5556.408083333334,-401.4080833333337,401.4080833333337
2018-01-31 09:00:00,5210,4966.39553174603,243.60446825396957,243.60446825396957
2018-01-31 10:00:00,4379,4358.9215,20.07849999999962,20.07849999999962
2018-01-31 11:00:00,4546,4548.488575396826,-2.4885753968255813,2.4885753968255813
2018-01-31 12:00:00,4885,4754.852119047618,130.14788095238237,130.14788095238237
2018-01-31 13:00:00,5021,4923.990825396826,97.00917460317396,97.00917460317396
2018-01-31 14:00:00,5212,5322.823936147186,-110.82393614718603,110.82393614718603
2018-01-31 15:00:00,5941,5681.721416666667,259.2785833333328,259.2785833333328
2018-01-31 16:00:00,6818,6731.264198412695,86.7358015873051,86.7358015873051
2018-01-31 17:00:00,6351,6410.924309523809,-59.924309523808915,59.924309523808915
2018-01-31 18:00:00,4559,4680.464174603173,-121.46417460317298,121.46417460317298
2018-01-31 19:00:00,3400,3143.559178571428,256.4408214285718,256.4408214285718
2018-01-31 20:00:00,2856,2809.0756309523813,46.92436904761871,46.92436904761871
2018-01-31 20:00:00,2856,2721.847547619048,134.15245238095213,134.15245238095213
2018-01-31 21:00:00,2564,2616.2752976190477,-52.275297619047706,52.275297619047706
2018-01-31 21:00:00,2564,2559.698900793651,4.301099206349136,4.301099206349136
2018-01-31 22:00:00,1739,1904.178226190476,-165.17822619047593,165.17822619047593
2018-01-31 22:00:00,1739,1635.6911666666665,103.3088333333335,103.3088333333335
2018-01-31 23:00:00,1402,1211.6040158730164,190.39598412698365,190.39598412698365
2018-02-01 00:00:00,716,718.5019512987013,-2.5019512987013286,2.5019512987013286
2018-02-01 01:00:00,363,410.3221984126986,-47.32219841269858,47.32219841269858
2018-02-01 02:00:00,285,277.21642857142865,7.783571428571349,7.783571428571349
2018-02-01 03:00:00,362,331.957,30.043000000000006,30.043000000000006
2018-02-01 04:00:00,936,857.108011904762,78.89198809523805,78.89198809523805
2018-02-01 05:00:00,2861,2754.310738095238,106.68926190476213,106.68926190476213
2018-02-01 06:00:00,5410,5218.093714285716,191.90628571428442,191.90628571428442
2018-02-01 07:00:00,6303,6238.331535714287,64.66846428571262,64.66846428571262
2018-02-01 08:00:00,5332,5660.846429292931,-328.84642929293113,328.84642929293113
2018-02-01 09:00:00,5000,4900.526999999999,99.47300000000087,99.47300000000087
2018-02-01 10:00:00,4438,4428.558547619048,9.441452380951887,9.441452380951887
2018-02-01 11:00:00,4717,4715.548702380953,1.4512976190471818,1.4512976190471818
2018-02-01 12:00:00,4843,4862.923071428572,-19.923071428572257,19.923071428572257
2018-02-01 13:00:00,5099,4916.142222222222,182.8577777777782,182.8577777777782
2018-02-01 14:00:00,5402,5398.536114718614,3.4638852813859558,3.4638852813859558
2018-02-01 15:00:00,5961,5798.887011904763,162.1129880952367,162.1129880952367
2018-02-01 16:00:00,6636,6332.169623015871,303.83037698412863,303.83037698412863
2018-02-01 17:00:00,6375,6238.667706349207,136.33229365079296,136.33229365079296
2018-02-01 18:00:00,4723,4730.676797619049,-7.676797619048557,7.676797619048557
2018-02-01 19:00:00,3595,3390.526642857144,204.473357142856,204.473357142856
2018-02-01 20:00:00,3133,2947.219242063493,185.78075793650714,185.78075793650714
2018-02-01 21:00:00,2807,3083.563404761906,-276.563404761906,276.563404761906
2018-02-01 22:00:00,2165,2400.3399880952384,-235.33998809523837,235.33998809523837
2018-02-01 23:00:00,1483,1242.610883116883,240.3891168831169,240.3891168831169
2018-02-02 00:00:00,926,776.9444166666668,149.05558333333317,149.05558333333317
2018-02-02 01:00:00,521,421.6879484126983,99.31205158730171,99.31205158730171
2018-02-02 02:00:00,422,389.86595238095254,32.134047619047465,32.134047619047465
2018-02-02 03:00:00,439,400.12075000000004,38.879249999999956,38.879249999999956
2018-02-02 04:00:00,922,841.7216150793648,80.27838492063518,80.27838492063518
2018-02-02 05:00:00,2731,2727.1287619047625,3.8712380952374588,3.8712380952374588
2018-02-02 06:00:00,5041,5260.094936507937,-219.09493650793684,219.09493650793684
2018-02-02 07:00:00,5843,5843.162583333333,-0.1625833333328046,0.1625833333328046
2018-02-02 08:00:00,5149,5419.966476190475,-270.9664761904751,270.9664761904751
2018-02-02 09:00:00,4963,4626.969746031746,336.0302539682543,336.0302539682543
2018-02-02 10:00:00,4379,4554.647547619048,-175.64754761904805,175.64754761904805
2018-02-02 11:00:00,4932,4631.524466450217,300.475533549783,300.475533549783
2018-02-02 12:00:00,5104,5170.1831507936495,-66.18315079364947,66.18315079364947
2018-02-02 13:00:00,5378,5145.729642857143,232.2703571428574,232.2703571428574
2018-02-02 14:00:00,5487,5607.276749999999,-120.27674999999908,120.27674999999908
2018-02-02 15:00:00,6080,6010.967900793651,69.0320992063489,69.0320992063489
2018-02-02 16:00:00,6646,6381.040190476189,264.9598095238107,264.9598095238107
2018-02-02 17:00:00,5891,5959.485238095238,-68.48523809523795,68.48523809523795
2018-02-02 18:00:00,4691,4684.975559523811,6.024440476188829,6.024440476188829
2018-02-02 19:00:00,3790,3749.384718253969,40.61528174603109,40.61528174603109
2018-02-02 20:00:00,3216,3221.147444444444,-5.147444444443863,5.147444444443863
2018-02-02 21:00:00,3818,2988.6577619047625,829.3422380952375,829.3422380952375
2018-02-02 22:00:00,3788,3291.0213730158725,496.97862698412746,496.97862698412746
2018-02-02 23:00:00,2020,2207.2530476190477,-187.25304761904772,187.25304761904772
2018-02-03 00:00:00,1368,1271.2081428571428,96.79185714285722,96.79185714285722
2018-02-03 01:00:00,926,874.4035000000002,51.596499999999764,51.596499999999764
2018-02-03 02:00:00,631,687.8640714285712,-56.86407142857115,56.86407142857115
2018-02-03 03:00:00,471,434.3700555555555,36.629944444444504,36.629944444444504
2018-02-03 04:00:00,519,433.2770396825397,85.72296031746032,85.72296031746032
2018-02-03 05:00:00,783,627.8745238095238,155.1254761904762,155.1254761904762
2018-02-03 06:00:00,1320,1291.028011904762,28.971988095237975,28.971988095237975
2018-02-03 07:00:00,1839,2107.4222976190476,-268.42229761904764,268.42229761904764
2018-02-03 08:00:00,2552,2614.206595238095,-62.206595238094906,62.206595238094906
2018-02-03 08:00:00,2552,3117.6124761904753,-565.6124761904753,565.6124761904753
2018-02-03 08:00:00,2552,3070.8979761904748,-518.8979761904748,518.8979761904748
2018-02-03 09:00:00,3168,3115.2051428571417,52.79485714285829,52.79485714285829
2018-02-03 09:00:00,3168,3552.4958333333325,-384.4958333333325,384.4958333333325
2018-02-03 10:00:00,3572,3533.276071428571,38.72392857142904,38.72392857142904
2018-02-03 10:00:00,3572,3806.296134920636,-234.29613492063618,234.29613492063618
2018-02-03 11:00:00,3838,3977.2977738095237,-139.29777380952373,139.29777380952373
2018-02-03 11:00:00,3838,4324.885380952382,-486.88538095238164,486.88538095238164
2018-02-03 12:00:00,3924,4330.51,-406.5100000000002,406.5100000000002
2018-02-03 12:00:00,3924,4264.908833333332,-340.90883333333204,340.90883333333204
2018-02-03 13:00:00,3562,4079.105071428572,-517.105071428572,517.105071428572
2018-02-03 13:00:00,3562,3723.212746031746,-161.21274603174606,161.21274603174606
2018-02-03 14:00:00,3572,3660.675428571429,-88.67542857142917,88.67542857142917
2018-02-03 14:00:00,3572,3685.573785714287,-113.57378571428717,113.57378571428717
2018-02-03 15:00:00,3716,3711.588702380953,4.411297619047218,4.411297619047218
2018-02-03 15:00:00,3716,3784.280345238096,-68.28034523809583,68.28034523809583
2018-02-03 16:00:00,3752,3755.6113452380955,-3.6113452380955096,3.6113452380955096
2018-02-03 16:00:00,3752,3774.4815952380945,-22.481595238094542,22.481595238094542
2018-02-03 16:00:00,3752,3745.5913095238084,6.408690476191623,6.408690476191623
2018-02-03 17:00:00,3652,3357.481063492064,294.5189365079359,294.5189365079359
2018-02-03 17:00:00,3652,3348.0225476190476,303.9774523809524,303.9774523809524
2018-02-03 18:00:00,3763,3265.2876071428573,497.71239285714273,497.71239285714273
2018-02-03 19:00:00,3301,3299.455880952381,1.5441190476190059,1.5441190476190059
2018-02-03 20:00:00,2632,2835.136047619048,-203.136047619048,203.136047619048
2018-02-03 21:00:00,2454,2756.2824761904762,-302.28247619047625,302.28247619047625
2018-02-03 21:00:00,2454,2716.448571428571,-262.4485714285711,262.4485714285711
2018-02-03 22:00:00,2892,2514.179404761904,377.82059523809585,377.82059523809585
2018-02-03 22:00:00,2892,2831.6797857142865,60.32021428571352,60.32021428571352
2018-02-03 23:00:00,2935,2322.984130952381,612.0158690476192,612.0158690476192
2018-02-03 23:00:00,2935,2291.6774642857144,643.3225357142856,643.3225357142856
2018-02-03 23:00:00,2935,2277.481630952381,657.5183690476192,657.5183690476192
2018-02-04 00:00:00,1536,1484.3708015873012,51.62919841269877,51.62919841269877
2018-02-04 00:00:00,1536,1008.4949722222221,527.5050277777779,527.5050277777779
2018-02-04 00:00:00,1536,992.6180912698412,543.3819087301588,543.3819087301588
2018-02-04 01:00:00,986,912.8081666666667,73.1918333333333,73.1918333333333
2018-02-04 01:00:00,986,676.0385436507937,309.9614563492063,309.9614563492063
2018-02-04 01:00:00,986,680.7194484126984,305.2805515873016,305.2805515873016
2018-02-04 02:00:00,670,733.8415555555557,-63.841555555555715,63.841555555555715
2018-02-04 03:00:00,520,465.0960833333333,54.9039166666667,54.9039166666667
2018-02-04 04:00:00,524,389.34219841269834,134.65780158730166,134.65780158730166
2018-02-04 05:00:00,648,541.9373888888888,106.06261111111121,106.06261111111121
2018-02-04 06:00:00,1046,878.3370952380951,167.66290476190488,167.66290476190488
2018-02-04 07:00:00,1320,1381.0631031746034,-61.063103174603384,61.063103174603384
2018-02-04 08:00:00,1857,1995.8889523809523,-138.88895238095233,138.88895238095233
2018-02-04 09:00:00,2449,2633.31644047619,-184.3164404761901,184.3164404761901
2018-02-04 10:00:00,3225,3132.7526190476183,92.24738095238172,92.24738095238172
2018-02-04 11:00:00,3452,3494.6613214285717,-42.66132142857168,42.66132142857168
2018-02-04 12:00:00,3735,3832.889107142856,-97.88910714285612,97.88910714285612
2018-02-04 13:00:00,3801,4004.6783333333333,-203.67833333333328,203.67833333333328
2018-02-04 14:00:00,3686,3959.0509329004326,-273.0509329004326,273.0509329004326
2018-02-04 15:00:00,3508,3983.7611904761907,-475.7611904761907,475.7611904761907
2018-02-04 16:00:00,3630,3645.040484126985,-15.04048412698512,15.04048412698512
2018-02-04 17:00:00,2975,3240.1758928571426,-265.17589285714257,265.17589285714257
2018-02-04 18:00:00,2052,2825.2123928571427,-773.2123928571427,773.2123928571427
2018-02-04 19:00:00,1720,1906.6707261904767,-186.67072619047667,186.67072619047667
2018-02-04 20:00:00,1855,2038.5410000000002,-183.54100000000017,183.54100000000017
2018-02-04 21:00:00,2438,2097.501690476191,340.498309523809,340.498309523809
2018-02-04 22:00:00,2382,1879.4088452380954,502.5911547619046,502.5911547619046
2018-02-04 23:00:00,1321,1632.6871623376624,-311.68716233766236,311.68716233766236
2018-02-05 00:00:00,836,673.9369285714283,162.06307142857167,162.06307142857167
2018-02-05 01:00:00,505,409.89765079365077,95.10234920634923,95.10234920634923
2018-02-05 02:00:00,411,348.0807142857142,62.91928571428582,62.91928571428582
2018-02-05 03:00:00,429,451.64745238095236,-22.64745238095236,22.64745238095236
2018-02-05 04:00:00,925,871.3894365079365,53.610563492063534,53.610563492063534
2018-02-05 05:00:00,2657,2790.25219047619,-133.2521904761902,133.2521904761902
2018-02-05 06:00:00,4846,5412.39694047619,-566.3969404761901,566.3969404761901
2018-02-05 07:00:00,6026,5329.4926428571425,696.5073571428575,696.5073571428575
2018-02-05 08:00:00,6048,5342.5764285714295,705.4235714285705,705.4235714285705
2018-02-05 09:00:00,4893,4999.643075396824,-106.64307539682432,106.64307539682432
2018-02-05 10:00:00,4124,4234.880369047619,-110.88036904761884,110.88036904761884
2018-02-05 11:00:00,4470,4354.3467222222225,115.65327777777748,115.65327777777748
2018-02-05 12:00:00,4450,4594.287833333333,-144.28783333333286,144.28783333333286
2018-02-05 13:00:00,4303,4538.089535714286,-235.08953571428628,235.08953571428628
2018-02-05 14:00:00,4884,4524.5847261904755,359.4152738095245,359.4152738095245
2018-02-05 15:00:00,5441,5361.101357142857,79.89864285714339,79.89864285714339
2018-02-05 15:00:00,5441,5757.02164285714,-316.02164285714025,316.02164285714025
2018-02-05 16:00:00,6091,6298.788888888888,-207.78888888888832,207.78888888888832
2018-02-05 16:00:00,6091,6297.136785714283,-206.13678571428318,206.13678571428318
2018-02-05 17:00:00,5912,5813.125142857144,98.87485714285594,98.87485714285594
2018-02-05 18:00:00,4263,4260.383400793651,2.6165992063488375,2.6165992063488375
2018-02-05 19:00:00,3098,2896.4264404761902,201.57355952380976,201.57355952380976
2018-02-05 20:00:00,2587,2668.22875,-81.22875000000022,81.22875000000022
2018-02-05 21:00:00,2136,2155.8927619047618,-19.892761904761755,19.892761904761755
2018-02-05 22:00:00,1459,1521.2661626984125,-62.26616269841247,62.26616269841247
2018-02-05 23:00:00,887,944.4262976190475,-57.426297619047546,57.426297619047546
2018-02-06 00:00:00,468,487.4374206349206,-19.437420634920613,19.437420634920613
2018-02-06 01:00:00,334,298.2634166666666,35.736583333333385,35.736583333333385
2018-02-06 02:00:00,237,255.47330952380955,-18.473309523809547,18.473309523809547
2018-02-06 03:00:00,339,328.30878571428565,10.691214285714352,10.691214285714352
2018-02-06 04:00:00,850,838.8860238095239,11.113976190476137,11.113976190476137
2018-02-06 05:00:00,2801,2628.9909523809515,172.0090476190485,172.0090476190485
2018-02-06 06:00:00,5434,5197.275507936508,236.7244920634921,236.7244920634921
2018-02-06 07:00:00,6067,6181.28319047619,-114.2831904761897,114.2831904761897
2018-02-06 08:00:00,5009,5587.809619047618,-578.8096190476181,578.8096190476181
2018-02-06 09:00:00,5190,4593.10538095238,596.8946190476199,596.8946190476199
2018-02-06 10:00:00,4290,4225.9975,64.0024999999996,64.0024999999996
2018-02-06 11:00:00,4309,4419.4471904761895,-110.44719047618946,110.44719047618946
2018-02-06 12:00:00,4741,4482.578642857141,258.42135714285905,258.42135714285905
2018-02-06 13:00:00,4621,4783.270952380952,-162.2709523809517,162.2709523809517
2018-02-06 14:00:00,4987,5079.541884920635,-92.54188492063531,92.54188492063531
2018-02-06 15:00:00,5710,5655.783289682539,54.21671031746064,54.21671031746064
2018-02-06 16:00:00,6770,6447.710809523808,322.28919047619183,322.28919047619183
2018-02-06 17:00:00,6207,6396.979785714287,-189.97978571428666,189.97978571428666
2018-02-06 18:00:00,4612,4517.540333333333,94.45966666666664,94.45966666666664
2018-02-06 19:00:00,3217,3118.866880952382,98.13311904761804,98.13311904761804
2018-02-06 20:00:00,2634,2715.8535714285717,-81.85357142857174,81.85357142857174
2018-02-06 21:00:00,2407,2370.003535714285,36.996464285714865,36.996464285714865
2018-02-06 22:00:00,1652,1745.8581547619046,-93.85815476190464,93.85815476190464
2018-02-06 23:00:00,1120,1290.3169285714291,-170.31692857142912,170.31692857142912
2018-02-07 00:00:00,549,584.6049801587301,-35.604980158730086,35.604980158730086
2018-02-07 01:00:00,346,337.58316666666656,8.416833333333443,8.416833333333443
2018-02-07 01:00:00,346,319.26902380952384,26.730976190476156,26.730976190476156
2018-02-07 02:00:00,259,260.7965238095237,-1.7965238095237055,1.7965238095237055
2018-02-07 02:00:00,259,252.73326190476186,6.266738095238139,6.266738095238139
2018-02-07 03:00:00,337,344.72775,-7.7277500000000146,7.7277500000000146
2018-02-07 03:00:00,337,337.1805714285714,-0.18057142857139752,0.18057142857139752
2018-02-07 04:00:00,865,847.1633809523813,17.836619047618683,17.836619047618683
2018-02-07 04:00:00,865,860.7552380952379,4.244761904762072,4.244761904762072
2018-02-07 05:00:00,2776,2748.875404761904,27.124595238095935,27.124595238095935
2018-02-07 05:00:00,2776,2774.622785714286,1.3772142857142171,1.3772142857142171
2018-02-07 06:00:00,4899,5495.156222222222,-596.1562222222219,596.1562222222219
2018-02-07 07:00:00,4967,5554.6939047619035,-587.6939047619035,587.6939047619035
2018-02-07 07:00:00,4967,5505.5522142857135,-538.5522142857135,538.5522142857135
2018-02-07 08:00:00,4915,5210.53005952381,-295.53005952381045,295.53005952381045
2018-02-07 08:00:00,4915,5145.115392857143,-230.11539285714298,230.11539285714298
2018-02-07 09:00:00,5343,4702.0983333333315,640.9016666666685,640.9016666666685
2018-02-07 09:00:00,5343,5007.6453571428565,335.3546428571435,335.3546428571435
2018-02-07 10:00:00,4364,4357.464595238094,6.535404761905738,6.535404761905738
2018-02-07 11:00:00,4466,4583.116103174604,-117.11610317460418,117.11610317460418
2018-02-07 12:00:00,4697,4667.17194047619,29.828059523810225,29.828059523810225
2018-02-07 13:00:00,4833,4785.561876984128,47.43812301587241,47.43812301587241
2018-02-07 14:00:00,5095,5076.611595238096,18.388404761903985,18.388404761903985
2018-02-07 15:00:00,5658,5622.3238849206355,35.676115079364536,35.676115079364536
2018-02-07 16:00:00,6531,6346.050714285713,184.94928571428682,184.94928571428682
2018-02-07 17:00:00,6117,6071.086115079366,45.91388492063379,45.91388492063379
2018-02-07 18:00:00,4394,4547.484916666665,-153.4849166666654,153.4849166666654
2018-02-07 19:00:00,3307,3114.095321428571,192.90467857142903,192.90467857142903
2018-02-07 20:00:00,3037,2823.5613968253974,213.43860317460258,213.43860317460258
2018-02-07 21:00:00,2463,2640.808976190476,-177.8089761904762,177.8089761904762
2018-02-07 22:00:00,1653,1861.4492142857146,-208.44921428571456,208.44921428571456
2018-02-07 23:00:00,973,1248.1429007936508,-275.1429007936508,275.1429007936508
2018-02-08 00:00:00,573,549.7307222222222,23.269277777777802,23.269277777777802
2018-02-08 01:00:00,315,369.30109523809523,-54.30109523809523,54.30109523809523
2018-02-08 02:00:00,233,250.0990952380952,-17.099095238095202,17.099095238095202
2018-02-08 03:00:00,340,322.48315476190476,17.516845238095243,17.516845238095243
2018-02-08 04:00:00,882,807.1863809523809,74.81361904761911,74.81361904761911
2018-02-08 05:00:00,2830,2704.16369047619,125.83630952381009,125.83630952381009
2018-02-08 06:00:00,5449,5482.8521666666675,-33.85216666666747,33.85216666666747
2018-02-08 07:00:00,5954,6160.003166666666,-206.0031666666664,206.0031666666664
2018-02-08 08:00:00,5395,5717.754916666666,-322.75491666666585,322.75491666666585
2018-02-08 09:00:00,5192,5104.367238095237,87.63276190476336,87.63276190476336
2018-02-08 09:00:00,5192,4995.913595238093,196.08640476190703,196.08640476190703
2018-02-08 10:00:00,4477,4422.009666666666,54.99033333333409,54.99033333333409
2018-02-08 10:00:00,4477,4311.833833333333,165.16616666666687,165.16616666666687
2018-02-08 11:00:00,4686,4745.239162698412,-59.23916269841175,59.23916269841175
2018-02-08 12:00:00,4896,4881.6111190476195,14.388880952380532,14.388880952380532
2018-02-08 13:00:00,4907,4964.517591269842,-57.51759126984234,57.51759126984234
2018-02-08 14:00:00,4988,5199.724952380954,-211.72495238095416,211.72495238095416
2018-02-08 15:00:00,5852,5625.476607142858,226.52339285714243,226.52339285714243
2018-02-08 16:00:00,6883,6319.945749999998,563.054250000002,563.054250000002
2018-02-08 17:00:00,6278,6424.483142857143,-146.48314285714332,146.48314285714332
2018-02-08 18:00:00,4550,4690.1861547619055,-140.18615476190553,140.18615476190553
2018-02-08 19:00:00,3494,3348.442011904762,145.55798809523822,145.55798809523822
2018-02-08 20:00:00,3094,2999.329619047619,94.67038095238104,94.67038095238104
2018-02-08 21:00:00,3530,2964.170416666667,565.8295833333332,565.8295833333332
2018-02-08 22:00:00,3197,3061.5996785714287,135.40032142857126,135.40032142857126
2018-02-08 23:00:00,1305,1577.9199682539684,-272.91996825396836,272.91996825396836
2018-02-08 23:00:00,1305,1104.8364761904763,200.16352380952367,200.16352380952367
2018-02-09 00:00:00,660,685.5794166666665,-25.579416666666475,25.579416666666475
2018-02-09 01:00:00,389,382.1366944444445,6.863305555555485,6.863305555555485
2018-02-09 02:00:00,287,325.99909523809526,-38.999095238095265,38.999095238095265
2018-02-09 03:00:00,340,337.04923015873015,2.950769841269846,2.950769841269846
2018-02-09 04:00:00,826,766.2997182539679,59.70028174603215,59.70028174603215
2018-02-09 05:00:00,2651,2578.3314642857144,72.66853571428555,72.66853571428555
2018-02-09 06:00:00,5319,5382.14025,-63.14025000000038,63.14025000000038
2018-02-09 07:00:00,6499,6150.520091269839,348.4799087301608,348.4799087301608
2018-02-09 08:00:00,5467,5745.251297979796,-278.2512979797957,278.2512979797957
2018-02-09 09:00:00,4975,5073.63425,-98.63425000000007,98.63425000000007
2018-02-09 10:00:00,4513,4554.061964285714,-41.06196428571366,41.06196428571366
2018-02-09 11:00:00,4913,4832.8208888888885,80.17911111111152,80.17911111111152
2018-02-09 12:00:00,5335,5231.19544047619,103.80455952380998,103.80455952380998
2018-02-09 13:00:00,5340,5316.277440476194,23.722559523806012,23.722559523806012
2018-02-09 14:00:00,5429,5608.285702380951,-179.28570238095108,179.28570238095108
2018-02-09 15:00:00,5861,5946.947255411254,-85.94725541125445,85.94725541125445
2018-02-09 16:00:00,6347,6439.446023809525,-92.44602380952529,92.44602380952529
2018-02-09 17:00:00,5833,5871.182380952382,-38.18238095238212,38.18238095238212
2018-02-09 18:00:00,5021,4752.2208571428555,268.7791428571445,268.7791428571445
2018-02-09 19:00:00,3804,3710.6597857142856,93.34021428571441,93.34021428571441
2018-02-09 20:00:00,3095,3090.6089682539687,4.391031746031331,4.391031746031331
2018-02-09 21:00:00,3092,3093.635083333334,-1.6350833333340233,1.6350833333340233
2018-02-09 22:00:00,2485,2741.0839880952385,-256.0839880952385,256.0839880952385
2018-02-09 23:00:00,2126,1742.2064166666667,383.79358333333334,383.79358333333334
2018-02-10 00:00:00,1102,1203.6060079365077,-101.6060079365077,101.6060079365077
2018-02-10 01:00:00,603,681.4462142857144,-78.4462142857144,78.4462142857144
2018-02-10 02:00:00,438,483.0669047619047,-45.06690476190471,45.06690476190471
2018-02-10 03:00:00,330,365.95575,-35.95575000000002,35.95575000000002
2018-02-10 04:00:00,389,328.96392857142854,60.03607142857146,60.03607142857146
2018-02-10 05:00:00,688,677.7495,10.250499999999988,10.250499999999988
2018-02-10 06:00:00,1164,1200.3109285714286,-36.310928571428576,36.310928571428576
2018-02-10 07:00:00,1911,1754.8587619047614,156.14123809523858,156.14123809523858
2018-02-10 08:00:00,3115,2697.4577142857142,417.54228571428575,417.54228571428575
2018-02-10 09:00:00,3653,3703.562714285716,-50.56271428571608,50.56271428571608
2018-02-10 10:00:00,4161,4088.3884404761907,72.61155952380932,72.61155952380932
2018-02-10 11:00:00,4514,4394.641738095238,119.358261904762,119.358261904762
2018-02-10 12:00:00,5237,4967.793952380953,269.20604761904724,269.20604761904724
2018-02-10 13:00:00,4925,5073.751666666668,-148.75166666666792,148.75166666666792
2018-02-10 14:00:00,5173,4590.845186507935,582.1548134920649,582.1548134920649
2018-02-10 15:00:00,5030,4562.884702380953,467.11529761904694,467.11529761904694
2018-02-10 16:00:00,4841,4602.893166666667,238.10683333333327,238.10683333333327
2018-02-10 17:00:00,4808,4648.102666666667,159.89733333333334,159.89733333333334
2018-02-10 18:00:00,4803,4574.34375,228.65625,228.65625
2018-02-10 19:00:00,4346,3846.3307619047596,499.6692380952404,499.6692380952404
2018-02-10 20:00:00,3448,3338.713166666668,109.2868333333322,109.2868333333322
2018-02-10 21:00:00,3962,3443.2339523809533,518.7660476190467,518.7660476190467
2018-02-10 22:00:00,4180,3479.309551587301,700.690448412699,700.690448412699
2018-02-10 23:00:00,2459,2143.8954523809525,315.1045476190475,315.1045476190475
2018-02-11 00:00:00,1367,1186.0313888888893,180.9686111111107,180.9686111111107
2018-02-11 01:00:00,761,928.3517619047618,-167.35176190476182,167.35176190476182
2018-02-11 02:00:00,488,606.7071666666667,-118.7071666666667,118.7071666666667
2018-02-11 03:00:00,302,328.16073412698415,-26.160734126984153,26.160734126984153
2018-02-11 04:00:00,254,261.4696666666667,-7.469666666666683,7.469666666666683
2018-02-11 05:00:00,431,433.64051190476204,-2.640511904762036,2.640511904762036
2018-02-11 06:00:00,789,740.6859682539683,48.314031746031674,48.314031746031674
2018-02-11 07:00:00,1607,1046.9153333333334,560.0846666666666,560.0846666666666
2018-02-11 08:00:00,2817,2222.382926406927,594.6170735930732,594.6170735930732
2018-02-11 09:00:00,3358,3611.170476190476,-253.17047619047617,253.17047619047617
2018-02-11 10:00:00,3869,3687.0739047619045,181.9260952380955,181.9260952380955
2018-02-11 11:00:00,4223,4276.75838095238,-53.75838095238032,53.75838095238032
2018-02-11 12:00:00,4950,4517.599063852814,432.40093614718626,432.40093614718626
2018-02-11 13:00:00,4637,4805.091440476189,-168.09144047618884,168.09144047618884
2018-02-11 14:00:00,4886,4735.059142857144,150.94085714285575,150.94085714285575
2018-02-11 15:00:00,4629,4680.942186507936,-51.94218650793573,51.94218650793573
2018-02-11 16:00:00,4678,4682.641626623377,-4.641626623377306,4.641626623377306
2018-02-11 17:00:00,4276,4401.772976190477,-125.77297619047658,125.77297619047658
2018-02-11 18:00:00,3846,3680.692476190475,165.3075238095248,165.3075238095248
2018-02-11 19:00:00,2903,3491.495690476189,-588.4956904761889,588.4956904761889
2018-02-11 20:00:00,2435,2397.398190476191,37.60180952380915,37.60180952380915
2018-02-11 21:00:00,1902,2089.8460000000005,-187.84600000000046,187.84600000000046
2018-02-11 22:00:00,1372,1484.7383928571426,-112.73839285714257,112.73839285714257
2018-02-11 23:00:00,865,987.7983214285714,-122.7983214285714,122.7983214285714
2018-02-12 00:00:00,502,461.04440476190473,40.95559523809527,40.95559523809527
2018-02-12 01:00:00,286,295.36137301587297,-9.36137301587297,9.36137301587297
2018-02-12 02:00:00,230,238.74971428571433,-8.749714285714333,8.749714285714333
2018-02-12 03:00:00,311,313.95123412698405,-2.9512341269840476,2.9512341269840476
2018-02-12 04:00:00,809,785.3970476190476,23.602952380952388,23.602952380952388
2018-02-12 05:00:00,2735,2676.261523809523,58.73847619047683,58.73847619047683
2018-02-12 06:00:00,5454,5318.120757936507,135.8792420634927,135.8792420634927
2018-02-12 07:00:00,6107,6249.376809523808,-142.37680952380833,142.37680952380833
2018-02-12 08:00:00,5876,5532.090214285714,343.90978571428604,343.90978571428604
2018-02-12 09:00:00,4941,4812.787178571427,128.21282142857308,128.21282142857308
2018-02-12 10:00:00,4307,4230.764011904762,76.2359880952381,76.2359880952381
2018-02-12 11:00:00,4367,4461.555226190477,-94.55522619047679,94.55522619047679
2018-02-12 12:00:00,4545,4416.514115079365,128.48588492063482,128.48588492063482
2018-02-12 13:00:00,4561,4708.240285714287,-147.24028571428698,147.24028571428698
2018-02-12 14:00:00,4998,4865.97530952381,132.0246904761898,132.0246904761898
2018-02-12 15:00:00,5525,5496.461261904761,28.53873809523884,28.53873809523884
2018-02-12 16:00:00,6459,6339.94388095238,119.05611904762009,119.05611904762009
2018-02-12 17:00:00,5852,6064.76107936508,-212.76107936508015,212.76107936508015
2018-02-12 18:00:00,4245,4218.235827922078,26.764172077922012,26.764172077922012
2018-02-12 19:00:00,3034,2905.9856904761905,128.01430952380952,128.01430952380952
2018-02-12 20:00:00,2498,2651.9630119047615,-153.96301190476152,153.96301190476152
2018-02-12 21:00:00,2055,2337.3217857142863,-282.3217857142863,282.3217857142863
2018-02-12 22:00:00,1440,1439.1763690476196,0.8236309523804266,0.8236309523804266
2018-02-12 23:00:00,934,979.0634642857142,-45.06346428571419,45.06346428571419
2018-02-13 00:00:00,498,515.9498928571428,-17.9498928571428,17.9498928571428
2018-02-13 01:00:00,300,308.77008730158724,-8.770087301587239,8.770087301587239
2018-02-13 02:00:00,225,238.50451190476196,-13.504511904761955,13.504511904761955
2018-02-13 03:00:00,368,328.5400079365079,39.45999206349211,39.45999206349211
2018-02-13 04:00:00,885,807.7998293650795,77.20017063492048,77.20017063492048
2018-02-13 05:00:00,2885,2744.646738095238,140.3532619047619,140.3532619047619
2018-02-13 06:00:00,5675,5716.022706349206,-41.02270634920569,41.02270634920569
2018-02-13 07:00:00,6585,6411.247500000001,173.7524999999987,173.7524999999987
2018-02-13 08:00:00,5915,5915.716876623375,-0.7168766233753558,0.7168766233753558
2018-02-13 09:00:00,5060,5050.328904761903,9.671095238097223,9.671095238097223
2018-02-13 10:00:00,4423,4344.53868037518,78.46131962482013,78.46131962482013
2018-02-13 11:00:00,4722,4607.798142857143,114.20185714285708,114.20185714285708
2018-02-13 12:00:00,4825,4871.212103174604,-46.212103174603726,46.212103174603726
2018-02-13 13:00:00,4762,4853.999666666665,-91.99966666666478,91.99966666666478
2018-02-13 14:00:00,5007,5133.059507936508,-126.05950793650845,126.05950793650845
2018-02-13 15:00:00,5647,5647.57942857143,-0.5794285714300713,0.5794285714300713
2018-02-13 16:00:00,6587,6467.327142857143,119.67285714285663,119.67285714285663
2018-02-13 17:00:00,6308,6163.890884920635,144.10911507936544,144.10911507936544
2018-02-13 18:00:00,4917,4556.473261904761,360.5267380952391,360.5267380952391
2018-02-13 19:00:00,3424,3310.3025238095233,113.69747619047666,113.69747619047666
2018-02-13 20:00:00,2979,2927.115765151516,51.884234848484084,51.884234848484084
2018-02-13 21:00:00,3680,2663.1232142857148,1016.8767857142852,1016.8767857142852
2018-02-13 22:00:00,2908,2807.501,100.4989999999998,100.4989999999998
2018-02-13 23:00:00,1107,1167.4666785714285,-60.466678571428474,60.466678571428474
2018-02-14 00:00:00,597,606.8998571428573,-9.899857142857286,9.899857142857286
2018-02-14 01:00:00,345,362.88451190476195,-17.88451190476195,17.88451190476195
2018-02-14 02:00:00,283,257.94132142857137,25.05867857142863,25.05867857142863
2018-02-14 03:00:00,348,336.9885793650795,11.011420634920512,11.011420634920512
2018-02-14 03:00:00,348,356.383246031746,-8.383246031746012,8.383246031746012
2018-02-14 04:00:00,882,837.3373968253968,44.66260317460319,44.66260317460319
2018-02-14 04:00:00,882,880.8402619047622,1.159738095237799,1.159738095237799
2018-02-14 05:00:00,2837,2756.3253571428572,80.67464285714277,80.67464285714277
2018-02-14 05:00:00,2837,2838.550083333334,-1.550083333333987,1.550083333333987
2018-02-14 06:00:00,5402,5652.494825396825,-250.49482539682504,250.49482539682504
2018-02-14 07:00:00,5826,6232.023083333333,-406.0230833333326,406.0230833333326
2018-02-14 07:00:00,5826,6702.295865079364,-876.2958650793644,876.2958650793644
2018-02-14 08:00:00,5572,5786.358166666667,-214.35816666666688,214.35816666666688
2018-02-14 09:00:00,5194,5005.731035714285,188.2689642857149,188.2689642857149
2018-02-14 10:00:00,4766,4349.738214285715,416.261785714285,416.261785714285
2018-02-14 11:00:00,4842,4909.2925476190485,-67.29254761904849,67.29254761904849
2018-02-14 12:00:00,4975,4978.519182539683,-3.519182539683243,3.519182539683243
2018-02-14 13:00:00,5027,4954.71728968254,72.28271031746044,72.28271031746044
2018-02-14 14:00:00,5221,5375.646357142856,-154.64635714285578,154.64635714285578
2018-02-14 15:00:00,5696,5759.271976190475,-63.27197619047456,63.27197619047456
2018-02-14 16:00:00,6660,6532.365845238094,127.63415476190585,127.63415476190585
2018-02-14 17:00:00,6154,6275.4739285714295,-121.4739285714295,121.4739285714295
2018-02-14 18:00:00,4607,4529.144265873016,77.85573412698432,77.85573412698432
2018-02-14 19:00:00,3268,3310.9734761904756,-42.973476190475594,42.973476190475594
2018-02-14 20:00:00,2775,2982.733619047618,-207.73361904761805,207.73361904761805
2018-02-14 21:00:00,2493,2631.046095238095,-138.04609523809495,138.04609523809495
2018-02-14 22:00:00,1772,1878.6748333333328,-106.6748333333328,106.6748333333328
2018-02-14 23:00:00,1122,1200.9365833333336,-78.9365833333336,78.9365833333336
2018-02-15 00:00:00,639,639.7724642857144,-0.7724642857143635,0.7724642857143635
2018-02-15 01:00:00,353,390.52086904761904,-37.520869047619044,37.520869047619044
2018-02-15 02:00:00,253,260.7237857142858,-7.723785714285782,7.723785714285782
2018-02-15 03:00:00,353,349.86955555555556,3.1304444444444357,3.1304444444444357
2018-02-15 04:00:00,889,840.1934166666667,48.806583333333265,48.806583333333265
2018-02-15 05:00:00,2862,2756.8629999999994,105.13700000000063,105.13700000000063
2018-02-15 06:00:00,5454,5790.143123015872,-336.14312301587233,336.14312301587233
2018-02-15 07:00:00,6174,6261.050730158731,-87.05073015873131,87.05073015873131
2018-02-15 08:00:00,5488,5695.463888888887,-207.4638888888867,207.4638888888867
2018-02-15 09:00:00,5630,5041.836035714285,588.1639642857153,588.1639642857153
2018-02-15 10:00:00,4508,4571.526468253966,-63.526468253966414,63.526468253966414
2018-02-15 11:00:00,4644,4799.557119047619,-155.55711904761938,155.55711904761938
2018-02-15 12:00:00,5034,4889.932595238097,144.06740476190316,144.06740476190316
2018-02-15 13:00:00,4960,5058.542119047618,-98.54211904761814,98.54211904761814
2018-02-15 14:00:00,5248,5324.285579365079,-76.28557936507877,76.28557936507877
2018-02-15 15:00:00,5844,5778.9243809523805,65.07561904761951,65.07561904761951
2018-02-15 16:00:00,6807,6749.64219047619,57.35780952380992,57.35780952380992
2018-02-15 17:00:00,6262,6379.0600396825375,-117.06003968253754,117.06003968253754
2018-02-15 18:00:00,4982,4667.154642857143,314.8453571428572,314.8453571428572
2018-02-15 19:00:00,3463,3568.901976190477,-105.90197619047694,105.90197619047694
2018-02-15 20:00:00,3144,2895.04575,248.95424999999977,248.95424999999977
2018-02-15 21:00:00,3916,3042.9233571428567,873.0766428571433,873.0766428571433
2018-02-15 22:00:00,2674,3388.2234523809534,-714.2234523809534,714.2234523809534
2018-02-15 23:00:00,1179,1722.000857142857,-543.0008571428571,543.0008571428571
2018-02-15 23:00:00,1179,1026.632488095238,152.36751190476207,152.36751190476207
2018-02-16 00:00:00,674,678.8508650793651,-4.850865079365121,4.850865079365121
2018-02-16 01:00:00,387,402.6045,-15.604499999999973,15.604499999999973
2018-02-16 02:00:00,273,311.6994761904762,-38.69947619047622,38.69947619047622
2018-02-16 03:00:00,369,347.70744047619047,21.29255952380953,21.29255952380953
2018-02-16 04:00:00,831,826.6450476190477,4.354952380952341,4.354952380952341
2018-02-16 05:00:00,2676,2577.9493452380957,98.0506547619043,98.0506547619043
2018-02-16 06:00:00,5122,5459.768619047618,-337.7686190476179,337.7686190476179
2018-02-16 07:00:00,6444,6001.866869047621,442.13313095237936,442.13313095237936
2018-02-16 08:00:00,5589,5736.953869047617,-147.95386904761745,147.95386904761745
2018-02-16 09:00:00,4764,5046.027793650793,-282.0277936507928,282.0277936507928
2018-02-16 10:00:00,4646,4298.75555952381,347.24444047619,347.24444047619
2018-02-16 11:00:00,4947,5075.3511071428575,-128.35110714285747,128.35110714285747
2018-02-16 12:00:00,5337,5212.646972222221,124.35302777777906,124.35302777777906
2018-02-16 13:00:00,5333,5312.189055555557,20.81094444444261,20.81094444444261
2018-02-16 14:00:00,5224,5603.433702380952,-379.4337023809521,379.4337023809521
2018-02-16 15:00:00,5921,5656.502095238095,264.4979047619054,264.4979047619054
2018-02-16 16:00:00,6371,6266.616619047621,104.38338095237941,104.38338095237941
2018-02-16 17:00:00,5731,5994.119571428569,-263.11957142856863,263.11957142856863
2018-02-16 18:00:00,4896,4708.255103174603,187.7448968253966,187.7448968253966
2018-02-16 19:00:00,3687,3692.723785714284,-5.723785714284077,5.723785714284077
2018-02-16 20:00:00,3027,3045.702706349207,-18.702706349206892,18.702706349206892
2018-02-16 21:00:00,2903,3043.6743809523823,-140.6743809523823,140.6743809523823
2018-02-16 22:00:00,2591,2693.1090476190475,-102.10904761904749,102.10904761904749
2018-02-16 23:00:00,1725,1866.379857142857,-141.37985714285696,141.37985714285696
2018-02-17 00:00:00,1068,1102.458595238095,-34.458595238095086,34.458595238095086
2018-02-17 01:00:00,661,687.7100714285714,-26.710071428571382,26.710071428571382
2018-02-17 02:00:00,538,552.3773214285715,-14.377321428571463,14.377321428571463
2018-02-17 03:00:00,352,363.2856190476191,-11.285619047619093,11.285619047619093
2018-02-17 04:00:00,386,370.37749999999994,15.62250000000006,15.62250000000006
2018-02-17 05:00:00,627,668.0795079365078,-41.07950793650775,41.07950793650775
2018-02-17 06:00:00,1226,1117.5239761904763,108.47602380952367,108.47602380952367
2018-02-17 07:00:00,1831,2011.5585357142852,-180.5585357142852,180.5585357142852
2018-02-17 08:00:00,2826,2579.4606666666664,246.53933333333362,246.53933333333362
2018-02-17 08:00:00,2826,3107.7349365079363,-281.73493650793625,281.73493650793625
2018-02-17 09:00:00,3514,3300.135785714285,213.8642142857152,213.8642142857152
2018-02-17 09:00:00,3514,3873.1442857142865,-359.1442857142865,359.1442857142865
2018-02-17 10:00:00,3977,3804.286825396826,172.71317460317414,172.71317460317414
2018-02-17 11:00:00,4526,4312.76859920635,213.2314007936502,213.2314007936502
2018-02-17 12:00:00,4933,4917.620238095239,15.379761904760926,15.379761904760926
2018-02-17 13:00:00,4792,4999.580412698412,-207.58041269841215,207.58041269841215
2018-02-17 14:00:00,4881,4902.941428571427,-21.941428571427423,21.941428571427423
2018-02-17 15:00:00,4912,4823.675952380952,88.32404761904763,88.32404761904763
2018-02-17 16:00:00,5935,4846.429571428571,1088.5704285714291,1088.5704285714291
2018-02-17 17:00:00,4550,5286.800861111111,-736.8008611111109,736.8008611111109
2018-02-17 18:00:00,4284,4206.952761904764,77.04723809523603,77.04723809523603
2018-02-17 19:00:00,3489,3501.243630952382,-12.243630952381864,12.243630952381864
2018-02-17 20:00:00,2947,2982.9107499999996,-35.91074999999955,35.91074999999955
2018-02-17 21:00:00,3089,3013.38715079365,75.61284920634989,75.61284920634989
2018-02-17 22:00:00,2945,2942.8321666666666,2.1678333333334194,2.1678333333334194
2018-02-17 23:00:00,1858,2113.1000992063487,-255.10009920634866,255.10009920634866
2018-02-18 00:00:00,1169,1296.3592261904755,-127.35922619047551,127.35922619047551
2018-02-18 01:00:00,733,721.2295357142855,11.770464285714525,11.770464285714525
2018-02-18 02:00:00,593,573.4719404761905,19.528059523809475,19.528059523809475
2018-02-18 03:00:00,302,368.30499999999984,-66.30499999999984,66.30499999999984
2018-02-18 04:00:00,284,254.6653809523809,29.3346190476191,29.3346190476191
2018-02-18 05:00:00,444,449.55708658008666,-5.557086580086661,5.557086580086661
2018-02-18 06:00:00,742,741.165023809524,0.8349761904760271,0.8349761904760271
2018-02-18 07:00:00,1210,1077.284904761905,132.71509523809505,132.71509523809505
2018-02-18 08:00:00,1889,1996.152428571429,-107.15242857142903,107.15242857142903
2018-02-18 09:00:00,2567,2812.650392857143,-245.65039285714283,245.65039285714283
2018-02-18 10:00:00,3505,2991.541182539682,513.4588174603182,513.4588174603182
2018-02-18 11:00:00,3826,3802.888452380952,23.111547619047997,23.111547619047997
2018-02-18 12:00:00,4279,4365.229404761904,-86.22940476190433,86.22940476190433
2018-02-18 13:00:00,4388,4406.197309523809,-18.197309523809054,18.197309523809054
2018-02-18 14:00:00,4263,4444.029301587299,-181.02930158729941,181.02930158729941
2018-02-18 15:00:00,4343,4363.671428571429,-20.671428571428805,20.671428571428805
2018-02-18 16:00:00,4424,4433.195547619048,-9.19554761904783,9.19554761904783
2018-02-18 17:00:00,4136,4117.1436309523815,18.8563690476185,18.8563690476185
2018-02-18 18:00:00,3587,3752.590428571429,-165.59042857142913,165.59042857142913
2018-02-18 19:00:00,3038,3018.8400952380953,19.159904761904727,19.159904761904727
2018-02-18 20:00:00,2522,2646.8866082251084,-124.88660822510838,124.88660822510838
2018-02-18 21:00:00,2044,2330.9936031746033,-286.9936031746033,286.9936031746033
2018-02-18 22:00:00,1637,1569.5134761904756,67.48652380952444,67.48652380952444
2018-02-18 23:00:00,1152,1270.1585952380951,-118.15859523809513,118.15859523809513
2018-02-19 00:00:00,623,650.8405476190477,-27.840547619047697,27.840547619047697
2018-02-19 01:00:00,360,383.16529761904764,-23.165297619047635,23.165297619047635
2018-02-19 02:00:00,281,276.04726190476197,4.952738095238033,4.952738095238033
2018-02-19 03:00:00,340,332.044130952381,7.9558690476189895,7.9558690476189895
2018-02-19 04:00:00,781,795.5074007936507,-14.507400793650731,14.507400793650731
2018-02-19 05:00:00,2432,2534.399321428571,-102.39932142857106,102.39932142857106
2018-02-19 06:00:00,4228,5223.5123571428585,-995.5123571428585,995.5123571428585
2018-02-19 07:00:00,4740,4327.711107142857,412.28889285714286,412.28889285714286
2018-02-19 08:00:00,3905,4348.8265714285735,-443.8265714285735,443.8265714285735
2018-02-19 09:00:00,3344,3771.6706435786436,-427.67064357864365,427.67064357864365
2018-02-19 09:00:00,3344,3663.8592499999995,-319.8592499999995,319.8592499999995
2018-02-19 09:00:00,3344,3390.1573690476175,-46.15736904761752,46.15736904761752
2018-02-19 09:00:00,3344,3475.326202380951,-131.32620238095114,131.32620238095114
2018-02-19 10:00:00,3226,3573.701988095239,-347.7019880952389,347.7019880952389
2018-02-19 10:00:00,3226,3429.0825000000004,-203.08250000000044,203.08250000000044
2018-02-19 11:00:00,3239,3529.411714285716,-290.4117142857158,290.4117142857158
2018-02-19 11:00:00,3239,3586.23065873016,-347.23065873016003,347.23065873016003
2018-02-19 12:00:00,3484,3513.658023809524,-29.65802380952391,29.65802380952391
2018-02-19 12:00:00,3484,3667.492511904761,-183.49251190476116,183.49251190476116
2018-02-19 13:00:00,3450,3675.082619047619,-225.08261904761912,225.08261904761912
2018-02-19 13:00:00,3450,3616.830404761905,-166.8304047619049,166.8304047619049
2018-02-19 14:00:00,3490,3652.2380476190483,-162.2380476190483,162.2380476190483
2018-02-19 14:00:00,3490,3645.3187857142857,-155.3187857142857,155.3187857142857
2018-02-19 14:00:00,3490,3699.597952380953,-209.59795238095285,209.59795238095285
2018-02-19 15:00:00,3426,3672.453666666667,-246.45366666666678,246.45366666666678
2018-02-19 15:00:00,3426,3665.7309999999998,-239.73099999999977,239.73099999999977
2018-02-19 16:00:00,3682,3564.2851309523808,117.71486904761923,117.71486904761923
2018-02-19 16:00:00,3682,3773.123107142857,-91.12310714285695,91.12310714285695
2018-02-19 17:00:00,3585,3356.1310317460325,228.86896825396752,228.86896825396752
2018-02-19 17:00:00,3585,3338.707238095238,246.29276190476185,246.29276190476185
2018-02-19 18:00:00,2659,3017.9607738095237,-358.96077380952374,358.96077380952374
2018-02-19 18:00:00,2659,2354.1031825396835,304.89681746031647,304.89681746031647
2018-02-19 19:00:00,2087,2510.5394126984124,-423.53941269841243,423.53941269841243
2018-02-19 19:00:00,2087,1819.2656269841268,267.7343730158732,267.7343730158732
2018-02-19 20:00:00,1821,1947.0288650793652,-126.02886507936523,126.02886507936523
2018-02-19 20:00:00,1821,1747.154261904762,73.84573809523795,73.84573809523795
2018-02-19 21:00:00,1593,1712.1043333333332,-119.10433333333322,119.10433333333322
2018-02-19 21:00:00,1593,1586.851547619048,6.148452380951994,6.148452380951994
2018-02-19 22:00:00,1354,1350.8579603174603,3.1420396825396892,3.1420396825396892
2018-02-19 22:00:00,1354,1329.1715714285715,24.828428571428503,24.828428571428503
2018-02-19 23:00:00,817,975.4237142857143,-158.42371428571425,158.42371428571425
2018-02-20 00:00:00,434,507.48107142857145,-73.48107142857145,73.48107142857145
2018-02-20 00:00:00,434,438.5898253968254,-4.589825396825404,4.589825396825404
2018-02-20 01:00:00,269,322.29827380952383,-53.298273809523835,53.298273809523835
2018-02-20 02:00:00,234,244.05433333333326,-10.054333333333261,10.054333333333261
2018-02-20 03:00:00,342,336.37379761904776,5.626202380952236,5.626202380952236
2018-02-20 03:00:00,342,327.485992063492,14.514007936507994,14.514007936507994
2018-02-20 04:00:00,825,849.2753333333333,-24.275333333333265,24.275333333333265
2018-02-20 04:00:00,825,835.5480515873014,-10.548051587301416,10.548051587301416
2018-02-20 05:00:00,2690,2590.4955238095245,99.50447619047554,99.50447619047554
2018-02-20 05:00:00,2690,2692.872036796537,-2.8720367965370315,2.8720367965370315
2018-02-20 06:00:00,4705,5434.157476190475,-729.1574761904749,729.1574761904749
2018-02-20 06:00:00,4705,5061.1114285714275,-356.1114285714275,356.1114285714275
2018-02-20 07:00:00,4844,5206.691023809523,-362.69102380952336,362.69102380952336
2018-02-20 07:00:00,4844,5303.675964285714,-459.67596428571414,459.67596428571414
2018-02-20 08:00:00,4738,4926.252738095238,-188.25273809523787,188.25273809523787
2018-02-20 09:00:00,4707,4642.151214285715,64.84878571428544,64.84878571428544
2018-02-20 09:00:00,4707,4559.367357142857,147.63264285714286,147.63264285714286
2018-02-20 10:00:00,4062,4172.637642857142,-110.63764285714205,110.63764285714205
2018-02-20 10:00:00,4062,3973.3084047619054,88.69159523809458,88.69159523809458
2018-02-20 10:00:00,4062,3953.0756547619053,108.9243452380947,108.9243452380947
2018-02-20 11:00:00,4058,4313.254960317458,-255.25496031745843,255.25496031745843
2018-02-20 11:00:00,4058,4355.693484126984,-297.693484126984,297.693484126984
2018-02-20 12:00:00,4407,4368.147246031746,38.85275396825364,38.85275396825364
2018-02-20 13:00:00,4439,4525.0133690476205,-86.01336904762047,86.01336904762047
2018-02-20 14:00:00,4786,4708.296285714285,77.70371428571525,77.70371428571525
2018-02-20 15:00:00,5620,5438.132630952381,181.86736904761892,181.86736904761892
2018-02-20 16:00:00,6471,6406.578166666668,64.42183333333196,64.42183333333196
2018-02-20 17:00:00,5888,6106.360214285715,-218.3602142857153,218.3602142857153
2018-02-20 18:00:00,4226,4359.718035714284,-133.71803571428427,133.71803571428427
2018-02-20 19:00:00,3012,2974.8889285714295,37.11107142857054,37.11107142857054
2018-02-20 20:00:00,2601,2717.5117579365074,-116.51175793650737,116.51175793650737
2018-02-20 21:00:00,2591,2368.9973174603174,222.0026825396826,222.0026825396826
2018-02-20 22:00:00,1592,2004.627575396825,-412.627575396825,412.627575396825
2018-02-20 23:00:00,965,1031.8982352092355,-66.89823520923551,66.89823520923551
2018-02-21 00:00:00,516,554.5530079365078,-38.55300793650781,38.55300793650781
2018-02-21 01:00:00,359,335.9812142857143,23.018785714285684,23.018785714285684
2018-02-21 02:00:00,237,272.44039285714297,-35.44039285714297,35.44039285714297
2018-02-21 03:00:00,354,321.9272160894661,32.07278391053387,32.07278391053387
2018-02-21 04:00:00,886,860.3818492063494,25.618150793650557,25.618150793650557
2018-02-21 05:00:00,2858,2775.5940714285707,82.40592857142929,82.40592857142929
2018-02-21 06:00:00,5569,5644.003964285715,-75.00396428571457,75.00396428571457
2018-02-21 07:00:00,6045,6348.7205,-303.72050000000036,303.72050000000036
2018-02-21 08:00:00,5638,5594.5230714285735,43.47692857142647,43.47692857142647
2018-02-21 09:00:00,5062,4981.685666666666,80.3143333333337,80.3143333333337
2018-02-21 10:00:00,4553,4334.028285714287,218.97171428571255,218.97171428571255
2018-02-21 11:00:00,4837,4698.519500000002,138.48049999999785,138.48049999999785
2018-02-21 12:00:00,5091,4945.691761904764,145.30823809523645,145.30823809523645
2018-02-21 13:00:00,4632,5124.1028809523805,-492.1028809523805,492.1028809523805
2018-02-21 14:00:00,5130,5075.371095238095,54.62890476190478,54.62890476190478
2018-02-21 15:00:00,5364,5648.286277777777,-284.2862777777773,284.2862777777773
2018-02-21 16:00:00,6795,6350.507964285715,444.4920357142846,444.4920357142846
2018-02-21 17:00:00,6282,6451.801742063493,-169.8017420634933,169.8017420634933
2018-02-21 18:00:00,4583,4638.633488095238,-55.633488095238135,55.633488095238135
2018-02-21 19:00:00,3356,3248.755916666666,107.24408333333395,107.24408333333395
2018-02-21 20:00:00,2959,2891.039035714286,67.960964285714,67.960964285714
2018-02-21 21:00:00,2471,2778.030039682539,-307.03003968253915,307.03003968253915
2018-02-21 22:00:00,1749,2002.3325238095242,-253.33252380952422,253.33252380952422
2018-02-21 23:00:00,1029,1210.7623888888893,-181.7623888888893,181.7623888888893
2018-02-22 00:00:00,528,557.3372777777777,-29.337277777777672,29.337277777777672
2018-02-22 01:00:00,338,339.71642063492067,-1.7164206349206665,1.7164206349206665
2018-02-22 02:00:00,245,251.41,-6.409999999999997,6.409999999999997
2018-02-22 03:00:00,339,336.4664880952381,2.5335119047618946,2.5335119047618946
2018-02-22 04:00:00,853,861.7918730158729,-8.791873015872852,8.791873015872852
2018-02-22 05:00:00,2854,2665.1059523809527,188.89404761904734,188.89404761904734
2018-02-22 06:00:00,5466,5703.617607142858,-237.6176071428581,237.6176071428581
2018-02-22 07:00:00,6559,6167.453642135642,391.54635786435756,391.54635786435756
2018-02-22 08:00:00,5837,5881.644733766234,-44.64473376623391,44.64473376623391
2018-02-22 09:00:00,5428,5098.885285714286,329.1147142857144,329.1147142857144
2018-02-22 10:00:00,4827,4530.7516428571425,296.24835714285746,296.24835714285746
2018-02-22 11:00:00,5108,5007.824325396826,100.17567460317423,100.17567460317423
2018-02-22 12:00:00,4980,5058.266464285715,-78.2664642857153,78.2664642857153
2018-02-22 13:00:00,5174,4962.415559523809,211.58444047619105,211.58444047619105
2018-02-22 14:00:00,5353,5414.484976190475,-61.48497619047521,61.48497619047521
2018-02-22 15:00:00,6263,5794.752357142856,468.24764285714355,468.24764285714355
2018-02-22 16:00:00,6902,6787.791249999998,114.2087500000016,114.2087500000016
2018-02-22 17:00:00,5900,6353.4816666666675,-453.4816666666675,453.4816666666675
2018-02-22 18:00:00,4514,4426.744079365079,87.25592063492059,87.25592063492059
2018-02-22 19:00:00,3048,3330.2707499999983,-282.2707499999983,282.2707499999983
2018-02-22 20:00:00,2736,2818.455214285715,-82.4552142857151,82.4552142857151
2018-02-22 20:00:00,2736,2656.515603174603,79.4843968253972,79.4843968253972
2018-02-22 21:00:00,2247,2672.8694047619047,-425.86940476190466,425.86940476190466
2018-02-22 21:00:00,2247,2211.276619047619,35.72338095238092,35.72338095238092
2018-02-22 22:00:00,1905,1980.8398174603174,-75.83981746031736,75.83981746031736
2018-02-22 22:00:00,1905,1684.886833333333,220.11316666666698,220.11316666666698
2018-02-22 23:00:00,1372,1392.2404761904763,-20.24047619047633,20.24047619047633
2018-02-22 23:00:00,1372,1068.633642857143,303.36635714285694,303.36635714285694
2018-02-22 23:00:00,1372,1129.6489047619048,242.35109523809524,242.35109523809524
2018-02-23 00:00:00,632,699.6224761904762,-67.62247619047616,67.62247619047616
2018-02-23 00:00:00,632,613.1137063492065,18.886293650793505,18.886293650793505
2018-02-23 00:00:00,632,613.0503730158731,18.949626984126894,18.949626984126894
2018-02-23 01:00:00,390,381.0737936507937,8.926206349206325,8.926206349206325
2018-02-23 01:00:00,390,370.5369523809523,19.4630476190477,19.4630476190477
2018-02-23 01:00:00,390,373.4704761904762,16.529523809523823,16.529523809523823
2018-02-23 02:00:00,309,329.09530952380965,-20.095309523809647,20.095309523809647
2018-02-23 02:00:00,309,313.5212976190476,-4.521297619047573,4.521297619047573
2018-02-23 03:00:00,368,324.789246031746,43.21075396825398,43.21075396825398
2018-02-23 03:00:00,368,372.27197619047604,-4.271976190476039,4.271976190476039
2018-02-23 04:00:00,830,811.5379404761907,18.46205952380933,18.46205952380933
2018-02-23 04:00:00,830,847.4419523809526,-17.441952380952557,17.441952380952557
2018-02-23 05:00:00,2451,2556.9448809523815,-105.94488095238148,105.94488095238148
2018-02-23 05:00:00,2451,2459.9832499999998,-8.98324999999977,8.98324999999977
2018-02-23 06:00:00,4627,5134.773119047618,-507.7731190476179,507.7731190476179
2018-02-23 06:00:00,4627,4963.617476190476,-336.6174761904758,336.6174761904758
2018-02-23 07:00:00,5240,5145.2641428571405,94.73585714285946,94.73585714285946
2018-02-23 07:00:00,5240,6095.707896825396,-855.7078968253963,855.7078968253963
2018-02-23 08:00:00,4595,5235.9153809523805,-640.9153809523805,640.9153809523805
2018-02-23 09:00:00,4413,4577.431928571429,-164.43192857142913,164.43192857142913
2018-02-23 10:00:00,4140,4245.740969696971,-105.74096969697075,105.74096969697075
2018-02-23 11:00:00,4183,4361.762559523809,-178.7625595238087,178.7625595238087
2018-02-23 12:00:00,4732,4565.344119047619,166.65588095238127,166.65588095238127
2018-02-23 13:00:00,4786,4818.948119047619,-32.948119047619,32.948119047619
2018-02-23 14:00:00,5131,5101.80686904762,29.19313095237976,29.19313095237976
2018-02-23 15:00:00,5631,5681.253595238097,-50.25359523809675,50.25359523809675
2018-02-23 16:00:00,6368,6168.792523809523,199.20747619047688,199.20747619047688
2018-02-23 17:00:00,5681,5952.419523809524,-271.41952380952443,271.41952380952443
2018-02-23 18:00:00,4876,4673.379214285714,202.62078571428628,202.62078571428628
2018-02-23 19:00:00,3751,3531.565857142857,219.4341428571429,219.4341428571429
2018-02-23 20:00:00,3124,3105.2582261904754,18.741773809524602,18.741773809524602
2018-02-23 21:00:00,3015,3330.7239285714286,-315.7239285714286,315.7239285714286
2018-02-23 22:00:00,2528,2821.636015873016,-293.6360158730158,293.6360158730158
2018-02-23 23:00:00,2105,2033.357531746031,71.6424682539689,71.6424682539689
2018-02-23 23:00:00,2105,1636.4852619047615,468.5147380952385,468.5147380952385
2018-02-24 00:00:00,1043,1238.0807857142854,-195.0807857142854,195.0807857142854
2018-02-24 00:00:00,1043,925.3168095238095,117.68319047619048,117.68319047619048
2018-02-24 01:00:00,712,673.6428333333334,38.35716666666656,38.35716666666656
2018-02-24 01:00:00,712,614.9786666666666,97.02133333333336,97.02133333333336
2018-02-24 02:00:00,490,625.9840833333333,-135.98408333333327,135.98408333333327
2018-02-24 02:00:00,490,462.2505119047619,27.74948809523812,27.74948809523812
2018-02-24 02:00:00,490,448.63208333333336,41.367916666666645,41.367916666666645
2018-02-24 03:00:00,425,370.67116666666664,54.328833333333364,54.328833333333364
2018-02-24 03:00:00,425,403.15602380952373,21.84397619047627,21.84397619047627
2018-02-24 03:00:00,425,400.0063333333334,24.993666666666627,24.993666666666627
2018-02-24 04:00:00,404,439.5453452380954,-35.54534523809542,35.54534523809542
2018-02-24 04:00:00,404,448.8380119047618,-44.8380119047618,44.8380119047618
2018-02-24 05:00:00,676,686.4733333333332,-10.473333333333244,10.473333333333244
2018-02-24 05:00:00,676,788.3760476190477,-112.37604761904765,112.37604761904765
2018-02-24 05:00:00,676,836.1826904761905,-160.1826904761905,160.1826904761905
2018-02-24 06:00:00,1119,1184.4873888888887,-65.48738888888874,65.48738888888874
2018-02-24 06:00:00,1119,1452.9300436507938,-333.9300436507938,333.9300436507938
2018-02-24 06:00:00,1119,1298.2527738095237,-179.25277380952366,179.25277380952366
2018-02-24 07:00:00,1836,1425.128968253968,410.87103174603203,410.87103174603203
2018-02-24 07:00:00,1836,1968.8889206349213,-132.8889206349213,132.8889206349213
2018-02-24 07:00:00,1836,1947.685384920636,-111.6853849206359,111.6853849206359
2018-02-24 07:00:00,1836,1864.6738730158736,-28.673873015873596,28.673873015873596
2018-02-24 08:00:00,3018,2294.2647023809523,723.7352976190477,723.7352976190477
2018-02-24 08:00:00,3018,3646.035682539682,-628.035682539682,628.035682539682
2018-02-24 08:00:00,3018,3682.1085873015877,-664.1085873015877,664.1085873015877
2018-02-24 08:00:00,3018,3676.782492063492,-658.7824920634921,658.7824920634921
2018-02-24 09:00:00,3753,3479.693595238095,273.306404761905,273.306404761905
2018-02-24 09:00:00,3753,3796.740321428572,-43.74032142857186,43.74032142857186
2018-02-24 09:00:00,3753,3809.8619047619054,-56.86190476190541,56.86190476190541
2018-02-24 10:00:00,4373,3921.514666666668,451.48533333333216,451.48533333333216
2018-02-24 10:00:00,4373,4371.287976190477,1.7120238095230889,1.7120238095230889
2018-02-24 11:00:00,4487,4603.62871031746,-116.62871031745999,116.62871031745999
2018-02-24 12:00:00,4938,4788.427150793653,149.5728492063472,149.5728492063472
2018-02-24 12:00:00,4938,5140.281928571429,-202.28192857142858,202.28192857142858
2018-02-24 13:00:00,4744,4889.3795,-145.3795,145.3795
2018-02-24 13:00:00,4744,4680.936857142857,63.06314285714325,63.06314285714325
2018-02-24 14:00:00,4831,4636.930476190477,194.06952380952316,194.06952380952316
2018-02-24 15:00:00,3660,4794.50332142857,-1134.5033214285704,1134.5033214285704
2018-02-24 15:00:00,3660,3755.208047619047,-95.20804761904719,95.20804761904719
2018-02-24 15:00:00,3660,3718.7361904761906,-58.736190476190586,58.736190476190586
2018-02-24 16:00:00,3247,3677.7176904761895,-430.71769047618955,430.71769047618955
2018-02-24 16:00:00,3247,3087.7375833333317,159.2624166666683,159.2624166666683
2018-02-24 17:00:00,2709,2933.5660357142847,-224.56603571428468,224.56603571428468
2018-02-24 17:00:00,2709,2702.0664047619043,6.933595238095677,6.933595238095677
2018-02-24 18:00:00,2677,2666.2014206349204,10.798579365079604,10.798579365079604
2018-02-24 18:00:00,2677,2606.9967063492063,70.0032936507937,70.0032936507937
2018-02-24 19:00:00,2338,2642.1261547619047,-304.1261547619047,304.1261547619047
2018-02-24 19:00:00,2338,2332.943702380952,5.0562976190481095,5.0562976190481095
2018-02-24 19:00:00,2338,2331.3849523809517,6.615047619048255,6.615047619048255
2018-02-24 20:00:00,1520,2320.7491190476185,-800.7491190476185,800.7491190476185
2018-02-24 20:00:00,1520,1679.546611111111,-159.5466111111109,159.5466111111109
2018-02-24 21:00:00,1686,1689.0491111111107,-3.049111111110733,3.049111111110733
2018-02-24 21:00:00,1686,1740.1822976190472,-54.182297619047176,54.182297619047176
2018-02-24 21:00:00,1686,1811.8327142857138,-125.83271428571379,125.83271428571379
2018-02-24 22:00:00,1786,1586.433785714286,199.56621428571407,199.56621428571407
2018-02-24 22:00:00,1786,1698.5836666666667,87.41633333333334,87.41633333333334
2018-02-24 23:00:00,1162,1548.7963412698412,-386.79634126984115,386.79634126984115
2018-02-24 23:00:00,1162,1151.593226190476,10.406773809524111,10.406773809524111
2018-02-25 00:00:00,779,1107.4140000000004,-328.41400000000044,328.41400000000044
2018-02-25 00:00:00,779,758.2859404761907,20.714059523809283,20.714059523809283
2018-02-25 01:00:00,510,677.1596071428572,-167.15960714285723,167.15960714285723
2018-02-25 01:00:00,510,499.0394404761905,10.96055952380948,10.96055952380948
2018-02-25 02:00:00,381,496.11880952380955,-115.11880952380955,115.11880952380955
2018-02-25 02:00:00,381,370.18433333333337,10.81566666666663,10.81566666666663
2018-02-25 02:00:00,381,370.98583333333335,10.014166666666654,10.014166666666654
2018-02-25 03:00:00,254,375.24563095238096,-121.24563095238096,121.24563095238096
2018-02-25 03:00:00,254,303.5836031746032,-49.583603174603184,49.583603174603184
2018-02-25 03:00:00,254,304.24876984126985,-50.24876984126985,50.24876984126985
2018-02-25 04:00:00,251,246.98585714285707,4.014142857142929,4.014142857142929
2018-02-25 05:00:00,407,441.5702500000002,-34.570250000000215,34.570250000000215
2018-02-25 06:00:00,723,714.7238333333333,8.276166666666654,8.276166666666654
2018-02-25 07:00:00,947,1036.1523571428568,-89.15235714285677,89.15235714285677
2018-02-25 08:00:00,1343,1582.682047619047,-239.6820476190469,239.6820476190469
2018-02-25 09:00:00,2014,2286.1189761904766,-272.1189761904766,272.1189761904766
2018-02-25 10:00:00,2598,2951.817952380952,-353.8179523809522,353.8179523809522
2018-02-25 11:00:00,3073,3059.1538968253963,13.84610317460374,13.84610317460374
2018-02-25 12:00:00,3719,3578.4327619047613,140.56723809523874,140.56723809523874
2018-02-25 13:00:00,3840,3981.528333333333,-141.5283333333332,141.5283333333332
2018-02-25 14:00:00,3865,4041.847892857142,-176.84789285714214,176.84789285714214
2018-02-25 15:00:00,3974,4037.453749999999,-63.45374999999922,63.45374999999922
2018-02-25 16:00:00,4262,4138.487202380953,123.51279761904698,123.51279761904698
2018-02-25 17:00:00,4131,3939.3340714285705,191.6659285714295,191.6659285714295
2018-02-25 18:00:00,3759,3681.5542857142864,77.44571428571362,77.44571428571362
2018-02-25 19:00:00,2950,3170.4502539682535,-220.4502539682535,220.4502539682535
2018-02-25 20:00:00,2604,2552.9260833333333,51.07391666666672,51.07391666666672
2018-02-25 21:00:00,2507,2289.762916666666,217.23708333333389,217.23708333333389
2018-02-25 22:00:00,3097,2562.0831984126985,534.9168015873015,534.9168015873015
2018-02-25 23:00:00,1239,1819.4168214285717,-580.4168214285717,580.4168214285717
2018-02-26 00:00:00,517,628.3559642857142,-111.35596428571421,111.35596428571421
2018-02-26 01:00:00,348,302.8392103174603,45.1607896825397,45.1607896825397
2018-02-26 02:00:00,267,302.4453333333334,-35.445333333333394,35.445333333333394
2018-02-26 03:00:00,336,317.22978968253966,18.77021031746034,18.77021031746034
2018-02-26 04:00:00,902,821.982369047619,80.01763095238096,80.01763095238096
2018-02-26 05:00:00,2665,2704.714011904762,-39.714011904762174,39.714011904762174
2018-02-26 06:00:00,5186,5526.6984404761915,-340.69844047619154,340.69844047619154
2018-02-26 07:00:00,6034,5838.54905952381,195.45094047619023,195.45094047619023
2018-02-26 08:00:00,5602,5492.249619047619,109.75038095238142,109.75038095238142
2018-02-26 09:00:00,5033,4798.836305555556,234.16369444444445,234.16369444444445
2018-02-26 10:00:00,4472,4326.90930952381,145.0906904761896,145.0906904761896
2018-02-26 11:00:00,4371,4645.467523809524,-274.4675238095242,274.4675238095242
2018-02-26 12:00:00,4532,4483.0313690476205,48.9686309523795,48.9686309523795
2018-02-26 13:00:00,4602,4579.643416666666,22.35658333333413,22.35658333333413
2018-02-26 14:00:00,4875,4988.9050119047615,-113.90501190476152,113.90501190476152
2018-02-26 15:00:00,5389,5431.832936507936,-42.83293650793621,42.83293650793621
2018-02-26 16:00:00,6370,6362.658380952382,7.341619047618224,7.341619047618224
2018-02-26 17:00:00,5920,6001.558257936508,-81.5582579365082,81.5582579365082
2018-02-26 18:00:00,4442,4433.037369047617,8.962630952382824,8.962630952382824
2018-02-26 19:00:00,3086,3059.332666666667,26.667333333332863,26.667333333332863
2018-02-26 20:00:00,2642,2707.660166666666,-65.6601666666661,65.6601666666661
2018-02-26 21:00:00,2197,2363.0474444444444,-166.0474444444444,166.0474444444444
2018-02-26 22:00:00,1528,1586.625619047619,-58.62561904761901,58.62561904761901
2018-02-26 23:00:00,1008,1009.1387341269843,-1.1387341269843319,1.1387341269843319
2018-02-27 00:00:00,529,568.9566904761904,-39.956690476190374,39.956690476190374
2018-02-27 01:00:00,329,325.0454563492064,3.954543650793596,3.954543650793596
2018-02-27 02:00:00,255,258.8172261904762,-3.8172261904762195,3.8172261904762195
2018-02-27 03:00:00,370,332.8874166666667,37.112583333333305,37.112583333333305
2018-02-27 04:00:00,878,846.795226190476,31.204773809524,31.204773809524
2018-02-27 04:00:00,878,875.9119880952381,2.0880119047618564,2.0880119047618564
2018-02-27 05:00:00,2884,2731.926333333333,152.07366666666712,152.07366666666712
2018-02-27 05:00:00,2884,2876.5678809523815,7.432119047618471,7.432119047618471
2018-02-27 05:00:00,2884,2876.5462142857145,7.453785714285459,7.453785714285459
2018-02-27 06:00:00,5418,5719.857261904762,-301.8572619047618,301.8572619047618
2018-02-27 06:00:00,5418,5323.015071428572,94.9849285714281,94.9849285714281
2018-02-27 07:00:00,6318,6206.523861111113,111.47613888888736,111.47613888888736
2018-02-27 07:00:00,6318,6442.432214285714,-124.4322142857136,124.4322142857136
2018-02-27 08:00:00,5876,5981.104734848485,-105.10473484848535,105.10473484848535
2018-02-27 08:00:00,5876,5783.821440476192,92.17855952380796,92.17855952380796
2018-02-27 09:00:00,5093,5083.211404761904,9.788595238095695,9.788595238095695
2018-02-27 09:00:00,5093,4845.612714285714,247.387285714286,247.387285714286
2018-02-27 09:00:00,5093,4854.220380952381,238.77961904761924,238.77961904761924
2018-02-27 10:00:00,4349,4286.599259740259,62.400740259740815,62.400740259740815
2018-02-27 10:00:00,4349,4156.227642857143,192.7723571428569,192.7723571428569
2018-02-27 11:00:00,4607,4581.808976190477,25.191023809523358,25.191023809523358
2018-02-27 12:00:00,4901,4842.575988095238,58.424011904761755,58.424011904761755
2018-02-27 13:00:00,4912,4888.166718253968,23.8332817460323,23.8332817460323
2018-02-27 14:00:00,5221,5215.535956709959,5.464043290041445,5.464043290041445
2018-02-27 15:00:00,5755,5789.586953463203,-34.58695346320292,34.58695346320292
2018-02-27 16:00:00,6445,6612.365531746033,-167.3655317460334,167.3655317460334
2018-02-27 17:00:00,6202,6167.161380952379,34.83861904762125,34.83861904762125
2018-02-27 18:00:00,4430,4571.204095238095,-141.20409523809485,141.20409523809485
2018-02-27 19:00:00,3376,3123.273047619048,252.72695238095184,252.72695238095184
2018-02-27 20:00:00,2891,2983.503583333334,-92.50358333333406,92.50358333333406
2018-02-27 21:00:00,3376,2649.094976190477,726.9050238095228,726.9050238095228
2018-02-27 22:00:00,3003,2985.2589047619044,17.741095238095568,17.741095238095568
2018-02-27 23:00:00,1151,1189.304015873016,-38.30401587301594,38.30401587301594
2018-02-28 00:00:00,602,625.4824404761904,-23.48244047619039,23.48244047619039
2018-02-28 01:00:00,340,366.9111547619048,-26.91115476190481,26.91115476190481
2018-02-28 02:00:00,294,263.4505,30.549500000000023,30.549500000000023
2018-02-28 03:00:00,378,328.3176428571428,49.6823571428572,49.6823571428572
2018-02-28 04:00:00,887,823.8737380952377,63.12626190476226,63.12626190476226
2018-02-28 05:00:00,2873,2749.263142857142,123.73685714285784,123.73685714285784
2018-02-28 06:00:00,5649,5766.2550634920635,-117.25506349206353,117.25506349206353
2018-02-28 07:00:00,6351,6482.587238095238,-131.5872380952378,131.5872380952378
2018-02-28 08:00:00,6007,5876.362841269842,130.63715873015826,130.63715873015826
2018-02-28 09:00:00,5230,5100.186988095238,129.81301190476188,129.81301190476188
2018-02-28 10:00:00,4561,4425.907051587302,135.0929484126982,135.0929484126982
2018-02-28 11:00:00,4860,4788.34880952381,71.6511904761901,71.6511904761901
2018-02-28 12:00:00,4936,5018.352757936508,-82.35275793650817,82.35275793650817
2018-02-28 13:00:00,5036,4925.451000000002,110.54899999999816,110.54899999999816
2018-02-28 14:00:00,5255,5372.385916666665,-117.38591666666525,117.38591666666525
2018-02-28 15:00:00,5729,5805.596380952379,-76.59638095237915,76.59638095237915
2018-02-28 16:00:00,6563,6590.871238095238,-27.87123809523837,27.87123809523837
2018-02-28 17:00:00,6316,6202.695226190478,113.30477380952198,113.30477380952198
2018-02-28 18:00:00,4877,4649.9074880952385,227.09251190476152,227.09251190476152
2018-02-28 19:00:00,3267,3427.313559523809,-160.3135595238091,160.3135595238091
2018-02-28 20:00:00,2939,2977.962785714285,-38.96278571428502,38.96278571428502
2018-02-28 21:00:00,2629,2652.673403679654,-23.673403679653802,23.673403679653802
2018-02-28 22:00:00,1780,1914.5896785714287,-134.58967857142875,134.58967857142875
2018-02-28 23:00:00,1102,1111.7234444444448,-9.723444444444794,9.723444444444794
2018-03-01 00:00:00,600,577.1315595238095,22.86844047619047,22.86844047619047
2018-03-01 01:00:00,369,362.78695238095247,6.213047619047529,6.213047619047529
2018-03-01 02:00:00,283,268.64362698412697,14.356373015873032,14.356373015873032
2018-03-01 03:00:00,385,373.1876428571429,11.812357142857081,11.812357142857081
2018-03-01 04:00:00,919,840.6103412698411,78.38965873015889,78.38965873015889
2018-03-01 05:00:00,2872,2793.6927619047633,78.3072380952367,78.3072380952367
2018-03-01 06:00:00,5703,5859.246095238096,-156.24609523809613,156.24609523809613
2018-03-01 07:00:00,6275,6570.001837301585,-295.0018373015846,295.0018373015846
2018-03-01 08:00:00,5728,5822.25719047619,-94.25719047618986,94.25719047618986
2018-03-01 09:00:00,5419,5127.488285714286,291.51171428571433,291.51171428571433
2018-03-01 10:00:00,4555,4708.398392857143,-153.39839285714334,153.39839285714334
2018-03-01 11:00:00,4875,4883.690527777779,-8.690527777778698,8.690527777778698
2018-03-01 12:00:00,5080,5108.7620670995675,-28.762067099567503,28.762067099567503
2018-03-01 13:00:00,5210,5140.8746190476195,69.12538095238051,69.12538095238051
2018-03-01 14:00:00,5328,5563.417603174604,-235.41760317460376,235.41760317460376
2018-03-01 15:00:00,5952,5900.617702380953,51.38229761904677,51.38229761904677
2018-03-01 16:00:00,6565,6652.304539682538,-87.30453968253823,87.30453968253823
2018-03-01 17:00:00,6236,6288.955809523812,-52.955809523811695,52.955809523811695
2018-03-01 18:00:00,4800,4677.978095238095,122.0219047619048,122.0219047619048
2018-03-01 19:00:00,3709,3541.255476190477,167.7445238095229,167.7445238095229
2018-03-01 20:00:00,3169,3161.9710079365077,7.028992063492296,7.028992063492296
2018-03-01 21:00:00,2981,3185.609853174602,-204.609853174602,204.609853174602
2018-03-01 22:00:00,2166,2604.050238095239,-438.0502380952389,438.0502380952389
2018-03-01 23:00:00,1266,1351.8837323232324,-85.88373232323238,85.88373232323238
2018-03-02 00:00:00,644,721.8215317460317,-77.82153174603172,77.82153174603172
2018-03-02 01:00:00,416,395.1300476190476,20.869952380952384,20.869952380952384
2018-03-02 02:00:00,295,317.1651666666667,-22.16516666666672,22.16516666666672
2018-03-02 03:00:00,364,354.27718253968254,9.722817460317458,9.722817460317458
2018-03-02 04:00:00,846,792.4424523809523,53.55754761904768,53.55754761904768
2018-03-02 04:00:00,846,804.3804285714285,41.619571428571476,41.619571428571476
2018-03-02 05:00:00,2670,2594.8560396825405,75.14396031745946,75.14396031745946
2018-03-02 05:00:00,2670,2669.5359523809525,0.4640476190475056,0.4640476190475056
2018-03-02 06:00:00,5165,5549.087976190477,-384.0879761904771,384.0879761904771
2018-03-02 06:00:00,5165,5056.849916666667,108.15008333333299,108.15008333333299
2018-03-02 07:00:00,6497,6016.578194444443,480.4218055555566,480.4218055555566
2018-03-02 08:00:00,5636,5779.488075757577,-143.48807575757655,143.48807575757655
2018-03-02 09:00:00,4945,5002.138976190476,-57.13897619047566,57.13897619047566
2018-03-02 10:00:00,4858,4667.140738095238,190.8592619047622,190.8592619047622
2018-03-02 11:00:00,5171,5130.033892857144,40.966107142856345,40.966107142856345
2018-03-02 12:00:00,5391,5472.729583333331,-81.729583333331,81.729583333331
2018-03-02 13:00:00,5390,5362.342674603175,27.6573253968254,27.6573253968254
2018-03-02 14:00:00,5692,5680.109940476191,11.890059523809214,11.890059523809214
2018-03-02 15:00:00,6057,6074.622500000001,-17.62250000000131,17.62250000000131
2018-03-02 16:00:00,6730,6432.093538961037,297.90646103896324,297.90646103896324
2018-03-02 17:00:00,6070,5969.409833333336,100.59016666666412,100.59016666666412
2018-03-02 18:00:00,4954,4780.641428571428,173.35857142857185,173.35857142857185
2018-03-02 19:00:00,3996,3768.4291190476188,227.57088095238123,227.57088095238123
2018-03-02 20:00:00,3551,3197.144571428572,353.8554285714281,353.8554285714281
2018-03-02 21:00:00,3238,3264.7282619047614,-26.72826190476144,26.72826190476144
2018-03-02 22:00:00,2453,2822.723333333334,-369.7233333333338,369.7233333333338
2018-03-02 23:00:00,1798,1799.7811269841272,-1.7811269841272406,1.7811269841272406
2018-03-03 00:00:00,1516,1191.3460992063492,324.6539007936508,324.6539007936508
2018-03-03 01:00:00,751,915.5685079365076,-164.56850793650756,164.56850793650756
2018-03-03 02:00:00,497,614.663726190476,-117.66372619047604,117.66372619047604
2018-03-03 03:00:00,365,356.93283333333335,8.067166666666651,8.067166666666651
2018-03-03 04:00:00,457,401.9050714285714,55.094928571428625,55.094928571428625
2018-03-03 05:00:00,686,736.6016666666671,-50.60166666666714,50.60166666666714
2018-03-03 06:00:00,1174,1265.0184047619048,-91.01840476190478,91.01840476190478
2018-03-03 07:00:00,2050,1848.792511904762,201.20748809523798,201.20748809523798
2018-03-03 08:00:00,3029,3001.817039682539,27.18296031746104,27.18296031746104
2018-03-03 09:00:00,3911,3812.4030396825397,98.59696031746034,98.59696031746034
2018-03-03 10:00:00,4598,4228.6779285714265,369.3220714285735,369.3220714285735
2018-03-03 11:00:00,4766,5061.119952380952,-295.1199523809519,295.1199523809519
2018-03-03 12:00:00,5023,5171.15103968254,-148.1510396825397,148.1510396825397
2018-03-03 13:00:00,5240,5015.9408968253965,224.05910317460348,224.05910317460348
2018-03-03 14:00:00,5040,5041.169932900431,-1.1699329004313768,1.1699329004313768
2018-03-03 15:00:00,4945,5049.053694805196,-104.05369480519585,104.05369480519585
2018-03-03 16:00:00,4855,5039.500028138528,-184.50002813852825,184.50002813852825
2018-03-03 17:00:00,4837,4754.33008730159,82.66991269841037,82.66991269841037
2018-03-03 18:00:00,4396,4642.068222222223,-246.06822222222308,246.06822222222308
2018-03-03 19:00:00,3817,3557.308896825398,259.6911031746022,259.6911031746022
2018-03-03 20:00:00,3169,3176.9519523809518,-7.951952380951752,7.951952380951752
2018-03-03 21:00:00,3632,3310.781321428571,321.2186785714289,321.2186785714289
2018-03-03 22:00:00,3148,3075.560468253967,72.43953174603303,72.43953174603303
2018-03-03 23:00:00,1934,2182.4005952380953,-248.40059523809532,248.40059523809532
2018-03-04 00:00:00,1216,1251.6384523809525,-35.63845238095246,35.63845238095246
2018-03-04 01:00:00,756,774.2209166666668,-18.220916666666767,18.220916666666767
2018-03-04 02:00:00,543,597.3869166666667,-54.38691666666671,54.38691666666671
2018-03-04 03:00:00,351,338.0699642857143,12.93003571428568,12.93003571428568
2018-03-04 04:00:00,299,283.0225238095239,15.977476190476125,15.977476190476125
2018-03-04 04:00:00,299,256.80254761904763,42.19745238095237,42.19745238095237
2018-03-04 05:00:00,431,461.40429761904784,-30.40429761904784,30.40429761904784
2018-03-04 06:00:00,733,746.7793571428572,-13.77935714285718,13.77935714285718
2018-03-04 06:00:00,733,764.2460317460313,-31.24603174603135,31.24603174603135
2018-03-04 06:00:00,733,760.8830317460315,-27.88303174603152,27.88303174603152
2018-03-04 07:00:00,1149,1054.985496031746,94.01450396825408,94.01450396825408
2018-03-04 07:00:00,1149,1330.8136507936508,-181.81365079365082,181.81365079365082
2018-03-04 08:00:00,1840,1931.8049285714287,-91.80492857142872,91.80492857142872
2018-03-04 08:00:00,1840,2355.6404285714284,-515.6404285714284,515.6404285714284
2018-03-04 08:00:00,1840,2406.6255238095237,-566.6255238095237,566.6255238095237
2018-03-04 09:00:00,2434,2690.036738095237,-256.03673809523707,256.03673809523707
2018-03-04 10:00:00,3193,3229.576103174602,-36.57610317460194,36.57610317460194
2018-03-04 10:00:00,3193,3742.7013759018755,-549.7013759018755,549.7013759018755
2018-03-04 11:00:00,3594,3637.9948095238087,-43.994809523808726,43.994809523808726
2018-03-04 11:00:00,3594,3869.3597698412696,-275.35976984126955,275.35976984126955
2018-03-04 12:00:00,4241,3928.4138888888883,312.5861111111117,312.5861111111117
2018-03-04 12:00:00,4241,4547.256857142857,-306.25685714285737,306.25685714285737
2018-03-04 13:00:00,4328,4374.990999999999,-46.990999999999076,46.990999999999076
2018-03-04 14:00:00,4341,4365.169154761905,-24.169154761904792,24.169154761904792
2018-03-04 15:00:00,4226,4374.101035714285,-148.101035714285,148.101035714285
2018-03-04 16:00:00,4537,4245.691833333334,291.3081666666658,291.3081666666658
2018-03-04 17:00:00,4093,4422.90565079365,-329.90565079365024,329.90565079365024
2018-03-04 18:00:00,3910,3709.9494523809526,200.0505476190474,200.0505476190474
2018-03-04 19:00:00,2945,3505.01319047619,-560.0131904761902,560.0131904761902
2018-03-04 20:00:00,3258,2534.254797619048,723.7452023809519,723.7452023809519
2018-03-04 21:00:00,3017,3002.879500000001,14.120499999999083,14.120499999999083
2018-03-04 22:00:00,1747,2200.2499047619053,-453.2499047619053,453.2499047619053
2018-03-04 23:00:00,1138,1341.9526071428572,-203.95260714285723,203.95260714285723
2018-03-04 23:00:00,1138,1064.8674642857143,73.13253571428572,73.13253571428572
2018-03-05 00:00:00,703,590.1354404761908,112.86455952380925,112.86455952380925
2018-03-05 00:00:00,703,668.4929206349208,34.50707936507922,34.50707936507922
2018-03-05 01:00:00,471,399.3379285714286,71.66207142857138,71.66207142857138
2018-03-05 01:00:00,471,316.26240476190486,154.73759523809514,154.73759523809514
2018-03-05 02:00:00,391,311.12024603174603,79.87975396825397,79.87975396825397
2018-03-05 02:00:00,391,306.6435714285714,84.35642857142858,84.35642857142858
2018-03-05 03:00:00,486,406.61969047619044,79.38030952380956,79.38030952380956
2018-03-05 03:00:00,486,393.1161785714287,92.88382142857131,92.88382142857131
2018-03-05 03:00:00,486,414.7847142857143,71.2152857142857,71.2152857142857
2018-03-05 04:00:00,976,918.1169999999997,57.883000000000266,57.883000000000266
2018-03-05 05:00:00,2704,2737.559583333334,-33.5595833333341,33.5595833333341
2018-03-05 06:00:00,4879,5593.83736904762,-714.8373690476201,714.8373690476201
2018-03-05 07:00:00,5062,5443.104198412699,-381.1041984126987,381.1041984126987
2018-03-05 08:00:00,4211,5132.292619047619,-921.2926190476192,921.2926190476192
2018-03-05 09:00:00,3780,4160.4011468253975,-380.4011468253975,380.4011468253975
2018-03-05 10:00:00,3586,3818.7311785714287,-232.7311785714287,232.7311785714287
2018-03-05 10:00:00,3586,3757.820238095238,-171.82023809523798,171.82023809523798
2018-03-05 10:00:00,3586,3657.9899761904758,-71.98997619047577,71.98997619047577
2018-03-05 11:00:00,3611,3834.134626984126,-223.13462698412604,223.13462698412604
2018-03-05 11:00:00,3611,3851.880865079364,-240.88086507936396,240.88086507936396
2018-03-05 11:00:00,3611,3827.808428571428,-216.80842857142807,216.80842857142807
2018-03-05 12:00:00,3719,3912.814749999999,-193.8147499999991,193.8147499999991
2018-03-05 12:00:00,3719,3909.6705836940837,-190.6705836940837,190.6705836940837
2018-03-05 13:00:00,3682,3961.988119047619,-279.98811904761897,279.98811904761897
2018-03-05 14:00:00,3928,3858.2933333333326,69.70666666666739,69.70666666666739
2018-03-05 15:00:00,4151,3957.710166666666,193.28983333333417,193.28983333333417
2018-03-05 15:00:00,4151,4369.06317857143,-218.0631785714304,218.0631785714304
2018-03-05 15:00:00,4151,4348.546595238096,-197.54659523809642,197.54659523809642
2018-03-05 15:00:00,4151,4333.80242857143,-182.80242857143003,182.80242857143003
2018-03-05 16:00:00,3260,4220.891202380953,-960.8912023809526,960.8912023809526
2018-03-05 16:00:00,3260,3115.5815119047616,144.41848809523844,144.41848809523844
2018-03-05 16:00:00,3260,3059.8587738095225,200.14122619047748,200.14122619047748
2018-03-05 17:00:00,1953,2992.063107142856,-1039.063107142856,1039.063107142856
2018-03-05 17:00:00,1953,2091.4323333333327,-138.43233333333274,138.43233333333274
2018-03-05 18:00:00,1389,1896.3277619047612,-507.32776190476125,507.32776190476125
2018-03-05 18:00:00,1389,1686.8300714285715,-297.8300714285715,297.8300714285715
2018-03-05 18:00:00,1389,1688.8685238095238,-299.8685238095238,299.8685238095238
2018-03-05 19:00:00,1117,1634.9044642857139,-517.9044642857139,517.9044642857139
2018-03-05 19:00:00,1117,1462.1895833333338,-345.18958333333376,345.18958333333376
2018-03-05 20:00:00,844,1442.7047023809528,-598.7047023809528,598.7047023809528
2018-03-05 20:00:00,844,1842.5406666666668,-998.5406666666668,998.5406666666668
2018-03-05 21:00:00,753,2286.434309523809,-1533.4343095238091,1533.4343095238091
2018-03-05 21:00:00,753,2250.059559523809,-1497.0595595238092,1497.0595595238092
2018-03-05 22:00:00,694,1061.3547857142858,-367.35478571428575,367.35478571428575
2018-03-05 22:00:00,694,1566.4812380952385,-872.4812380952385,872.4812380952385
2018-03-05 23:00:00,599,1531.1665714285718,-932.1665714285718,932.1665714285718
2018-03-05 23:00:00,599,1441.7618333333342,-842.7618333333342,842.7618333333342
2018-03-06 00:00:00,308,567.0388214285715,-259.0388214285715,259.0388214285715
2018-03-06 00:00:00,308,496.9820357142858,-188.98203571428581,188.98203571428581
2018-03-06 01:00:00,242,304.0663571428571,-62.0663571428571,62.0663571428571
2018-03-06 01:00:00,242,247.75907142857133,-5.759071428571332,5.759071428571332
2018-03-06 02:00:00,231,245.57301587301586,-14.573015873015862,14.573015873015862
2018-03-06 02:00:00,231,234.75533333333334,-3.75533333333334,3.75533333333334
2018-03-06 03:00:00,335,320.8533571428572,14.146642857142808,14.146642857142808
2018-03-06 03:00:00,335,330.6585,4.341499999999996,4.341499999999996
2018-03-06 04:00:00,807,809.772857142857,-2.772857142856992,2.772857142856992
2018-03-06 04:00:00,807,806.4232683982686,0.5767316017313533,0.5767316017313533
2018-03-06 05:00:00,2537,2549.686428571429,-12.686428571429133,12.686428571429133
2018-03-06 05:00:00,2537,2530.817195887446,6.182804112554095,6.182804112554095
2018-03-06 06:00:00,4601,5319.039452380954,-718.0394523809537,718.0394523809537
2018-03-06 06:00:00,4601,4896.212166666667,-295.21216666666714,295.21216666666714
2018-03-06 07:00:00,4848,5169.051166666666,-321.0511666666662,321.0511666666662
2018-03-06 07:00:00,4848,5359.789238095238,-511.78923809523803,511.78923809523803
2018-03-06 08:00:00,4623,4889.879535714284,-266.87953571428443,266.87953571428443
2018-03-06 08:00:00,4623,4556.093809523811,66.9061904761893,66.9061904761893
2018-03-06 09:00:00,4085,4572.914309523811,-487.9143095238114,487.9143095238114
2018-03-06 10:00:00,3602,3980.634988095239,-378.6349880952389,378.6349880952389
2018-03-06 11:00:00,3781,3750.982591269841,30.017408730158877,30.017408730158877
2018-03-06 11:00:00,3781,4055.8040714285726,-274.80407142857257,274.80407142857257
2018-03-06 11:00:00,3781,4087.5872380952387,-306.5872380952387,306.5872380952387
2018-03-06 12:00:00,4037,4103.018404761904,-66.0184047619041,66.0184047619041
2018-03-06 13:00:00,4166,4251.5770833333345,-85.57708333333449,85.57708333333449
2018-03-06 14:00:00,4671,4367.98538095238,303.0146190476198,303.0146190476198
2018-03-06 15:00:00,5260,4998.0681904761905,261.93180952380953,261.93180952380953
2018-03-06 16:00:00,6420,6297.958238095237,122.041761904763,122.041761904763
2018-03-06 17:00:00,5874,6102.230738095237,-228.23073809523703,228.23073809523703
2018-03-06 18:00:00,4400,4431.278630952383,-31.278630952382628,31.278630952382628
2018-03-06 19:00:00,3188,3117.2575714285713,70.74242857142872,70.74242857142872
2018-03-06 20:00:00,2600,2812.4353531746033,-212.43535317460328,212.43535317460328
2018-03-06 21:00:00,3415,2509.636523809525,905.363476190475,905.363476190475
2018-03-06 22:00:00,2587,2889.900833333333,-302.90083333333314,302.90083333333314
2018-03-06 23:00:00,1144,1190.1694642857144,-46.16946428571441,46.16946428571441
2018-03-07 00:00:00,591,596.079511904762,-5.079511904761944,5.079511904761944
2018-03-07 01:00:00,376,358.09541666666667,17.904583333333335,17.904583333333335
2018-03-07 02:00:00,247,293.83285714285716,-46.832857142857165,46.832857142857165
2018-03-07 03:00:00,378,349.95884523809525,28.04115476190475,28.04115476190475
2018-03-07 04:00:00,921,802.4357023809524,118.56429761904758,118.56429761904758
2018-03-07 04:00:00,921,913.1751428571428,7.82485714285724,7.82485714285724
2018-03-07 05:00:00,2875,2770.4798333333338,104.52016666666623,104.52016666666623
2018-03-07 06:00:00,5670,5815.99569047619,-145.99569047619025,145.99569047619025
2018-03-07 07:00:00,6121,6128.784396825395,-7.784396825394651,7.784396825394651
2018-03-07 08:00:00,5896,5873.150646825399,22.849353174600765,22.849353174600765
2018-03-07 09:00:00,5343,5120.592595238095,222.40740476190513,222.40740476190513
2018-03-07 10:00:00,4619,4476.408130952381,142.59186904761918,142.59186904761918
2018-03-07 11:00:00,4819,4808.268192640691,10.731807359308732,10.731807359308732
2018-03-07 12:00:00,4879,5014.266321428573,-135.26632142857306,135.26632142857306
2018-03-07 13:00:00,5093,4881.034214285715,211.96578571428472,211.96578571428472
2018-03-07 14:00:00,5160,5387.757714285714,-227.75771428571443,227.75771428571443
2018-03-07 15:00:00,5886,5798.107511904763,87.89248809523724,87.89248809523724
2018-03-07 16:00:00,6849,6642.338119047618,206.66188095238158,206.66188095238158
2018-03-07 17:00:00,5951,6444.524833333334,-493.52483333333385,493.52483333333385
2018-03-07 18:00:00,4637,4485.720571428572,151.27942857142807,151.27942857142807
2018-03-07 19:00:00,3367,3307.154690476191,59.84530952380919,59.84530952380919
2018-03-07 20:00:00,3297,2887.6334880952386,409.3665119047614,409.3665119047614
2018-03-07 21:00:00,2451,2763.6687738095234,-312.6687738095234,312.6687738095234
2018-03-07 22:00:00,1790,1873.0532142857141,-83.05321428571415,83.05321428571415
2018-03-07 23:00:00,1352,1149.2663412698414,202.7336587301586,202.7336587301586
2018-03-08 00:00:00,545,682.7260833333333,-137.72608333333335,137.72608333333335
2018-03-08 01:00:00,368,358.88213492063477,9.117865079365231,9.117865079365231
2018-03-08 02:00:00,260,279.43767857142853,-19.437678571428535,19.437678571428535
2018-03-08 03:00:00,344,343.7605595238095,0.23944047619050934,0.23944047619050934
2018-03-08 04:00:00,887,851.4960357142855,35.50396428571446,35.50396428571446
2018-03-08 05:00:00,2788,2798.7535238095243,-10.753523809524268,10.753523809524268
2018-03-08 06:00:00,5661,5806.213333333335,-145.21333333333496,145.21333333333496
2018-03-08 07:00:00,6280,6357.297158730158,-77.29715873015812,77.29715873015812
2018-03-08 08:00:00,6042,5824.955333333332,217.04466666666758,217.04466666666758
2018-03-08 09:00:00,5221,5177.537075396825,43.46292460317545,43.46292460317545
2018-03-08 10:00:00,4669,4612.864440476191,56.135559523809206,56.135559523809206
2018-03-08 11:00:00,4922,4909.4438006993,12.556199300700428,12.556199300700428
2018-03-08 12:00:00,4946,5086.85242857143,-140.8524285714302,140.8524285714302
2018-03-08 13:00:00,5117,4997.797142857144,119.20285714285637,119.20285714285637
2018-03-08 14:00:00,5349,5436.497226190476,-87.49722619047589,87.49722619047589
2018-03-08 15:00:00,5983,5868.418833333332,114.58116666666774,114.58116666666774
2018-03-08 16:00:00,6738,6726.590202380953,11.409797619046913,11.409797619046913
2018-03-08 17:00:00,6200,6397.557404761905,-197.55740476190476,197.55740476190476
2018-03-08 18:00:00,5136,4701.365202380953,434.6347976190473,434.6347976190473
2018-03-08 19:00:00,3509,3505.745976190476,3.2540238095239147,3.2540238095239147
2018-03-08 20:00:00,3565,3222.069333333333,342.9306666666671,342.9306666666671
2018-03-08 21:00:00,2951,3278.5436468253956,-327.5436468253956,327.5436468253956
2018-03-08 22:00:00,2759,2368.6264166666674,390.3735833333326,390.3735833333326
2018-03-08 23:00:00,2179,1565.692095238095,613.3079047619051,613.3079047619051
2018-03-09 00:00:00,665,767.6392380952384,-102.6392380952384,102.6392380952384
2018-03-09 01:00:00,415,400.7337579365079,14.266242063492086,14.266242063492086
2018-03-09 02:00:00,300,312.12011904761914,-12.120119047619141,12.120119047619141
2018-03-09 03:00:00,389,365.48057539682543,23.51942460317457,23.51942460317457
2018-03-09 04:00:00,839,765.8169523809523,73.18304761904767,73.18304761904767
2018-03-09 05:00:00,2711,2594.9310714285716,116.06892857142839,116.06892857142839
2018-03-09 06:00:00,5349,5568.081266233768,-219.08126623376756,219.08126623376756
2018-03-09 07:00:00,6520,6315.030583333332,204.9694166666677,204.9694166666677
2018-03-09 08:00:00,5947,5803.024261904761,143.97573809523874,143.97573809523874
2018-03-09 08:00:00,5947,5577.886035714285,369.11396428571516,369.11396428571516
2018-03-09 09:00:00,5174,5084.113238095237,89.88676190476326,89.88676190476326
2018-03-09 10:00:00,4876,4788.336781746033,87.66321825396699,87.66321825396699
2018-03-09 10:00:00,4876,4685.7653928571435,190.23460714285648,190.23460714285648
2018-03-09 11:00:00,5160,5218.570214285715,-58.57021428571534,58.57021428571534
2018-03-09 12:00:00,5257,5518.170892857141,-261.17089285714064,261.17089285714064
2018-03-09 13:00:00,5602,5243.79384126984,358.2061587301596,358.2061587301596
2018-03-09 14:00:00,5763,5891.445785714284,-128.44578571428428,128.44578571428428
2018-03-09 15:00:00,6001,6109.364595238094,-108.3645952380939,108.3645952380939
2018-03-09 16:00:00,6641,6428.70272943723,212.29727056276988,212.29727056276988
2018-03-09 17:00:00,6062,5999.219595238095,62.78040476190472,62.78040476190472
2018-03-09 18:00:00,5207,4831.6336309523795,375.36636904762054,375.36636904762054
2018-03-09 19:00:00,3864,3722.4283928571444,141.57160714285556,141.57160714285556
2018-03-09 20:00:00,3377,3178.951511904762,198.0484880952381,198.0484880952381
2018-03-09 21:00:00,3118,3219.0700714285713,-101.07007142857128,101.07007142857128
2018-03-09 22:00:00,2649,2791.8944047619048,-142.89440476190475,142.89440476190475
2018-03-09 23:00:00,2989,2122.5782142857142,866.4217857142858,866.4217857142858
2018-03-10 00:00:00,1175,1403.3287857142857,-228.3287857142857,228.3287857142857
2018-03-10 01:00:00,685,715.3547976190474,-30.354797619047417,30.354797619047417
2018-03-10 03:00:00,358,418.52525,-60.52525000000003,60.52525000000003
2018-03-10 04:00:00,404,377.95651190476195,26.043488095238047,26.043488095238047
2018-03-10 05:00:00,696,736.1935992063488,-40.193599206348836,40.193599206348836
2018-03-10 06:00:00,1242,1243.679626984127,-1.679626984127026,1.679626984127026
2018-03-10 07:00:00,1911,2057.585202380952,-146.58520238095207,146.58520238095207
2018-03-10 08:00:00,3100,2796.7596666666673,303.2403333333327,303.2403333333327
2018-03-10 09:00:00,4057,3648.7034047619045,408.2965952380955,408.2965952380955
2018-03-10 10:00:00,4476,4223.089853174604,252.9101468253957,252.9101468253957
2018-03-10 11:00:00,4732,4900.442436507936,-168.44243650793578,168.44243650793578
2018-03-10 12:00:00,5312,5150.106158730158,161.8938412698417,161.8938412698417
2018-03-10 13:00:00,4990,5119.755214285714,-129.75521428571392,129.75521428571392
2018-03-10 14:00:00,5404,4957.213623015872,446.78637698412786,446.78637698412786
2018-03-10 15:00:00,5548,5126.580523809523,421.4194761904773,421.4194761904773
2018-03-10 16:00:00,5194,5715.204297619048,-521.2042976190478,521.2042976190478
2018-03-10 17:00:00,5142,4948.07244047619,193.92755952380958,193.92755952380958
2018-03-10 18:00:00,4776,4801.3388611111095,-25.33886111110951,25.33886111110951
2018-03-10 19:00:00,4004,3863.7813571428565,140.21864285714355,140.21864285714355
2018-03-10 20:00:00,3223,3209.0707857142866,13.929214285713442,13.929214285713442
2018-03-10 21:00:00,3602,3276.5765476190472,325.42345238095277,325.42345238095277
2018-03-10 22:00:00,4040,3201.523404761904,838.4765952380958,838.4765952380958
2018-03-10 23:00:00,2433,2251.380507936508,181.6194920634921,181.6194920634921
2018-03-11 00:00:00,1662,1536.756285714286,125.24371428571408,125.24371428571408
2018-03-11 00:00:00,1662,1117.5798095238094,544.4201904761906,544.4201904761906
2018-03-11 01:00:00,975,980.5717142857144,-5.571714285714393,5.571714285714393
2018-03-11 01:00:00,975,710.7706547619046,264.22934523809545,264.22934523809545
2018-03-11 03:00:00,420,457.8554880952379,-37.85548809523789,37.85548809523789
2018-03-11 03:00:00,420,395.91304761904763,24.08695238095237,24.08695238095237
2018-03-11 03:00:00,420,395.1272380952381,24.872761904761887,24.872761904761887
2018-03-11 04:00:00,419,385.4973571428573,33.50264285714269,33.50264285714269
2018-03-11 04:00:00,419,379.29202380952404,39.70797619047596,39.70797619047596
2018-03-11 04:00:00,419,407.2235714285715,11.776428571428482,11.776428571428482
2018-03-11 05:00:00,490,489.0571666666666,0.9428333333333967,0.9428333333333967
2018-03-11 05:00:00,490,493.1212142857143,-3.121214285714302,3.121214285714302
2018-03-11 05:00:00,490,486.3337142857144,3.666285714285607,3.666285714285607
2018-03-11 06:00:00,740,809.2749249639248,-69.27492496392483,69.27492496392483
2018-03-11 06:00:00,740,786.0282460317458,-46.028246031745766,46.028246031745766
2018-03-11 06:00:00,740,863.5545555555555,-123.55455555555545,123.55455555555545
2018-03-11 07:00:00,1039,1069.130781746032,-30.13078174603197,30.13078174603197
2018-03-11 07:00:00,1039,1188.7941944444447,-149.79419444444466,149.79419444444466
2018-03-11 07:00:00,1039,1205.3843611111115,-166.3843611111115,166.3843611111115
2018-03-11 08:00:00,1607,1648.9470476190472,-41.947047619047225,41.947047619047225
2018-03-11 08:00:00,1607,1905.5465714285708,-298.5465714285708,298.5465714285708
2018-03-11 09:00:00,2559,2354.1962857142858,204.80371428571425,204.80371428571425
2018-03-11 10:00:00,3400,3284.4524444444437,115.5475555555563,115.5475555555563
2018-03-11 11:00:00,3810,3675.073642857142,134.9263571428578,134.9263571428578
2018-03-11 12:00:00,4339,4216.7574047619055,122.24259523809451,122.24259523809451
2018-03-11 12:00:00,4339,4435.281845238096,-96.28184523809614,96.28184523809614
2018-03-11 13:00:00,4840,4438.46225,401.5377500000004,401.5377500000004
2018-03-11 14:00:00,4749,4836.189928571429,-87.18992857142894,87.18992857142894
2018-03-11 15:00:00,4396,4657.623690476191,-261.62369047619086,261.62369047619086
2018-03-11 16:00:00,4242,4364.388928571429,-122.38892857142855,122.38892857142855
2018-03-11 16:00:00,4242,4295.22176190476,-53.22176190475966,53.22176190475966
2018-03-11 17:00:00,4068,4030.743904761905,37.256095238094986,37.256095238094986
2018-03-11 18:00:00,3571,3620.931023809525,-49.93102380952496,49.93102380952496
2018-03-11 19:00:00,2939,2896.694869047619,42.305130952381205,42.305130952381205
2018-03-11 19:00:00,2939,2720.267238095238,218.7327619047619,218.7327619047619
2018-03-11 20:00:00,2546,2622.4986785714295,-76.49867857142954,76.49867857142954
2018-03-11 20:00:00,2546,2414.9290555555563,131.07094444444374,131.07094444444374
2018-03-11 21:00:00,2118,2356.755222222222,-238.75522222222207,238.75522222222207
2018-03-11 22:00:00,1523,1714.0714087301583,-191.07140873015828,191.07140873015828
2018-03-11 23:00:00,1000,1533.590503246753,-533.5905032467531,533.5905032467531
2018-03-12 00:00:00,528,706.0335555555555,-178.0335555555555,178.0335555555555
2018-03-12 01:00:00,360,332.4542023809523,27.545797619047676,27.545797619047676
2018-03-12 02:00:00,228,266.09280952380954,-38.092809523809535,38.092809523809535
2018-03-12 03:00:00,356,315.44001190476195,40.559988095238054,40.559988095238054
2018-03-12 04:00:00,851,813.6110595238097,37.38894047619033,37.38894047619033
2018-03-12 05:00:00,2742,2634.143380952381,107.856619047619,107.856619047619
2018-03-12 06:00:00,5331,5775.457416666666,-444.4574166666662,444.4574166666662
2018-03-12 07:00:00,6336,6158.972309523808,177.02769047619222,177.02769047619222
2018-03-12 08:00:00,5668,5801.277761904765,-133.2777619047647,133.2777619047647
2018-03-12 09:00:00,4693,4803.842047619045,-110.84204761904493,110.84204761904493
2018-03-12 10:00:00,4213,4123.65886147186,89.34113852813971,89.34113852813971
2018-03-12 11:00:00,4265,4444.1990119047605,-179.19901190476048,179.19901190476048
2018-03-12 12:00:00,4666,4503.494499999998,162.50550000000203,162.50550000000203
2018-03-12 13:00:00,4748,4829.018952380951,-81.0189523809513,81.0189523809513
2018-03-12 14:00:00,4554,5075.323428571427,-521.323428571427,521.323428571427
2018-03-12 15:00:00,5784,4943.480499999998,840.5195000000022,840.5195000000022
2018-03-12 16:00:00,6655,6401.83157142857,253.16842857143,253.16842857143
2018-03-12 17:00:00,6001,6315.268678571429,-314.2686785714286,314.2686785714286
2018-03-12 18:00:00,4388,4307.585749999999,80.41425000000072,80.41425000000072
2018-03-12 19:00:00,3346,3096.166809523809,249.8331904761908,249.8331904761908
2018-03-12 20:00:00,2806,2666.3947261904764,139.60527380952362,139.60527380952362
2018-03-12 21:00:00,2301,2348.318107142857,-47.318107142857116,47.318107142857116
2018-03-12 22:00:00,2592,1852.6430833333334,739.3569166666666,739.3569166666666
2018-03-12 23:00:00,2003,1245.7199880952378,757.2800119047622,757.2800119047622
2018-03-13 00:00:00,666,678.9583906926407,-12.958390692640705,12.958390692640705
2018-03-13 01:00:00,414,393.7156904761905,20.284309523809497,20.284309523809497
2018-03-13 02:00:00,301,305.50026984126976,-4.5002698412697555,4.5002698412697555
2018-03-13 03:00:00,380,352.2824047619049,27.7175952380951,27.7175952380951
2018-03-13 04:00:00,865,826.6525714285714,38.34742857142862,38.34742857142862
2018-03-13 05:00:00,2872,2691.096309523809,180.90369047619106,180.90369047619106
2018-03-13 06:00:00,5420,5823.490809523809,-403.4908095238088,403.4908095238088
2018-03-13 07:00:00,6404,6244.952738095239,159.0472619047614,159.0472619047614
2018-03-13 08:00:00,5880,5750.674547619049,129.325452380951,129.325452380951
2018-03-13 09:00:00,5093,5116.382857142857,-23.382857142856665,23.382857142856665
2018-03-13 10:00:00,4410,4369.299545454546,40.700454545453795,40.700454545453795
2018-03-13 11:00:00,4591,4597.703666666667,-6.703666666667232,6.703666666667232
2018-03-13 12:00:00,4749,4809.720928571429,-60.720928571428885,60.720928571428885
2018-03-13 13:00:00,5062,4864.858945887446,197.14105411255423,197.14105411255423
2018-03-13 14:00:00,5187,5329.484325396826,-142.48432539682562,142.48432539682562
2018-03-13 15:00:00,5895,5759.396595238093,135.60340476190686,135.60340476190686
2018-03-13 16:00:00,6366,6693.584297619046,-327.5842976190461,327.5842976190461
2018-03-13 17:00:00,5413,6098.192726190479,-685.1927261904793,685.1927261904793
2018-03-13 18:00:00,4470,4121.163273809523,348.83672619047684,348.83672619047684
2018-03-13 19:00:00,3436,3286.5173452380945,149.48265476190545,149.48265476190545
2018-03-13 20:00:00,2933,2963.971869047619,-30.97186904761884,30.97186904761884
2018-03-13 21:00:00,2736,2647.237555555556,88.7624444444441,88.7624444444441
2018-03-13 22:00:00,3761,2783.223289682539,977.776710317461,977.776710317461
2018-03-13 23:00:00,1287,1212.6397261904765,74.3602738095235,74.3602738095235
2018-03-14 00:00:00,665,665.2987806637807,-0.2987806637806898,0.2987806637806898
2018-03-14 01:00:00,340,400.5418452380952,-60.54184523809522,60.54184523809522
2018-03-14 02:00:00,285,258.39325,26.606749999999977,26.606749999999977
2018-03-14 03:00:00,378,348.84030952380965,29.15969047619035,29.15969047619035
2018-03-14 04:00:00,903,831.4848214285714,71.51517857142858,71.51517857142858
2018-03-14 05:00:00,2785,2757.9819047619058,27.018095238094247,27.018095238094247
2018-03-14 06:00:00,5526,5804.146178571431,-278.14617857143094,278.14617857143094
2018-03-14 07:00:00,6542,6426.359523809523,115.64047619047687,115.64047619047687
2018-03-14 08:00:00,5854,5956.918686507936,-102.9186865079364,102.9186865079364
2018-03-14 09:00:00,5312,5228.025845238094,83.974154761906,83.974154761906
2018-03-14 10:00:00,4511,4501.342952380952,9.657047619048171,9.657047619048171
2018-03-14 11:00:00,4825,4755.61630952381,69.38369047619017,69.38369047619017
2018-03-14 12:00:00,4908,4992.327634920634,-84.32763492063441,84.32763492063441
2018-03-14 13:00:00,5044,4970.878626984128,73.12137301587245,73.12137301587245
2018-03-14 14:00:00,5251,5474.993515873015,-223.99351587301499,223.99351587301499
2018-03-14 15:00:00,5906,5763.897107142855,142.10289285714498,142.10289285714498
2018-03-14 16:00:00,6789,6640.922249999999,148.0777500000013,148.0777500000013
2018-03-14 17:00:00,6137,6479.3880714285715,-342.3880714285715,342.3880714285715
2018-03-14 18:00:00,4718,4529.8677301587295,188.1322698412705,188.1322698412705
2018-03-14 19:00:00,3426,3360.919369047618,65.08063095238185,65.08063095238185
2018-03-14 20:00:00,3115,2946.225285714286,168.7747142857138,168.7747142857138
2018-03-14 21:00:00,2507,2845.420642857143,-338.42064285714287,338.42064285714287
2018-03-14 22:00:00,1810,1938.6012539682533,-128.60125396825333,128.60125396825333
2018-03-14 23:00:00,1094,1143.1311904761903,-49.13119047619034,49.13119047619034
2018-03-15 00:00:00,577,634.4224047619048,-57.42240476190477,57.42240476190477
2018-03-15 01:00:00,354,350.3275595238096,3.6724404761903884,3.6724404761903884
2018-03-15 02:00:00,259,271.57972510822515,-12.579725108225148,12.579725108225148
2018-03-15 04:00:00,910,764.6853015873016,145.31469841269836,145.31469841269836
2018-03-15 05:00:00,2797,2682.6068809523817,114.39311904761826,114.39311904761826
2018-03-15 06:00:00,4965,5754.083103174603,-789.0831031746029,789.0831031746029
2018-03-15 07:00:00,6537,5644.114535714285,892.885464285715,892.885464285715
2018-03-15 08:00:00,5907,6015.111130952382,-108.11113095238215,108.11113095238215
2018-03-15 09:00:00,5177,5193.390960317459,-16.39096031745885,16.39096031745885
2018-03-15 10:00:00,4675,4627.207984126985,47.79201587301486,47.79201587301486
2018-03-15 11:00:00,4905,4891.670584249084,13.329415750916269,13.329415750916269
2018-03-15 12:00:00,5113,5059.833142857143,53.166857142857225,53.166857142857225
2018-03-15 13:00:00,5165,5132.025888888888,32.9741111111116,32.9741111111116
2018-03-15 14:00:00,5448,5529.310535714287,-81.31053571428674,81.31053571428674
2018-03-15 15:00:00,5960,5871.199845238097,88.80015476190329,88.80015476190329
2018-03-15 16:00:00,6586,6649.803309523808,-63.80330952380791,63.80330952380791
2018-03-15 17:00:00,6279,6263.319492063492,15.680507936507638,15.680507936507638
2018-03-15 18:00:00,4771,4755.936404761906,15.063595238094422,15.063595238094422
2018-03-15 19:00:00,3503,3558.1065000000003,-55.106500000000324,55.106500000000324
2018-03-15 20:00:00,3093,3223.649214285714,-130.64921428571415,130.64921428571415
2018-03-15 21:00:00,2685,3133.895642857143,-448.8956428571428,448.8956428571428
2018-03-15 22:00:00,2157,2121.4031904761905,35.5968095238095,35.5968095238095
2018-03-15 23:00:00,1205,1321.7852640692645,-116.78526406926449,116.78526406926449
2018-03-16 00:00:00,661,723.9485952380954,-62.948595238095436,62.948595238095436
2018-03-16 01:00:00,386,389.4805873015874,-3.480587301587377,3.480587301587377
2018-03-16 02:00:00,287,314.27803571428575,-27.27803571428575,27.27803571428575
2018-03-16 04:00:00,793,658.8012857142854,134.19871428571457,134.19871428571457
2018-03-16 05:00:00,2731,2555.1728730158734,175.8271269841266,175.8271269841266
2018-03-16 06:00:00,4997,5639.683488095238,-642.6834880952383,642.6834880952383
2018-03-16 07:00:00,6242,5703.713023809524,538.2869761904758,538.2869761904758
2018-03-16 08:00:00,5574,5638.582920634921,-64.58292063492081,64.58292063492081
2018-03-16 09:00:00,4900,4965.57682142857,-65.57682142856993,65.57682142856993
2018-03-16 10:00:00,4578,4663.972976190476,-85.9729761904764,85.9729761904764
2018-03-16 11:00:00,5056,4940.610166666666,115.38983333333363,115.38983333333363
2018-03-16 12:00:00,5381,5335.956349206349,45.04365079365107,45.04365079365107
2018-03-16 13:00:00,5398,5405.668958874459,-7.668958874459349,7.668958874459349
2018-03-16 14:00:00,5594,5662.817035714288,-68.81703571428807,68.81703571428807
2018-03-16 15:00:00,5999,5915.253928571428,83.74607142857167,83.74607142857167
2018-03-16 16:00:00,6607,6458.387595238095,148.61240476190505,148.61240476190505
2018-03-16 17:00:00,6023,6097.364309523811,-74.36430952381124,74.36430952381124
2018-03-16 18:00:00,4952,4993.706837301588,-41.706837301588166,41.706837301588166
2018-03-16 19:00:00,4004,3750.627321428571,253.37267857142888,253.37267857142888
2018-03-16 20:00:00,3503,3254.0157142857142,248.98428571428576,248.98428571428576
2018-03-16 21:00:00,3111,3375.701738095239,-264.70173809523885,264.70173809523885
2018-03-16 22:00:00,3079,2873.3727380952373,205.6272619047627,205.6272619047627
2018-03-16 23:00:00,1903,2020.1869166666663,-117.18691666666632,117.18691666666632
2018-03-17 00:00:00,1125,1315.2722857142853,-190.27228571428532,190.27228571428532
2018-03-17 01:00:00,621,688.8725952380952,-67.87259523809519,67.87259523809519
2018-03-17 02:00:00,498,504.0550555555554,-6.055055555555384,6.055055555555384
2018-03-17 03:00:00,386,360.5276666666666,25.47233333333338,25.47233333333338
2018-03-17 04:00:00,391,383.3278571428571,7.672142857142887,7.672142857142887
2018-03-17 05:00:00,681,687.397126984127,-6.397126984126999,6.397126984126999
2018-03-17 06:00:00,1167,1220.678523809524,-53.678523809523995,53.678523809523995
2018-03-17 07:00:00,1895,1741.9835476190474,153.01645238095261,153.01645238095261
2018-03-17 08:00:00,3095,2699.2967857142853,395.7032142857147,395.7032142857147
2018-03-17 09:00:00,3956,3841.922452380953,114.07754761904698,114.07754761904698
2018-03-17 10:00:00,4651,4218.30288095238,432.6971190476197,432.6971190476197
2018-03-17 11:00:00,5278,5025.61815079365,252.38184920635013,252.38184920635013
2018-03-17 12:00:00,5798,5333.659916666666,464.3400833333344,464.3400833333344
2018-03-17 13:00:00,5686,5608.186500000002,77.81349999999838,77.81349999999838
2018-03-17 14:00:00,5616,5545.231166666666,70.76883333333444,70.76883333333444
2018-03-17 15:00:00,5217,5116.254714285715,100.74528571428527,100.74528571428527
2018-03-17 16:00:00,4708,4988.516813852812,-280.51681385281245,280.51681385281245
2018-03-17 17:00:00,4954,4600.883202380953,353.11679761904725,353.11679761904725
2018-03-17 18:00:00,4595,4776.5439841269845,-181.54398412698447,181.54398412698447
2018-03-17 19:00:00,3918,3610.8792896825407,307.12071031745927,307.12071031745927
2018-03-17 20:00:00,3534,3264.983214285714,269.016785714286,269.016785714286
2018-03-17 21:00:00,3351,3463.0055238095224,-112.0055238095224,112.0055238095224
2018-03-17 22:00:00,3739,3255.303214285714,483.69678571428585,483.69678571428585
2018-03-17 23:00:00,2596,2334.3263849206355,261.6736150793645,261.6736150793645
2018-03-18 00:00:00,1642,1677.7340396825396,-35.73403968253956,35.73403968253956
2018-03-18 01:00:00,1075,938.1651190476193,136.83488095238067,136.83488095238067
2018-03-18 02:00:00,719,673.6448809523811,45.35511904761893,45.35511904761893
2018-03-18 03:00:00,417,426.2882222222221,-9.288222222222089,9.288222222222089
2018-03-18 04:00:00,321,391.11381746031753,-70.11381746031753,70.11381746031753
2018-03-18 05:00:00,439,482.0430476190476,-43.04304761904763,43.04304761904763
2018-03-18 06:00:00,761,743.0888730158732,17.91112698412678,17.91112698412678
2018-03-18 07:00:00,1020,1065.9723968253968,-45.9723968253968,45.9723968253968
2018-03-18 08:00:00,1840,1666.7913452380951,173.20865476190488,173.20865476190488
2018-03-18 09:00:00,2776,2598.1573571428567,177.84264285714335,177.84264285714335
2018-03-18 10:00:00,3658,3553.5764761904757,104.42352380952434,104.42352380952434
2018-03-18 11:00:00,4175,4141.424206349207,33.57579365079255,33.57579365079255
2018-03-18 12:00:00,4575,4483.686357142857,91.31364285714335,91.31364285714335
2018-03-18 13:00:00,4713,4602.26642857143,110.73357142857003,110.73357142857003
2018-03-18 14:00:00,4783,4687.855547619049,95.1444523809514,95.1444523809514
2018-03-18 15:00:00,4797,4790.632297619048,6.367702380952323,6.367702380952323
2018-03-18 16:00:00,4727,4879.707166666667,-152.70716666666704,152.70716666666704
2018-03-18 17:00:00,4649,4434.391404761905,214.6085952380954,214.6085952380954
2018-03-18 18:00:00,3868,4294.590714285714,-426.59071428571406,426.59071428571406
2018-03-18 19:00:00,3174,3320.473214285713,-146.47321428571286,146.47321428571286
2018-03-18 20:00:00,2692,2641.876571428571,50.12342857142903,50.12342857142903
2018-03-18 21:00:00,2068,2498.4506666666657,-430.4506666666657,430.4506666666657
2018-03-18 22:00:00,1560,1671.2719761904764,-111.27197619047638,111.27197619047638
2018-03-18 23:00:00,966,1002.6568412698413,-36.656841269841266,36.656841269841266
2018-03-19 00:00:00,540,512.7784206349205,27.221579365079492,27.221579365079492
2018-03-19 01:00:00,293,357.67874603174596,-64.67874603174596,64.67874603174596
2018-03-19 02:00:00,254,235.95390476190474,18.046095238095262,18.046095238095262
2018-03-19 03:00:00,348,323.12961904761903,24.87038095238097,24.87038095238097
2018-03-19 04:00:00,819,785.2296904761904,33.7703095238096,33.7703095238096
2018-03-19 05:00:00,2788,2615.132833333333,172.8671666666669,172.8671666666669
2018-03-19 06:00:00,5370,5725.845753968254,-355.84575396825403,355.84575396825403
2018-03-19 07:00:00,6710,6426.362742063493,283.637257936507,283.637257936507
2018-03-19 08:00:00,5983,5992.896035714287,-9.896035714286882,9.896035714286882
2018-03-19 09:00:00,4958,5001.474928571429,-43.47492857142879,43.47492857142879
2018-03-19 10:00:00,4320,4331.087559523809,-11.087559523809432,11.087559523809432
2018-03-19 11:00:00,4551,4541.674773088023,9.325226911976642,9.325226911976642
2018-03-19 12:00:00,4636,4764.511980158731,-128.5119801587307,128.5119801587307
2018-03-19 13:00:00,4712,4698.637277777777,13.362722222223056,13.362722222223056
2018-03-19 14:00:00,4974,5071.94057142857,-97.94057142857037,97.94057142857037
2018-03-19 15:00:00,5694,5567.690730158731,126.30926984126927,126.30926984126927
2018-03-19 16:00:00,6470,6440.183714285714,29.816285714286096,29.816285714286096
2018-03-19 17:00:00,5955,6184.373946969699,-229.37394696969932,229.37394696969932
2018-03-19 18:00:00,4314,4460.350083333332,-146.3500833333319,146.3500833333319
2018-03-19 19:00:00,3201,3079.910976190475,121.08902380952486,121.08902380952486
2018-03-19 20:00:00,2582,2643.5196507936507,-61.519650793650726,61.519650793650726
2018-03-19 21:00:00,2628,2255.133670634921,372.86632936507885,372.86632936507885
2018-03-19 22:00:00,3231,1809.0257261904758,1421.9742738095242,1421.9742738095242
2018-03-19 23:00:00,1086,1411.3576150793651,-325.35761507936513,325.35761507936513
2018-03-20 00:00:00,556,645.6155,-89.6155,89.6155
2018-03-20 01:00:00,337,340.8467341269841,-3.8467341269840745,3.8467341269840745
2018-03-20 02:00:00,247,250.86815476190478,-3.8681547619047763,3.8681547619047763
2018-03-20 03:00:00,353,349.0713095238096,3.928690476190411,3.928690476190411
2018-03-20 04:00:00,885,792.4505357142859,92.54946428571407,92.54946428571407
2018-03-20 05:00:00,2867,2798.7509404761913,68.24905952380868,68.24905952380868
2018-03-20 06:00:00,5619,5779.085916666666,-160.08591666666598,160.08591666666598
2018-03-20 07:00:00,6426,6558.155103174605,-132.15510317460485,132.15510317460485
2018-03-20 08:00:00,5876,5848.616452380952,27.38354761904793,27.38354761904793
2018-03-20 09:00:00,5130,5094.3939404761895,35.60605952381047,35.60605952381047
2018-03-20 09:00:00,5130,5066.333047619048,63.66695238095235,63.66695238095235
2018-03-20 10:00:00,4406,4453.024083333334,-47.02408333333369,47.02408333333369
2018-03-20 10:00:00,4406,4318.047107142858,87.9528928571417,87.9528928571417
2018-03-20 10:00:00,4406,4313.7041547619065,92.29584523809353,92.29584523809353
2018-03-20 11:00:00,4427,4618.213095238094,-191.21309523809396,191.21309523809396
2018-03-20 11:00:00,4427,4637.854642857143,-210.8546428571426,210.8546428571426
2018-03-20 12:00:00,4600,4715.768892857142,-115.76889285714242,115.76889285714242
2018-03-20 12:00:00,4600,4806.387031746031,-206.38703174603143,206.38703174603143
2018-03-20 13:00:00,4696,4751.76807936508,-55.76807936507976,55.76807936507976
2018-03-20 13:00:00,4696,4801.34996969697,-105.34996969697022,105.34996969697022
2018-03-20 14:00:00,4958,4927.396023809524,30.603976190475805,30.603976190475805
2018-03-20 14:00:00,4958,5202.81690079365,-244.81690079365035,244.81690079365035
2018-03-20 14:00:00,4958,5209.004417027417,-251.00441702741682,251.00441702741682
2018-03-20 14:00:00,4958,5210.474730519481,-252.47473051948145,252.47473051948145
2018-03-20 14:00:00,4958,5239.356202380953,-281.3562023809527,281.3562023809527
2018-03-20 15:00:00,5690,5507.794777777776,182.2052222222237,182.2052222222237
2018-03-20 15:00:00,5690,5713.2769285714285,-23.27692857142847,23.27692857142847
2018-03-20 15:00:00,5690,5695.520071428572,-5.52007142857201,5.52007142857201
2018-03-20 15:00:00,5690,5720.448773809525,-30.448773809524937,30.448773809524937
2018-03-20 16:00:00,6609,6560.249611111112,48.750388888887755,48.750388888887755
2018-03-20 16:00:00,6609,6637.336845238097,-28.33684523809734,28.33684523809734
2018-03-20 17:00:00,6097,6247.230706349205,-150.23070634920532,150.23070634920532
2018-03-20 17:00:00,6097,6107.582654761904,-10.58265476190445,10.58265476190445
2018-03-20 18:00:00,4569,4651.6106190476185,-82.61061904761846,82.61061904761846
2018-03-20 19:00:00,3098,3230.5494404761894,-132.54944047618937,132.54944047618937
2018-03-20 19:00:00,3098,3013.210952380953,84.78904761904687,84.78904761904687
2018-03-20 20:00:00,2741,2753.979702380952,-12.979702380951949,12.979702380951949
2018-03-20 20:00:00,2741,2759.312738095238,-18.31273809523782,18.31273809523782
2018-03-20 20:00:00,2741,2783.3794523809524,-42.37945238095244,42.37945238095244
2018-03-20 21:00:00,2517,2726.1023928571435,-209.1023928571435,209.1023928571435
2018-03-20 21:00:00,2517,2487.5024246031744,29.497575396825596,29.497575396825596
2018-03-20 21:00:00,2517,2411.140317460317,105.85968253968304,105.85968253968304
2018-03-20 22:00:00,1621,2031.196512626263,-410.19651262626303,410.19651262626303
2018-03-20 22:00:00,1621,1523.422380952381,97.57761904761901,97.57761904761901
2018-03-20 23:00:00,1062,1048.3878293650791,13.612170634920858,13.612170634920858
2018-03-21 00:00:00,578,605.3043690476192,-27.30436904761916,27.30436904761916
2018-03-21 01:00:00,335,358.82270238095225,-23.82270238095225,23.82270238095225
2018-03-21 02:00:00,261,253.83997619047622,7.1600238095237785,7.1600238095237785
2018-03-21 03:00:00,353,349.3679166666669,3.632083333333128,3.632083333333128
2018-03-21 04:00:00,893,829.9177896825396,63.08221031746041,63.08221031746041
2018-03-21 05:00:00,2950,2697.2010952380965,252.7989047619035,252.7989047619035
2018-03-21 06:00:00,5538,5784.814999999999,-246.8149999999987,246.8149999999987
2018-03-21 07:00:00,6840,6453.883857142857,386.11614285714313,386.11614285714313
2018-03-21 08:00:00,6218,6127.855317460319,90.14468253968062,90.14468253968062
2018-03-21 08:00:00,6218,5942.023904761905,275.9760952380948,275.9760952380948
2018-03-21 09:00:00,5356,5188.83944047619,167.16055952380975,167.16055952380975
2018-03-21 09:00:00,5356,5102.306523809522,253.69347619047767,253.69347619047767
2018-03-21 10:00:00,4551,4524.383095238095,26.61690476190506,26.61690476190506
2018-03-21 11:00:00,4807,4678.858924603176,128.1410753968239,128.1410753968239
2018-03-21 12:00:00,4993,5000.856392857143,-7.856392857142964,7.856392857142964
2018-03-21 13:00:00,4879,4957.189702380953,-78.18970238095335,78.18970238095335
2018-03-21 14:00:00,5173,5252.167261904763,-79.16726190476311,79.16726190476311
2018-03-21 15:00:00,5863,5682.981833333333,180.01816666666673,180.01816666666673
2018-03-21 16:00:00,6790,6708.249595238095,81.75040476190497,81.75040476190497
2018-03-21 17:00:00,6310,6473.062404761901,-163.06240476190123,163.06240476190123
2018-03-21 18:00:00,4591,4604.045321428572,-13.045321428571697,13.045321428571697
2018-03-21 19:00:00,3493,3331.829785714285,161.1702142857148,161.1702142857148
2018-03-21 20:00:00,2991,2979.9926428571443,11.007357142855653,11.007357142855653
2018-03-21 21:00:00,2592,2647.610888888889,-55.610888888888894,55.610888888888894
2018-03-21 22:00:00,1664,1846.369083333333,-182.36908333333304,182.36908333333304
2018-03-21 23:00:00,1093,1118.6313452380957,-25.63134523809572,25.63134523809572
2018-03-22 00:00:00,609,612.3088492063492,-3.3088492063492367,3.3088492063492367
2018-03-22 01:00:00,346,378.8646666666666,-32.86466666666661,32.86466666666661
2018-03-22 02:00:00,228,260.66967857142856,-32.66967857142856,32.66967857142856
2018-03-22 03:00:00,330,342.4368690476192,-12.436869047619211,12.436869047619211
2018-03-22 04:00:00,868,825.6760238095237,42.32397619047629,42.32397619047629
2018-03-22 05:00:00,2903,2675.797214285714,227.20278571428616,227.20278571428616
2018-03-22 06:00:00,5530,5870.5628809523805,-340.5628809523805,340.5628809523805
2018-03-22 07:00:00,6833,6513.023031746034,319.97696825396633,319.97696825396633
2018-03-22 08:00:00,6206,6089.688055555554,116.31194444444645,116.31194444444645
2018-03-22 09:00:00,5222,5297.184944444444,-75.18494444444423,75.18494444444423
2018-03-22 10:00:00,4573,4556.086571428571,16.913428571428994,16.913428571428994
2018-03-22 11:00:00,5059,4837.121559523811,221.8784404761891,221.8784404761891
2018-03-22 12:00:00,5162,5146.25953968254,15.74046031746002,15.74046031746002
2018-03-22 13:00:00,5165,5190.484341269842,-25.484341269841934,25.484341269841934
2018-03-22 14:00:00,5386,5436.512999999999,-50.51299999999901,50.51299999999901
2018-03-22 15:00:00,5963,5894.2866547619005,68.71334523809946,68.71334523809946
2018-03-22 16:00:00,6918,6677.635964285714,240.36403571428582,240.36403571428582
2018-03-22 17:00:00,6374,6432.927523809523,-58.927523809523336,58.927523809523336
2018-03-22 18:00:00,4694,4729.580761904763,-35.58076190476277,35.58076190476277
2018-03-22 19:00:00,3737,3491.843452380953,245.15654761904716,245.15654761904716
2018-03-22 20:00:00,3510,3216.0992857142865,293.90071428571355,293.90071428571355
2018-03-22 21:00:00,2896,3315.5619642857146,-419.56196428571457,419.56196428571457
2018-03-22 22:00:00,2298,2626.7102142857157,-328.71021428571567,328.71021428571567
2018-03-22 23:00:00,1235,1366.6761825396832,-131.67618253968317,131.67618253968317
2018-03-23 00:00:00,645,694.5726666666666,-49.57266666666658,49.57266666666658
2018-03-23 01:00:00,379,391.4092142857143,-12.409214285714313,12.409214285714313
2018-03-23 02:00:00,285,302.4363214285715,-17.43632142857149,17.43632142857149
2018-03-23 03:00:00,382,360.2788333333334,21.72116666666659,21.72116666666659
2018-03-23 04:00:00,800,802.0269523809525,-2.02695238095248,2.02695238095248
2018-03-23 05:00:00,2744,2600.0934603174605,143.90653968253946,143.90653968253946
2018-03-23 06:00:00,5245,5728.932095238095,-483.9320952380949,483.9320952380949
2018-03-23 07:00:00,6407,6159.783071428571,247.21692857142898,247.21692857142898
2018-03-23 08:00:00,5885,5755.655714285716,129.34428571428361,129.34428571428361
2018-03-23 09:00:00,5294,5136.541380952379,157.45861904762114,157.45861904762114
2018-03-23 10:00:00,4876,4789.65219047619,86.3478095238097,86.3478095238097
2018-03-23 11:00:00,5230,5202.188595238095,27.81140476190467,27.81140476190467
2018-03-23 12:00:00,5405,5508.442388888888,-103.44238888888776,103.44238888888776
2018-03-23 13:00:00,5369,5455.403499999999,-86.40349999999944,86.40349999999944
2018-03-23 14:00:00,5525,5624.23892857143,-99.23892857142982,99.23892857142982
2018-03-23 15:00:00,6042,5950.933174603175,91.06682539682515,91.06682539682515
2018-03-23 16:00:00,6712,6496.106603174603,215.89339682539685,215.89339682539685
2018-03-23 17:00:00,6248,5967.757071428571,280.2429285714288,280.2429285714288
2018-03-23 18:00:00,5041,5119.8646071428575,-78.8646071428575,78.8646071428575
2018-03-23 19:00:00,4067,3840.5233095238095,226.47669047619047,226.47669047619047
2018-03-23 20:00:00,3229,3318.4368809523817,-89.43688095238167,89.43688095238167
2018-03-23 21:00:00,2915,3091.51823015873,-176.51823015873015,176.51823015873015
2018-03-23 22:00:00,2928,2782.078595238095,145.9214047619048,145.9214047619048
2018-03-23 23:00:00,2932,2123.976071428571,808.0239285714292,808.0239285714292
2018-03-24 00:00:00,1453,1480.691944444444,-27.69194444444406,27.69194444444406
2018-03-24 01:00:00,950,847.6903452380952,102.30965476190477,102.30965476190477
2018-03-24 08:00:00,3049,1807.3154523809521,1241.6845476190479,1241.6845476190479
2018-03-24 09:00:00,3912,3826.598428571428,85.40157142857197,85.40157142857197
2018-03-24 10:00:00,4466,3990.196047619048,475.80395238095207,475.80395238095207
2018-03-24 11:00:00,6006,4931.200666666667,1074.7993333333334,1074.7993333333334
2018-03-24 12:00:00,6470,5829.804190476192,640.1958095238078,640.1958095238078
2018-03-24 13:00:00,5148,5405.180531746033,-257.180531746033,257.180531746033
2018-03-24 14:00:00,4994,4874.28958982684,119.7104101731602,119.7104101731602
2018-03-24 15:00:00,5019,4834.638785714286,184.3612142857137,184.3612142857137
2018-03-24 16:00:00,4874,4871.718678571428,2.281321428571573,2.281321428571573
2018-03-24 17:00:00,4787,4670.828920634922,116.17107936507819,116.17107936507819
2018-03-24 18:00:00,4511,4542.151964285715,-31.151964285714712,31.151964285714712
2018-03-24 19:00:00,3788,3576.1717380952377,211.82826190476226,211.82826190476226
2018-03-24 20:00:00,3044,3145.262095238095,-101.26209523809484,101.26209523809484
2018-03-24 21:00:00,3602,3125.221805555555,476.77819444444503,476.77819444444503
2018-03-24 22:00:00,4409,3289.2966547619058,1119.7033452380942,1119.7033452380942
2018-03-24 23:00:00,2104,2377.263162698413,-273.263162698413,273.263162698413
2018-03-25 00:00:00,1324,1423.812702380952,-99.81270238095203,99.81270238095203
2018-03-25 01:00:00,795,835.4116031746036,-40.411603174603556,40.411603174603556
2018-03-25 02:00:00,658,620.3476904761905,37.65230952380955,37.65230952380955
2018-03-25 03:00:00,340,388.4663015873015,-48.46630158730147,48.46630158730147
2018-03-25 04:00:00,274,302.7800476190476,-28.780047619047593,28.780047619047593
2018-03-25 05:00:00,440,462.95770634920643,-22.957706349206433,22.957706349206433
2018-03-25 06:00:00,771,751.685753968254,19.314246031746052,19.314246031746052
2018-03-25 07:00:00,1158,1068.9716071428568,89.02839285714322,89.02839285714322
2018-03-25 08:00:00,1847,1997.3795476190478,-150.3795476190478,150.3795476190478
2018-03-25 09:00:00,2788,2671.5893333333333,116.41066666666666,116.41066666666666
2018-03-25 10:00:00,3617,3653.4921746031737,-36.49217460317368,36.49217460317368
2018-03-25 11:00:00,3939,4116.21842857143,-177.2184285714302,177.2184285714302
2018-03-25 12:00:00,4628,4397.312000000001,230.6879999999992,230.6879999999992
2018-03-25 13:00:00,4615,4663.3162619047625,-48.31626190476254,48.31626190476254
2018-03-25 14:00:00,4447,4864.005738095239,-417.0057380952394,417.0057380952394
2018-03-25 15:00:00,4447,4543.071249999999,-96.07124999999905,96.07124999999905
2018-03-25 16:00:00,4540,4495.025452380951,44.97454761904919,44.97454761904919
2018-03-25 17:00:00,4345,4340.7967976190475,4.203202380952462,4.203202380952462
2018-03-25 18:00:00,3799,3899.3582976190482,-100.35829761904824,100.35829761904824
2018-03-25 19:00:00,2980,3354.1378174603174,-374.13781746031736,374.13781746031736
2018-03-25 20:00:00,2784,2586.9856865079364,197.0143134920636,197.0143134920636
2018-03-25 21:00:00,3967,2389.928087301587,1577.0719126984131,1577.0719126984131
2018-03-25 22:00:00,1794,2748.4859761904754,-954.4859761904754,954.4859761904754
2018-03-25 23:00:00,984,1254.669678571429,-270.6696785714289,270.6696785714289
2018-03-26 00:00:00,518,556.2476861471858,-38.247686147185846,38.247686147185846
2018-03-26 01:00:00,325,299.80299999999994,25.19700000000006,25.19700000000006
2018-03-26 02:00:00,248,253.26357142857145,-5.263571428571453,5.263571428571453
2018-03-26 03:00:00,336,322.8242857142857,13.17571428571432,13.17571428571432
2018-03-26 03:00:00,336,326.38491666666664,9.61508333333336,9.61508333333336
2018-03-26 04:00:00,851,793.8957142857142,57.104285714285766,57.104285714285766
2018-03-26 05:00:00,2625,2593.955571428571,31.044428571428853,31.044428571428853
2018-03-26 05:00:00,2625,2624.1533809523803,0.8466190476196971,0.8466190476196971
2018-03-26 06:00:00,5213,5572.463892857142,-359.4638928571421,359.4638928571421
2018-03-26 06:00:00,5213,5141.935452380952,71.06454761904843,71.06454761904843
2018-03-26 07:00:00,6382,5945.6044801587295,436.39551984127047,436.39551984127047
2018-03-26 08:00:00,5654,5819.439206349207,-165.43920634920687,165.43920634920687
2018-03-26 09:00:00,4843,4645.939891053392,197.06010894660812,197.06010894660812
2018-03-26 10:00:00,4129,4292.474598484849,-163.47459848484868,163.47459848484868
2018-03-26 11:00:00,4370,4347.612309523809,22.387690476190983,22.387690476190983
2018-03-26 12:00:00,4562,4627.768964285716,-65.76896428571581,65.76896428571581
2018-03-26 13:00:00,4661,4755.5883293650795,-94.58832936507952,94.58832936507952
2018-03-26 14:00:00,4992,4997.079499999999,-5.079499999998916,5.079499999998916
2018-03-26 14:00:00,4992,5101.0249523809525,-109.02495238095253,109.02495238095253
2018-03-26 15:00:00,5494,5588.106742063492,-94.10674206349177,94.10674206349177
2018-03-26 16:00:00,6402,6352.876880952379,49.123119047621,49.123119047621
2018-03-26 16:00:00,6402,6346.777238095237,55.22276190476259,55.22276190476259
2018-03-26 17:00:00,5956,6064.212988095238,-108.21298809523796,108.21298809523796
2018-03-26 17:00:00,5956,5911.602988095238,44.39701190476171,44.39701190476171
2018-03-26 17:00:00,5956,5919.600892857143,36.39910714285725,36.39910714285725
2018-03-26 18:00:00,4041,4284.251305555556,-243.25130555555643,243.25130555555643
2018-03-26 18:00:00,4041,3989.5570000000002,51.442999999999756,51.442999999999756
2018-03-26 18:00:00,4041,3980.551404761905,60.448595238095095,60.448595238095095
2018-03-26 19:00:00,3000,2850.1033571428566,149.89664285714343,149.89664285714343
2018-03-26 19:00:00,3000,2870.7690833333345,129.2309166666655,129.2309166666655
2018-03-26 19:00:00,3000,2902.1814166666677,97.8185833333323,97.8185833333323
2018-03-26 20:00:00,2500,2583.390666666666,-83.39066666666622,83.39066666666622
2018-03-26 20:00:00,2500,2444.3404960317457,55.659503968254285,55.659503968254285
2018-03-26 20:00:00,2500,2384.930912698412,115.06908730158784,115.06908730158784
2018-03-26 21:00:00,2012,2295.4512936507936,-283.45129365079356,283.45129365079356
2018-03-26 21:00:00,2012,1921.1250714285713,90.87492857142865,90.87492857142865
2018-03-26 21:00:00,2012,1909.1702857142852,102.82971428571477,102.82971428571477
2018-03-26 21:00:00,2012,1931.0032857142858,80.99671428571423,80.99671428571423
2018-03-26 22:00:00,1413,1826.4368333333334,-413.4368333333334,413.4368333333334
2018-03-26 22:00:00,1413,1419.2110952380954,-6.211095238095368,6.211095238095368
2018-03-26 23:00:00,877,989.4027619047622,-112.4027619047622,112.4027619047622
2018-03-26 23:00:00,877,873.6552380952379,3.3447619047620947,3.3447619047620947
2018-03-26 23:00:00,877,875.7690714285709,1.2309285714291036,1.2309285714291036
2018-03-27 00:00:00,516,535.6290833333335,-19.629083333333483,19.629083333333483
2018-03-27 00:00:00,516,515.0368095238097,0.9631904761903343,0.9631904761903343
2018-03-27 00:00:00,516,515.2698095238097,0.7301904761902733,0.7301904761902733
2018-03-27 00:00:00,516,515.2698095238097,0.7301904761902733,0.7301904761902733
2018-03-27 01:00:00,313,346.5572976190475,-33.55729761904752,33.55729761904752
2018-03-27 01:00:00,313,314.9432142857143,-1.9432142857143049,1.9432142857143049
2018-03-27 01:00:00,313,315.0069444444445,-2.006944444444514,2.006944444444514
2018-03-27 01:00:00,313,315.0344444444445,-2.034444444444489,2.034444444444489
2018-03-27 02:00:00,249,254.01356349206353,-5.0135634920635255,5.0135634920635255
2018-03-27 03:00:00,344,337.4229642857144,6.577035714285614,6.577035714285614
2018-03-27 04:00:00,879,807.777261904762,71.22273809523801,71.22273809523801
2018-03-27 05:00:00,2781,2756.7376785714296,24.26232142857043,24.26232142857043
2018-03-27 06:00:00,5421,5687.387507936509,-266.3875079365089,266.3875079365089
2018-03-27 07:00:00,6696,6272.517753968254,423.4822460317464,423.4822460317464
2018-03-27 07:00:00,6696,6676.899964285715,19.100035714284786,19.100035714284786
2018-03-27 08:00:00,5970,5929.116857142857,40.88314285714296,40.88314285714296
2018-03-27 08:00:00,5970,5846.121023809525,123.87897619047544,123.87897619047544
2018-03-27 09:00:00,5088,5242.149202380953,-154.14920238095328,154.14920238095328
2018-03-27 09:00:00,5088,4966.229738095239,121.77026190476136,121.77026190476136
2018-03-27 10:00:00,4388,4376.532666666668,11.467333333332135,11.467333333332135
2018-03-27 11:00:00,4466,4691.074976190476,-225.07497619047626,225.07497619047626
2018-03-27 12:00:00,5025,4652.608666666664,372.39133333333575,372.39133333333575
2018-03-27 13:00:00,4793,4956.3394761904765,-163.3394761904765,163.3394761904765
2018-03-27 14:00:00,5374,5166.761,207.23899999999958,207.23899999999958
2018-03-27 15:00:00,5801,5875.433428571428,-74.43342857142761,74.43342857142761
2018-03-27 16:00:00,6868,6589.54045238095,278.4595476190498,278.4595476190498
2018-03-27 17:00:00,6139,6476.218666666667,-337.21866666666665,337.21866666666665
2018-03-27 18:00:00,4715,4470.35761111111,244.6423888888903,244.6423888888903
2018-03-27 19:00:00,3441,3369.4870714285703,71.51292857142971,71.51292857142971
2018-03-27 20:00:00,2952,2917.2305714285703,34.76942857142967,34.76942857142967
2018-03-27 21:00:00,2415,2751.9403095238104,-336.94030952381036,336.94030952381036
2018-03-27 22:00:00,2058,1765.2161666666664,292.78383333333363,292.78383333333363
2018-03-27 23:00:00,1060,1443.9132619047616,-383.9132619047616,383.9132619047616
2018-03-28 00:00:00,600,607.1917142857143,-7.1917142857142835,7.1917142857142835
2018-03-28 01:00:00,380,376.20544047619046,3.7945595238095393,3.7945595238095393
2018-03-28 02:00:00,263,313.3330595238096,-50.333059523809595,50.333059523809595
2018-03-28 03:00:00,352,357.4755833333334,-5.475583333333418,5.475583333333418
2018-03-28 04:00:00,859,838.1468928571428,20.853107142857198,20.853107142857198
2018-03-28 05:00:00,2825,2707.0892301587305,117.91076984126948,117.91076984126948
2018-03-28 05:00:00,2825,2825.3203253968245,-0.3203253968245008,0.3203253968245008
2018-03-28 06:00:00,5355,5740.643095238096,-385.64309523809607,385.64309523809607
2018-03-28 07:00:00,6650,6183.594206349205,466.4057936507952,466.4057936507952
2018-03-28 08:00:00,6014,6030.734095238096,-16.734095238096415,16.734095238096415
2018-03-28 09:00:00,5082,5178.479035714285,-96.47903571428469,96.47903571428469
2018-03-28 10:00:00,4655,4505.569702380952,149.43029761904836,149.43029761904836
2018-03-28 11:00:00,4775,4829.833595238097,-54.83359523809668,54.83359523809668
2018-03-28 12:00:00,5066,4966.146857142859,99.85314285714139,99.85314285714139
2018-03-28 13:00:00,5197,5086.023626984128,110.97637301587201,110.97637301587201
2018-03-28 14:00:00,5484,5365.5469523809525,118.45304761904754,118.45304761904754
2018-03-28 15:00:00,5938,5938.921119047619,-0.9211190476189586,0.9211190476189586
2018-03-28 16:00:00,6988,6608.506357142858,379.4936428571418,379.4936428571418
2018-03-28 17:00:00,6540,6369.6391428571405,170.36085714285946,170.36085714285946
2018-03-28 17:00:00,6540,6272.7218095238095,267.2781904761905,267.2781904761905
2018-03-28 18:00:00,4918,4762.397642857144,155.6023571428559,155.6023571428559
2018-03-28 19:00:00,3392,3348.024095238095,43.975904761904985,43.975904761904985
2018-03-28 20:00:00,3105,2912.771869047619,192.22813095238098,192.22813095238098
2018-03-28 21:00:00,2616,2838.122988095237,-222.1229880952369,222.1229880952369
2018-03-28 22:00:00,1736,1868.5918769841262,-132.5918769841262,132.5918769841262
2018-03-28 23:00:00,1132,1093.4774999999997,38.522500000000264,38.522500000000264
2018-03-29 00:00:00,553,616.780373015873,-63.78037301587301,63.78037301587301
2018-03-29 01:00:00,354,345.5540119047618,8.445988095238192,8.445988095238192
2018-03-29 03:00:00,353,348.79235714285727,4.20764285714273,4.20764285714273
2018-03-29 04:00:00,859,840.3169090909089,18.683090909091106,18.683090909091106
2018-03-29 05:00:00,2804,2683.00944047619,120.99055952381013,120.99055952381013
2018-03-29 06:00:00,5405,5776.607682539683,-371.6076825396831,371.6076825396831
2018-03-29 07:00:00,6460,6380.094559523812,79.90544047618823,79.90544047618823
2018-03-29 08:00:00,6002,5966.1130952380945,35.8869047619055,35.8869047619055
2018-03-29 09:00:00,4995,5126.778083333334,-131.7780833333336,131.7780833333336
2018-03-29 10:00:00,4579,4502.745920995671,76.25407900432856,76.25407900432856
2018-03-29 11:00:00,5058,4901.41053968254,156.58946031746018,156.58946031746018
2018-03-29 12:00:00,5252,5138.532317460319,113.46768253968094,113.46768253968094
2018-03-29 13:00:00,5338,5282.909015873015,55.09098412698495,55.09098412698495
2018-03-29 14:00:00,5562,5671.759659090908,-109.75965909090792,109.75965909090792
2018-03-29 15:00:00,6040,6008.707833333335,31.292166666665253,31.292166666665253
2018-03-29 16:00:00,6573,6754.934857142855,-181.93485714285544,181.93485714285544
2018-03-29 17:00:00,6034,6273.751333333333,-239.7513333333327,239.7513333333327
2018-03-29 18:00:00,5050,4722.957785714286,327.0422142857142,327.0422142857142
2018-03-29 19:00:00,3656,3579.9227738095233,76.07722619047672,76.07722619047672
2018-03-29 20:00:00,3373,3208.2115714285715,164.78842857142854,164.78842857142854
2018-03-29 21:00:00,3584,3140.0011587301587,443.99884126984125,443.99884126984125
2018-03-29 22:00:00,3691,3341.0434166666673,349.9565833333327,349.9565833333327
2018-03-29 23:00:00,1484,1396.8562896825401,87.14371031745986,87.14371031745986
2018-03-30 00:00:00,817,786.8025436507937,30.197456349206277,30.197456349206277
2018-03-30 01:00:00,413,489.3461825396825,-76.3461825396825,76.3461825396825
2018-03-30 02:00:00,329,310.96671428571426,18.03328571428574,18.03328571428574
2018-03-30 03:00:00,359,348.08091269841265,10.919087301587354,10.919087301587354
2018-03-30 04:00:00,749,809.4072142857142,-60.40721428571419,60.40721428571419
2018-03-30 05:00:00,2367,2506.6055753968258,-139.60557539682577,139.60557539682577
2018-03-30 06:00:00,4463,4957.197392857144,-494.1973928571442,494.1973928571442
2018-03-30 07:00:00,5449,4651.935476190476,797.064523809524,797.064523809524
2018-03-30 08:00:00,5227,5422.553916666666,-195.55391666666583,195.55391666666583
2018-03-30 09:00:00,4964,4723.839511904762,240.16048809523818,240.16048809523818
2018-03-30 10:00:00,4892,4676.309333333334,215.6906666666664,215.6906666666664
2018-03-30 11:00:00,5350,5146.545607142858,203.454392857142,203.454392857142
2018-03-30 12:00:00,5783,5613.36280952381,169.63719047618997,169.63719047618997
2018-03-30 13:00:00,5589,5650.495880952382,-61.49588095238232,61.49588095238232
2018-03-30 14:00:00,5713,5718.375892857143,-5.375892857143299,5.375892857143299
2018-03-30 15:00:00,5936,6000.2976071428575,-64.29760714285749,64.29760714285749
2018-03-30 15:00:00,5936,6015.900404761906,-79.90040476190643,79.90040476190643
2018-03-30 16:00:00,6137,6220.775928571428,-83.77592857142827,83.77592857142827
2018-03-30 17:00:00,5289,5689.244793650794,-400.24479365079424,400.24479365079424
2018-03-30 18:00:00,4573,4512.136047619047,60.86395238095338,60.86395238095338
2018-03-30 19:00:00,3604,3576.2264523809527,27.77354761904735,27.77354761904735
2018-03-30 20:00:00,3233,3068.8711666666663,164.12883333333366,164.12883333333366
2018-03-30 21:00:00,3024,3062.5469761904756,-38.54697619047556,38.54697619047556
2018-03-30 22:00:00,2358,2957.3415000000005,-599.3415000000005,599.3415000000005
2018-03-30 23:00:00,1685,1904.8034523809524,-219.80345238095242,219.80345238095242
2018-03-31 00:00:00,963,1086.5670238095236,-123.56702380952356,123.56702380952356
2018-03-31 00:00:00,963,951.5716428571432,11.42835714285684,11.42835714285684
2018-03-31 01:00:00,580,695.9952023809524,-115.99520238095238,115.99520238095238
2018-03-31 01:00:00,580,556.2384484126983,23.76155158730171,23.76155158730171
2018-03-31 01:00:00,580,559.9024722222222,20.097527777777827,20.097527777777827
2018-03-31 02:00:00,485,550.5735238095239,-65.57352380952386,65.57352380952386
2018-03-31 02:00:00,485,476.1617738095237,8.838226190476291,8.838226190476291
2018-03-31 03:00:00,386,378.19989285714286,7.800107142857144,7.800107142857144
2018-03-31 03:00:00,386,394.1824404761904,-8.18244047619038,8.18244047619038
2018-03-31 04:00:00,352,388.79546031746037,-36.79546031746037,36.79546031746037
2018-03-31 04:00:00,352,354.9329523809523,-2.9329523809523153,2.9329523809523153
2018-03-31 05:00:00,588,762.0161190476193,-174.01611904761933,174.01611904761933
2018-03-31 05:00:00,588,714.0025476190478,-126.00254761904785,126.00254761904785
2018-03-31 05:00:00,588,699.8235952380955,-111.82359523809555,111.82359523809555
2018-03-31 05:00:00,588,675.260535714286,-87.260535714286,87.260535714286
2018-03-31 06:00:00,1045,1073.930130952381,-28.930130952380978,28.930130952380978
2018-03-31 06:00:00,1045,1372.155714285714,-327.1557142857141,327.1557142857141
2018-03-31 06:00:00,1045,1339.2942857142857,-294.2942857142857,294.2942857142857
2018-03-31 07:00:00,1556,1389.204214285715,166.7957857142851,166.7957857142851
2018-03-31 07:00:00,1556,1983.513896825397,-427.51389682539707,427.51389682539707
2018-03-31 08:00:00,2289,2200.165238095238,88.83476190476222,88.83476190476222
2018-03-31 09:00:00,3092,3027.7213214285716,64.27867857142837,64.27867857142837
2018-03-31 09:00:00,3092,3487.7188015873007,-395.71880158730073,395.71880158730073
2018-03-31 10:00:00,3629,3650.7880873015874,-21.78808730158744,21.78808730158744
2018-03-31 11:00:00,4051,4193.417095238097,-142.41709523809732,142.41709523809732
2018-03-31 12:00:00,4348,4445.425392857144,-97.42539285714429,97.42539285714429
2018-03-31 13:00:00,4337,4435.413257936508,-98.41325793650776,98.41325793650776
2018-03-31 14:00:00,4548,4479.164833333332,68.83516666666765,68.83516666666765
2018-03-31 15:00:00,4400,4592.962785714286,-192.96278571428593,192.96278571428593
2018-03-31 16:00:00,4222,4455.284119047619,-233.28411904761924,233.28411904761924
2018-03-31 17:00:00,4155,3866.9153492063483,288.0846507936517,288.0846507936517
2018-03-31 18:00:00,3993,3822.5115158730164,170.48848412698362,170.48848412698362
2018-03-31 19:00:00,3333,3356.5491666666658,-23.54916666666577,23.54916666666577
2018-03-31 20:00:00,2910,2974.3278333333346,-64.32783333333464,64.32783333333464
2018-03-31 21:00:00,2761,2923.8370952380956,-162.83709523809557,162.83709523809557
2018-03-31 22:00:00,2695,2997.8373571428565,-302.8373571428565,302.8373571428565
2018-03-31 23:00:00,1771,2063.3400000000006,-292.3400000000006,292.3400000000006
2018-04-01 00:00:00,1128,1168.9745238095238,-40.97452380952382,40.97452380952382
2018-04-01 01:00:00,652,710.1651547619049,-58.16515476190489,58.16515476190489
2018-04-01 02:00:00,520,580.190777777778,-60.19077777777795,60.19077777777795
2018-04-01 03:00:00,313,334.0461031746033,-21.046103174603275,21.046103174603275
2018-04-01 04:00:00,249,266.07216666666665,-17.072166666666647,17.072166666666647
2018-04-01 05:00:00,426,436.8092142857144,-10.809214285714404,10.809214285714404
2018-04-01 06:00:00,751,740.1572738095236,10.842726190476355,10.842726190476355
2018-04-01 07:00:00,978,1059.8544285714288,-81.8544285714288,81.8544285714288
2018-04-01 08:00:00,1718,1713.2640674603174,4.735932539682608,4.735932539682608
2018-04-01 09:00:00,2444,2597.8776190476183,-153.87761904761828,153.87761904761828
2018-04-01 10:00:00,3306,3144.834535714285,161.1654642857152,161.1654642857152
2018-04-01 11:00:00,3641,3641.0366666666673,-0.03666666666731544,0.03666666666731544
2018-04-01 12:00:00,3964,4048.104142857142,-84.10414285714205,84.10414285714205
2018-04-01 13:00:00,4043,4152.06355952381,-109.06355952381,109.06355952381
2018-04-01 14:00:00,3996,4190.173214285713,-194.17321428571267,194.17321428571267
2018-04-01 15:00:00,4102,4056.593305555557,45.40669444444302,45.40669444444302
2018-04-01 16:00:00,4679,4166.45861111111,512.5413888888897,512.5413888888897
2018-04-01 17:00:00,4569,4388.745904761905,180.25409523809503,180.25409523809503
2018-04-01 18:00:00,4424,4136.484666666667,287.5153333333328,287.5153333333328
2018-04-01 19:00:00,3892,3526.2690873015863,365.7309126984137,365.7309126984137
2018-04-01 20:00:00,3320,2959.289476190476,360.71052380952415,360.71052380952415
2018-04-01 21:00:00,2545,2398.2859960317455,146.71400396825447,146.71400396825447
2018-04-01 22:00:00,1682,2247.237702380952,-565.2377023809522,565.2377023809522
2018-04-01 23:00:00,952,1137.9085515873019,-185.90855158730187,185.90855158730187
2018-04-02 00:00:00,543,526.1961904761904,16.803809523809605,16.803809523809605
2018-04-02 01:00:00,311,332.4380357142857,-21.438035714285718,21.438035714285718
2018-04-02 02:00:00,246,240.977,5.022999999999996,5.022999999999996
2018-04-02 03:00:00,352,324.0850396825398,27.914960317460213,27.914960317460213
2018-04-02 04:00:00,807,822.4303214285716,-15.430321428571574,15.430321428571574
2018-04-02 05:00:00,2683,2638.1296428571422,44.870357142857756,44.870357142857756
2018-04-02 06:00:00,5147,5653.85613095238,-506.8561309523802,506.8561309523802
2018-04-02 07:00:00,6148,6011.251416666666,136.74858333333395,136.74858333333395
2018-04-02 08:00:00,5557,5541.98892857143,15.011071428570176,15.011071428570176
2018-04-02 09:00:00,4776,4702.159023809523,73.8409761904768,73.8409761904768
2018-04-02 10:00:00,4397,4202.543952380952,194.45604761904815,194.45604761904815
2018-04-02 11:00:00,4509,4621.37213095238,-112.37213095237985,112.37213095237985
2018-04-02 12:00:00,4947,4720.820392857143,226.1796071428571,226.1796071428571
2018-04-02 13:00:00,4895,4929.144321428572,-34.14432142857186,34.14432142857186
2018-04-02 14:00:00,4750,5125.140960317461,-375.14096031746067,375.14096031746067
2018-04-02 14:00:00,4750,4945.233571428572,-195.23357142857185,195.23357142857185
2018-04-02 14:00:00,4750,5010.163785714285,-260.16378571428504,260.16378571428504
2018-04-02 15:00:00,4949,5401.918523809526,-452.91852380952605,452.91852380952605
2018-04-02 15:00:00,4949,5514.441190476191,-565.441190476191,565.441190476191
2018-04-02 16:00:00,6000,5641.3218333333325,358.6781666666675,358.6781666666675
2018-04-02 16:00:00,6000,6247.336007936505,-247.33600793650476,247.33600793650476
2018-04-02 17:00:00,5301,5902.701380952381,-601.7013809523814,601.7013809523814
2018-04-02 17:00:00,5301,5278.231690476192,22.768309523808057,22.768309523808057
2018-04-02 18:00:00,3893,3561.8236190476186,331.17638095238135,331.17638095238135
2018-04-02 19:00:00,2521,2728.7487023809517,-207.74870238095173,207.74870238095173
2018-04-02 20:00:00,2159,2373.443869047619,-214.44386904761905,214.44386904761905
2018-04-02 20:00:00,2159,2012.253603174603,146.7463968253969,146.7463968253969
2018-04-02 21:00:00,2702,2112.4004523809526,589.5995476190474,589.5995476190474
2018-04-02 21:00:00,2702,2390.4505238095235,311.5494761904765,311.5494761904765
2018-04-02 22:00:00,2359,2091.171916666666,267.8280833333338,267.8280833333338
2018-04-02 22:00:00,2359,1649.8825238095244,709.1174761904756,709.1174761904756
2018-04-02 23:00:00,1040,1346.2259087301586,-306.2259087301586,306.2259087301586
2018-04-03 00:00:00,552,604.1076666666667,-52.10766666666666,52.10766666666666
2018-04-03 01:00:00,346,348.5149523809525,-2.5149523809524794,2.5149523809524794
2018-04-03 02:00:00,277,259.45095238095234,17.549047619047656,17.549047619047656
2018-04-03 03:00:00,329,328.5093095238096,0.49069047619042294,0.49069047619042294
2018-04-03 04:00:00,836,794.7585714285711,41.241428571428855,41.241428571428855
2018-04-03 04:00:00,836,830.9394761904763,5.0605238095237155,5.0605238095237155
2018-04-03 05:00:00,2555,2603.867214285715,-48.86721428571491,48.86721428571491
2018-04-03 05:00:00,2555,2548.641702380953,6.35829761904688,6.35829761904688
2018-04-03 06:00:00,4311,5448.448380952382,-1137.4483809523817,1137.4483809523817
2018-04-03 06:00:00,4311,4301.121964285714,9.878035714285943,9.878035714285943
2018-04-03 07:00:00,4096,4327.747845238095,-231.74784523809467,231.74784523809467
2018-04-03 07:00:00,4096,4035.6855000000005,60.3144999999995,60.3144999999995
2018-04-03 08:00:00,4790,4040.062476190475,749.9375238095249,749.9375238095249
2018-04-03 08:00:00,4790,4804.895214285714,-14.895214285714246,14.895214285714246
2018-04-03 09:00:00,3893,4786.396440476191,-893.396440476191,893.396440476191
2018-04-03 09:00:00,3893,3822.85708008658,70.14291991341997,70.14291991341997
2018-04-03 10:00:00,3403,3853.677222943723,-450.6772229437229,450.6772229437229
2018-04-03 10:00:00,3403,3597.529452380953,-194.529452380953,194.529452380953
2018-04-03 11:00:00,3587,3641.5230119047624,-54.52301190476237,54.52301190476237
2018-04-03 11:00:00,3587,3825.9992222222213,-238.9992222222213,238.9992222222213
2018-04-03 12:00:00,3822,3861.509460317459,-39.50946031745889,39.50946031745889
2018-04-03 12:00:00,3822,4086.936166666666,-264.93616666666594,264.93616666666594
2018-04-03 12:00:00,3822,4104.6229523809525,-282.6229523809525,282.6229523809525
2018-04-03 13:00:00,3917,4034.9255357142856,-117.92553571428562,117.92553571428562
2018-04-03 13:00:00,3917,4094.566690476191,-177.56669047619107,177.56669047619107
2018-04-03 13:00:00,3917,4128.423190476189,-211.42319047618912,211.42319047618912
2018-04-03 14:00:00,4058,4085.5535,-27.553499999999985,27.553499999999985
2018-04-03 14:00:00,4058,4296.594607142858,-238.59460714285797,238.59460714285797
2018-04-03 14:00:00,4058,4289.687690476191,-231.68769047619116,231.68769047619116
2018-04-03 15:00:00,4689,4259.928440476192,429.071559523808,429.071559523808
2018-04-03 15:00:00,4689,5185.942964285714,-496.94296428571397,496.94296428571397
2018-04-03 15:00:00,4689,5141.28444047619,-452.28444047618996,452.28444047618996
2018-04-03 16:00:00,4930,5302.107337301588,-372.1073373015879,372.1073373015879
2018-04-03 16:00:00,4930,5671.147777777779,-741.1477777777791,741.1477777777791
2018-04-03 16:00:00,4930,5648.090000000001,-718.090000000001,718.090000000001
2018-04-03 17:00:00,4207,5102.975166666667,-895.9751666666671,895.9751666666671
2018-04-03 17:00:00,4207,4060.940202380952,146.0597976190479,146.0597976190479
2018-04-03 18:00:00,2887,3943.930416666666,-1056.9304166666661,1056.9304166666661
2018-04-03 18:00:00,2887,2890.295714285715,-3.2957142857148938,3.2957142857148938
2018-04-03 18:00:00,2887,2890.914380952381,-3.9143809523811797,3.9143809523811797
2018-04-03 19:00:00,1834,2678.552797619048,-844.5527976190479,844.5527976190479
2018-04-03 19:00:00,1834,1829.2938333333334,4.706166666666604,4.706166666666604
2018-04-03 19:00:00,1834,1820.548095238095,13.451904761905098,13.451904761905098
2018-04-03 20:00:00,1703,1836.1062619047618,-133.10626190476182,133.10626190476182
2018-04-03 20:00:00,1703,1755.4476785714296,-52.447678571429606,52.447678571429606
2018-04-03 21:00:00,1450,1668.4077023809527,-218.40770238095274,218.40770238095274
2018-04-03 21:00:00,1450,1567.5578333333337,-117.55783333333375,117.55783333333375
2018-04-03 22:00:00,1511,1434.3410317460316,76.6589682539684,76.6589682539684
2018-04-03 22:00:00,1511,1489.8395317460315,21.160468253968475,21.160468253968475
2018-04-03 22:00:00,1511,1478.7889841269841,32.21101587301587,32.21101587301587
2018-04-03 23:00:00,1271,1086.1310476190474,184.86895238095258,184.86895238095258
2018-04-03 23:00:00,1271,1196.1028809523812,74.89711904761884,74.89711904761884
2018-04-03 23:00:00,1271,1189.0681547619047,81.93184523809532,81.93184523809532
2018-04-04 00:00:00,501,646.6545714285714,-145.65457142857144,145.65457142857144
2018-04-04 00:00:00,501,499.65235714285717,1.34764285714283,1.34764285714283
2018-04-04 00:00:00,501,499.7894761904762,1.2105238095238064,1.2105238095238064
2018-04-04 01:00:00,327,348.4909935064934,-21.490993506493396,21.490993506493396
2018-04-04 01:00:00,327,311.39750000000004,15.602499999999964,15.602499999999964
2018-04-04 02:00:00,259,256.169738095238,2.830261904761983,2.830261904761983
2018-04-04 03:00:00,337,323.64018831168835,13.359811688311652,13.359811688311652
2018-04-04 04:00:00,821,812.3618492063491,8.63815079365088,8.63815079365088
2018-04-04 05:00:00,2580,2673.1195000000002,-93.11950000000024,93.11950000000024
2018-04-04 06:00:00,4551,5451.133380952382,-900.1333809523821,900.1333809523821
2018-04-04 07:00:00,4979,4991.951654761904,-12.951654761904138,12.951654761904138
2018-04-04 08:00:00,4778,5204.550428571428,-426.5504285714278,426.5504285714278
2018-04-04 09:00:00,5252,4720.145126984125,531.8548730158745,531.8548730158745
2018-04-04 10:00:00,4717,4504.9847500000005,212.01524999999947,212.01524999999947
2018-04-04 11:00:00,4590,4889.557023809524,-299.55702380952425,299.55702380952425
2018-04-04 12:00:00,4749,4794.404311688311,-45.40431168831128,45.40431168831128
2018-04-04 13:00:00,4793,4823.078817460317,-30.078817460316714,30.078817460316714
2018-04-04 14:00:00,4903,5149.736976190477,-246.73697619047744,246.73697619047744
2018-04-04 15:00:00,5491,5516.981960317461,-25.981960317461017,25.981960317461017
2018-04-04 16:00:00,6500,6346.5986190476215,153.40138095237853,153.40138095237853
2018-04-04 17:00:00,5898,6079.76955952381,-181.76955952381013,181.76955952381013
2018-04-04 18:00:00,4539,4328.8566587301575,210.1433412698425,210.1433412698425
2018-04-04 19:00:00,3400,3287.268698412698,112.73130158730191,112.73130158730191
2018-04-04 20:00:00,3022,2959.818130952381,62.181869047618875,62.181869047618875
2018-04-04 21:00:00,2444,2614.7823398268397,-170.7823398268397,170.7823398268397
2018-04-04 22:00:00,1885,1818.6285674603164,66.37143253968361,66.37143253968361
2018-04-04 23:00:00,1097,1494.3234722222228,-397.3234722222228,397.3234722222228
2018-04-05 00:00:00,640,612.6424047619048,27.3575952380952,27.3575952380952
2018-04-05 01:00:00,384,380.92042857142866,3.0795714285713416,3.0795714285713416
2018-04-05 02:00:00,280,296.79257142857125,-16.79257142857125,16.79257142857125
2018-04-05 03:00:00,352,352.1862619047619,-0.1862619047619205,0.1862619047619205
2018-04-05 04:00:00,910,830.2911428571427,79.70885714285725,79.70885714285725
2018-04-05 05:00:00,2815,2783.998666666667,31.00133333333315,31.00133333333315
2018-04-05 06:00:00,5560,5811.576083333335,-251.5760833333352,251.5760833333352
2018-04-05 07:00:00,6297,6556.907285714288,-259.90728571428826,259.90728571428826
2018-04-05 08:00:00,5887,5895.414044372296,-8.414044372296303,8.414044372296303
2018-04-05 09:00:00,5389,5171.2344047619035,217.76559523809647,217.76559523809647
2018-04-05 09:00:00,5389,5140.90019047619,248.0998095238101,248.0998095238101
2018-04-05 10:00:00,4663,4685.4377738095245,-22.437773809524515,22.437773809524515
2018-04-05 11:00:00,5078,4898.730110223111,179.2698897768887,179.2698897768887
2018-04-05 12:00:00,5535,5117.575964285714,417.4240357142862,417.4240357142862
2018-04-05 13:00:00,5492,5509.563826839827,-17.563826839827016,17.563826839827016
2018-04-05 14:00:00,5535,5775.834250000002,-240.8342500000017,240.8342500000017
2018-04-05 15:00:00,5705,6135.196928571428,-430.19692857142763,430.19692857142763
2018-04-05 16:00:00,6642,6373.779734126983,268.2202658730166,268.2202658730166
2018-04-05 17:00:00,6476,6271.21292857143,204.78707142857002,204.78707142857002
2018-04-05 18:00:00,4992,4803.575583333333,188.42441666666673,188.42441666666673
2018-04-05 19:00:00,3322,3589.5456904761913,-267.54569047619134,267.54569047619134
2018-04-05 20:00:00,3288,2921.655880952381,366.3441190476192,366.3441190476192
2018-04-05 21:00:00,2888,3011.1154404761896,-123.11544047618963,123.11544047618963
2018-04-05 22:00:00,2422,2458.326476190477,-36.326476190477024,36.326476190477024
2018-04-05 23:00:00,2390,1291.13298015873,1098.86701984127,1098.86701984127
2018-04-06 00:00:00,932,884.8817380952378,47.11826190476222,47.11826190476222
2018-04-06 01:00:00,514,522.6452142857144,-8.64521428571436,8.64521428571436
2018-04-06 02:00:00,312,377.40078571428575,-65.40078571428575,65.40078571428575
2018-04-06 03:00:00,363,355.2493968253968,7.750603174603214,7.750603174603214
2018-04-06 04:00:00,879,801.3520238095235,77.64797619047647,77.64797619047647
2018-04-06 05:00:00,2687,2613.6316428571436,73.36835714285644,73.36835714285644
2018-04-06 06:00:00,5211,5638.060166666666,-427.0601666666662,427.0601666666662
2018-04-06 07:00:00,6253,6218.66844047619,34.33155952381003,34.33155952381003
2018-04-06 08:00:00,5738,5642.713583333334,95.2864166666659,95.2864166666659
2018-04-06 09:00:00,5067,5128.7403214285705,-61.740321428570496,61.740321428570496
2018-04-06 10:00:00,4748,4731.1005000000005,16.899499999999534,16.899499999999534
2018-04-06 10:00:00,4748,4641.378428571428,106.62157142857177,106.62157142857177
2018-04-06 11:00:00,5022,5015.091003968255,6.908996031745119,6.908996031745119
2018-04-06 11:00:00,5022,5317.298253968255,-295.29825396825527,295.29825396825527
2018-04-06 12:00:00,5409,5256.43219047619,152.56780952380996,152.56780952380996
2018-04-06 13:00:00,5298,5456.935214285715,-158.93521428571512,158.93521428571512
2018-04-06 14:00:00,5363,5585.538166666669,-222.53816666666899,222.53816666666899
2018-04-06 15:00:00,5786,5831.423539682541,-45.42353968254065,45.42353968254065
2018-04-06 16:00:00,6525,6298.10419047619,226.89580952381039,226.89580952381039
2018-04-06 17:00:00,5735,6035.134130952382,-300.1341309523823,300.1341309523823
2018-04-06 18:00:00,4863,4792.260928571428,70.73907142857206,70.73907142857206
2018-04-06 19:00:00,3923,3693.0108253968256,229.98917460317443,229.98917460317443
2018-04-06 20:00:00,3193,3211.3658968253967,-18.365896825396703,18.365896825396703
2018-04-06 21:00:00,3031,3052.443107142857,-21.443107142857116,21.443107142857116
2018-04-06 22:00:00,2992,2829.023523809524,162.9764761904762,162.9764761904762
2018-04-06 23:00:00,2205,2017.8080396825392,187.19196031746083,187.19196031746083
2018-04-07 00:00:00,1196,1205.1002857142855,-9.10028571428552,9.10028571428552
2018-04-07 01:00:00,657,748.1624999999999,-91.16249999999991,91.16249999999991
2018-04-07 02:00:00,496,566.6588928571429,-70.65889285714286,70.65889285714286
2018-04-07 03:00:00,381,350.29626190476193,30.703738095238066,30.703738095238066
2018-04-07 04:00:00,342,399.7075238095238,-57.70752380952382,57.70752380952382
2018-04-07 05:00:00,643,756.2188214285716,-113.21882142857157,113.21882142857157
2018-04-07 06:00:00,1221,1144.5015833333334,76.49841666666657,76.49841666666657
2018-04-07 07:00:00,1995,1906.4883452380955,88.51165476190454,88.51165476190454
2018-04-07 08:00:00,3074,2831.43692063492,242.56307936507983,242.56307936507983
2018-04-07 09:00:00,3960,3767.243658730159,192.75634126984096,192.75634126984096
2018-04-07 10:00:00,4304,4241.425785714287,62.574214285713424,62.574214285713424
2018-04-07 11:00:00,4771,4656.116404761904,114.88359523809595,114.88359523809595
2018-04-07 12:00:00,5298,5129.452091269841,168.54790873015918,168.54790873015918
2018-04-07 13:00:00,5126,5073.9818888888885,52.018111111111466,52.018111111111466
2018-04-07 14:00:00,5237,4917.978103174602,319.02189682539756,319.02189682539756
2018-04-07 15:00:00,4908,4964.441333333332,-56.441333333332295,56.441333333332295
2018-04-07 16:00:00,5118,4798.513749999998,319.48625000000175,319.48625000000175
2018-04-07 17:00:00,5441,4718.910702380953,722.0892976190471,722.0892976190471
2018-04-07 18:00:00,5019,4581.660940476191,437.3390595238088,437.3390595238088
2018-04-07 19:00:00,3699,3780.14019047619,-81.14019047619013,81.14019047619013
2018-04-07 20:00:00,3079,3306.1274325396826,-227.12743253968256,227.12743253968256
2018-04-07 21:00:00,4104,3169.552960317461,934.4470396825391,934.4470396825391
2018-04-07 22:00:00,4107,3668.1245714285724,438.8754285714276,438.8754285714276
2018-04-07 23:00:00,2740,2160.5925238095247,579.4074761904753,579.4074761904753
2018-04-08 00:00:00,1578,1609.0513333333333,-31.051333333333332,31.051333333333332
2018-04-08 01:00:00,844,905.7704523809526,-61.770452380952634,61.770452380952634
2018-04-08 02:00:00,649,642.4072380952381,6.592761904761915,6.592761904761915
2018-04-08 03:00:00,401,387.490888888889,13.509111111110997,13.509111111110997
2018-04-08 04:00:00,295,368.5850714285714,-73.58507142857138,73.58507142857138
2018-04-08 05:00:00,441,456.5206230158729,-15.5206230158729,15.5206230158729
2018-04-08 06:00:00,976,747.3420634920636,228.65793650793637,228.65793650793637
2018-04-08 07:00:00,1357,1264.3897380952385,92.6102619047615,92.6102619047615
2018-04-08 08:00:00,1910,2024.3397619047623,-114.33976190476233,114.33976190476233
2018-04-08 09:00:00,2736,2827.9119761904767,-91.91197619047671,91.91197619047671
2018-04-08 10:00:00,3401,3542.505797619048,-141.50579761904783,141.50579761904783
2018-04-08 11:00:00,3961,3935.2307500000006,25.769249999999374,25.769249999999374
2018-04-08 12:00:00,4483,4360.65025,122.34975000000031,122.34975000000031
2018-04-08 13:00:00,4423,4453.25242857143,-30.252428571429846,30.252428571429846
2018-04-08 14:00:00,4272,4505.931595238097,-233.93159523809663,233.93159523809663
2018-04-08 15:00:00,4083,4394.717904761904,-311.7179047619038,311.7179047619038
2018-04-08 16:00:00,4389,4257.843023809524,131.1569761904757,131.1569761904757
2018-04-08 16:00:00,4389,4390.45719047619,-1.4571904761896803,1.4571904761896803
2018-04-08 17:00:00,3687,4109.715226190476,-422.71522619047573,422.71522619047573
2018-04-08 17:00:00,3687,3336.4730000000004,350.5269999999996,350.5269999999996
2018-04-08 18:00:00,3224,3380.9071309523815,-156.90713095238152,156.90713095238152
2018-04-08 18:00:00,3224,3004.798305555555,219.2016944444449,219.2016944444449
2018-04-08 18:00:00,3224,2990.7590753968248,233.24092460317524,233.24092460317524
2018-04-08 19:00:00,2455,2791.3621428571428,-336.36214285714277,336.36214285714277
2018-04-08 19:00:00,2455,2618.1305476190482,-163.13054761904823,163.13054761904823
2018-04-08 19:00:00,2455,2591.3092857142865,-136.3092857142865,136.3092857142865
2018-04-08 20:00:00,2145,2585.623142857143,-440.6231428571432,440.6231428571432
2018-04-08 20:00:00,2145,2091.252547619048,53.74745238095193,53.74745238095193
2018-04-08 21:00:00,1799,2053.4202142857143,-254.42021428571434,254.42021428571434
2018-04-08 21:00:00,1799,1873.8033333333335,-74.80333333333351,74.80333333333351
2018-04-08 22:00:00,1425,1617.7111785714287,-192.71117857142872,192.71117857142872
2018-04-08 22:00:00,1425,1410.0839999999996,14.916000000000395,14.916000000000395
2018-04-08 23:00:00,992,1116.2722738095235,-124.27227380952354,124.27227380952354
2018-04-08 23:00:00,992,974.5735119047621,17.426488095237914,17.426488095237914
2018-04-09 00:00:00,427,593.5522380952381,-166.55223809523807,166.55223809523807
2018-04-09 00:00:00,427,438.53008730158734,-11.530087301587344,11.530087301587344
2018-04-09 01:00:00,315,341.2756904761905,-26.275690476190505,26.275690476190505
2018-04-09 01:00:00,315,311.92013492063495,3.0798650793650495,3.0798650793650495
2018-04-09 02:00:00,251,259.50086904761906,-8.500869047619062,8.500869047619062
2018-04-09 02:00:00,251,253.43200793650786,-2.4320079365078584,2.4320079365078584
2018-04-09 03:00:00,339,316.6719404761906,22.328059523809372,22.328059523809372
2018-04-09 03:00:00,339,333.27188095238097,5.728119047619032,5.728119047619032
2018-04-09 04:00:00,869,808.6824880952379,60.317511904762114,60.317511904762114
2018-04-09 05:00:00,2704,2686.6016666666665,17.39833333333354,17.39833333333354
2018-04-09 06:00:00,5192,5634.442999999999,-442.4429999999993,442.4429999999993
2018-04-09 06:00:00,5192,5127.317785714285,64.68221428571542,64.68221428571542
2018-04-09 07:00:00,6110,5773.48457142857,336.51542857142977,336.51542857142977
2018-04-09 07:00:00,6110,6319.3935,-209.39350000000013,209.39350000000013
2018-04-09 08:00:00,5824,5871.425174603173,-47.42517460317322,47.42517460317322
2018-04-09 08:00:00,5824,5751.872261904761,72.12773809523878,72.12773809523878
2018-04-09 09:00:00,4933,4890.148853174604,42.85114682539643,42.85114682539643
2018-04-09 09:00:00,4933,4874.51030952381,58.489690476189935,58.489690476189935
2018-04-09 10:00:00,4149,4361.893416666668,-212.8934166666677,212.8934166666677
2018-04-09 10:00:00,4149,4111.266206349205,37.73379365079472,37.73379365079472
2018-04-09 11:00:00,4276,4335.384964285715,-59.38496428571489,59.38496428571489
2018-04-09 12:00:00,4516,4566.214583333332,-50.214583333331575,50.214583333331575
2018-04-09 13:00:00,4633,4553.3190674603175,79.68093253968254,79.68093253968254
2018-04-09 14:00:00,5093,5081.053547619047,11.946452380952906,11.946452380952906
2018-04-09 15:00:00,5769,5662.405761904761,106.59423809523923,106.59423809523923
2018-04-09 16:00:00,6719,6439.120904761903,279.87909523809685,279.87909523809685
2018-04-09 17:00:00,6244,6188.110166666668,55.88983333333181,55.88983333333181
2018-04-09 18:00:00,4640,4419.10942063492,220.89057936508016,220.89057936508016
2018-04-09 19:00:00,3073,3091.8470595238114,-18.847059523811367,18.847059523811367
2018-04-09 20:00:00,2635,2701.9189523809528,-66.91895238095276,66.91895238095276
2018-04-09 21:00:00,2048,2261.4591904761905,-213.45919047619054,213.45919047619054
2018-04-09 22:00:00,1521,1485.0001904761905,35.99980952380952,35.99980952380952
2018-04-09 23:00:00,983,1065.5444285714286,-82.54442857142863,82.54442857142863
2018-04-10 00:00:00,530,549.2301428571428,-19.230142857142823,19.230142857142823
2018-04-10 01:00:00,333,335.97965476190484,-2.9796547619048397,2.9796547619048397
2018-04-10 02:00:00,235,257.59441666666675,-22.594416666666746,22.594416666666746
2018-04-10 03:00:00,358,344.2658571428572,13.734142857142785,13.734142857142785
2018-04-10 04:00:00,905,812.5833333333333,92.41666666666674,92.41666666666674
2018-04-10 05:00:00,2902,2701.8720476190483,200.12795238095168,200.12795238095168
2018-04-10 06:00:00,5806,5798.309452380951,7.69054761904863,7.69054761904863
2018-04-10 07:00:00,6708,6830.178414862915,-122.1784148629149,122.1784148629149
2018-04-10 08:00:00,6190,5977.705714285714,212.29428571428616,212.29428571428616
2018-04-10 09:00:00,5221,5228.498690476193,-7.498690476192678,7.498690476192678
2018-04-10 10:00:00,4436,4523.839452380952,-87.83945238095203,87.83945238095203
2018-04-10 11:00:00,4714,4636.292892857143,77.70710714285724,77.70710714285724
2018-04-10 12:00:00,4850,4893.210460317461,-43.210460317461184,43.210460317461184
2018-04-10 13:00:00,5099,4870.927095238094,228.0729047619061,228.0729047619061
2018-04-10 14:00:00,5315,5383.223936507936,-68.22393650793583,68.22393650793583
2018-04-10 15:00:00,5784,5850.460654761905,-66.46065476190506,66.46065476190506
2018-04-10 16:00:00,7013,6637.163571428571,375.83642857142877,375.83642857142877
2018-04-10 17:00:00,6304,6531.071119047619,-227.0711190476186,227.0711190476186
2018-04-10 18:00:00,4606,4655.935130952381,-49.93513095238086,49.93513095238086
2018-04-10 19:00:00,3190,3280.419238095238,-90.41923809523814,90.41923809523814
2018-04-10 20:00:00,2829,2919.8661666666662,-90.86616666666623,90.86616666666623
2018-04-10 21:00:00,2337,2849.4102619047626,-512.4102619047626,512.4102619047626
2018-04-10 22:00:00,1738,1760.3709999999994,-22.370999999999412,22.370999999999412
2018-04-10 23:00:00,1007,1090.0278023088028,-83.02780230880285,83.02780230880285
2018-04-11 00:00:00,562,565.3402619047619,-3.34026190476186,3.34026190476186
2018-04-11 01:00:00,344,349.4901666666667,-5.49016666666671,5.49016666666671
2018-04-11 02:00:00,259,259.8302301587302,-0.8302301587302168,0.8302301587302168
2018-04-11 03:00:00,374,357.37127380952376,16.628726190476243,16.628726190476243
2018-04-11 03:00:00,374,374.39838888888886,-0.39838888888886004,0.39838888888886004
2018-04-11 04:00:00,886,834.3808138528141,51.61918614718593,51.61918614718593
2018-04-11 04:00:00,886,888.2274682539686,-2.2274682539685955,2.2274682539685955
2018-04-11 05:00:00,2843,2730.3887380952383,112.6112619047617,112.6112619047617
2018-04-11 06:00:00,5670,5696.323916666664,-26.323916666664445,26.323916666664445
2018-04-11 07:00:00,6495,6314.464309523808,180.53569047619203,180.53569047619203
2018-04-11 07:00:00,6495,6466.719011904763,28.280988095237262,28.280988095237262
2018-04-11 08:00:00,5887,6005.962333333335,-118.96233333333475,118.96233333333475
2018-04-11 09:00:00,5581,5204.955821428572,376.04417857142835,376.04417857142835
2018-04-11 10:00:00,4791,4616.2869880952385,174.71301190476152,174.71301190476152
2018-04-11 11:00:00,5123,4979.973976190476,143.0260238095243,143.0260238095243
2018-04-11 12:00:00,4964,5186.723107142858,-222.72310714285777,222.72310714285777
2018-04-11 13:00:00,4982,4973.196694444446,8.803305555554289,8.803305555554289
2018-04-11 14:00:00,5169,5366.433908730156,-197.43390873015596,197.43390873015596
2018-04-11 15:00:00,5768,5731.611,36.389000000000124,36.389000000000124
2018-04-11 16:00:00,6988,6552.0777857142875,435.92221428571247,435.92221428571247
2018-04-11 17:00:00,6744,6433.370452380952,310.629547619048,310.629547619048
2018-04-11 18:00:00,4955,4758.148833333335,196.85116666666545,196.85116666666545
2018-04-11 19:00:00,3308,3317.3246428571433,-9.324642857143317,9.324642857143317
2018-04-11 20:00:00,2804,2878.74780952381,-74.74780952380979,74.74780952380979
2018-04-11 21:00:00,2418,2469.55963095238,-51.55963095237985,51.55963095237985
2018-04-11 21:00:00,2418,2382.2712467532465,35.72875324675351,35.72875324675351
2018-04-11 22:00:00,1603,1793.605702380952,-190.60570238095193,190.60570238095193
2018-04-11 23:00:00,1099,1129.5500952380953,-30.55009523809531,30.55009523809531
2018-04-11 23:00:00,1099,1084.1664523809523,14.83354761904775,14.83354761904775
2018-04-12 00:00:00,531,598.5163452380953,-67.51634523809525,67.51634523809525
2018-04-12 00:00:00,531,530.0199603174602,0.9800396825397684,0.9800396825397684
2018-04-12 01:00:00,310,354.6199166666667,-44.61991666666671,44.61991666666671
2018-04-12 02:00:00,291,269.32864285714277,21.671357142857232,21.671357142857232
2018-04-12 03:00:00,331,346.38479365079365,-15.384793650793654,15.384793650793654
2018-04-12 04:00:00,949,827.4541428571424,121.54585714285759,121.54585714285759
2018-04-12 05:00:00,2857,2805.219738095238,51.78026190476203,51.78026190476203
2018-04-12 06:00:00,5772,5781.762083333332,-9.762083333332157,9.762083333332157
2018-04-12 07:00:00,6475,6799.235511904761,-324.23551190476064,324.23551190476064
2018-04-12 08:00:00,6198,5852.41415079365,345.58584920634985,345.58584920634985
2018-04-12 09:00:00,5391,5305.197730158729,85.80226984127057,85.80226984127057
2018-04-12 10:00:00,4743,4681.580857142856,61.419142857143925,61.419142857143925
2018-04-12 11:00:00,4982,4992.221619047619,-10.221619047619242,10.221619047619242
2018-04-12 12:00:00,5317,5100.382222222222,216.61777777777843,216.61777777777843
2018-04-12 13:00:00,5322,5299.713523809523,22.286476190476606,22.286476190476606
2018-04-12 14:00:00,5574,5537.5824126984135,36.417587301586536,36.417587301586536
2018-04-12 15:00:00,6252,5996.225142857143,255.7748571428574,255.7748571428574
2018-04-12 16:00:00,7213,6679.607353174604,533.3926468253958,533.3926468253958
2018-04-12 17:00:00,6811,6570.1054523809535,240.89454761904653,240.89454761904653
2018-04-12 18:00:00,5064,4905.872940476191,158.1270595238093,158.1270595238093
2018-04-12 19:00:00,3697,3545.8668333333335,151.1331666666665,151.1331666666665
2018-04-12 20:00:00,3082,3230.908333333334,-148.9083333333342,148.9083333333342
2018-04-12 21:00:00,2762,3031.0044285714284,-269.00442857142843,269.00442857142843
2018-04-12 22:00:00,2053,2386.0463968253976,-333.04639682539755,333.04639682539755
2018-04-12 23:00:00,1168,1486.2199841269842,-318.2199841269842,318.2199841269842
2018-04-13 00:00:00,633,667.8256984126984,-34.82569841269844,34.82569841269844
2018-04-13 01:00:00,387,394.70976190476193,-7.709761904761933,7.709761904761933
2018-04-13 02:00:00,306,308.33658333333335,-2.336583333333351,2.336583333333351
2018-04-13 03:00:00,356,374.1043095238097,-18.104309523809718,18.104309523809718
2018-04-13 04:00:00,846,800.1526746031745,45.847325396825454,45.847325396825454
2018-04-13 05:00:00,2721,2676.6478333333334,44.35216666666656,44.35216666666656
2018-04-13 06:00:00,5426,5737.071444444443,-311.07144444444293,311.07144444444293
2018-04-13 07:00:00,6585,6300.77554761905,284.2244523809504,284.2244523809504
2018-04-13 08:00:00,5894,5882.040154761905,11.959845238095113,11.959845238095113
2018-04-13 09:00:00,5227,5254.213722222222,-27.213722222221804,27.213722222221804
2018-04-13 09:00:00,5227,4916.398761904762,310.60123809523793,310.60123809523793
2018-04-13 10:00:00,4853,4752.889543650794,100.11045634920629,100.11045634920629
2018-04-13 11:00:00,5233,5048.744333333333,184.2556666666669,184.2556666666669
2018-04-13 11:00:00,5233,5357.973746031745,-124.97374603174467,124.97374603174467
2018-04-13 12:00:00,5302,5408.350734126984,-106.35073412698421,106.35073412698421
2018-04-13 12:00:00,5302,5542.696357142858,-240.69635714285778,240.69635714285778
2018-04-13 13:00:00,5174,5221.596531746032,-47.59653174603227,47.59653174603227
2018-04-13 13:00:00,5174,5185.694523809524,-11.694523809524071,11.694523809524071
2018-04-13 13:00:00,5174,5189.370285714287,-15.370285714287093,15.370285714287093
2018-04-13 14:00:00,5330,5299.415761904761,30.584238095239016,30.584238095239016
2018-04-13 15:00:00,5953,5789.449380952379,163.55061904762078,163.55061904762078
2018-04-13 16:00:00,6686,6342.258404761907,343.7415952380934,343.7415952380934
2018-04-13 16:00:00,6686,6562.5136904761885,123.48630952381154,123.48630952381154
2018-04-13 16:00:00,6686,6563.495190476187,122.50480952381258,122.50480952381258
2018-04-13 17:00:00,5687,5905.380976190478,-218.38097619047767,218.38097619047767
2018-04-13 17:00:00,5687,5569.181464285715,117.81853571428474,117.81853571428474
2018-04-13 18:00:00,4167,4663.11719047619,-496.11719047619044,496.11719047619044
2018-04-13 18:00:00,4167,3991.7632857142867,175.23671428571333,175.23671428571333
2018-04-13 18:00:00,4167,4002.6471309523813,164.3528690476187,164.3528690476187
2018-04-13 19:00:00,2882,3422.9885238095244,-540.9885238095244,540.9885238095244
2018-04-13 19:00:00,2882,2828.5138690476188,53.486130952381245,53.486130952381245
2018-04-13 19:00:00,2882,2879.9773928571435,2.0226071428564865,2.0226071428564865
2018-04-13 20:00:00,2320,2829.2624642857145,-509.2624642857145,509.2624642857145
2018-04-13 20:00:00,2320,2301.5099880952384,18.49001190476156,18.49001190476156
2018-04-13 20:00:00,2320,2311.159607142857,8.840392857142888,8.840392857142888
2018-04-13 20:00:00,2320,2296.0292738095236,23.970726190476398,23.970726190476398
2018-04-13 21:00:00,2158,2329.0463571428577,-171.0463571428577,171.0463571428577
2018-04-13 21:00:00,2158,2091.079,66.92099999999982,66.92099999999982
2018-04-13 21:00:00,2158,2105.4445000000005,52.55549999999948,52.55549999999948
2018-04-13 21:00:00,2158,2116.0625000000005,41.937499999999545,41.937499999999545
2018-04-13 21:00:00,2158,2117.4830000000006,40.51699999999937,40.51699999999937
2018-04-13 22:00:00,1773,2112.138452380953,-339.1384523809529,339.1384523809529
2018-04-13 22:00:00,1773,1740.4621547619047,32.537845238095315,32.537845238095315
2018-04-13 22:00:00,1773,1746.6484523809524,26.35154761904755,26.35154761904755
2018-04-13 22:00:00,1773,1768.9015714285713,4.0984285714287125,4.0984285714287125
2018-04-13 23:00:00,1143,1673.0234166666667,-530.0234166666667,530.0234166666667
2018-04-13 23:00:00,1143,1113.6414285714286,29.358571428571395,29.358571428571395
2018-04-13 23:00:00,1143,1103.3766428571428,39.62335714285723,39.62335714285723
2018-04-14 00:00:00,625,1133.1993333333332,-508.19933333333324,508.19933333333324
2018-04-14 00:00:00,625,710.7589523809525,-85.75895238095245,85.75895238095245
2018-04-14 01:00:00,441,609.5639523809522,-168.56395238095217,168.56395238095217
2018-04-14 01:00:00,441,445.0972063492063,-4.097206349206317,4.097206349206317
2018-04-14 01:00:00,441,444.47220634920615,-3.4722063492061466,3.4722063492061466
2018-04-14 02:00:00,397,381.0333333333332,15.96666666666681,15.96666666666681
2018-04-14 02:00:00,397,402.0411190476191,-5.041119047619077,5.041119047619077
2018-04-14 02:00:00,397,400.5119523809524,-3.51195238095238,3.51195238095238
2018-04-14 03:00:00,309,390.83692857142864,-81.83692857142864,81.83692857142864
2018-04-14 03:00:00,309,310.759880952381,-1.7598809523810246,1.7598809523810246
2018-04-14 04:00:00,300,299.87461904761903,0.12538095238096503,0.12538095238096503
2018-04-14 04:00:00,300,298.0977142857143,1.9022857142857106,1.9022857142857106
2018-04-14 04:00:00,300,300.500119047619,-0.5001190476190231,0.5001190476190231
2018-04-14 05:00:00,540,576.6721031746033,-36.67210317460331,36.67210317460331
2018-04-14 06:00:00,986,1080.8366785714284,-94.83667857142837,94.83667857142837
2018-04-14 06:00:00,986,1316.9058571428573,-330.90585714285726,330.90585714285726
2018-04-14 07:00:00,1311,1401.981261904762,-90.98126190476205,90.98126190476205
2018-04-14 07:00:00,1311,1818.8755952380952,-507.87559523809523,507.87559523809523
2018-04-14 08:00:00,1489,1952.062607142857,-463.0626071428569,463.0626071428569
2018-04-14 08:00:00,1489,2155.8545238095244,-666.8545238095244,666.8545238095244
2018-04-14 08:00:00,1489,2054.8424365079372,-565.8424365079372,565.8424365079372
2018-04-14 09:00:00,1755,2491.779707792208,-736.7797077922078,736.7797077922078
2018-04-14 09:00:00,1755,2642.564166666666,-887.5641666666661,887.5641666666661
2018-04-14 09:00:00,1755,2722.9096785714287,-967.9096785714287,967.9096785714287
2018-04-14 09:00:00,1755,2764.701773809524,-1009.7017738095242,1009.7017738095242
2018-04-14 09:00:00,1755,2696.3304166666667,-941.3304166666667,941.3304166666667
2018-04-14 10:00:00,1978,2756.8724166666675,-778.8724166666675,778.8724166666675
2018-04-14 10:00:00,1978,3101.2428015873015,-1123.2428015873015,1123.2428015873015
2018-04-14 10:00:00,1978,3110.2818015873013,-1132.2818015873013,1132.2818015873013
2018-04-14 10:00:00,1978,3047.237801587301,-1069.237801587301,1069.237801587301
2018-04-14 11:00:00,2153,3131.4928968253967,-978.4928968253967,978.4928968253967
2018-04-14 11:00:00,2153,3186.4211190476185,-1033.4211190476185,1033.4211190476185
2018-04-14 11:00:00,2153,3260.3506190476187,-1107.3506190476187,1107.3506190476187
2018-04-14 11:00:00,2153,3149.193214285714,-996.193214285714,996.193214285714
2018-04-14 12:00:00,2147,2982.0837619047616,-835.0837619047616,835.0837619047616
2018-04-14 12:00:00,2147,2950.5622857142853,-803.5622857142853,803.5622857142853
2018-04-14 12:00:00,2147,3005.2307857142855,-858.2307857142855,858.2307857142855
2018-04-14 13:00:00,1987,2941.894476190477,-954.8944761904768,954.8944761904768
2018-04-14 13:00:00,1987,2691.5492420634923,-704.5492420634923,704.5492420634923
2018-04-14 13:00:00,1987,2713.9625277777786,-726.9625277777786,726.9625277777786
2018-04-14 13:00:00,1987,2627.0653611111115,-640.0653611111115,640.0653611111115
2018-04-14 14:00:00,1822,2528.342813492064,-706.3428134920641,706.3428134920641
2018-04-14 14:00:00,1822,2118.254992063492,-296.25499206349195,296.25499206349195
2018-04-14 15:00:00,1881,2123.744968253968,-242.74496825396818,242.74496825396818
2018-04-14 15:00:00,1881,2288.9584285714286,-407.9584285714286,407.9584285714286
2018-04-14 16:00:00,1461,2295.343833333333,-834.3438333333329,834.3438333333329
2018-04-14 16:00:00,1461,1884.2601865079369,-423.26018650793685,423.26018650793685
2018-04-14 16:00:00,1461,1842.2530515873016,-381.25305158730157,381.25305158730157
2018-04-14 17:00:00,1478,1810.7035039682544,-332.7035039682544,332.7035039682544
2018-04-14 17:00:00,1478,2033.9440158730163,-555.9440158730163,555.9440158730163
2018-04-14 18:00:00,1068,1751.754432539683,-683.754432539683,683.754432539683
2018-04-14 18:00:00,1068,2232.2624841269844,-1164.2624841269844,1164.2624841269844
2018-04-14 19:00:00,881,2219.086817460318,-1338.086817460318,1338.086817460318
2018-04-14 19:00:00,881,2381.060198412699,-1500.0601984126988,1500.0601984126988
2018-04-14 19:00:00,881,2396.4268650793656,-1515.4268650793656,1515.4268650793656
2018-04-14 20:00:00,618,2390.2226984126987,-1772.2226984126987,1772.2226984126987
2018-04-14 20:00:00,618,2533.5039025974024,-1915.5039025974024,1915.5039025974024
2018-04-14 20:00:00,618,2533.5039025974024,-1915.5039025974024,1915.5039025974024
2018-04-14 20:00:00,618,2533.5039025974024,-1915.5039025974024,1915.5039025974024
2018-04-14 21:00:00,707,2533.5039025974024,-1826.5039025974024,1826.5039025974024
2018-04-14 21:00:00,707,2519.133688311688,-1812.1336883116878,1812.1336883116878
2018-04-14 21:00:00,707,2570.633188311688,-1863.6331883116882,1863.6331883116882
2018-04-14 22:00:00,594,2366.4694740259743,-1772.4694740259743,1772.4694740259743
2018-04-14 22:00:00,594,2772.4630216450214,-2178.4630216450214,2178.4630216450214
2018-04-14 22:00:00,594,2793.4255216450215,-2199.4255216450215,2199.4255216450215
2018-04-14 23:00:00,526,2762.0705216450215,-2236.0705216450215,2236.0705216450215
2018-04-14 23:00:00,526,2707.9728095238092,-2181.9728095238092,2181.9728095238092
2018-04-14 23:00:00,526,2707.957809523809,-2181.957809523809,2181.957809523809
2018-04-15 00:00:00,353,705.6749523809525,-352.6749523809525,352.6749523809525
2018-04-15 00:00:00,353,623.5227857142858,-270.52278571428576,270.52278571428576
2018-04-15 00:00:00,353,623.5227857142858,-270.52278571428576,270.52278571428576
2018-04-15 01:00:00,259,332.0673095238096,-73.06730952380963,73.06730952380963
2018-04-15 01:00:00,259,264.65073809523807,-5.650738095238069,5.650738095238069
2018-04-15 01:00:00,259,265.16740476190466,-6.167404761904663,6.167404761904663
2018-04-15 02:00:00,198,265.2941706349206,-67.29417063492059,67.29417063492059
2018-04-15 02:00:00,198,264.0708373015873,-66.07083730158729,66.07083730158729
2018-04-15 02:00:00,198,264.0708373015873,-66.07083730158729,66.07083730158729
2018-04-15 03:00:00,151,288.3820476190476,-137.38204761904763,137.38204761904763
2018-04-15 03:00:00,151,178.06599206349208,-27.065992063492075,27.065992063492075
2018-04-15 03:00:00,151,174.78332539682546,-23.78332539682546,23.78332539682546
2018-04-15 04:00:00,175,83.58683333333335,91.41316666666665,91.41316666666665
2018-04-15 04:00:00,175,141.18890476190475,33.81109523809525,33.81109523809525
2018-04-15 04:00:00,175,141.71807142857142,33.28192857142858,33.28192857142858
2018-04-15 05:00:00,301,427.0017380952382,-126.00173809523818,126.00173809523818
2018-04-15 05:00:00,301,454.2438650793649,-153.24386507936492,153.24386507936492
2018-04-15 05:00:00,301,446.6186428571427,-145.61864285714267,145.61864285714267
2018-04-15 06:00:00,490,777.696,-287.696,287.696
2018-04-15 06:00:00,490,788.7408492063494,-298.74084920634937,298.74084920634937
2018-04-15 06:00:00,490,780.3911111111113,-290.3911111111113,290.3911111111113
2018-04-15 07:00:00,634,910.6294047619048,-276.62940476190477,276.62940476190477
2018-04-15 07:00:00,634,1015.6037619047618,-381.60376190476177,381.60376190476177
2018-04-15 08:00:00,674,1718.0347359307355,-1044.0347359307355,1044.0347359307355
2018-04-15 08:00:00,674,1727.1337279942275,-1053.1337279942275,1053.1337279942275
2018-04-15 08:00:00,674,1708.8070216450212,-1034.8070216450212,1034.8070216450212
2018-04-15 09:00:00,984,2097.276974025974,-1113.2769740259741,1113.2769740259741
2018-04-15 09:00:00,984,1854.4810198412702,-870.4810198412702,870.4810198412702
2018-04-15 09:00:00,984,1855.1685198412702,-871.1685198412702,871.1685198412702
2018-04-15 10:00:00,1494,2253.547436507937,-759.5474365079372,759.5474365079372
2018-04-15 10:00:00,1494,2490.717623015873,-996.717623015873,996.717623015873
2018-04-15 11:00:00,1794,2531.1208611111106,-737.1208611111106,737.1208611111106
2018-04-15 11:00:00,1794,2342.0892182539687,-548.0892182539687,548.0892182539687
2018-04-15 12:00:00,2037,2417.8213214285715,-380.82132142857154,380.82132142857154
2018-04-15 13:00:00,2205,2809.164095238095,-604.1640952380949,604.1640952380949
2018-04-15 13:00:00,2205,2783.3925238095235,-578.3925238095235,578.3925238095235
2018-04-15 13:00:00,2205,2807.9559999999997,-602.9559999999997,602.9559999999997
2018-04-15 14:00:00,2406,2588.683071428572,-182.68307142857202,182.68307142857202
2018-04-15 14:00:00,2406,2786.7205476190484,-380.7205476190484,380.7205476190484
2018-04-15 15:00:00,2171,2819.118047619048,-648.118047619048,648.118047619048
2018-04-15 15:00:00,2171,2586.9115714285713,-415.9115714285713,415.9115714285713
2018-04-15 16:00:00,2109,2296.1654285714285,-187.1654285714285,187.1654285714285
2018-04-15 16:00:00,2109,2273.1556428571425,-164.15564285714254,164.15564285714254
2018-04-15 17:00:00,1849,2234.6367857142855,-385.63678571428545,385.63678571428545
2018-04-15 17:00:00,1849,2051.0108571428573,-202.01085714285728,202.01085714285728
2018-04-15 17:00:00,1849,2107.9625476190477,-258.96254761904765,258.96254761904765
2018-04-15 18:00:00,1659,1883.3393571428576,-224.33935714285758,224.33935714285758
2018-04-15 18:00:00,1659,1797.4755476190476,-138.47554761904757,138.47554761904757
2018-04-15 18:00:00,1659,1773.8903809523806,-114.89038095238061,114.89038095238061
2018-04-15 19:00:00,1417,1702.3030476190472,-285.3030476190472,285.3030476190472
2018-04-15 19:00:00,1417,1733.2978968253967,-316.2978968253967,316.2978968253967
2018-04-15 20:00:00,1642,1717.2975634920635,-75.29756349206355,75.29756349206355
2018-04-15 20:00:00,1642,1697.5039920634915,-55.50399206349152,55.50399206349152
2018-04-15 20:00:00,1642,1676.8221587301587,-34.82215873015866,34.82215873015866
2018-04-15 21:00:00,2809,1726.1930396825396,1082.8069603174604,1082.8069603174604
2018-04-15 21:00:00,2809,2402.2889404761904,406.7110595238096,406.7110595238096
2018-04-15 22:00:00,1203,2060.8249285714282,-857.8249285714282,857.8249285714282
2018-04-15 22:00:00,1203,1086.0068333333334,116.99316666666664,116.99316666666664
2018-04-15 23:00:00,706,1122.7927738095239,-416.79277380952385,416.79277380952385
2018-04-15 23:00:00,706,2130.097712121212,-1424.0977121212122,1424.0977121212122
2018-04-16 00:00:00,407,676.2980476190477,-269.2980476190477,269.2980476190477
2018-04-16 00:00:00,407,407.7672619047618,-0.7672619047618241,0.7672619047618241
2018-04-16 00:00:00,407,406.73226190476186,0.26773809523814407,0.26773809523814407
2018-04-16 01:00:00,272,336.2110952380953,-64.21109523809531,64.21109523809531
2018-04-16 02:00:00,247,241.54220634920637,5.457793650793633,5.457793650793633
2018-04-16 03:00:00,357,314.10294047619055,42.897059523809446,42.897059523809446
2018-04-16 04:00:00,779,798.0617023809522,-19.06170238095217,19.06170238095217
2018-04-16 05:00:00,2238,2504.4642857142853,-266.4642857142853,266.4642857142853
2018-04-16 06:00:00,4364,4549.424809523809,-185.42480952380902,185.42480952380902
2018-04-16 07:00:00,4963,4395.1185515873,567.8814484126997,567.8814484126997
2018-04-16 08:00:00,4463,4992.611357142857,-529.6113571428568,529.6113571428568
2018-04-16 08:00:00,4463,4402.040734126985,60.95926587301528,60.95926587301528
2018-04-16 09:00:00,4045,4404.31598809524,-359.31598809523985,359.31598809523985
2018-04-16 10:00:00,3626,3913.485380952382,-287.485380952382,287.485380952382
2018-04-16 11:00:00,3860,3778.04013888889,81.95986111111006,81.95986111111006
2018-04-16 12:00:00,4149,4033.536647186149,115.46335281385109,115.46335281385109
2018-04-16 13:00:00,4110,4376.666261904761,-266.6662619047611,266.6662619047611
2018-04-16 14:00:00,4387,4410.511928571428,-23.511928571428143,23.511928571428143
2018-04-16 15:00:00,4942,4695.223547619049,246.776452380951,246.776452380951
2018-04-16 16:00:00,5788,5558.286071428572,229.71392857142837,229.71392857142837
2018-04-16 17:00:00,5567,5685.105797619047,-118.10579761904683,118.10579761904683
2018-04-16 18:00:00,4061,3980.101749999998,80.89825000000201,80.89825000000201
2018-04-16 19:00:00,2979,2903.4319047619038,75.56809523809625,75.56809523809625
2018-04-16 20:00:00,2556,2635.5368809523793,-79.5368809523793,79.5368809523793
2018-04-16 21:00:00,2100,2239.555285714286,-139.55528571428613,139.55528571428613
2018-04-16 22:00:00,1489,1523.3369246031746,-34.336924603174566,34.336924603174566
2018-04-16 23:00:00,978,1001.137511904762,-23.13751190476205,23.13751190476205
2018-04-17 00:00:00,524,575.1895952380952,-51.189595238095194,51.189595238095194
2018-04-17 01:00:00,336,358.40885714285724,-22.408857142857244,22.408857142857244
2018-04-17 02:00:00,271,258.71711904761906,12.282880952380935,12.282880952380935
2018-04-17 03:00:00,347,335.2939166666667,11.70608333333331,11.70608333333331
2018-04-17 04:00:00,898,824.746345238095,73.25365476190495,73.25365476190495
2018-04-17 05:00:00,2848,2736.136500000001,111.86349999999902,111.86349999999902
2018-04-17 06:00:00,5516,5809.423083333331,-293.4230833333313,293.4230833333313
2018-04-17 07:00:00,6208,6464.462142857142,-256.46214285714177,256.46214285714177
2018-04-17 08:00:00,5892,5751.038055555557,140.96194444444336,140.96194444444336
2018-04-17 09:00:00,5677,5198.474293650794,478.5257063492063,478.5257063492063
2018-04-17 10:00:00,4456,4479.078861111109,-23.07886111110929,23.07886111110929
2018-04-17 11:00:00,4715,4685.751738095238,29.24826190476233,29.24826190476233
2018-04-17 12:00:00,4962,4920.702031746031,41.297968253968975,41.297968253968975
2018-04-17 13:00:00,4913,4907.302452380953,5.697547619047327,5.697547619047327
2018-04-17 14:00:00,5220,5229.957083333335,-9.957083333334594,9.957083333334594
2018-04-17 15:00:00,5844,5813.654091630592,30.34590836940788,30.34590836940788
2018-04-17 16:00:00,6657,6601.02507142857,55.9749285714297,55.9749285714297
2018-04-17 17:00:00,6277,6325.1990476190485,-48.19904761904854,48.19904761904854
2018-04-17 18:00:00,4827,4569.696333333333,257.3036666666667,257.3036666666667
2018-04-17 19:00:00,3481,3343.6167218614705,137.38327813852948,137.38327813852948
2018-04-17 20:00:00,2877,2984.91209848485,-107.91209848485005,107.91209848485005
2018-04-17 21:00:00,3418,2646.4971666666665,771.5028333333335,771.5028333333335
2018-04-17 22:00:00,3294,2989.5228809523815,304.47711904761854,304.47711904761854
2018-04-17 23:00:00,1297,1380.730654761905,-83.73065476190504,83.73065476190504
2018-04-18 00:00:00,826,656.9383571428573,169.06164285714272,169.06164285714272
2018-04-18 01:00:00,594,582.508,11.491999999999962,11.491999999999962
2018-04-18 02:00:00,431,367.1218928571428,63.878107142857175,63.878107142857175
2018-04-18 03:00:00,521,438.8134642857142,82.18653571428581,82.18653571428581
2018-04-18 04:00:00,975,999.6533095238098,-24.653309523809753,24.653309523809753
2018-04-18 05:00:00,2986,2850.5310952380955,135.46890476190447,135.46890476190447
2018-04-18 06:00:00,5943,5869.1383809523795,73.86161904762048,73.86161904762048
2018-04-18 07:00:00,6871,6688.27111904762,182.72888095237977,182.72888095237977
2018-04-18 08:00:00,6614,6109.071,504.9290000000001,504.9290000000001
2018-04-18 09:00:00,5378,5227.468468253968,150.53153174603176,150.53153174603176
2018-04-18 10:00:00,4751,4635.623142857144,115.37685714285635,115.37685714285635
2018-04-18 11:00:00,4824,4898.880357142859,-74.88035714285888,74.88035714285888
2018-04-18 11:00:00,4824,4940.292908730157,-116.29290873015725,116.29290873015725
2018-04-18 12:00:00,5013,4919.90617063492,93.09382936507973,93.09382936507973
2018-04-18 12:00:00,5013,5051.274404761906,-38.274404761906226,38.274404761906226
2018-04-18 13:00:00,5017,4980.467761904761,36.532238095239336,36.532238095239336
2018-04-18 14:00:00,5437,5377.255226190476,59.744773809524304,59.744773809524304
2018-04-18 15:00:00,5835,6007.875666666668,-172.8756666666677,172.8756666666677
2018-04-18 16:00:00,7022,6662.151392857145,359.84860714285514,359.84860714285514
2018-04-18 17:00:00,6459,6560.62307142857,-101.62307142857026,101.62307142857026
2018-04-18 17:00:00,6459,6263.916023809524,195.08397619047628,195.08397619047628
2018-04-18 18:00:00,4663,4665.346999999998,-2.3469999999979336,2.3469999999979336
2018-04-18 19:00:00,3393,3316.957476190477,76.04252380952312,76.04252380952312
2018-04-18 20:00:00,3034,2908.21525,125.7847499999998,125.7847499999998
2018-04-18 21:00:00,2604,2800.196571428572,-196.19657142857204,196.19657142857204
2018-04-18 22:00:00,1726,1880.10871031746,-154.10871031746,154.10871031746
2018-04-18 23:00:00,1085,1105.2469285714285,-20.246928571428498,20.246928571428498
2018-04-19 00:00:00,561,694.6120158730159,-133.61201587301593,133.61201587301593
2018-04-19 01:00:00,351,351.38754761904755,-0.3875476190475524,0.3875476190475524
2018-04-19 02:00:00,275,270.9786666666667,4.021333333333303,4.021333333333303
2018-04-19 03:00:00,361,341.6150595238097,19.38494047619031,19.38494047619031
2018-04-19 04:00:00,909,831.9914999999997,77.00850000000025,77.00850000000025
2018-04-19 05:00:00,2885,2751.6573809523816,133.34261904761843,133.34261904761843
2018-04-19 06:00:00,5715,5801.103702380953,-86.10370238095311,86.10370238095311
2018-04-19 07:00:00,6461,6607.180669552671,-146.18066955267113,146.18066955267113
2018-04-19 08:00:00,6046,5918.618785714287,127.38121428571321,127.38121428571321
2018-04-19 09:00:00,5842,5196.223166666667,645.7768333333333,645.7768333333333
2018-04-19 10:00:00,4882,4685.397940476191,196.60205952380875,196.60205952380875
2018-04-19 11:00:00,5035,5150.212166666667,-115.21216666666714,115.21216666666714
2018-04-19 12:00:00,5027,5146.08261904762,-119.08261904762003,119.08261904762003
2018-04-19 13:00:00,5110,5061.488690476192,48.51130952380845,48.51130952380845
2018-04-19 14:00:00,5444,5454.265440476192,-10.265440476192452,10.265440476192452
2018-04-19 15:00:00,6188,6129.286357142855,58.713642857144805,58.713642857144805
2018-04-19 16:00:00,6851,6637.772361111111,213.22763888888858,213.22763888888858
2018-04-19 17:00:00,6368,6504.184123015874,-136.18412301587432,136.18412301587432
2018-04-19 18:00:00,4978,4802.916535714286,175.0834642857144,175.0834642857144
2018-04-19 19:00:00,3676,3624.5655476190464,51.434452380953644,51.434452380953644
2018-04-19 20:00:00,3471,3186.463158730158,284.53684126984217,284.53684126984217
2018-04-19 21:00:00,3451,3106.3969047619053,344.60309523809474,344.60309523809474
2018-04-19 22:00:00,2148,3042.8321071428572,-894.8321071428572,894.8321071428572
2018-04-19 23:00:00,1273,1318.5276966089468,-45.527696608946826,45.527696608946826
2018-04-20 00:00:00,712,751.998476190476,-39.998476190476026,39.998476190476026
2018-04-20 01:00:00,417,429.6090119047619,-12.609011904761928,12.609011904761928
2018-04-20 02:00:00,322,322.4399285714286,-0.4399285714285952,0.4399285714285952
2018-04-20 03:00:00,393,368.52985714285717,24.470142857142832,24.470142857142832
2018-04-20 04:00:00,830,794.1769761904762,35.82302380952376,35.82302380952376
2018-04-20 05:00:00,2691,2626.5188333333335,64.48116666666647,64.48116666666647
2018-04-20 06:00:00,5492,5610.226980519481,-118.226980519481,118.226980519481
2018-04-20 07:00:00,6626,6363.571142857143,262.42885714285694,262.42885714285694
2018-04-20 08:00:00,6126,5977.184269841271,148.8157301587289,148.8157301587289
2018-04-20 09:00:00,5141,5367.595531746031,-226.59553174603116,226.59553174603116
2018-04-20 10:00:00,4670,4769.400738095239,-99.40073809523892,99.40073809523892
2018-04-20 11:00:00,5200,5035.525150793652,164.47484920634815,164.47484920634815
2018-04-20 12:00:00,5433,5520.847238095237,-87.84723809523712,87.84723809523712
2018-04-20 13:00:00,5370,5372.21869047619,-2.218690476190204,2.218690476190204
2018-04-20 14:00:00,5803,5660.753345238095,142.24665476190512,142.24665476190512
2018-04-20 15:00:00,6383,6131.320047619046,251.6799523809541,251.6799523809541
2018-04-20 16:00:00,6900,6605.789182539684,294.2108174603163,294.2108174603163
2018-04-20 17:00:00,6268,6273.267333333331,-5.267333333331408,5.267333333331408
2018-04-20 18:00:00,4959,5184.878186507938,-225.87818650793815,225.87818650793815
2018-04-20 19:00:00,4091,3782.530690476191,308.469309523809,308.469309523809
2018-04-20 20:00:00,3552,3403.436182539684,148.56381746031593,148.56381746031593
2018-04-20 21:00:00,3538,3162.024785714285,375.9752142857151,375.9752142857151
2018-04-20 22:00:00,2842,3147.3101547619044,-305.3101547619044,305.3101547619044
2018-04-20 23:00:00,1977,2037.877226190476,-60.877226190475994,60.877226190475994
2018-04-21 00:00:00,1291,1299.5834920634923,-8.583492063492258,8.583492063492258
2018-04-21 01:00:00,732,747.3838174603175,-15.38381746031746,15.38381746031746
2018-04-21 02:00:00,526,565.6859642857141,-39.685964285714135,39.685964285714135
2018-04-21 03:00:00,386,357.46383333333324,28.53616666666676,28.53616666666676
2018-04-21 04:00:00,369,382.1096904761905,-13.109690476190508,13.109690476190508
2018-04-21 05:00:00,683,681.3462857142857,1.6537142857142726,1.6537142857142726
2018-04-21 06:00:00,1418,1296.7461666666672,121.25383333333275,121.25383333333275
2018-04-21 07:00:00,2307,2237.194095238095,69.80590476190491,69.80590476190491
2018-04-21 08:00:00,3392,3352.9869761904765,39.013023809523474,39.013023809523474
2018-04-21 09:00:00,4153,3993.1717698412704,159.82823015872964,159.82823015872964
2018-04-21 10:00:00,4464,4291.667785714285,172.33221428571505,172.33221428571505
2018-04-21 11:00:00,4985,4936.513047619048,48.48695238095206,48.48695238095206
2018-04-21 12:00:00,5263,5274.290773809523,-11.290773809522761,11.290773809522761
2018-04-21 13:00:00,5307,5004.967047619048,302.03295238095234,302.03295238095234
2018-04-21 14:00:00,5296,4953.065428571429,342.93457142857096,342.93457142857096
2018-04-21 15:00:00,5340,4982.859523809524,357.14047619047597,357.14047619047597
2018-04-21 16:00:00,5027,5016.295690476192,10.704309523807751,10.704309523807751
2018-04-21 17:00:00,5007,4783.161702380953,223.8382976190469,223.8382976190469
2018-04-21 18:00:00,4541,4837.279190476192,-296.2791904761916,296.2791904761916
2018-04-21 19:00:00,3892,3800.3401428571424,91.65985714285762,91.65985714285762
2018-04-21 20:00:00,3346,3225.339999999999,120.66000000000122,120.66000000000122
2018-04-21 21:00:00,3199,3236.133531746031,-37.13353174603117,37.13353174603117
2018-04-21 22:00:00,3814,3433.198285714286,380.80171428571384,380.80171428571384
2018-04-21 23:00:00,2760,2320.6432619047623,439.3567380952377,439.3567380952377
2018-04-22 00:00:00,1447,1689.2593373015866,-242.25933730158658,242.25933730158658
2018-04-22 01:00:00,945,870.1546706349204,74.84532936507958,74.84532936507958
2018-04-22 02:00:00,671,709.268904761905,-38.26890476190499,38.26890476190499
2018-04-22 03:00:00,465,414.3083888888889,50.691611111111115,50.691611111111115
2018-04-22 04:00:00,368,412.41455952380966,-44.41455952380966,44.41455952380966
2018-04-22 05:00:00,563,553.5645238095237,9.435476190476265,9.435476190476265
2018-04-22 06:00:00,904,945.3780634920633,-41.37806349206335,41.37806349206335
2018-04-22 07:00:00,1289,1231.9892857142859,57.01071428571413,57.01071428571413
2018-04-22 08:00:00,2200,2086.0558452380956,113.94415476190443,113.94415476190443
2018-04-22 09:00:00,3219,3222.6429285714294,-3.6429285714293655,3.6429285714293655
2018-04-22 10:00:00,4088,3832.2199642857145,255.78003571428553,255.78003571428553
2018-04-22 11:00:00,4541,4365.798277777776,175.2017222222239,175.2017222222239
2018-04-22 12:00:00,4781,4949.935261904764,-168.93526190476405,168.93526190476405
2018-04-22 13:00:00,4761,4690.726674603175,70.27332539682538,70.27332539682538
2018-04-22 14:00:00,4753,4643.291404761906,109.70859523809395,109.70859523809395
2018-04-22 15:00:00,4866,4649.50242857143,216.49757142857015,216.49757142857015
2018-04-22 16:00:00,4713,4824.2049841269845,-111.20498412698453,111.20498412698453
2018-04-22 17:00:00,4303,4419.603142857142,-116.6031428571423,116.6031428571423
2018-04-22 18:00:00,3787,4012.0639206349215,-225.0639206349215,225.0639206349215
2018-04-22 19:00:00,3228,3320.7774603174603,-92.77746031746028,92.77746031746028
2018-04-22 20:00:00,3139,2883.710027777777,255.2899722222228,255.2899722222228
2018-04-22 21:00:00,2412,2627.0768492063485,-215.07684920634847,215.07684920634847
2018-04-22 22:00:00,1906,1769.3346580086575,136.66534199134253,136.66534199134253
2018-04-22 23:00:00,1356,1209.5139761904761,146.48602380952389,146.48602380952389
2018-04-23 00:00:00,614,700.1143452380954,-86.11434523809544,86.11434523809544
2018-04-23 01:00:00,349,369.13740476190475,-20.137404761904747,20.137404761904747
2018-04-23 02:00:00,259,270.70899999999995,-11.708999999999946,11.708999999999946
2018-04-23 03:00:00,373,317.3654285714286,55.634571428571405,55.634571428571405
2018-04-23 04:00:00,900,842.3852261904763,57.61477380952374,57.61477380952374
2018-04-23 05:00:00,2864,2739.5750714285705,124.42492857142952,124.42492857142952
2018-04-23 06:00:00,5769,5818.445976190476,-49.44597619047636,49.44597619047636
2018-04-23 07:00:00,6574,6808.6903769841265,-234.6903769841265,234.6903769841265
2018-04-23 08:00:00,5970,5925.270119047619,44.72988095238088,44.72988095238088
2018-04-23 09:00:00,5325,4873.294142857141,451.7058571428588,451.7058571428588
2018-04-23 10:00:00,4547,4487.673035714286,59.326964285713984,59.326964285713984
2018-04-23 11:00:00,4577,4778.980499999999,-201.98049999999876,201.98049999999876
2018-04-23 12:00:00,4739,4804.428706349207,-65.42870634920655,65.42870634920655
2018-04-23 13:00:00,4803,4765.075976190477,37.92402380952262,37.92402380952262
2018-04-23 14:00:00,5243,5091.991738095241,151.0082619047589,151.0082619047589
2018-04-23 15:00:00,5852,5779.1617857142855,72.83821428571446,72.83821428571446
2018-04-23 16:00:00,6883,6509.809333333333,373.1906666666673,373.1906666666673
2018-04-23 17:00:00,6188,6444.440962121214,-256.4409621212144,256.4409621212144
2018-04-23 18:00:00,4660,4416.5602499999995,243.43975000000046,243.43975000000046
2018-04-23 19:00:00,3243,3308.253904761904,-65.25390476190387,65.25390476190387
2018-04-23 20:00:00,2759,2826.0841111111113,-67.08411111111127,67.08411111111127
2018-04-23 21:00:00,2183,2439.417,-256.4169999999999,256.4169999999999
2018-04-23 22:00:00,1537,1599.164547619047,-62.16454761904697,62.16454761904697
2018-04-23 23:00:00,963,1019.6501666666665,-56.65016666666645,56.65016666666645
2018-04-24 00:00:00,530,530.9019761904764,-0.9019761904763755,0.9019761904763755
2018-04-24 01:00:00,330,331.4663888888889,-1.4663888888889005,1.4663888888889005
2018-04-24 02:00:00,248,258.6327738095239,-10.632773809523883,10.632773809523883
2018-04-24 03:00:00,346,346.0457023809524,-0.04570238095237755,0.04570238095237755
2018-04-24 04:00:00,911,848.9343690476192,62.06563095238084,62.06563095238084
2018-04-24 05:00:00,2936,2866.024500000001,69.9754999999991,69.9754999999991
2018-04-24 06:00:00,5886,5940.054253968256,-54.05425396825558,54.05425396825558
2018-04-24 07:00:00,6535,6874.8877857142825,-339.8877857142825,339.8877857142825
2018-04-24 08:00:00,5905,5975.72261904762,-70.72261904762036,70.72261904762036
2018-04-24 09:00:00,5509,5257.140853174601,251.85914682539897,251.85914682539897
2018-04-24 10:00:00,4540,4585.575083333333,-45.57508333333317,45.57508333333317
2018-04-24 11:00:00,4957,4756.850222222221,200.14977777777858,200.14977777777858
2018-04-24 12:00:00,4881,5061.0686428571435,-180.06864285714346,180.06864285714346
2018-04-24 13:00:00,4960,4949.5306785714265,10.469321428573494,10.469321428573494
2018-04-24 14:00:00,5353,5329.632301587302,23.36769841269779,23.36769841269779
2018-04-24 15:00:00,6010,5865.431845238096,144.56815476190422,144.56815476190422
2018-04-24 16:00:00,7149,6713.270749999997,435.72925000000305,435.72925000000305
2018-04-24 17:00:00,6253,6526.19680952381,-273.19680952380986,273.19680952380986
2018-04-24 18:00:00,4513,4705.89840079365,-192.89840079364967,192.89840079364967
2018-04-24 19:00:00,3325,3288.7826666666674,36.21733333333259,36.21733333333259
2018-04-24 20:00:00,3115,2886.9054404761905,228.0945595238095,228.0945595238095
2018-04-24 21:00:00,2497,2746.462095238094,-249.4620952380942,249.4620952380942
2018-04-24 22:00:00,1589,1801.6540714285707,-212.65407142857066,212.65407142857066
2018-04-24 23:00:00,988,1013.9967499999999,-25.996749999999906,25.996749999999906
2018-04-25 00:00:00,532,575.5255000000001,-43.52550000000008,43.52550000000008
2018-04-25 01:00:00,310,339.46715476190474,-29.467154761904737,29.467154761904737
2018-04-25 02:00:00,237,266.2437857142857,-29.243785714285707,29.243785714285707
2018-04-25 03:00:00,341,345.4712976190477,-4.471297619047675,4.471297619047675
2018-04-25 04:00:00,904,866.4304841269841,37.569515873015916,37.569515873015916
2018-04-25 05:00:00,2917,2803.651166666667,113.348833333333,113.348833333333
2018-04-25 06:00:00,5866,5920.283253968253,-54.28325396825312,54.28325396825312
2018-04-25 07:00:00,6303,6766.829749999999,-463.82974999999897,463.82974999999897
2018-04-25 08:00:00,5850,5844.826428571429,5.173571428571449,5.173571428571449
2018-04-25 09:00:00,5455,5371.419055555553,83.58094444444669,83.58094444444669
2018-04-25 10:00:00,4524,4634.347658730158,-110.3476587301584,110.3476587301584
2018-04-25 11:00:00,4891,4758.791956349207,132.20804365079312,132.20804365079312
2018-04-25 12:00:00,5067,5049.101166666667,17.898833333332732,17.898833333332732
2018-04-25 13:00:00,5020,5040.1218452380945,-20.121845238094465,20.121845238094465
2018-04-25 14:00:00,5276,5384.057666666665,-108.05766666666477,108.05766666666477
2018-04-25 15:00:00,6002,5912.927706349207,89.07229365079274,89.07229365079274
2018-04-25 16:00:00,6816,6778.900357142859,37.09964285714068,37.09964285714068
2018-04-25 17:00:00,6420,6504.92175,-84.92175000000043,84.92175000000043
2018-04-25 18:00:00,4695,4708.873476190477,-13.87347619047705,13.87347619047705
2018-04-25 19:00:00,3543,3423.806380952382,119.19361904761809,119.19361904761809
2018-04-25 20:00:00,3225,3052.2432738095235,172.75672619047646,172.75672619047646
2018-04-25 21:00:00,2560,2748.070130952381,-188.07013095238108,188.07013095238108
2018-04-25 22:00:00,1618,1791.125880952381,-173.12588095238107,173.12588095238107
2018-04-25 23:00:00,1023,1032.3812817460318,-9.381281746031846,9.381281746031846
2018-04-26 00:00:00,551,576.7260714285715,-25.72607142857146,25.72607142857146
2018-04-26 01:00:00,358,341.028619047619,16.971380952381026,16.971380952381026
2018-04-26 02:00:00,255,265.7243214285715,-10.7243214285715,10.7243214285715
2018-04-26 03:00:00,350,348.2406428571428,1.7593571428571977,1.7593571428571977
2018-04-26 04:00:00,899,871.9252698412699,27.074730158730063,27.074730158730063
2018-04-26 05:00:00,2953,2833.709202380953,119.29079761904723,119.29079761904723
2018-04-26 06:00:00,5813,5982.3296666666665,-169.32966666666653,169.32966666666653
2018-04-26 07:00:00,6493,6723.458630952382,-230.458630952382,230.458630952382
2018-04-26 08:00:00,5890,5868.952773809524,21.047226190476067,21.047226190476067
2018-04-26 09:00:00,5495,5322.171095238096,172.8289047619037,172.8289047619037
2018-04-26 10:00:00,4675,4713.158773809524,-38.158773809524064,38.158773809524064
2018-04-26 11:00:00,5110,4919.4216080586075,190.5783919413925,190.5783919413925
2018-04-26 12:00:00,5078,5167.943023809524,-89.94302380952377,89.94302380952377
2018-04-26 13:00:00,5281,5059.041214285713,221.95878571428693,221.95878571428693
2018-04-26 14:00:00,5661,5660.541428571429,0.45857142857130384,0.45857142857130384
2018-04-26 15:00:00,6257,6059.23425,197.76574999999957,197.76574999999957
2018-04-26 16:00:00,7139,6629.147773809524,509.85222619047636,509.85222619047636
2018-04-26 17:00:00,6372,6587.538666666669,-215.5386666666691,215.5386666666691
2018-04-26 18:00:00,5068,4819.371511904762,248.62848809523803,248.62848809523803
2018-04-26 19:00:00,3813,3767.7368452380965,45.26315476190348,45.26315476190348
2018-04-26 20:00:00,3338,3249.056595238096,88.94340476190382,88.94340476190382
2018-04-26 21:00:00,3058,3016.3343333333337,41.66566666666631,41.66566666666631
2018-04-26 22:00:00,2171,2678.031226190477,-507.0312261904769,507.0312261904769
2018-04-26 23:00:00,1253,1346.9545934343432,-93.95459343434322,93.95459343434322
2018-04-27 00:00:00,683,747.4326388888887,-64.43263888888873,64.43263888888873
2018-04-27 01:00:00,422,408.35871428571426,13.641285714285743,13.641285714285743
2018-04-27 02:00:00,328,321.76966269841273,6.230337301587269,6.230337301587269
2018-04-27 03:00:00,380,377.4132142857143,2.5867857142857247,2.5867857142857247
2018-04-27 04:00:00,849,778.6763333333334,70.32366666666655,70.32366666666655
2018-04-27 05:00:00,2744,2717.3312222222226,26.66877777777745,26.66877777777745
2018-04-27 06:00:00,5573,5681.031083333334,-108.03108333333421,108.03108333333421
2018-04-27 07:00:00,6712,6522.9407976190505,189.0592023809495,189.0592023809495
2018-04-27 08:00:00,6109,5913.738869047619,195.26113095238088,195.26113095238088
2018-04-27 09:00:00,5414,5351.170357142857,62.82964285714297,62.82964285714297
2018-04-27 10:00:00,4946,4861.057154761904,84.9428452380962,84.9428452380962
2018-04-27 11:00:00,5365,5328.399650793651,36.600349206349165,36.600349206349165
2018-04-27 12:00:00,5622,5553.310461038962,68.68953896103812,68.68953896103812
2018-04-27 13:00:00,5487,5605.456595238097,-118.45659523809718,118.45659523809718
2018-04-27 14:00:00,6005,5850.575408730158,154.42459126984159,154.42459126984159
2018-04-27 15:00:00,6560,6249.141738095241,310.8582619047593,310.8582619047593
2018-04-27 16:00:00,6471,6458.5131666666675,12.48683333333247,12.48683333333247
2018-04-27 17:00:00,6459,5983.783428571428,475.216571428572,475.216571428572
2018-04-27 18:00:00,5355,5162.303563492063,192.6964365079366,192.6964365079366
2018-04-27 19:00:00,4083,3886.4129880952373,196.58701190476268,196.58701190476268
2018-04-27 20:00:00,3319,3465.7353690476193,-146.73536904761932,146.73536904761932
2018-04-27 21:00:00,3384,3084.4068116883122,299.59318831168775,299.59318831168775
2018-04-27 22:00:00,2709,2957.5282698412693,-248.52826984126932,248.52826984126932
2018-04-27 23:00:00,1942,1782.6525714285715,159.3474285714285,159.3474285714285
2018-04-28 00:00:00,1097,1227.8192063492063,-130.8192063492063,130.8192063492063
2018-04-28 01:00:00,725,727.7503769841271,-2.750376984127115,2.750376984127115
2018-04-28 02:00:00,531,549.5497261904762,-18.549726190476235,18.549726190476235
2018-04-28 03:00:00,382,367.4688333333332,14.53116666666682,14.53116666666682
2018-04-28 04:00:00,365,396.6180714285714,-31.618071428571398,31.618071428571398
2018-04-28 05:00:00,744,681.3460952380955,62.65390476190453,62.65390476190453
2018-04-28 06:00:00,1366,1356.7259404761903,9.274059523809683,9.274059523809683
2018-04-28 07:00:00,2330,2122.682988095238,207.31701190476178,207.31701190476178
2018-04-28 08:00:00,3737,3269.3394404761907,467.6605595238093,467.6605595238093
2018-04-28 09:00:00,4509,4213.835484126985,295.16451587301526,295.16451587301526
2018-04-28 10:00:00,4752,4585.417238095237,166.58276190476317,166.58276190476317
2018-04-28 11:00:00,5130,5162.416154761904,-32.41615476190418,32.41615476190418
2018-04-28 12:00:00,5453,5352.484476190477,100.51552380952307,100.51552380952307
2018-04-28 13:00:00,5529,5352.602166666666,176.39783333333435,176.39783333333435
2018-04-28 14:00:00,5191,5529.299,-338.299,338.299
2018-04-28 15:00:00,4925,4914.418419191918,10.581580808082435,10.581580808082435
2018-04-28 16:00:00,5034,4714.268316849816,319.7316831501839,319.7316831501839
2018-04-28 17:00:00,4991,4781.843583333333,209.1564166666667,209.1564166666667
2018-04-28 18:00:00,4300,4752.127940476192,-452.1279404761917,452.1279404761917
2018-04-28 19:00:00,3764,3567.0501309523806,196.94986904761936,196.94986904761936
2018-04-28 20:00:00,3189,3270.4779523809516,-81.47795238095159,81.47795238095159
2018-04-28 21:00:00,3076,3192.3974484126984,-116.3974484126984,116.3974484126984
2018-04-28 22:00:00,2900,3170.8890833333344,-270.8890833333344,270.8890833333344
2018-04-28 23:00:00,3360,2198.4619761904764,1161.5380238095236,1161.5380238095236
2018-04-29 00:00:00,1532,1703.7322380952378,-171.7322380952378,171.7322380952378
2018-04-29 01:00:00,821,904.6696190476191,-83.66961904761911,83.66961904761911
2018-04-29 02:00:00,601,607.4617738095238,-6.461773809523834,6.461773809523834
2018-04-29 03:00:00,347,355.06725000000006,-8.067250000000058,8.067250000000058
2018-04-29 04:00:00,280,300.85704761904765,-20.85704761904765,20.85704761904765
2018-04-29 05:00:00,427,459.4617857142857,-32.461785714285725,32.461785714285725
2018-04-29 06:00:00,839,766.6833611111111,72.31663888888886,72.31663888888886
2018-04-29 07:00:00,1397,1216.2232142857144,180.77678571428555,180.77678571428555
2018-04-29 08:00:00,2153,2084.76425,68.23574999999983,68.23574999999983
2018-04-29 09:00:00,3258,3135.199476190477,122.80052380952293,122.80052380952293
2018-04-29 10:00:00,3848,3864.1551190476202,-16.155119047620246,16.155119047620246
2018-04-29 11:00:00,4381,4344.439634920634,36.56036507936642,36.56036507936642
2018-04-29 12:00:00,4886,4750.885511904762,135.1144880952379,135.1144880952379
2018-04-29 13:00:00,4828,4813.759353174603,14.240646825396652,14.240646825396652
2018-04-29 14:00:00,4715,4756.881464285712,-41.881464285712354,41.881464285712354
2018-04-29 15:00:00,4570,4588.335369047619,-18.33536904761877,18.33536904761877
2018-04-29 16:00:00,4886,4489.508904761905,396.4910952380951,396.4910952380951
2018-04-29 17:00:00,4390,4592.968607142858,-202.96860714285776,202.96860714285776
2018-04-29 18:00:00,3903,3983.227952380953,-80.22795238095296,80.22795238095296
2018-04-29 19:00:00,3351,3388.469011904762,-37.46901190476183,37.46901190476183
2018-04-29 20:00:00,3026,2976.7328708513714,49.267129148628555,49.267129148628555
2018-04-29 21:00:00,2367,2642.137111111111,-275.13711111111115,275.13711111111115
2018-04-29 22:00:00,1703,1915.0834199134206,-212.08341991342058,212.08341991342058
2018-04-29 23:00:00,1035,1081.3516666666665,-46.35166666666646,46.35166666666646
2018-04-30 00:00:00,541,549.1113253968255,-8.111325396825464,8.111325396825464
2018-04-30 01:00:00,327,354.57396428571434,-27.57396428571434,27.57396428571434
2018-04-30 02:00:00,275,261.37885714285716,13.621142857142843,13.621142857142843
2018-04-30 03:00:00,355,339.6519285714286,15.348071428571416,15.348071428571416
2018-04-30 04:00:00,891,819.7933333333333,71.2066666666667,71.2066666666667
2018-04-30 04:00:00,891,894.8306150793651,-3.8306150793650886,3.8306150793650886
2018-04-30 05:00:00,2871,2797.1571428571424,73.84285714285761,73.84285714285761
2018-04-30 05:00:00,2871,2873.7537619047625,-2.7537619047625412,2.7537619047625412
2018-04-30 06:00:00,5730,5803.422642857143,-73.42264285714282,73.42264285714282
2018-04-30 07:00:00,6633,6698.627999999998,-65.62799999999788,65.62799999999788
2018-04-30 08:00:00,5724,6094.264666666664,-370.2646666666642,370.2646666666642
2018-04-30 09:00:00,5171,4752.726502164502,418.27349783549835,418.27349783549835
2018-04-30 09:00:00,5171,4893.270178571429,277.7298214285711,277.7298214285711
2018-04-30 10:00:00,4523,4453.402305555556,69.59769444444373,69.59769444444373
2018-04-30 10:00:00,4523,4302.491761904762,220.50823809523808,220.50823809523808
2018-04-30 11:00:00,4619,4714.942630952382,-95.94263095238239,95.94263095238239
2018-04-30 12:00:00,4825,4819.676206349205,5.323793650794869,5.323793650794869
2018-04-30 13:00:00,4837,4895.432424603174,-58.432424603173786,58.432424603173786
2018-04-30 14:00:00,5147,5202.4244682539675,-55.42446825396746,55.42446825396746
2018-04-30 15:00:00,5792,5644.286186507937,147.7138134920633,147.7138134920633
2018-04-30 16:00:00,6901,6477.958174603174,423.0418253968264,423.0418253968264
2018-04-30 17:00:00,6184,6463.178974025977,-279.17897402597737,279.17897402597737
2018-04-30 18:00:00,4568,4458.991,109.00900000000001,109.00900000000001
2018-04-30 19:00:00,3259,3320.1299880952374,-61.12998809523742,61.12998809523742
2018-04-30 20:00:00,2673,2915.1290952380955,-242.1290952380955,242.1290952380955
2018-04-30 21:00:00,2329,2451.4235595238097,-122.42355952380967,122.42355952380967
2018-04-30 22:00:00,1594,1763.6581904761906,-169.6581904761906,169.6581904761906
2018-04-30 23:00:00,1061,1129.2330952380953,-68.2330952380953,68.2330952380953
2018-05-01 00:00:00,576,630.9787619047619,-54.97876190476188,54.97876190476188
2018-05-01 01:00:00,395,378.1091111111112,16.89088888888881,16.89088888888881
2018-05-01 02:00:00,275,296.9337857142857,-21.933785714285705,21.933785714285705
2018-05-01 03:00:00,370,343.31628571428564,26.68371428571436,26.68371428571436
2018-05-01 04:00:00,916,829.9355555555557,86.06444444444435,86.06444444444435
2018-05-01 05:00:00,2893,3044.1338809523813,-151.13388095238133,151.13388095238133
2018-05-01 06:00:00,5653,5681.184988095238,-28.184988095237713,28.184988095237713
2018-05-01 07:00:00,6046,6047.837166666667,-1.8371666666671445,1.8371666666671445
2018-05-01 08:00:00,6140,5751.842702380951,388.15729761904913,388.15729761904913
2018-05-01 09:00:00,5420,5221.242523809524,198.75747619047615,198.75747619047615
2018-05-01 10:00:00,4468,4702.608543650794,-234.60854365079376,234.60854365079376
2018-05-01 11:00:00,4473,4728.961857142857,-255.9618571428573,255.9618571428573
2018-05-01 12:00:00,5111,4758.418952380952,352.58104761904815,352.58104761904815
2018-05-01 13:00:00,4988,5063.373642857144,-75.37364285714375,75.37364285714375
2018-05-01 14:00:00,4926,5316.199833333333,-390.1998333333331,390.1998333333331
2018-05-01 15:00:00,5802,5469.104285714286,332.89571428571435,332.89571428571435
2018-05-01 16:00:00,6900,6590.5591507936515,309.4408492063485,309.4408492063485
2018-05-01 17:00:00,6410,6379.565833333334,30.434166666665988,30.434166666665988
2018-05-01 18:00:00,4866,4739.960988095237,126.03901190476336,126.03901190476336
2018-05-01 19:00:00,3411,3391.285357142857,19.71464285714319,19.71464285714319
2018-05-01 20:00:00,2907,3065.7545714285716,-158.75457142857158,158.75457142857158
2018-05-01 21:00:00,2287,2665.720571428572,-378.72057142857193,378.72057142857193
2018-05-01 22:00:00,1438,1653.9282380952382,-215.92823809523816,215.92823809523816
2018-05-01 23:00:00,1093,1132.2178452380954,-39.21784523809538,39.21784523809538
2018-05-01 23:00:00,1093,1063.8535000000002,29.146499999999833,29.146499999999833
2018-05-02 00:00:00,517,646.4703373015874,-129.4703373015874,129.4703373015874
2018-05-02 00:00:00,517,510.21797619047635,6.7820238095236505,6.7820238095236505
2018-05-02 00:00:00,517,497.0808095238097,19.919190476190295,19.919190476190295
2018-05-02 00:00:00,517,515.2379761904763,1.7620238095237255,1.7620238095237255
2018-05-02 01:00:00,324,339.9562380952382,-15.956238095238177,15.956238095238177
2018-05-02 01:00:00,324,325.7866507936508,-1.7866507936507787,1.7866507936507787
2018-05-02 01:00:00,324,325.77331746031746,-1.7733174603174575,1.7733174603174575
2018-05-02 02:00:00,253,286.4922658730159,-33.492265873015924,33.492265873015924
2018-05-02 02:00:00,253,266.99371825396815,-13.993718253968154,13.993718253968154
2018-05-02 02:00:00,253,264.11411111111113,-11.114111111111129,11.114111111111129
2018-05-02 03:00:00,351,347.39290476190473,3.607095238095269,3.607095238095269
2018-05-02 03:00:00,351,368.0468333333333,-17.046833333333325,17.046833333333325
2018-05-02 04:00:00,915,826.3154999999999,88.68450000000007,88.68450000000007
2018-05-02 04:00:00,915,915.8115595238096,-0.8115595238095921,0.8115595238095921
2018-05-02 05:00:00,2959,2962.3705158730154,-3.3705158730153926,3.3705158730153926
2018-05-02 06:00:00,5910,5987.6453650793665,-77.64536507936646,77.64536507936646
2018-05-02 07:00:00,6606,6759.974035714284,-153.97403571428367,153.97403571428367
2018-05-02 08:00:00,5676,5978.862595238096,-302.8625952380962,302.8625952380962
2018-05-02 09:00:00,5638,5171.207273809525,466.79272619047515,466.79272619047515
2018-05-02 10:00:00,4815,4568.624714285715,246.37528571428538,246.37528571428538
2018-05-02 11:00:00,4999,4983.956809523808,15.04319047619174,15.04319047619174
2018-05-02 12:00:00,5088,5026.091715367966,61.90828463203434,61.90828463203434
2018-05-02 13:00:00,5034,5121.275857142858,-87.2758571428576,87.2758571428576
2018-05-02 14:00:00,5179,5327.815797619047,-148.81579761904686,148.81579761904686
2018-05-02 15:00:00,5913,5752.5155,160.48449999999957,160.48449999999957
2018-05-02 16:00:00,6935,6545.211238095237,389.7887619047633,389.7887619047633
2018-05-02 17:00:00,6291,6523.515619047619,-232.5156190476191,232.5156190476191
2018-05-02 18:00:00,4763,4661.161261904763,101.8387380952372,101.8387380952372
2018-05-02 19:00:00,3518,3496.101880952381,21.89811904761882,21.89811904761882
2018-05-02 20:00:00,3114,3112.3644523809526,1.6355476190474292,1.6355476190474292
2018-05-02 21:00:00,2634,2843.3895238095242,-209.38952380952423,209.38952380952423
2018-05-02 22:00:00,1721,1877.7826071428565,-156.78260714285648,156.78260714285648
2018-05-02 23:00:00,1074,1241.4213928571428,-167.4213928571428,167.4213928571428
2018-05-03 00:00:00,591,634.0460952380952,-43.04609523809518,43.04609523809518
2018-05-03 01:00:00,373,352.92164285714296,20.078357142857044,20.078357142857044
2018-05-03 02:00:00,259,296.5464642857143,-37.54646428571431,37.54646428571431
2018-05-03 03:00:00,345,357.0754285714285,-12.075428571428517,12.075428571428517
2018-05-03 04:00:00,937,853.9175595238094,83.08244047619064,83.08244047619064
2018-05-03 05:00:00,3025,2935.056607142856,89.94339285714386,89.94339285714386
2018-05-03 06:00:00,5893,5946.939571428574,-53.9395714285738,53.9395714285738
2018-05-03 07:00:00,6457,6728.810535714287,-271.81053571428674,271.81053571428674
2018-05-03 08:00:00,6084,5842.757404761905,241.24259523809542,241.24259523809542
2018-05-03 09:00:00,5289,5312.146769841271,-23.146769841270725,23.146769841270725
2018-05-03 10:00:00,4763,4700.8647619047615,62.13523809523849,62.13523809523849
2018-05-03 11:00:00,4987,4950.527488095239,36.47251190476072,36.47251190476072
2018-05-03 12:00:00,5210,5178.980535714286,31.019464285714093,31.019464285714093
2018-05-03 13:00:00,5332,5137.9859166666665,194.01408333333347,194.01408333333347
2018-05-03 14:00:00,5462,5602.002623376622,-140.00262337662207,140.00262337662207
2018-05-03 15:00:00,6103,5946.98403968254,156.01596031745976,156.01596031745976
2018-05-03 16:00:00,6977,6670.681892857142,306.318107142858,306.318107142858
2018-05-03 17:00:00,6630,6469.833261904763,160.16673809523672,160.16673809523672
2018-05-03 18:00:00,5019,5055.586916666667,-36.58691666666709,36.58691666666709
2018-05-03 19:00:00,3664,3641.850071428571,22.149928571428973,22.149928571428973
2018-05-03 20:00:00,3325,3265.4399047619045,59.56009523809553,59.56009523809553
2018-05-03 21:00:00,2716,3062.916726190478,-346.91672619047813,346.91672619047813
2018-05-03 22:00:00,1918,2016.0145476190473,-98.01454761904733,98.01454761904733
2018-05-03 23:00:00,1308,1301.81819047619,6.181809523809989,6.181809523809989
2018-05-03 23:00:00,1308,1271.7891388888888,36.21086111111117,36.21086111111117
2018-05-04 00:00:00,655,742.1195952380953,-87.11959523809526,87.11959523809526
2018-05-04 01:00:00,393,425.6461388888888,-32.6461388888888,32.6461388888888
2018-05-04 02:00:00,338,296.0301071428571,41.969892857142895,41.969892857142895
2018-05-04 03:00:00,409,383.6654523809524,25.334547619047612,25.334547619047612
2018-05-04 04:00:00,882,833.1630119047621,48.83698809523787,48.83698809523787
2018-05-04 05:00:00,2841,2830.1321904761903,10.867809523809683,10.867809523809683
2018-05-04 06:00:00,5503,5740.483464285715,-237.48346428571494,237.48346428571494
2018-05-04 07:00:00,6587,6310.718964285715,276.2810357142853,276.2810357142853
2018-05-04 08:00:00,5771,5793.878952380952,-22.878952380951887,22.878952380951887
2018-05-04 09:00:00,5156,5036.806297619047,119.19370238095325,119.19370238095325
2018-05-04 10:00:00,4982,4776.952261904762,205.04773809523795,205.04773809523795
2018-05-04 11:00:00,5275,5305.522166666667,-30.522166666666635,30.522166666666635
2018-05-04 12:00:00,5528,5540.119142857142,-12.119142857141924,12.119142857141924
2018-05-04 13:00:00,5557,5485.888593073594,71.11140692640583,71.11140692640583
2018-05-04 14:00:00,5869,5894.627071428571,-25.62707142857107,25.62707142857107
2018-05-04 15:00:00,6262,6125.890238095237,136.10976190476322,136.10976190476322
2018-05-04 16:00:00,6662,6371.51598015873,290.4840198412703,290.4840198412703
2018-05-04 17:00:00,6014,5914.820928571429,99.17907142857075,99.17907142857075
2018-05-04 18:00:00,5024,4984.26819047619,39.731809523809716,39.731809523809716
2018-05-04 19:00:00,4000,3938.2910595238086,61.7089404761914,61.7089404761914
2018-05-04 20:00:00,3541,3432.579214285714,108.42078571428601,108.42078571428601
2018-05-04 21:00:00,3323,3282.64869047619,40.35130952380996,40.35130952380996
2018-05-04 22:00:00,2718,2857.7322619047623,-139.73226190476225,139.73226190476225
2018-05-04 23:00:00,2103,2179.4300952380954,-76.43009523809542,76.43009523809542
2018-05-05 00:00:00,1446,1346.6593690476193,99.3406309523807,99.3406309523807
2018-05-05 01:00:00,691,896.2622976190479,-205.2622976190479,205.2622976190479
2018-05-05 03:00:00,345,438.33079761904764,-93.33079761904764,93.33079761904764
2018-05-05 04:00:00,399,370.5957619047619,28.4042380952381,28.4042380952381
2018-05-05 05:00:00,687,712.9328611111112,-25.93286111111115,25.93286111111115
2018-05-05 06:00:00,1382,1292.7752380952384,89.22476190476164,89.22476190476164
2018-05-05 07:00:00,2248,2019.5874166666667,228.41258333333326,228.41258333333326
2018-05-05 08:00:00,3095,3122.028761904761,-27.028761904760813,27.028761904760813
2018-05-05 09:00:00,3848,3891.9280714285705,-43.92807142857055,43.92807142857055
2018-05-05 10:00:00,3915,4274.333988095238,-359.33398809523806,359.33398809523806
2018-05-05 11:00:00,4280,4190.620095238097,89.37990476190316,89.37990476190316
2018-05-05 12:00:00,4775,4648.6590519480515,126.34094805194854,126.34094805194854
2018-05-05 13:00:00,4730,4678.08011111111,51.919888888889545,51.919888888889545
2018-05-05 14:00:00,4394,4687.022690476191,-293.0226904761912,293.0226904761912
2018-05-05 15:00:00,4699,4412.31655952381,286.6834404761903,286.6834404761903
2018-05-05 16:00:00,4580,4681.60244047619,-101.60244047619017,101.60244047619017
2018-05-05 17:00:00,4539,4440.654583333333,98.345416666667,98.345416666667
2018-05-05 18:00:00,4156,4217.0175238095235,-61.01752380952348,61.01752380952348
2018-05-05 18:00:00,4156,3909.985214285714,246.01478571428606,246.01478571428606
2018-05-05 19:00:00,3146,3583.7215317460314,-437.72153174603136,437.72153174603136
2018-05-05 19:00:00,3146,2977.1806190476195,168.81938095238047,168.81938095238047
2018-05-05 19:00:00,3146,3010.5542142857157,135.44578571428428,135.44578571428428
2018-05-05 20:00:00,2767,2942.866428571429,-175.86642857142897,175.86642857142897
2018-05-05 20:00:00,2767,2656.495404761905,110.50459523809513,110.50459523809513
2018-05-05 21:00:00,2922,2720.800952380952,201.1990476190481,201.1990476190481
2018-05-05 22:00:00,3145,2895.8141666666656,249.18583333333436,249.18583333333436
2018-05-05 23:00:00,2432,2359.57425,72.42574999999988,72.42574999999988
2018-05-06 00:00:00,1674,1613.4673095238095,60.53269047619051,60.53269047619051
2018-05-06 01:00:00,784,1064.2254365079364,-280.22543650793637,280.22543650793637
2018-05-06 01:00:00,784,758.2221071428572,25.777892857142774,25.777892857142774
2018-05-06 02:00:00,509,620.8286428571431,-111.82864285714311,111.82864285714311
2018-05-06 03:00:00,346,350.6617142857142,-4.661714285714197,4.661714285714197
2018-05-06 04:00:00,269,308.23342857142853,-39.23342857142853,39.23342857142853
2018-05-06 05:00:00,459,450.09659523809535,8.903404761904653,8.903404761904653
2018-05-06 06:00:00,998,843.7384642857141,154.26153571428586,154.26153571428586
2018-05-06 07:00:00,1332,1294.8202142857142,37.1797857142858,37.1797857142858
2018-05-06 08:00:00,2390,2144.4280000000003,245.57199999999966,245.57199999999966
2018-05-06 09:00:00,3000,3250.060511904762,-250.06051190476182,250.06051190476182
2018-05-06 10:00:00,3568,3786.9883571428572,-218.98835714285724,218.98835714285724
2018-05-06 11:00:00,3914,3967.9344285714296,-53.934428571429635,53.934428571429635
2018-05-06 12:00:00,4053,4115.136011904763,-62.13601190476311,62.13601190476311
2018-05-06 13:00:00,4237,4160.40869047619,76.5913095238102,76.5913095238102
2018-05-06 14:00:00,4295,4323.954547619049,-28.954547619048753,28.954547619048753
2018-05-06 15:00:00,4332,4381.278357142857,-49.2783571428572,49.2783571428572
2018-05-06 16:00:00,4181,4335.836035714286,-154.83603571428557,154.83603571428557
2018-05-06 17:00:00,3739,4037.577452380952,-298.57745238095185,298.57745238095185
2018-05-06 18:00:00,3778,3638.1461547619047,139.85384523809535,139.85384523809535
2018-05-06 19:00:00,3041,3404.2047619047617,-363.20476190476165,363.20476190476165
2018-05-06 20:00:00,2658,2821.296924603174,-163.29692460317392,163.29692460317392
2018-05-06 21:00:00,2350,2395.3136547619047,-45.31365476190467,45.31365476190467
2018-05-06 22:00:00,1717,1827.487916666667,-110.48791666666693,110.48791666666693
2018-05-06 23:00:00,1248,1100.9613650793647,147.03863492063533,147.03863492063533
2018-05-07 00:00:00,597,673.1847976190476,-76.18479761904757,76.18479761904757
2018-05-07 01:00:00,353,380.99834126984126,-27.998341269841262,27.998341269841262
2018-05-07 02:00:00,244,284.4309047619047,-40.430904761904685,40.430904761904685
2018-05-07 03:00:00,326,327.1942142857143,-1.1942142857142812,1.1942142857142812
2018-05-07 04:00:00,875,787.4191666666669,87.58083333333309,87.58083333333309
2018-05-07 05:00:00,2729,2839.629119047619,-110.62911904761904,110.62911904761904
2018-05-07 06:00:00,5780,5745.746297619048,34.253702380951836,34.253702380951836
2018-05-07 07:00:00,6339,6614.978166666664,-275.97816666666404,275.97816666666404
2018-05-07 08:00:00,5793,5920.160039682539,-127.16003968253881,127.16003968253881
2018-05-07 09:00:00,4932,4763.375182539681,168.6248174603188,168.6248174603188
2018-05-07 10:00:00,4369,4371.269384920635,-2.269384920635275,2.269384920635275
2018-05-07 11:00:00,4608,4547.484309523811,60.515690476188865,60.515690476188865
2018-05-07 12:00:00,4792,4791.119321428573,0.8806785714268699,0.8806785714268699
2018-05-07 13:00:00,4815,4842.082500000001,-27.082500000001346,27.082500000001346
2018-05-07 14:00:00,4969,5156.458785714287,-187.45878571428693,187.45878571428693
2018-05-07 15:00:00,5799,5441.885380952383,357.11461904761745,357.11461904761745
2018-05-07 16:00:00,6663,6459.931000000002,203.0689999999977,203.0689999999977
2018-05-07 17:00:00,6197,6228.704404761904,-31.70440476190379,31.70440476190379
2018-05-07 18:00:00,4502,4574.334702380953,-72.33470238095288,72.33470238095288
2018-05-07 19:00:00,3292,3372.27013095238,-80.27013095237999,80.27013095237999
2018-05-07 20:00:00,2791,2845.135095238095,-54.13509523809489,54.13509523809489
2018-05-07 21:00:00,2494,2509.784571428572,-15.78457142857178,15.78457142857178
2018-05-07 22:00:00,1591,1844.7183333333337,-253.7183333333337,253.7183333333337
2018-05-07 23:00:00,1010,1057.7949166666667,-47.79491666666672,47.79491666666672
2018-05-08 00:00:00,585,608.4352380952382,-23.43523809523822,23.43523809523822
2018-05-08 01:00:00,356,366.60816666666665,-10.608166666666648,10.608166666666648
2018-05-08 02:00:00,264,293.237488095238,-29.237488095238007,29.237488095238007
2018-05-08 03:00:00,331,335.8213333333333,-4.821333333333314,4.821333333333314
2018-05-08 04:00:00,868,836.8820476190476,31.117952380952374,31.117952380952374
2018-05-08 05:00:00,2849,2932.392785714285,-83.39278571428486,83.39278571428486
2018-05-08 06:00:00,5958,5530.603988095238,427.3960119047624,427.3960119047624
2018-05-08 07:00:00,6651,6532.469809523809,118.53019047619091,118.53019047619091
2018-05-08 08:00:00,6203,6008.697333333332,194.3026666666683,194.3026666666683
2018-05-08 09:00:00,5428,5242.621428571429,185.37857142857138,185.37857142857138
2018-05-08 10:00:00,4500,4652.955904761906,-152.9559047619059,152.9559047619059
2018-05-08 11:00:00,4614,4735.486563492064,-121.4865634920643,121.4865634920643
2018-05-08 12:00:00,4601,4823.926301587303,-222.926301587303,222.926301587303
2018-05-08 12:00:00,4601,4837.583277777779,-236.58327777777868,236.58327777777868
2018-05-08 13:00:00,4583,4656.932293650793,-73.93229365079333,73.93229365079333
2018-05-08 13:00:00,4583,4799.208119047617,-216.2081190476174,216.2081190476174
2018-05-08 14:00:00,5196,4679.247190476189,516.7528095238113,516.7528095238113
2018-05-08 14:00:00,5196,5399.761821428571,-203.76182142857124,203.76182142857124
2018-05-08 15:00:00,5855,5764.771277777777,90.22872222222304,90.22872222222304
2018-05-08 16:00:00,6578,6600.780000000002,-22.780000000001564,22.780000000001564
2018-05-08 17:00:00,6279,6265.624857142859,13.375142857141327,13.375142857141327
2018-05-08 18:00:00,4545,4561.495904761904,-16.495904761904058,16.495904761904058
2018-05-08 18:00:00,4545,4449.276845238095,95.72315476190488,95.72315476190488
2018-05-08 19:00:00,3274,3304.558333333333,-30.55833333333294,30.55833333333294
2018-05-08 19:00:00,3274,3246.6981428571416,27.301857142858353,27.301857142858353
2018-05-08 20:00:00,3044,2885.9765360750353,158.02346392496474,158.02346392496474
2018-05-08 21:00:00,2334,2851.8259087301585,-517.8259087301585,517.8259087301585
2018-05-08 21:00:00,2334,2223.0375476190475,110.96245238095253,110.96245238095253
2018-05-08 22:00:00,1513,1708.8974285714282,-195.89742857142824,195.89742857142824
2018-05-08 22:00:00,1513,1477.3945873015878,35.60541269841224,35.60541269841224
2018-05-08 23:00:00,1027,1021.6776269841268,5.322373015873154,5.322373015873154
2018-05-08 23:00:00,1027,993.4976388888888,33.50236111111121,33.50236111111121
2018-05-09 00:00:00,516,567.41448015873,-51.41448015873004,51.41448015873004
2018-05-09 00:00:00,516,515.3978095238097,0.6021904761903443,0.6021904761903443
2018-05-09 00:00:00,516,515.2994761904763,0.7005238095237019,0.7005238095237019
2018-05-09 01:00:00,319,355.249,-36.249000000000024,36.249000000000024
2018-05-09 02:00:00,261,284.0542896825397,-23.054289682539718,23.054289682539718
2018-05-09 03:00:00,340,343.99192857142856,-3.9919285714285593,3.9919285714285593
2018-05-09 03:00:00,340,345.74465476190477,-5.744654761904769,5.744654761904769
2018-05-09 04:00:00,885,850.2839444444446,34.716055555555386,34.716055555555386
2018-05-09 05:00:00,2881,2986.935738095239,-105.93573809523878,105.93573809523878
2018-05-09 06:00:00,6008,5852.446992063493,155.55300793650713,155.55300793650713
2018-05-09 07:00:00,6523,6799.360357142857,-276.3603571428566,276.3603571428566
2018-05-09 07:00:00,6523,6670.378738095239,-147.378738095239,147.378738095239
2018-05-09 08:00:00,6254,6058.496488095239,195.50351190476067,195.50351190476067
2018-05-09 09:00:00,5210,5239.779642857143,-29.77964285714279,29.77964285714279
2018-05-09 09:00:00,5210,5168.670293650793,41.3297063492073,41.3297063492073
2018-05-09 09:00:00,5210,5184.661626984126,25.338373015873913,25.338373015873913
2018-05-09 10:00:00,4720,4600.701253968255,119.2987460317454,119.2987460317454
2018-05-09 11:00:00,4693,4889.182547619048,-196.1825476190479,196.1825476190479
2018-05-09 11:00:00,4693,4820.157730158731,-127.15773015873128,127.15773015873128
2018-05-09 12:00:00,4840,4885.630539682539,-45.630539682539165,45.630539682539165
2018-05-09 13:00:00,4933,4881.935246031746,51.06475396825408,51.06475396825408
2018-05-09 13:00:00,4933,4961.185678571428,-28.18567857142807,28.18567857142807
2018-05-09 14:00:00,5109,5206.736873015874,-97.73687301587415,97.73687301587415
2018-05-09 14:00:00,5109,5437.567095238096,-328.56709523809604,328.56709523809604
2018-05-09 15:00:00,6159,5683.200083333333,475.79991666666683,475.79991666666683
2018-05-09 16:00:00,6844,6443.218035714285,400.7819642857148,400.7819642857148
2018-05-09 16:00:00,6844,6653.574285714284,190.4257142857159,190.4257142857159
2018-05-09 17:00:00,6436,6349.3413095238075,86.65869047619253,86.65869047619253
2018-05-09 18:00:00,4768,4635.66551984127,132.33448015873,132.33448015873
2018-05-09 19:00:00,3511,3496.3583333333336,14.641666666666424,14.641666666666424
2018-05-09 20:00:00,3287,3117.1877976190485,169.81220238095148,169.81220238095148
2018-05-09 21:00:00,2734,2858.035797619048,-124.03579761904803,124.03579761904803
2018-05-09 22:00:00,1736,2497.9090952380952,-761.9090952380952,761.9090952380952
2018-05-09 23:00:00,1466,1089.4917142857144,376.50828571428565,376.50828571428565
2018-05-10 00:00:00,633,901.2602499999998,-268.2602499999998,268.2602499999998
2018-05-10 01:00:00,364,387.00828571428576,-23.008285714285762,23.008285714285762
2018-05-10 02:00:00,270,267.431376984127,2.5686230158730154,2.5686230158730154
2018-05-10 03:00:00,374,358.09980952380937,15.90019047619063,15.90019047619063
2018-05-10 04:00:00,928,830.9052023809522,97.09479761904777,97.09479761904777
2018-05-10 05:00:00,2881,2929.701738095237,-48.70173809523703,48.70173809523703
2018-05-10 06:00:00,5840,5909.10546825397,-69.10546825396978,69.10546825396978
2018-05-10 07:00:00,6197,6597.73515873016,-400.73515873016004,400.73515873016004
2018-05-10 08:00:00,5690,5704.965960317461,-14.965960317461395,14.965960317461395
2018-05-10 09:00:00,5568,5077.600119047621,490.39988095237914,490.39988095237914
2018-05-10 10:00:00,4691,4761.280222222223,-70.28022222222262,70.28022222222262
2018-05-10 11:00:00,5120,4906.608023809523,213.39197619047718,213.39197619047718
2018-05-10 12:00:00,5268,5146.0308214285715,121.96917857142853,121.96917857142853
2018-05-10 13:00:00,5140,5262.895682539682,-122.89568253968173,122.89568253968173
2018-05-10 14:00:00,5599,5445.820500000001,153.17949999999928,153.17949999999928
2018-05-10 15:00:00,6364,6010.51167857143,353.4883214285701,353.4883214285701
2018-05-10 16:00:00,7074,6700.980952380953,373.01904761904734,373.01904761904734
2018-05-10 17:00:00,6722,6581.69573809524,140.3042619047601,140.3042619047601
2018-05-10 18:00:00,5110,5023.145047619048,86.85495238095245,86.85495238095245
2018-05-10 19:00:00,3824,3748.4688015873016,75.53119841269836,75.53119841269836
2018-05-10 20:00:00,3310,3250.91161904762,59.088380952379794,59.088380952379794
2018-05-10 21:00:00,2906,2983.503880952381,-77.50388095238122,77.50388095238122
2018-05-10 22:00:00,2014,2244.0271706349204,-230.02717063492037,230.02717063492037
2018-05-10 23:00:00,1287,1245.4618412698412,41.538158730158784,41.538158730158784
2018-05-11 00:00:00,660,710.1971904761903,-50.19719047619026,50.19719047619026
2018-05-11 01:00:00,379,400.3430992063492,-21.343099206349223,21.343099206349223
2018-05-11 02:00:00,302,302.52721031746023,-0.5272103174602307,0.5272103174602307
2018-05-11 03:00:00,342,375.0875119047619,-33.087511904761925,33.087511904761925
2018-05-11 04:00:00,814,807.9446269841269,6.055373015873101,6.055373015873101
2018-05-11 05:00:00,2640,2658.2908690476183,-18.290869047618344,18.290869047618344
2018-05-11 06:00:00,5561,5451.480952380954,109.51904761904643,109.51904761904643
2018-05-11 07:00:00,6472,6417.816154761906,54.183845238094364,54.183845238094364
2018-05-11 07:00:00,6472,6534.251821428572,-62.25182142857193,62.25182142857193
2018-05-11 08:00:00,5594,5754.310206709957,-160.31020670995713,160.31020670995713
2018-05-11 09:00:00,5189,5049.606801587302,139.39319841269844,139.39319841269844
2018-05-11 10:00:00,4978,4740.186095238095,237.81390476190518,237.81390476190518
2018-05-11 11:00:00,5292,5104.5947857142855,187.40521428571446,187.40521428571446
2018-05-11 12:00:00,5530,5500.316202380954,29.683797619046345,29.683797619046345
2018-05-11 13:00:00,5323,5485.093678571428,-162.09367857142843,162.09367857142843
2018-05-11 14:00:00,5648,5460.979257936509,187.02074206349062,187.02074206349062
2018-05-11 15:00:00,6354,5846.3925238095235,507.6074761904765,507.6074761904765
2018-05-11 16:00:00,6858,6508.507146825397,349.4928531746027,349.4928531746027
2018-05-11 17:00:00,5773,6274.079023809522,-501.07902380952237,501.07902380952237
2018-05-11 18:00:00,5138,4768.055476190476,369.94452380952407,369.94452380952407
2018-05-11 18:00:00,5138,4460.959476190476,677.0405238095236,677.0405238095236
2018-05-11 19:00:00,3863,3760.4554047619044,102.54459523809555,102.54459523809555
2018-05-11 19:00:00,3863,3409.28842063492,453.71157936508007,453.71157936508007
2018-05-11 20:00:00,3108,3235.39138095238,-127.39138095238013,127.39138095238013
2018-05-11 20:00:00,3108,2989.439428571429,118.56057142857117,118.56057142857117
2018-05-11 21:00:00,3134,3031.1677142857156,102.83228571428435,102.83228571428435
2018-05-11 22:00:00,2436,2826.0344166666664,-390.0344166666664,390.0344166666664
2018-05-11 23:00:00,1740,1796.8415238095238,-56.84152380952378,56.84152380952378
2018-05-12 00:00:00,1107,1220.1990833333332,-113.19908333333319,113.19908333333319
2018-05-12 01:00:00,642,782.8487510822513,-140.84875108225128,140.84875108225128
2018-05-12 02:00:00,427,594.5124523809523,-167.51245238095225,167.51245238095225
2018-05-12 03:00:00,482,410.6526666666667,71.34733333333332,71.34733333333332
2018-05-12 04:00:00,440,471.7836904761905,-31.783690476190486,31.783690476190486
2018-05-12 05:00:00,809,815.5657222222222,-6.5657222222222344,6.5657222222222344
2018-05-12 06:00:00,1428,1489.4225476190477,-61.42254761904769,61.42254761904769
2018-05-12 07:00:00,2113,2107.3340873015873,5.66591269841274,5.66591269841274
2018-05-12 08:00:00,3110,3063.7945952380937,46.205404761906266,46.205404761906266
2018-05-12 09:00:00,3792,3827.152134920633,-35.152134920633216,35.152134920633216
2018-05-12 10:00:00,4455,4151.154023809524,303.845976190476,303.845976190476
2018-05-12 11:00:00,4818,4804.679130952382,13.320869047617634,13.320869047617634
2018-05-12 12:00:00,5167,5119.726785714285,47.27321428571486,47.27321428571486
2018-05-12 13:00:00,4769,5080.409726190476,-311.40972619047625,311.40972619047625
2018-05-12 14:00:00,4631,4584.056166666665,46.943833333334624,46.943833333334624
2018-05-12 15:00:00,4283,4592.914761904762,-309.9147619047617,309.9147619047617
2018-05-12 16:00:00,4148,4274.441261904763,-126.44126190476345,126.44126190476345
2018-05-12 16:00:00,4148,4158.140726190476,-10.140726190476016,10.140726190476016
2018-05-12 17:00:00,3972,3999.191797619047,-27.191797619047065,27.191797619047065
2018-05-12 17:00:00,3972,3837.955809523809,134.04419047619103,134.04419047619103
2018-05-12 18:00:00,3736,3661.8195,74.18049999999994,74.18049999999994
2018-05-12 19:00:00,3060,3365.3524920634927,-305.3524920634927,305.3524920634927
2018-05-12 20:00:00,2718,2767.0601071428573,-49.060107142857305,49.060107142857305
2018-05-12 21:00:00,2727,2901.0064642857137,-174.00646428571372,174.00646428571372
2018-05-12 22:00:00,2527,2847.578595238095,-320.5785952380952,320.5785952380952
2018-05-12 23:00:00,2033,2120.045785714285,-87.0457857142851,87.0457857142851
2018-05-13 00:00:00,1191,1297.6980476190477,-106.69804761904766,106.69804761904766
2018-05-13 01:00:00,756,772.2996190476191,-16.299619047619103,16.299619047619103
2018-05-13 02:00:00,622,577.1408333333334,44.859166666666624,44.859166666666624
2018-05-13 03:00:00,353,377.6472777777778,-24.647277777777788,24.647277777777788
2018-05-13 04:00:00,342,311.08040476190473,30.91959523809527,30.91959523809527
2018-05-13 05:00:00,460,505.08973809523815,-45.08973809523815,45.08973809523815
2018-05-13 06:00:00,868,820.0916587301587,47.908341269841344,47.908341269841344
2018-05-13 07:00:00,1304,1223.9729761904764,80.0270238095236,80.0270238095236
2018-05-13 08:00:00,1965,2052.4629523809526,-87.46295238095263,87.46295238095263
2018-05-13 09:00:00,3117,2955.2532738095247,161.74672619047533,161.74672619047533
2018-05-13 10:00:00,3725,3901.171142857145,-176.1711428571448,176.1711428571448
2018-05-13 11:00:00,3983,4207.571833333334,-224.57183333333433,224.57183333333433
2018-05-13 12:00:00,4088,4194.113988095237,-106.11398809523689,106.11398809523689
2018-05-13 13:00:00,4184,4247.6568452380925,-63.6568452380925,63.6568452380925
2018-05-13 14:00:00,4091,4257.098214285714,-166.09821428571377,166.09821428571377
2018-05-13 15:00:00,4072,4131.978928571428,-59.97892857142779,59.97892857142779
2018-05-13 16:00:00,4169,4163.44142857143,5.558571428569849,5.558571428569849
2018-05-13 17:00:00,3827,3966.78044047619,-139.78044047619005,139.78044047619005
2018-05-13 18:00:00,3555,3610.128928571429,-55.12892857142879,55.12892857142879
2018-05-13 19:00:00,3256,3140.4104523809524,115.58954761904761,115.58954761904761
2018-05-13 20:00:00,3049,2976.8338571428576,72.1661428571424,72.1661428571424
2018-05-13 21:00:00,2586,2664.6425039682535,-78.64250396825355,78.64250396825355
2018-05-13 22:00:00,1759,1929.8990595238095,-170.89905952380946,170.89905952380946
2018-05-13 23:00:00,1077,1119.679738095238,-42.67973809523801,42.67973809523801
2018-05-14 00:00:00,598,594.7163452380952,3.2836547619048133,3.2836547619048133
2018-05-14 01:00:00,366,369.4898214285715,-3.4898214285714744,3.4898214285714744
2018-05-14 02:00:00,243,281.18804761904767,-38.188047619047666,38.188047619047666
2018-05-14 03:00:00,308,330.6330238095239,-22.633023809523877,22.633023809523877
2018-05-14 04:00:00,875,651.1503571428569,223.84964285714307,223.84964285714307
2018-05-14 05:00:00,2816,2736.559142857143,79.44085714285711,79.44085714285711
2018-05-14 06:00:00,5792,5816.49825,-24.498249999999643,24.498249999999643
2018-05-14 06:00:00,5792,5788.688761904761,3.3112380952388776,3.3112380952388776
2018-05-14 07:00:00,6559,6709.058595238095,-150.05859523809522,150.05859523809522
2018-05-14 08:00:00,5870,5978.140833333333,-108.14083333333292,108.14083333333292
2018-05-14 09:00:00,5052,4815.286938672437,236.71306132756308,236.71306132756308
2018-05-14 10:00:00,4392,4507.72925,-115.72925000000032,115.72925000000032
2018-05-14 11:00:00,4573,4642.1228452380965,-69.12284523809649,69.12284523809649
2018-05-14 12:00:00,4794,4784.642654761904,9.357345238096059,9.357345238096059
2018-05-14 13:00:00,4831,4892.352642857144,-61.35264285714402,61.35264285714402
2018-05-14 14:00:00,5025,5230.283761904761,-205.28376190476138,205.28376190476138
2018-05-14 15:00:00,5598,5487.885761904763,110.11423809523694,110.11423809523694
2018-05-14 15:00:00,5598,5760.499404761907,-162.4994047619066,162.4994047619066
2018-05-14 16:00:00,6463,6383.833,79.16700000000037,79.16700000000037
2018-05-14 17:00:00,5971,6207.738476190475,-236.738476190475,236.738476190475
2018-05-14 18:00:00,4545,4342.059249999999,202.94075000000066,202.94075000000066
2018-05-14 19:00:00,3113,3278.128904761905,-165.12890476190478,165.12890476190478
2018-05-14 19:00:00,3113,3074.2665952380958,38.73340476190424,38.73340476190424
2018-05-14 19:00:00,3113,3066.78705952381,46.21294047618994,46.21294047618994
2018-05-14 20:00:00,2681,2664.825095238096,16.174904761904145,16.174904761904145
2018-05-14 20:00:00,2681,2587.4599880952387,93.54001190476129,93.54001190476129
2018-05-14 20:00:00,2681,2563.089226190476,117.91077380952402,117.91077380952402
2018-05-14 21:00:00,2293,2398.558333333334,-105.55833333333385,105.55833333333385
2018-05-14 21:00:00,2293,2215.364000000001,77.63599999999906,77.63599999999906
2018-05-14 21:00:00,2293,2185.135380952381,107.86461904761882,107.86461904761882
2018-05-14 22:00:00,2107,1868.5704999999996,238.42950000000042,238.42950000000042
2018-05-14 22:00:00,2107,1816.1250277777776,290.87497222222237,290.87497222222237
2018-05-14 22:00:00,2107,1780.267873015873,326.73212698412704,326.73212698412704
2018-05-14 23:00:00,1022,1406.9160000000004,-384.9160000000004,384.9160000000004
2018-05-15 00:00:00,555,565.2694801587303,-10.269480158730289,10.269480158730289
2018-05-15 00:00:00,555,556.1075238095237,-1.107523809523741,1.107523809523741
2018-05-15 00:00:00,555,556.0895238095238,-1.0895238095238255,1.0895238095238255
2018-05-15 01:00:00,309,353.04255555555557,-44.042555555555566,44.042555555555566
2018-05-15 01:00:00,309,306.1541904761904,2.845809523809578,2.845809523809578
2018-05-15 02:00:00,248,269.23220238095234,-21.232202380952344,21.232202380952344
2018-05-15 02:00:00,248,257.9854444444444,-9.985444444444397,9.985444444444397
2018-05-15 03:00:00,349,336.3115238095239,12.68847619047608,12.68847619047608
2018-05-15 03:00:00,349,355.98259523809514,-6.9825952380951435,6.9825952380951435
2018-05-15 03:00:00,349,354.3695952380952,-5.369595238095201,5.369595238095201
2018-05-15 04:00:00,934,840.5910476190476,93.40895238095243,93.40895238095243
2018-05-15 04:00:00,934,932.9311547619046,1.0688452380953777,1.0688452380953777
2018-05-15 04:00:00,934,933.1339404761904,0.8660595238095539,0.8660595238095539
2018-05-15 05:00:00,3020,3044.1389603174607,-24.138960317460715,24.138960317460715
2018-05-15 05:00:00,3020,3026.7793730158737,-6.779373015873716,6.779373015873716
2018-05-15 06:00:00,5914,5987.982761904761,-73.98276190476099,73.98276190476099
2018-05-15 07:00:00,6264,6651.2003492063495,-387.20034920634953,387.20034920634953
2018-05-15 08:00:00,5433,5868.58873809524,-435.58873809523993,435.58873809523993
2018-05-15 09:00:00,5399,5333.0582738095245,65.94172619047549,65.94172619047549
2018-05-15 10:00:00,4528,4501.243563492064,26.756436507936087,26.756436507936087
2018-05-15 11:00:00,4808,4743.682095238095,64.31790476190508,64.31790476190508
2018-05-15 12:00:00,4967,4978.452547619047,-11.452547619047436,11.452547619047436
2018-05-15 13:00:00,5017,4974.7088690476185,42.291130952381536,42.291130952381536
2018-05-15 14:00:00,5380,5485.794333333332,-105.79433333333236,105.79433333333236
2018-05-15 15:00:00,6033,5951.406690476189,81.5933095238106,81.5933095238106
2018-05-15 16:00:00,6888,6612.990567460315,275.0094325396849,275.0094325396849
2018-05-15 17:00:00,6548,6487.780378787879,60.21962121212073,60.21962121212073
2018-05-15 18:00:00,4953,4716.363119047618,236.63688095238194,236.63688095238194
2018-05-15 19:00:00,3602,3456.946928571428,145.0530714285719,145.0530714285719
2018-05-15 20:00:00,3050,3073.756174603175,-23.756174603175168,23.756174603175168
2018-05-15 21:00:00,2773,2760.8334563492062,12.166543650793756,12.166543650793756
2018-05-15 22:00:00,3335,2142.386714285714,1192.6132857142861,1192.6132857142861
2018-05-15 23:00:00,2286,1800.5085779220783,485.4914220779217,485.4914220779217
2018-05-16 00:00:00,720,1077.7476547619046,-357.74765476190464,357.74765476190464
2018-05-16 01:00:00,442,497.5283809523809,-55.52838095238093,55.52838095238093
2018-05-16 02:00:00,352,319.6239126984127,32.37608730158729,32.37608730158729
2018-05-16 03:00:00,367,378.18007142857147,-11.180071428571466,11.180071428571466
2018-05-16 04:00:00,895,851.8316626984129,43.168337301587144,43.168337301587144
2018-05-16 05:00:00,3014,2993.594103174604,20.405896825396212,20.405896825396212
2018-05-16 06:00:00,5844,5926.2260119047605,-82.22601190476053,82.22601190476053
2018-05-16 07:00:00,5988,6572.420023809524,-584.4200238095236,584.4200238095236
2018-05-16 08:00:00,5293,5721.796761904761,-428.7967619047613,428.7967619047613
2018-05-16 09:00:00,5122,4829.053666666667,292.9463333333333,292.9463333333333
2018-05-16 10:00:00,4941,4627.408678571429,313.59132142857106,313.59132142857106
2018-05-16 11:00:00,5110,5245.584047619046,-135.58404761904603,135.58404761904603
2018-05-16 12:00:00,5042,5289.317547619046,-247.3175476190463,247.3175476190463
2018-05-16 13:00:00,4952,5034.18926190476,-82.18926190476031,82.18926190476031
2018-05-16 14:00:00,5286,5293.610095238096,-7.61009523809571,7.61009523809571
2018-05-16 15:00:00,5871,5768.563039682538,102.43696031746185,102.43696031746185
2018-05-16 16:00:00,6775,6574.048202380956,200.95179761904365,200.95179761904365
2018-05-16 17:00:00,6123,6394.957785714286,-271.9577857142858,271.9577857142858
2018-05-16 18:00:00,4717,4801.519714285715,-84.51971428571505,84.51971428571505
2018-05-16 19:00:00,3697,3566.520761904762,130.4792380952381,130.4792380952381
2018-05-16 20:00:00,3387,3148.4859682539677,238.5140317460323,238.5140317460323
2018-05-16 21:00:00,3187,3092.9806904761895,94.01930952381053,94.01930952381053
2018-05-16 22:00:00,2443,2399.0336071428574,43.96639285714264,43.96639285714264
2018-05-16 23:00:00,2291,1521.9568174603173,769.0431825396827,769.0431825396827
2018-05-17 00:00:00,684,991.0645119047618,-307.06451190476184,307.06451190476184
2018-05-17 01:00:00,495,440.80117857142847,54.198821428571534,54.198821428571534
2018-05-17 02:00:00,294,348.9835,-54.98349999999999,54.98349999999999
2018-05-17 03:00:00,364,372.40947619047614,-8.409476190476141,8.409476190476141
2018-05-17 04:00:00,929,857.7633412698414,71.23665873015864,71.23665873015864
2018-05-17 05:00:00,2935,2996.838047619048,-61.83804761904821,61.83804761904821
2018-05-17 06:00:00,5846,5861.930166666669,-15.93016666666881,15.93016666666881
2018-05-17 07:00:00,6323,6585.435916666665,-262.43591666666543,262.43591666666543
2018-05-17 08:00:00,5494,5838.230440476189,-344.23044047618896,344.23044047618896
2018-05-17 09:00:00,5299,4997.821678571428,301.1783214285724,301.1783214285724
2018-05-17 10:00:00,4444,4713.323178571428,-269.3231785714279,269.3231785714279
2018-05-17 11:00:00,4913,4777.15169047619,135.8483095238098,135.8483095238098
2018-05-17 12:00:00,5120,5259.43926984127,-139.4392698412703,139.4392698412703
2018-05-17 13:00:00,5096,5083.338090909091,12.661909090908921,12.661909090908921
2018-05-17 14:00:00,5480,5427.899023809525,52.100976190475194,52.100976190475194
2018-05-17 15:00:00,6289,5869.225948412702,419.77405158729835,419.77405158729835
2018-05-17 16:00:00,6594,6611.9341230158725,-17.9341230158725,17.9341230158725
2018-05-17 17:00:00,6171,6241.153309523809,-70.15330952380918,70.15330952380918
2018-05-17 18:00:00,4989,4741.776404761904,247.2235952380961,247.2235952380961
2018-05-17 19:00:00,3647,3778.7291547619043,-131.72915476190428,131.72915476190428
2018-05-17 20:00:00,3400,3279.6270992063514,120.37290079364857,120.37290079364857
2018-05-17 21:00:00,3238,3220.8062579365082,17.193742063491754,17.193742063491754
2018-05-17 22:00:00,2677,2546.8533214285717,130.1466785714283,130.1466785714283
2018-05-17 23:00:00,1852,1681.1159642857147,170.88403571428535,170.88403571428535
2018-05-18 00:00:00,736,938.2059285714286,-202.20592857142856,202.20592857142856
2018-05-18 01:00:00,453,456.71589285714276,-3.7158928571427623,3.7158928571427623
2018-05-18 02:00:00,365,338.4492467532467,26.55075324675329,26.55075324675329
2018-05-18 03:00:00,351,386.68916666666667,-35.689166666666665,35.689166666666665
2018-05-18 04:00:00,846,806.5420555555554,39.45794444444459,39.45794444444459
2018-05-18 05:00:00,2786,2744.6622619047616,41.337738095238365,41.337738095238365
2018-05-18 06:00:00,5552,5670.994583333332,-118.99458333333223,118.99458333333223
2018-05-18 07:00:00,6583,6286.828,296.17199999999957,296.17199999999957
2018-05-18 08:00:00,5321,5754.803714285714,-433.8037142857138,433.8037142857138
2018-05-18 09:00:00,4984,4908.450261904761,75.54973809523926,75.54973809523926
2018-05-18 10:00:00,4736,4697.431928571429,38.568071428570875,38.568071428570875
2018-05-18 11:00:00,5133,5107.430940476189,25.56905952381112,25.56905952381112
2018-05-18 12:00:00,5337,5440.94911904762,-103.94911904762012,103.94911904762012
2018-05-18 13:00:00,5316,5232.401952380951,83.59804761904888,83.59804761904888
2018-05-18 14:00:00,5810,5554.5861904761905,255.4138095238095,255.4138095238095
2018-05-18 15:00:00,6400,5998.2226666666675,401.77733333333254,401.77733333333254
2018-05-18 16:00:00,6496,6389.313932539683,106.68606746031674,106.68606746031674
2018-05-18 17:00:00,6197,5851.319595238095,345.68040476190527,345.68040476190527
2018-05-18 18:00:00,5241,5197.66803968254,43.33196031745956,43.33196031745956
2018-05-18 19:00:00,3850,3937.3304404761916,-87.3304404761916,87.3304404761916
2018-05-18 20:00:00,3441,3405.6700476190476,35.32995238095236,35.32995238095236
2018-05-18 21:00:00,3196,3451.8019365079376,-255.80193650793763,255.80193650793763
2018-05-18 22:00:00,2728,2730.664047619048,-2.6640476190477784,2.6640476190477784
2018-05-18 22:00:00,2728,2571.7988939393945,156.20110606060553,156.20110606060553
2018-05-18 23:00:00,1797,2141.7140357142857,-344.7140357142857,344.7140357142857
2018-05-19 00:00:00,1420,1248.8162619047619,171.18373809523814,171.18373809523814
2018-05-19 01:00:00,855,877.2252142857142,-22.225214285714173,22.225214285714173
2018-05-19 02:00:00,639,698.7240357142857,-59.72403571428572,59.72403571428572
2018-05-19 03:00:00,494,428.6549166666666,65.34508333333338,65.34508333333338
2018-05-19 04:00:00,477,540.7977619047618,-63.79776190476184,63.79776190476184
2018-05-19 05:00:00,806,876.3595793650791,-70.35957936507907,70.35957936507907
2018-05-19 06:00:00,1430,1411.7429603174598,18.257039682540153,18.257039682540153
2018-05-19 07:00:00,2062,1978.4797023809526,83.52029761904737,83.52029761904737
2018-05-19 08:00:00,3277,2906.915595238095,370.0844047619048,370.0844047619048
2018-05-19 09:00:00,3569,3605.574820346319,-36.57482034631903,36.57482034631903
2018-05-19 09:00:00,3569,3840.4299603174604,-271.4299603174604,271.4299603174604
2018-05-19 10:00:00,3857,4007.1211190476192,-150.12111904761923,150.12111904761923
2018-05-19 10:00:00,3857,4131.122797619048,-274.12279761904756,274.12279761904756
2018-05-19 11:00:00,4112,4209.623845238095,-97.62384523809487,97.62384523809487
2018-05-19 12:00:00,4259,4409.407345238095,-150.40734523809533,150.40734523809533
2018-05-19 13:00:00,4542,4301.7308571428575,240.26914285714247,240.26914285714247
2018-05-19 14:00:00,4802,4563.440226190477,238.559773809523,238.559773809523
2018-05-19 15:00:00,4598,4842.85073809524,-244.85073809523965,244.85073809523965
2018-05-19 16:00:00,4398,4567.634619047621,-169.63461904762062,169.63461904762062
2018-05-19 17:00:00,4133,4239.515428571429,-106.51542857142886,106.51542857142886
2018-05-19 18:00:00,3640,3958.5390079365084,-318.53900793650837,318.53900793650837
2018-05-19 19:00:00,2979,3392.4773730158736,-413.4773730158736,413.4773730158736
2018-05-19 20:00:00,2706,2861.6969740259733,-155.6969740259733,155.6969740259733
2018-05-19 21:00:00,2705,2894.4891071428574,-189.4891071428574,189.4891071428574
2018-05-19 22:00:00,2714,2734.9962619047624,-20.996261904762378,20.996261904762378
2018-05-19 23:00:00,2047,2024.5348492063486,22.465150793651446,22.465150793651446
2018-05-20 00:00:00,1216,1309.4920476190473,-93.4920476190473,93.4920476190473
2018-05-20 01:00:00,761,804.7847023809524,-43.78470238095235,43.78470238095235
2018-05-20 02:00:00,525,603.659880952381,-78.65988095238095,78.65988095238095
2018-05-20 03:00:00,324,319.20561904761905,4.794380952380948,4.794380952380948
2018-05-20 04:00:00,273,281.3946190476191,-8.394619047619074,8.394619047619074
2018-05-20 05:00:00,433,465.4275238095237,-32.42752380952368,32.42752380952368
2018-05-20 06:00:00,850,806.6918690476189,43.308130952381134,43.308130952381134
2018-05-20 07:00:00,1242,1245.008753968254,-3.008753968254041,3.008753968254041
2018-05-20 08:00:00,1829,2061.282214285714,-232.28221428571396,232.28221428571396
2018-05-20 09:00:00,2638,2681.0852619047614,-43.08526190476141,43.08526190476141
2018-05-20 10:00:00,3501,3325.937428571428,175.06257142857203,175.06257142857203
2018-05-20 11:00:00,4300,3916.950944444444,383.04905555555615,383.04905555555615
2018-05-20 12:00:00,4661,4559.308380952381,101.69161904761859,101.69161904761859
2018-05-20 13:00:00,3956,4527.40911904762,-571.4091190476202,571.4091190476202
2018-05-20 14:00:00,3932,4044.7716230158735,-112.7716230158735,112.7716230158735
2018-05-20 15:00:00,3920,4020.4279960317454,-100.42799603174535,100.42799603174535
2018-05-20 16:00:00,3938,3961.707186507937,-23.707186507936967,23.707186507936967
2018-05-20 17:00:00,3768,3768.838825396825,-0.8388253968250865,0.8388253968250865
2018-05-20 18:00:00,3378,3585.498178571428,-207.49817857142807,207.49817857142807
2018-05-20 19:00:00,2842,3077.411452380952,-235.41145238095214,235.41145238095214
2018-05-20 20:00:00,2692,2690.163357142858,1.8366428571421238,1.8366428571421238
2018-05-20 21:00:00,2194,2584.2925714285716,-390.2925714285716,390.2925714285716
2018-05-20 22:00:00,1696,1800.820380952381,-104.8203809523809,104.8203809523809
2018-05-20 23:00:00,1107,1074.457142857143,32.542857142856974,32.542857142856974
2018-05-21 00:00:00,652,620.9400357142857,31.059964285714273,31.059964285714273
2018-05-21 01:00:00,350,398.7269206349206,-48.72692063492059,48.72692063492059
2018-05-21 02:00:00,321,278.8213095238094,42.17869047619058,42.17869047619058
2018-05-21 03:00:00,333,353.23773809523817,-20.23773809523817,20.23773809523817
2018-05-21 04:00:00,860,797.1031666666667,62.89683333333335,62.89683333333335
2018-05-21 05:00:00,2796,2878.6244523809523,-82.62445238095233,82.62445238095233
2018-05-21 06:00:00,5721,5685.422797619048,35.57720238095226,35.57720238095226
2018-05-21 07:00:00,6799,6558.604499999999,240.39550000000145,240.39550000000145
2018-05-21 07:00:00,6799,6775.151464285713,23.84853571428721,23.84853571428721
2018-05-21 08:00:00,5726,5956.471797619047,-230.4717976190468,230.4717976190468
2018-05-21 08:00:00,5726,5677.131642857142,48.86835714285826,48.86835714285826
2018-05-21 09:00:00,4865,4683.45429978355,181.5457002164503,181.5457002164503
2018-05-21 10:00:00,4254,4445.948,-191.94800000000032,191.94800000000032
2018-05-21 11:00:00,4454,4466.799095238094,-12.799095238094196,12.799095238094196
2018-05-21 12:00:00,4810,4637.457309523811,172.5426904761889,172.5426904761889
2018-05-21 13:00:00,2040,4846.632880952382,-2806.632880952382,2806.632880952382
2018-05-21 14:00:00,4224,2674.6359047619044,1549.3640952380956,1549.3640952380956
2018-05-21 15:00:00,5895,4452.636961038961,1442.363038961039,1442.363038961039
2018-05-21 16:00:00,6968,6435.1828412698405,532.8171587301595,532.8171587301595
2018-05-21 17:00:00,6134,6413.737630952382,-279.73763095238155,279.73763095238155
2018-05-21 18:00:00,4586,4418.289273809524,167.71072619047573,167.71072619047573
2018-05-21 19:00:00,3249,3254.794023809524,-5.794023809523878,5.794023809523878
2018-05-21 20:00:00,2699,2783.2318730158727,-84.23187301587268,84.23187301587268
2018-05-21 21:00:00,2318,2407.9265317460327,-89.92653174603265,89.92653174603265
2018-05-21 22:00:00,1668,1746.4958571428567,-78.49585714285672,78.49585714285672
2018-05-21 23:00:00,1060,1122.5829841269845,-62.58298412698446,62.58298412698446
2018-05-22 00:00:00,554,600.6319682539682,-46.63196825396824,46.63196825396824
2018-05-22 01:00:00,333,353.6737380952381,-20.673738095238093,20.673738095238093
2018-05-22 02:00:00,249,271.67604761904755,-22.67604761904755,22.67604761904755
2018-05-22 03:00:00,337,333.0401547619048,3.9598452380952267,3.9598452380952267
2018-05-22 04:00:00,886,821.7643333333338,64.23566666666625,64.23566666666625
2018-05-22 05:00:00,3026,3041.347063492063,-15.347063492063171,15.347063492063171
2018-05-22 05:00:00,3026,3045.924825396826,-19.92482539682578,19.92482539682578
2018-05-22 06:00:00,5875,5969.373964285714,-94.37396428571356,94.37396428571356
2018-05-22 06:00:00,5875,5872.296595238095,2.7034047619054036,2.7034047619054036
2018-05-22 07:00:00,6019,6662.494499999998,-643.494499999998,643.494499999998
2018-05-22 08:00:00,5752,5914.449499999999,-162.4494999999988,162.4494999999988
2018-05-22 09:00:00,5085,5087.249214285715,-2.249214285715425,2.249214285715425
2018-05-22 10:00:00,4450,4477.095916666667,-27.095916666667108,27.095916666667108
2018-05-22 11:00:00,4631,4649.484833333335,-18.48483333333479,18.48483333333479
2018-05-22 12:00:00,4760,4882.82015079365,-122.8201507936501,122.8201507936501
2018-05-22 13:00:00,4840,4813.05011904762,26.949880952380227,26.949880952380227
2018-05-22 14:00:00,5197,5181.163140692643,15.836859307357372,15.836859307357372
2018-05-22 15:00:00,5901,5772.581944444445,128.41805555555493,128.41805555555493
2018-05-22 16:00:00,6907,6628.362273809522,278.63772619047813,278.63772619047813
2018-05-22 17:00:00,6371,6551.717682539682,-180.71768253968185,180.71768253968185
2018-05-22 18:00:00,4649,4634.827984126985,14.17201587301497,14.17201587301497
2018-05-22 19:00:00,3367,3402.1465238095225,-35.14652380952248,35.14652380952248
2018-05-22 20:00:00,3028,2988.4085000000005,39.59149999999954,39.59149999999954
2018-05-22 21:00:00,3047,2796.2663492063493,250.73365079365067,250.73365079365067
2018-05-22 22:00:00,1953,2374.4110238095245,-421.4110238095245,421.4110238095245
2018-05-22 23:00:00,1084,1508.3275595238092,-424.3275595238092,424.3275595238092
2018-05-23 00:00:00,599,734.4243095238096,-135.4243095238096,135.4243095238096
2018-05-23 01:00:00,363,380.4934285714286,-17.49342857142858,17.49342857142858
2018-05-23 02:00:00,303,271.2180714285715,31.781928571428523,31.781928571428523
2018-05-23 03:00:00,349,359.98266666666655,-10.982666666666546,10.982666666666546
2018-05-23 04:00:00,919,843.6147380952384,75.38526190476159,75.38526190476159
2018-05-23 05:00:00,2989,3014.8637222222223,-25.86372222222235,25.86372222222235
2018-05-23 06:00:00,5979,6000.926095238094,-21.926095238093694,21.926095238093694
2018-05-23 07:00:00,6641,6746.256142857144,-105.25614285714437,105.25614285714437
2018-05-23 07:00:00,6641,6626.1702380952365,14.829761904763473,14.829761904763473
2018-05-23 08:00:00,5557,5969.278333333332,-412.27833333333183,412.27833333333183
2018-05-23 09:00:00,5217,4896.251753968254,320.748246031746,320.748246031746
2018-05-23 10:00:00,4728,4653.268761904762,74.73123809523804,74.73123809523804
2018-05-23 11:00:00,4956,4934.918785714285,21.08121428571485,21.08121428571485
2018-05-23 12:00:00,4760,5163.19392857143,-403.19392857142975,403.19392857142975
2018-05-23 13:00:00,4912,4801.387293650794,110.61270634920584,110.61270634920584
2018-05-23 14:00:00,5221,5261.75125974026,-40.75125974026014,40.75125974026014
2018-05-23 15:00:00,5959,5809.197023809523,149.80297619047724,149.80297619047724
2018-05-23 16:00:00,6897,6582.329500000001,314.67049999999927,314.67049999999927
2018-05-23 17:00:00,6228,6466.815170995671,-238.815170995671,238.815170995671
2018-05-23 18:00:00,4632,4698.858523809523,-66.85852380952292,66.85852380952292
2018-05-23 19:00:00,3359,3490.727952380953,-131.72795238095296,131.72795238095296
2018-05-23 20:00:00,2993,3071.412166666666,-78.41216666666605,78.41216666666605
2018-05-23 21:00:00,2888,2722.079559523809,165.92044047619083,165.92044047619083
2018-05-23 22:00:00,2028,2122.4233095238087,-94.42330952380871,94.42330952380871
2018-05-23 23:00:00,1215,1427.675380952381,-212.67538095238092,212.67538095238092
2018-05-24 00:00:00,628,699.9429682539682,-71.94296825396816,71.94296825396816
2018-05-24 01:00:00,356,385.1570119047619,-29.157011904761873,29.157011904761873
2018-05-24 02:00:00,261,287.85082142857146,-26.850821428571464,26.850821428571464
2018-05-24 03:00:00,363,348.8675476190476,14.132452380952373,14.132452380952373
2018-05-24 04:00:00,883,841.6669603174607,41.333039682539265,41.333039682539265
2018-05-24 05:00:00,3012,2918.3754166666668,93.62458333333325,93.62458333333325
2018-05-24 06:00:00,5763,5951.261305555555,-188.26130555555483,188.26130555555483
2018-05-24 07:00:00,6298,6529.906146825395,-231.9061468253949,231.9061468253949
2018-05-24 08:00:00,5695,5910.992007936507,-215.99200793650743,215.99200793650743
2018-05-24 09:00:00,5232,5036.925309523809,195.07469047619088,195.07469047619088
2018-05-24 10:00:00,4532,4735.183714285715,-203.1837142857148,203.1837142857148
2018-05-24 11:00:00,4923,4862.938319624819,60.06168037518091,60.06168037518091
2018-05-24 12:00:00,4969,5182.70930952381,-213.70930952380968,213.70930952380968
2018-05-24 13:00:00,5036,5049.5401706349185,-13.540170634918468,13.540170634918468
2018-05-24 14:00:00,5414,5426.527499999997,-12.527499999997417,12.527499999997417
2018-05-24 15:00:00,6184,5981.573559523809,202.4264404761907,202.4264404761907
2018-05-24 16:00:00,6193,6552.2101190476205,-359.21011904762054,359.21011904762054
2018-05-24 17:00:00,6107,5951.5270238095245,155.4729761904755,155.4729761904755
2018-05-24 18:00:00,4787,4748.333285714285,38.66671428571499,38.66671428571499
2018-05-24 19:00:00,3746,3556.229976190476,189.770023809524,189.770023809524
2018-05-24 20:00:00,2938,3254.629904761905,-316.629904761905,316.629904761905
2018-05-24 20:00:00,2938,2748.5264999999995,189.4735000000005,189.4735000000005
2018-05-24 20:00:00,2938,2694.3185,243.68150000000014,243.68150000000014
2018-05-24 21:00:00,2626,2970.083845238095,-344.0838452380949,344.0838452380949
2018-05-24 21:00:00,2626,2568.0380357142863,57.96196428571375,57.96196428571375
2018-05-24 21:00:00,2626,2590.2101309523814,35.789869047618595,35.789869047618595
2018-05-24 22:00:00,1938,1955.4702023809527,-17.470202380952742,17.470202380952742
2018-05-24 22:00:00,1938,1949.821476190476,-11.821476190476005,11.821476190476005
2018-05-24 23:00:00,1261,1521.8770476190473,-260.8770476190473,260.8770476190473
2018-05-24 23:00:00,1261,1227.4801587301588,33.51984126984121,33.51984126984121
2018-05-25 00:00:00,648,738.4360357142859,-90.43603571428594,90.43603571428594
2018-05-25 00:00:00,648,643.8678452380952,4.132154761904758,4.132154761904758
2018-05-25 01:00:00,430,409.91650793650797,20.08349206349203,20.08349206349203
2018-05-25 01:00:00,430,437.22591269841274,-7.225912698412742,7.225912698412742
2018-05-25 01:00:00,430,436.35248412698405,-6.352484126984052,6.352484126984052
2018-05-25 02:00:00,300,363.93108730158724,-63.93108730158724,63.93108730158724
2018-05-25 03:00:00,329,350.8343174603175,-21.834317460317493,21.834317460317493
2018-05-25 04:00:00,788,777.0994761904763,10.900523809523747,10.900523809523747
2018-05-25 04:00:00,788,813.9979047619045,-25.997904761904465,25.997904761904465
2018-05-25 04:00:00,788,810.6577380952378,-22.657738095237846,22.657738095237846
2018-05-25 05:00:00,2645,2724.1512142857146,-79.15121428571456,79.15121428571456
2018-05-25 05:00:00,2645,2647.8931190476183,-2.8931190476182564,2.8931190476182564
2018-05-25 06:00:00,5111,5365.818464285712,-254.81846428571225,254.81846428571225
2018-05-25 06:00:00,5111,5058.354988095238,52.645011904762214,52.645011904762214
2018-05-25 07:00:00,6075,5974.429928571426,100.57007142857401,100.57007142857401
2018-05-25 08:00:00,5206,5319.396166666667,-113.39616666666734,113.39616666666734
2018-05-25 09:00:00,4859,4637.2618571428575,221.73814285714252,221.73814285714252
2018-05-25 10:00:00,4534,4638.588238095238,-104.58823809523801,104.58823809523801
2018-05-25 11:00:00,4928,4864.92238095238,63.07761904761992,63.07761904761992
2018-05-25 12:00:00,5139,5177.343642857141,-38.343642857141276,38.343642857141276
2018-05-25 13:00:00,5148,5243.421460317461,-95.42146031746142,95.42146031746142
2018-05-25 14:00:00,5403,5458.815607142857,-55.81560714285661,55.81560714285661
2018-05-25 15:00:00,6083,5839.069714285715,243.93028571428476,243.93028571428476
2018-05-25 16:00:00,5753,6232.650404761904,-479.6504047619037,479.6504047619037
2018-05-25 17:00:00,4904,5120.078761904763,-216.07876190476327,216.07876190476327
2018-05-25 17:00:00,4904,5108.5248095238085,-204.52480952380847,204.52480952380847
2018-05-25 18:00:00,4023,4796.016726190475,-773.0167261904753,773.0167261904753
2018-05-25 18:00:00,4023,3838.01511904762,184.98488095238008,184.98488095238008
2018-05-25 19:00:00,3334,3507.763476190476,-173.763476190476,173.763476190476
2018-05-25 20:00:00,3026,3081.07448015873,-55.074480158729784,55.074480158729784
2018-05-25 21:00:00,2953,3095.2744761904764,-142.27447619047643,142.27447619047643
2018-05-25 22:00:00,2863,2712.7237261904766,150.27627380952345,150.27627380952345
2018-05-25 23:00:00,1828,2263.293174603174,-435.29317460317407,435.29317460317407
2018-05-26 00:00:00,1300,1292.4678571428572,7.532142857142844,7.532142857142844
2018-05-26 01:00:00,719,847.3705634920636,-128.37056349206364,128.37056349206364
2018-05-26 02:00:00,579,628.1793015873016,-49.17930158730155,49.17930158730155
2018-05-26 03:00:00,363,419.050880952381,-56.05088095238102,56.05088095238102
2018-05-26 04:00:00,376,391.4091190476191,-15.409119047619072,15.409119047619072
2018-05-26 05:00:00,649,706.9132380952381,-57.91323809523806,57.91323809523806
2018-05-26 06:00:00,1263,1218.115869047619,44.88413095238093,44.88413095238093
2018-05-26 07:00:00,1690,1714.2056428571427,-24.20564285714272,24.20564285714272
2018-05-26 08:00:00,2392,2404.46469047619,-12.464690476189844,12.464690476189844
2018-05-26 09:00:00,3360,3362.9116428571438,-2.911642857143761,2.911642857143761
2018-05-26 10:00:00,3540,3918.2294285714293,-378.22942857142925,378.22942857142925
2018-05-26 11:00:00,3937,4018.626523809524,-81.62652380952386,81.62652380952386
2018-05-26 12:00:00,4176,4298.088738095237,-122.0887380952372,122.0887380952372
2018-05-26 13:00:00,4130,4246.328964285714,-116.32896428571439,116.32896428571439
2018-05-26 14:00:00,3887,4226.653095238096,-339.6530952380963,339.6530952380963
2018-05-26 15:00:00,3761,3954.974940476191,-193.97494047619102,193.97494047619102
2018-05-26 16:00:00,3970,3776.4523531746036,193.54764682539644,193.54764682539644
2018-05-26 17:00:00,3858,3787.6008571428565,70.39914285714349,70.39914285714349
2018-05-26 18:00:00,3714,3741.7757380952376,-27.775738095237557,27.775738095237557
2018-05-26 19:00:00,2965,3359.5857142857144,-394.5857142857144,394.5857142857144
2018-05-26 20:00:00,2855,2764.6464920634926,90.35350793650741,90.35350793650741
2018-05-26 21:00:00,2956,2863.1415238095237,92.85847619047627,92.85847619047627
2018-05-26 22:00:00,3036,2836.4382777777773,199.56172222222267,199.56172222222267
2018-05-26 23:00:00,2141,2387.711369047619,-246.71136904761897,246.71136904761897
2018-05-27 00:00:00,1633,1417.362261904762,215.6377380952381,215.6377380952381
2018-05-27 01:00:00,829,1007.7244761904763,-178.72447619047625,178.72447619047625
2018-05-27 02:00:00,712,657.2161507936511,54.78384920634892,54.78384920634892
2018-05-27 03:00:00,486,450.17733333333325,35.82266666666675,35.82266666666675
2018-05-27 04:00:00,401,482.62132142857155,-81.62132142857155,81.62132142857155
2018-05-27 05:00:00,844,589.3126190476189,254.6873809523811,254.6873809523811
2018-05-27 06:00:00,1192,1210.6360714285715,-18.63607142857154,18.63607142857154
2018-05-27 07:00:00,1205,1461.3356428571433,-256.3356428571433,256.3356428571433
2018-05-27 08:00:00,1819,1902.8490119047626,-83.84901190476262,83.84901190476262
2018-05-27 09:00:00,2660,2645.652071428571,14.347928571428838,14.347928571428838
2018-05-27 10:00:00,3431,3273.3101666666666,157.68983333333335,157.68983333333335
2018-05-27 11:00:00,3782,3917.151904761906,-135.15190476190583,135.15190476190583
2018-05-27 12:00:00,4190,4234.272523809524,-44.27252380952359,44.27252380952359
2018-05-27 13:00:00,4139,4255.682904761904,-116.68290476190396,116.68290476190396
2018-05-27 14:00:00,3963,4113.260007936508,-150.26000793650837,150.26000793650837
2018-05-27 15:00:00,3821,3937.6416190476198,-116.64161904761977,116.64161904761977
2018-05-27 16:00:00,3739,3741.1441746031737,-2.144174603173724,2.144174603173724
2018-05-27 17:00:00,3266,3558.0686904761887,-292.06869047618875,292.06869047618875
2018-05-27 18:00:00,3127,3100.4778419913423,26.522158008657698,26.522158008657698
2018-05-27 19:00:00,2830,2889.6031904761894,-59.60319047618941,59.60319047618941
2018-05-27 20:00:00,2825,2588.6053311688315,236.39466883116847,236.39466883116847
2018-05-27 21:00:00,2656,2605.2469642857145,50.75303571428549,50.75303571428549
2018-05-27 22:00:00,2565,2068.4754761904755,496.52452380952445,496.52452380952445
2018-05-27 23:00:00,1660,1961.062535714285,-301.0625357142851,301.0625357142851
2018-05-28 00:00:00,1088,1379.293892857143,-291.29389285714296,291.29389285714296
2018-05-28 01:00:00,559,550.4426150793649,8.557384920635059,8.557384920635059
2018-05-28 02:00:00,440,426.9012460317461,13.098753968253902,13.098753968253902
2018-05-28 03:00:00,332,388.6688571428572,-56.66885714285718,56.66885714285718
2018-05-28 04:00:00,314,812.9639523809524,-498.9639523809524,498.9639523809524
2018-05-28 05:00:00,488,1950.9739664502163,-1462.9739664502163,1462.9739664502163
2018-05-28 06:00:00,882,2894.0456309523806,-2012.0456309523806,2012.0456309523806
2018-05-28 07:00:00,989,2371.463916666667,-1382.463916666667,1382.463916666667
2018-05-28 08:00:00,1294,2747.8520476190483,-1453.8520476190483,1453.8520476190483
2018-05-28 09:00:00,1873,2801.245734126984,-928.2457341269842,928.2457341269842
2018-05-28 10:00:00,2576,2930.4410714285723,-354.4410714285723,354.4410714285723
2018-05-28 11:00:00,3037,3258.553996031746,-221.553996031746,221.553996031746
2018-05-28 12:00:00,3375,3583.2167478355004,-208.21674783550043,208.21674783550043
2018-05-28 13:00:00,3611,3548.851261904762,62.14873809523806,62.14873809523806
2018-05-28 14:00:00,4032,3680.1490952380964,351.8509047619036,351.8509047619036
2018-05-28 15:00:00,3812,4197.003829365079,-385.0038293650787,385.0038293650787
2018-05-28 16:00:00,3810,3762.1858174603167,47.814182539683316,47.814182539683316
2018-05-28 17:00:00,3822,3573.2805634920633,248.71943650793673,248.71943650793673
2018-05-28 18:00:00,3749,3631.612523809523,117.38747619047717,117.38747619047717
2018-05-28 18:00:00,3749,3586.776801587301,162.22319841269882,162.22319841269882
2018-05-28 19:00:00,3145,3222.7556493506504,-77.7556493506504,77.7556493506504
2018-05-28 19:00:00,3145,2958.6901349206337,186.30986507936632,186.30986507936632
2018-05-28 20:00:00,2611,2688.2972380952388,-77.29723809523875,77.29723809523875
2018-05-28 20:00:00,2611,2485.6607857142853,125.33921428571466,125.33921428571466
2018-05-28 21:00:00,2338,2498.8229642857145,-160.82296428571453,160.82296428571453
2018-05-28 21:00:00,2338,2455.91,-117.90999999999985,117.90999999999985
2018-05-28 22:00:00,1936,1806.8383095238096,129.16169047619042,129.16169047619042
2018-05-28 23:00:00,1141,1528.6619047619051,-387.66190476190513,387.66190476190513
2018-05-29 00:00:00,565,675.5992341269841,-110.59923412698413,110.59923412698413
2018-05-29 01:00:00,347,368.92526587301586,-21.92526587301586,21.92526587301586
2018-05-29 02:00:00,239,280.3353095238095,-41.335309523809485,41.335309523809485
2018-05-29 03:00:00,340,321.5944285714285,18.405571428571477,18.405571428571477
2018-05-29 04:00:00,828,836.8450000000001,-8.845000000000141,8.845000000000141
2018-05-29 05:00:00,2911,2860.595511904763,50.40448809523696,50.40448809523696
2018-05-29 06:00:00,5723,5887.960619047621,-164.96061904762064,164.96061904762064
2018-05-29 07:00:00,6106,6412.367797619045,-306.3677976190447,306.3677976190447
2018-05-29 08:00:00,5530,5623.98269047619,-93.98269047619033,93.98269047619033
2018-05-29 09:00:00,5117,4739.068642857141,377.93135714285927,377.93135714285927
2018-05-29 10:00:00,4530,4445.880884920634,84.11911507936566,84.11911507936566
2018-05-29 11:00:00,4436,4812.207000000001,-376.20700000000124,376.20700000000124
2018-05-29 12:00:00,4866,4671.623833333334,194.376166666666,194.376166666666
2018-05-29 13:00:00,4973,4797.703833333333,175.29616666666698,175.29616666666698
2018-05-29 14:00:00,5159,5275.981166666667,-116.98116666666738,116.98116666666738
2018-05-29 15:00:00,6018,5628.049722222222,389.95027777777796,389.95027777777796
2018-05-29 16:00:00,6820,6635.551523809522,184.44847619047778,184.44847619047778
2018-05-29 16:00:00,6820,6715.55057142857,104.44942857142996,104.44942857142996
2018-05-29 17:00:00,5990,6518.580474025974,-528.5804740259737,528.5804740259737
2018-05-29 17:00:00,5990,5924.089261904762,65.91073809523823,65.91073809523823
2018-05-29 18:00:00,4267,4428.891273809524,-161.89127380952414,161.89127380952414
2018-05-29 18:00:00,4267,4167.180666666667,99.8193333333329,99.8193333333329
2018-05-29 19:00:00,3036,3171.1519285714285,-135.15192857142847,135.15192857142847
2018-05-29 19:00:00,3036,2912.0832777777773,123.91672222222269,123.91672222222269
2018-05-29 19:00:00,3036,2921.9354761904756,114.06452380952442,114.06452380952442
2018-05-29 20:00:00,2466,2749.1353214285714,-283.1353214285714,283.1353214285714
2018-05-29 20:00:00,2466,2501.3921666666665,-35.392166666666526,35.392166666666526
2018-05-29 20:00:00,2466,2455.650976190476,10.34902380952417,10.34902380952417
2018-05-29 21:00:00,2154,2376.874428571429,-222.87442857142878,222.87442857142878
2018-05-29 21:00:00,2154,2115.935666666667,38.0643333333328,38.0643333333328
2018-05-29 21:00:00,2154,2105.9955,48.00450000000001,48.00450000000001
2018-05-29 22:00:00,1595,1795.7171706349209,-200.71717063492088,200.71717063492088
2018-05-29 22:00:00,1595,1640.389388888889,-45.389388888889016,45.389388888889016
2018-05-29 22:00:00,1595,1636.2022460317464,-41.20224603174643,41.20224603174643
2018-05-29 23:00:00,969,1054.527523809524,-85.52752380952393,85.52752380952393
2018-05-29 23:00:00,969,991.9309761904759,-22.930976190475917,22.930976190475917
2018-05-29 23:00:00,969,1022.9861125541123,-53.98611255411231,53.98611255411231
2018-05-30 00:00:00,527,583.8116309523808,-56.811630952380824,56.811630952380824
2018-05-30 00:00:00,527,532.435623015873,-5.435623015873034,5.435623015873034
2018-05-30 00:00:00,527,532.4609563492064,-5.460956349206413,5.460956349206413
2018-05-30 01:00:00,351,373.47791269841264,-22.477912698412638,22.477912698412638
2018-05-30 01:00:00,351,344.03588095238104,6.964119047618965,6.964119047618965
2018-05-30 02:00:00,306,282.9459880952382,23.054011904761808,23.054011904761808
2018-05-30 02:00:00,306,303.85367857142865,2.1463214285713548,2.1463214285713548
2018-05-30 02:00:00,306,296.7496785714286,9.250321428571397,9.250321428571397
2018-05-30 03:00:00,329,362.17371428571437,-33.17371428571437,33.17371428571437
2018-05-30 04:00:00,893,825.8425000000003,67.15749999999969,67.15749999999969
2018-05-30 05:00:00,3023,2993.3223888888883,29.677611111111673,29.677611111111673
2018-05-30 06:00:00,6046,6015.2085317460305,30.79146825396947,30.79146825396947
2018-05-30 07:00:00,6326,6576.9361071428575,-250.9361071428575,250.9361071428575
2018-05-30 08:00:00,5716,5871.292059523809,-155.29205952380926,155.29205952380926
2018-05-30 09:00:00,5283,5125.351357142859,157.64864285714066,157.64864285714066
2018-05-30 10:00:00,4554,4627.830063492063,-73.83006349206335,73.83006349206335
2018-05-30 10:00:00,4554,4501.728428571428,52.271571428572315,52.271571428572315
2018-05-30 11:00:00,4744,4719.057547619048,24.94245238095209,24.94245238095209
2018-05-30 12:00:00,4923,4910.418603174604,12.581396825396041,12.581396825396041
2018-05-30 13:00:00,4823,4950.864464285713,-127.86446428571344,127.86446428571344
2018-05-30 13:00:00,4823,4853.424267676768,-30.424267676768068,30.424267676768068
2018-05-30 14:00:00,5343,5174.098499999999,168.90150000000085,168.90150000000085
2018-05-30 14:00:00,5343,5402.703802197802,-59.70380219780236,59.70380219780236
2018-05-30 15:00:00,6062,5716.904369047618,345.0956309523817,345.0956309523817
2018-05-30 15:00:00,6062,6080.668059523812,-18.66805952381219,18.66805952381219
2018-05-30 15:00:00,6062,6076.689226190478,-14.689226190477711,14.689226190477711
2018-05-30 16:00:00,7042,6487.700234126982,554.2997658730183,554.2997658730183
2018-05-30 16:00:00,7042,6546.519686507937,495.48031349206303,495.48031349206303
2018-05-30 17:00:00,6429,6604.378880952382,-175.37888095238213,175.37888095238213
2018-05-30 18:00:00,4621,4755.015484126985,-134.01548412698503,134.01548412698503
2018-05-30 18:00:00,4621,4550.133488095239,70.86651190476096,70.86651190476096
2018-05-30 19:00:00,3555,3426.494238095239,128.50576190476113,128.50576190476113
2018-05-30 20:00:00,2788,3093.2280833333334,-305.2280833333334,305.2280833333334
2018-05-30 21:00:00,2612,2614.6100476190477,-2.610047619047691,2.610047619047691
2018-05-30 22:00:00,1932,1919.1596309523813,12.840369047618651,12.840369047618651
2018-05-30 23:00:00,1233,1440.5655158730162,-207.56551587301624,207.56551587301624
2018-05-31 00:00:00,695,729.1706785714288,-34.170678571428766,34.170678571428766
2018-05-31 01:00:00,382,441.46409523809524,-59.46409523809524,59.46409523809524
2018-05-31 01:00:00,382,387.90042857142856,-5.900428571428563,5.900428571428563
2018-05-31 01:00:00,382,386.74042857142854,-4.740428571428538,4.740428571428538
2018-05-31 02:00:00,307,288.18299999999994,18.817000000000064,18.817000000000064
2018-05-31 02:00:00,307,306.6851666666667,0.3148333333332971,0.3148333333332971
2018-05-31 02:00:00,307,305.6031666666667,1.3968333333332907,1.3968333333332907
2018-05-31 03:00:00,343,363.69504761904767,-20.69504761904767,20.69504761904767
2018-05-31 03:00:00,343,374.7703571428571,-31.770357142857108,31.770357142857108
2018-05-31 03:00:00,343,369.228380952381,-26.228380952380974,26.228380952380974
2018-05-31 04:00:00,922,846.1656190476192,75.8343809523808,75.8343809523808
2018-05-31 04:00:00,922,918.2660357142855,3.733964285714478,3.733964285714478
2018-05-31 04:00:00,922,917.8684880952378,4.131511904762192,4.131511904762192
2018-05-31 05:00:00,3013,3006.997480519481,6.002519480518913,6.002519480518913
2018-05-31 05:00:00,3013,3018.892261904762,-5.892261904762108,5.892261904762108
2018-05-31 05:00:00,3013,3019.845761904763,-6.845761904763094,6.845761904763094
2018-05-31 06:00:00,6007,5999.123936507937,7.876063492062713,7.876063492062713
2018-05-31 06:00:00,6007,6064.991,-57.990999999999985,57.990999999999985
2018-05-31 06:00:00,6007,6063.039166666667,-56.03916666666737,56.03916666666737
2018-05-31 07:00:00,6420,6680.180761904762,-260.1807619047622,260.1807619047622
2018-05-31 07:00:00,6420,6469.67061904762,-49.670619047619766,49.670619047619766
2018-05-31 07:00:00,6420,6476.3431190476185,-56.34311904761853,56.34311904761853
2018-05-31 08:00:00,5912,6021.534880952381,-109.53488095238117,109.53488095238117
2018-05-31 08:00:00,5912,5789.22525,122.77474999999959,122.77474999999959
2018-05-31 08:00:00,5912,5837.329674603174,74.67032539682623,74.67032539682623
2018-05-31 09:00:00,5313,5243.41946031746,69.5805396825399,69.5805396825399
2018-05-31 09:00:00,5313,4882.941976190476,430.05802380952355,430.05802380952355
2018-05-31 10:00:00,4734,4709.996571428572,24.00342857142823,24.00342857142823
2018-05-31 11:00:00,5008,4902.391507936508,105.60849206349212,105.60849206349212
2018-05-31 12:00:00,5031,5162.673833333333,-131.67383333333328,131.67383333333328
2018-05-31 13:00:00,5199,5054.768583333334,144.2314166666656,144.2314166666656
2018-05-31 14:00:00,5407,5527.879794372293,-120.87979437229296,120.87979437229296
2018-05-31 15:00:00,5950,5808.634345238094,141.36565476190572,141.36565476190572
2018-05-31 16:00:00,6860,6388.085333333337,471.9146666666629,471.9146666666629
2018-05-31 17:00:00,6358,6428.594154761908,-70.5941547619077,70.5941547619077
2018-05-31 18:00:00,5042,4833.570404761905,208.42959523809532,208.42959523809532
2018-05-31 19:00:00,3671,3760.254869047619,-89.2548690476192,89.2548690476192
2018-05-31 20:00:00,3037,3284.5638571428585,-247.56385714285852,247.56385714285852
2018-05-31 21:00:00,3102,3123.621321428571,-21.62132142857081,21.62132142857081
2018-05-31 22:00:00,2222,2458.949420634922,-236.9494206349218,236.9494206349218
2018-05-31 23:00:00,1446,1421.9424166666663,24.057583333333696,24.057583333333696
2018-06-01 00:00:00,786,882.5061190476189,-96.50611904761888,96.50611904761888
2018-06-01 01:00:00,497,491.2932182539682,5.706781746031822,5.706781746031822
2018-06-01 02:00:00,346,361.54610317460305,-15.546103174603047,15.546103174603047
2018-06-01 03:00:00,395,380.83057142857143,14.169428571428568,14.169428571428568
2018-06-01 04:00:00,872,825.6371111111108,46.36288888888919,46.36288888888919
2018-06-01 05:00:00,2965,2795.600273809523,169.39972619047694,169.39972619047694
2018-06-01 06:00:00,5345,5502.010678571427,-157.01067857142698,157.01067857142698
2018-06-01 07:00:00,6658,6197.881956349207,460.11804365079297,460.11804365079297
2018-06-01 08:00:00,5639,5852.534928571428,-213.53492857142828,213.53492857142828
2018-06-01 09:00:00,5132,5086.251865079367,45.748134920632765,45.748134920632765
2018-06-01 10:00:00,4739,4762.145023809525,-23.1450238095249,23.1450238095249
2018-06-01 11:00:00,5043,5103.5030595238095,-60.5030595238095,60.5030595238095
2018-06-01 12:00:00,5387,5297.3389841269845,89.66101587301546,89.66101587301546
2018-06-01 13:00:00,5381,5280.273095238093,100.72690476190655,100.72690476190655
2018-06-01 14:00:00,5742,5646.600916666665,95.3990833333346,95.3990833333346
2018-06-01 15:00:00,6352,6012.600572871573,339.3994271284273,339.3994271284273
2018-06-01 16:00:00,6860,6470.924646825397,389.07535317460315,389.07535317460315
2018-06-01 17:00:00,5983,6233.761940476191,-250.76194047619083,250.76194047619083
2018-06-01 18:00:00,4926,5151.712285714286,-225.71228571428583,225.71228571428583
2018-06-01 19:00:00,3804,3854.5523452380953,-50.55234523809531,50.55234523809531
2018-06-01 20:00:00,3446,3245.23638095238,200.76361904762007,200.76361904762007
2018-06-01 21:00:00,3519,3400.9916746031745,118.00832539682551,118.00832539682551
2018-06-01 22:00:00,2865,3250.3493531746035,-385.3493531746035,385.3493531746035
2018-06-01 23:00:00,2218,2178.088138888889,39.91186111111119,39.91186111111119
2018-06-02 00:00:00,1601,1505.5718769841267,95.42812301587333,95.42812301587333
2018-06-02 01:00:00,830,919.0870238095237,-89.08702380952366,89.08702380952366
2018-06-02 03:00:00,446,509.79055555555556,-63.79055555555556,63.79055555555556
2018-06-02 04:00:00,424,458.1675952380953,-34.167595238095316,34.167595238095316
2018-06-02 05:00:00,746,813.4616190476189,-67.46161904761891,67.46161904761891
2018-06-02 06:00:00,1385,1324.0641666666668,60.93583333333322,60.93583333333322
2018-06-02 07:00:00,1928,2040.117416666667,-112.11741666666694,112.11741666666694
2018-06-02 08:00:00,2730,2799.345214285715,-69.34521428571497,69.34521428571497
2018-06-02 09:00:00,3707,3422.927129870131,284.072870129869,284.072870129869
2018-06-02 09:00:00,3707,4081.021507936509,-374.0215079365089,374.0215079365089
2018-06-02 10:00:00,3864,3988.5049285714294,-124.50492857142945,124.50492857142945
2018-06-02 11:00:00,4260,4210.610726190476,49.38927380952373,49.38927380952373
2018-06-02 11:00:00,4260,4508.663130952381,-248.66313095238093,248.66313095238093
2018-06-02 12:00:00,4671,4583.325214285714,87.67478571428637,87.67478571428637
2018-06-02 12:00:00,4671,4864.917785714286,-193.91778571428586,193.91778571428586
2018-06-02 12:00:00,4671,4929.515071428571,-258.515071428571,258.515071428571
2018-06-02 13:00:00,4741,4534.198214285715,206.80178571428496,206.80178571428496
2018-06-02 13:00:00,4741,4641.108595238094,99.89140476190641,99.89140476190641
2018-06-02 13:00:00,4741,4599.135738095237,141.86426190476323,141.86426190476323
2018-06-02 14:00:00,4896,4627.345380952379,268.65461904762105,268.65461904762105
2018-06-02 14:00:00,4896,4854.379809523809,41.620190476191055,41.620190476191055
2018-06-02 14:00:00,4896,4855.3688095238085,40.63119047619148,40.63119047619148
2018-06-02 15:00:00,4509,4829.695047619048,-320.6950476190477,320.6950476190477
2018-06-02 15:00:00,4509,4421.704773809523,87.29522619047657,87.29522619047657
2018-06-02 16:00:00,4560,4423.164845238096,136.83515476190405,136.83515476190405
2018-06-02 16:00:00,4560,4504.16861904762,55.83138095237973,55.83138095237973
2018-06-02 17:00:00,4221,4451.521476190476,-230.52147619047628,230.52147619047628
2018-06-02 17:00:00,4221,4081.1053095238103,139.89469047618968,139.89469047618968
2018-06-02 17:00:00,4221,4095.620214285715,125.37978571428494,125.37978571428494
2018-06-02 18:00:00,4013,3948.2803809523816,64.71961904761838,64.71961904761838
2018-06-02 19:00:00,3480,3389.4463015873025,90.55369841269749,90.55369841269749
2018-06-02 20:00:00,3074,3059.4647619047614,14.535238095238583,14.535238095238583
2018-06-02 21:00:00,2905,3107.6060476190487,-202.6060476190487,202.6060476190487
2018-06-02 22:00:00,2808,2840.8519444444437,-32.85194444444369,32.85194444444369
2018-06-02 22:00:00,2808,2818.5196547619043,-10.519654761904349,10.519654761904349
2018-06-02 23:00:00,2103,2243.114249999999,-140.11424999999917,140.11424999999917
2018-06-03 00:00:00,1516,1469.83169047619,46.16830952380997,46.16830952380997
2018-06-03 01:00:00,905,948.1763730158731,-43.17637301587308,43.17637301587308
2018-06-03 02:00:00,647,689.8847857142855,-42.8847857142855,42.8847857142855
2018-06-03 03:00:00,477,382.8869761904761,94.1130238095239,94.1130238095239
2018-06-03 04:00:00,419,402.48048809523794,16.519511904762055,16.519511904762055
2018-06-03 05:00:00,643,625.3877738095238,17.612226190476235,17.612226190476235
2018-06-03 06:00:00,1103,1050.5231666666664,52.476833333333616,52.476833333333616
2018-06-03 07:00:00,1519,1319.6040725108223,199.39592748917767,199.39592748917767
2018-06-03 08:00:00,2380,2296.585825396825,83.41417460317507,83.41417460317507
2018-06-03 09:00:00,3350,3243.8412142857137,106.1587857142863,106.1587857142863
2018-06-03 10:00:00,3820,3829.5290238095245,-9.52902380952446,9.52902380952446
2018-06-03 11:00:00,4453,4246.654642857145,206.3453571428554,206.3453571428554
2018-06-03 12:00:00,4858,4682.856666666666,175.14333333333434,175.14333333333434
2018-06-03 13:00:00,4563,4766.095900793651,-203.0959007936508,203.0959007936508
2018-06-03 14:00:00,4458,4518.67292857143,-60.67292857143002,60.67292857143002
2018-06-03 15:00:00,4554,4490.348214285716,63.651785714284415,63.651785714284415
2018-06-03 16:00:00,4547,4438.303952380952,108.69604761904793,108.69604761904793
2018-06-03 17:00:00,4262,4344.550988095238,-82.5509880952377,82.5509880952377
2018-06-03 18:00:00,3972,3971.227904761906,0.7720952380941526,0.7720952380941526
2018-06-03 19:00:00,3527,3453.3541904761914,73.64580952380857,73.64580952380857
2018-06-03 20:00:00,3043,3127.502761904762,-84.50276190476188,84.50276190476188
2018-06-03 21:00:00,2490,2684.5363373015875,-194.53633730158754,194.53633730158754
2018-06-03 22:00:00,2051,2358.7058015873013,-307.70580158730127,307.70580158730127
2018-06-03 23:00:00,1166,1277.481722222222,-111.48172222222206,111.48172222222206
2018-06-04 00:00:00,667,632.0131309523811,34.98686904761894,34.98686904761894
2018-06-04 01:00:00,377,411.90085714285715,-34.90085714285715,34.90085714285715
2018-06-04 02:00:00,285,288.6550317460317,-3.655031746031682,3.655031746031682
2018-06-04 03:00:00,375,339.93275,35.06725,35.06725
2018-06-04 04:00:00,928,864.6675000000001,63.33249999999987,63.33249999999987
2018-06-04 05:00:00,3021,2761.135619047619,259.864380952381,259.864380952381
2018-06-04 06:00:00,5765,5780.591984126984,-15.591984126984244,15.591984126984244
2018-06-04 07:00:00,6081,6377.146555555556,-296.146555555556,296.146555555556
2018-06-04 08:00:00,5546,5728.836646825396,-182.8366468253962,182.8366468253962
2018-06-04 09:00:00,5108,4705.3316904761905,402.6683095238095,402.6683095238095
2018-06-04 10:00:00,4334,4500.187738095238,-166.18773809523827,166.18773809523827
2018-06-04 11:00:00,4489,4527.521357142858,-38.521357142857596,38.521357142857596
2018-06-04 12:00:00,4741,4716.493912698413,24.506087301587286,24.506087301587286
2018-06-04 13:00:00,4873,4746.207785714285,126.79221428571509,126.79221428571509
2018-06-04 14:00:00,5170,5214.758690476192,-44.75869047619199,44.75869047619199
2018-06-04 15:00:00,5797,5684.279333333335,112.72066666666524,112.72066666666524
2018-06-04 16:00:00,7024,6505.30433333333,518.6956666666701,518.6956666666701
2018-06-04 17:00:00,6234,6531.495154761906,-297.4951547619057,297.4951547619057
2018-06-04 18:00:00,4374,4624.691658730159,-250.69165873015936,250.69165873015936
2018-06-04 19:00:00,3279,3355.246488095238,-76.24648809523796,76.24648809523796
2018-06-04 20:00:00,2941,2830.0379642857138,110.96203571428623,110.96203571428623
2018-06-04 21:00:00,2776,2637.6941309523813,138.30586904761867,138.30586904761867
2018-06-04 22:00:00,1871,2085.175619047619,-214.17561904761897,214.17561904761897
2018-06-04 23:00:00,1115,1187.7398888888888,-72.7398888888888,72.7398888888888
2018-06-05 00:00:00,635,626.0399285714284,8.96007142857161,8.96007142857161
2018-06-05 01:00:00,399,399.17528968253976,-0.17528968253975563,0.17528968253975563
2018-06-05 02:00:00,297,296.39027777777784,0.6097222222221603,0.6097222222221603
2018-06-05 03:00:00,355,352.28769047619045,2.7123095238095516,2.7123095238095516
2018-06-05 04:00:00,952,867.4647261904761,84.53527380952391,84.53527380952391
2018-06-05 05:00:00,3078,3017.3109166666663,60.689083333333656,60.689083333333656
2018-06-05 06:00:00,5970,5778.799976190476,191.20002380952428,191.20002380952428
2018-06-05 07:00:00,5972,6410.432345238094,-438.43234523809406,438.43234523809406
2018-06-05 08:00:00,5645,5858.2853690476195,-213.2853690476195,213.2853690476195
2018-06-05 09:00:00,5046,5112.454095238096,-66.45409523809576,66.45409523809576
2018-06-05 10:00:00,4592,4472.631071428572,119.36892857142811,119.36892857142811
2018-06-05 11:00:00,4778,4832.640583333334,-54.64058333333378,54.64058333333378
2018-06-05 12:00:00,5256,4976.613833333334,279.3861666666662,279.3861666666662
2018-06-05 13:00:00,5285,5218.721857142858,66.27814285714157,66.27814285714157
2018-06-05 14:00:00,5340,5625.562166666667,-285.5621666666666,285.5621666666666
2018-06-05 15:00:00,6102,5845.370690476192,256.62930952380793,256.62930952380793
2018-06-05 16:00:00,7037,6742.503511904764,294.4964880952357,294.4964880952357
2018-06-05 17:00:00,6431,6624.261869047622,-193.26186904762199,193.26186904762199
2018-06-05 18:00:00,4582,4738.448309523808,-156.44830952380835,156.44830952380835
2018-06-05 19:00:00,3510,3416.2029285714293,93.79707142857069,93.79707142857069
2018-06-05 20:00:00,3012,3121.3906904761902,-109.39069047619023,109.39069047619023
2018-06-05 21:00:00,2754,2793.8747539682536,-39.87475396825357,39.87475396825357
2018-06-05 22:00:00,2212,2167.8376785714286,44.16232142857143,44.16232142857143
2018-06-05 23:00:00,1227,1486.9695158730153,-259.9695158730153,259.9695158730153
2018-06-06 00:00:00,663,680.1460674603176,-17.146067460317568,17.146067460317568
2018-06-06 01:00:00,415,408.1282857142858,6.871714285714177,6.871714285714177
2018-06-06 02:00:00,318,312.6792817460318,5.320718253968209,5.320718253968209
2018-06-06 03:00:00,362,380.52497619047625,-18.524976190476252,18.524976190476252
2018-06-06 04:00:00,934,868.0813095238095,65.91869047619048,65.91869047619048
2018-06-06 05:00:00,2980,2960.882936507936,19.117063492064062,19.117063492064062
2018-06-06 06:00:00,5195,5864.759674603175,-669.759674603175,669.759674603175
2018-06-06 06:00:00,5195,5176.821476190475,18.17852380952536,18.17852380952536
2018-06-06 07:00:00,6083,5857.685595238098,225.31440476190164,225.31440476190164
2018-06-06 07:00:00,6083,6204.94076984127,-121.94076984126968,121.94076984126968
2018-06-06 07:00:00,6083,6201.6392579365065,-118.63925793650651,118.63925793650651
2018-06-06 08:00:00,5301,5872.821666666668,-571.8216666666676,571.8216666666676
2018-06-06 08:00:00,5301,5203.662047619047,97.33795238095263,97.33795238095263
2018-06-06 09:00:00,5324,5218.609277777778,105.3907222222224,105.3907222222224
2018-06-06 10:00:00,4621,4645.743357142857,-24.74335714285735,24.74335714285735
2018-06-06 11:00:00,4915,4863.292880952382,51.70711904761811,51.70711904761811
2018-06-06 12:00:00,5098,4994.557095238095,103.44290476190508,103.44290476190508
2018-06-06 13:00:00,4799,4972.296904761905,-173.29690476190535,173.29690476190535
2018-06-06 14:00:00,5226,5131.2875,94.71249999999964,94.71249999999964
2018-06-06 15:00:00,6264,5684.116734126985,579.8832658730153,579.8832658730153
2018-06-06 16:00:00,6925,6586.894678571428,338.1053214285721,338.1053214285721
2018-06-06 17:00:00,6637,6470.433595238095,166.56640476190478,166.56640476190478
2018-06-06 18:00:00,5055,4802.926464285715,252.07353571428484,252.07353571428484
2018-06-06 19:00:00,3648,3639.3484523809525,8.651547619047506,8.651547619047506
2018-06-06 20:00:00,3157,3137.4770000000003,19.522999999999683,19.522999999999683
2018-06-06 21:00:00,2723,2840.6909285714273,-117.69092857142732,117.69092857142732
2018-06-06 22:00:00,2224,2092.3803214285713,131.61967857142872,131.61967857142872
2018-06-06 23:00:00,1303,1338.2637380952383,-35.263738095238296,35.263738095238296
2018-06-07 00:00:00,685,724.5601904761904,-39.56019047619043,39.56019047619043
2018-06-07 01:00:00,439,428.31792857142864,10.682071428571362,10.682071428571362
2018-06-07 02:00:00,328,336.53673809523804,-8.536738095238036,8.536738095238036
2018-06-07 03:00:00,380,380.2382857142855,-0.23828571428549594,0.23828571428549594
2018-06-07 04:00:00,977,882.6003968253972,94.39960317460282,94.39960317460282
2018-06-07 05:00:00,3018,3071.0328333333327,-53.032833333332746,53.032833333332746
2018-06-07 06:00:00,5885,5771.69386904762,113.30613095238004,113.30613095238004
2018-06-07 07:00:00,6097,6320.666857142857,-223.66685714285722,223.66685714285722
2018-06-07 08:00:00,5871,5673.306500000001,197.6934999999994,197.6934999999994
2018-06-07 09:00:00,5136,5131.317865079367,4.682134920632961,4.682134920632961
2018-06-07 10:00:00,4691,4674.007150793652,16.992849206348183,16.992849206348183
2018-06-07 11:00:00,5168,4848.17782936508,319.82217063492044,319.82217063492044
2018-06-07 12:00:00,5220,5179.715166666665,40.28483333333497,40.28483333333497
2018-06-07 13:00:00,5094,5184.56969047619,-90.56969047618986,90.56969047618986
2018-06-07 14:00:00,5399,5344.678410173158,54.32158982684177,54.32158982684177
2018-06-07 15:00:00,6202,5904.324547619047,297.6754523809532,297.6754523809532
2018-06-07 16:00:00,6858,6652.065095238094,205.93490476190618,205.93490476190618
2018-06-07 17:00:00,6286,6393.077523809524,-107.07752380952388,107.07752380952388
2018-06-07 18:00:00,4858,4889.476500000001,-31.47650000000067,31.47650000000067
2018-06-07 18:00:00,4858,4531.372595238095,326.6274047619054,326.6274047619054
2018-06-07 19:00:00,3715,3666.066428571428,48.93357142857212,48.93357142857212
2018-06-07 20:00:00,3222,3303.8873968253965,-81.88739682539654,81.88739682539654
2018-06-07 21:00:00,2912,3019.1550515873014,-107.15505158730139,107.15505158730139
2018-06-07 22:00:00,2215,2222.3264166666663,-7.326416666666319,7.326416666666319
2018-06-07 23:00:00,1398,1442.391071428571,-44.39107142857097,44.39107142857097
2018-06-08 00:00:00,800,824.2078333333333,-24.20783333333327,24.20783333333327
2018-06-08 01:00:00,480,506.8055952380953,-26.805595238095293,26.805595238095293
2018-06-08 01:00:00,480,414.7540317460318,65.24596825396821,65.24596825396821
2018-06-08 02:00:00,354,359.54051587301575,-5.5405158730157495,5.5405158730157495
2018-06-08 03:00:00,364,370.81233333333336,-6.812333333333356,6.812333333333356
2018-06-08 04:00:00,884,822.1504047619048,61.84959523809516,61.84959523809516
2018-06-08 04:00:00,884,874.2231147186149,9.776885281385148,9.776885281385148
2018-06-08 04:00:00,884,875.6186385281385,8.38136147186151,8.38136147186151
2018-06-08 05:00:00,2793,2782.6461428571424,10.353857142857578,10.353857142857578
2018-06-08 06:00:00,5554,5360.661,193.33899999999994,193.33899999999994
2018-06-08 06:00:00,5554,5555.667261904762,-1.6672619047621993,1.6672619047621993
2018-06-08 07:00:00,6584,5878.51461904762,705.4853809523802,705.4853809523802
2018-06-08 07:00:00,6584,6526.666857142856,57.333142857143685,57.333142857143685
2018-06-08 07:00:00,6584,6526.149690476189,57.85030952381112,57.85030952381112
2018-06-08 08:00:00,5442,5824.06148809524,-382.06148809523984,382.06148809523984
2018-06-08 09:00:00,5011,4967.788523809524,43.21147619047588,43.21147619047588
2018-06-08 09:00:00,5011,4878.652166666666,132.34783333333417,132.34783333333417
2018-06-08 10:00:00,4681,4720.209773809526,-39.20977380952627,39.20977380952627
2018-06-08 11:00:00,4996,5068.301642857143,-72.30164285714272,72.30164285714272
2018-06-08 12:00:00,5415,5157.212916666667,257.7870833333327,257.7870833333327
2018-06-08 13:00:00,5563,5443.496666666665,119.50333333333492,119.50333333333492
2018-06-08 14:00:00,5936,5856.7470952380945,79.25290476190548,79.25290476190548
2018-06-08 15:00:00,6290,6128.229619047616,161.77038095238368,161.77038095238368
2018-06-08 16:00:00,6727,6415.75420238095,311.2457976190499,311.2457976190499
2018-06-08 17:00:00,5865,5965.7043571428585,-100.7043571428585,100.7043571428585
2018-06-08 18:00:00,4959,4850.079523809523,108.92047619047662,108.92047619047662
2018-06-08 19:00:00,3792,3896.518928571429,-104.51892857142911,104.51892857142911
2018-06-08 20:00:00,3251,3283.6957380952376,-32.69573809523763,32.69573809523763
2018-06-08 21:00:00,3050,3099.924634920635,-49.92463492063507,49.92463492063507
2018-06-08 22:00:00,3360,2928.040250000001,431.9597499999991,431.9597499999991
2018-06-08 23:00:00,2903,2603.972047619047,299.02795238095314,299.02795238095314
2018-06-09 00:00:00,1511,2072.419595238095,-561.4195952380951,561.4195952380951
2018-06-09 01:00:00,1110,925.7291309523811,184.27086904761893,184.27086904761893
2018-06-09 02:00:00,866,787.7600357142857,78.23996428571434,78.23996428571434
2018-06-09 03:00:00,614,521.0283174603177,92.97168253968232,92.97168253968232
2018-06-09 04:00:00,517,525.9957698412697,-8.995769841269748,8.995769841269748
2018-06-09 05:00:00,795,959.6397698412698,-164.63976984126975,164.63976984126975
2018-06-09 06:00:00,1398,1383.646305555555,14.353694444444955,14.353694444444955
2018-06-09 07:00:00,2172,1960.8616785714285,211.13832142857154,211.13832142857154
2018-06-09 08:00:00,2686,2939.856892857142,-253.85689285714216,253.85689285714216
2018-06-09 09:00:00,3367,3223.2734960317453,143.72650396825475,143.72650396825475
2018-06-09 10:00:00,3684,3780.1440357142856,-96.14403571428556,96.14403571428556
2018-06-09 10:00:00,3684,4106.61955952381,-422.6195595238096,422.6195595238096
2018-06-09 10:00:00,3684,4315.094416666667,-631.0944166666668,631.0944166666668
2018-06-09 11:00:00,4085,4133.092761904763,-48.09276190476339,48.09276190476339
2018-06-09 11:00:00,4085,4314.753416666666,-229.75341666666645,229.75341666666645
2018-06-09 11:00:00,4085,4333.054357142858,-248.05435714285795,248.05435714285795
2018-06-09 11:00:00,4085,4321.017452380953,-236.01745238095282,236.01745238095282
2018-06-09 12:00:00,4257,4353.03538095238,-96.03538095238036,96.03538095238036
2018-06-09 12:00:00,4257,4521.628409090909,-264.6284090909094,264.6284090909094
2018-06-09 12:00:00,4257,4477.819690476191,-220.81969047619077,220.81969047619077
2018-06-09 12:00:00,4257,4470.94957936508,-213.94957936508035,213.94957936508035
2018-06-09 13:00:00,4186,4298.259944444442,-112.25994444444223,112.25994444444223
2018-06-09 13:00:00,4186,4267.569547619047,-81.56954761904672,81.56954761904672
2018-06-09 13:00:00,4186,4288.265166666666,-102.26516666666612,102.26516666666612
2018-06-09 14:00:00,4196,4309.035452380953,-113.03545238095285,113.03545238095285
2018-06-09 14:00:00,4196,4297.340714285715,-101.34071428571497,101.34071428571497
2018-06-09 14:00:00,4196,4289.93911904762,-93.9391190476199,93.9391190476199
2018-06-09 15:00:00,3957,4265.587285714287,-308.58728571428674,308.58728571428674
2018-06-09 15:00:00,3957,3930.33655952381,26.663440476189862,26.663440476189862
2018-06-09 15:00:00,3957,3950.1517261904764,6.848273809523562,6.848273809523562
2018-06-09 16:00:00,3940,3924.9887658730154,15.011234126984618,15.011234126984618
2018-06-09 16:00:00,3940,3891.4285277777776,48.57147222222238,48.57147222222238
2018-06-09 16:00:00,3940,3891.475361111111,48.52463888888906,48.52463888888906
2018-06-09 17:00:00,3589,3826.5380158730154,-237.5380158730154,237.5380158730154
2018-06-09 17:00:00,3589,3542.554464285713,46.44553571428696,46.44553571428696
2018-06-09 18:00:00,3571,3569.8544325396824,1.1455674603175794,1.1455674603175794
2018-06-09 18:00:00,3571,3371.086134920635,199.91386507936522,199.91386507936522
2018-06-09 18:00:00,3571,3361.918325396825,209.0816746031751,209.0816746031751
2018-06-09 19:00:00,3128,3365.9043611111106,-237.90436111111057,237.90436111111057
2018-06-09 20:00:00,2782,2926.247253968254,-144.24725396825397,144.24725396825397
2018-06-09 21:00:00,2835,2896.200246031746,-61.20024603174579,61.20024603174579
2018-06-09 22:00:00,2863,2752.5391825396823,110.46081746031768,110.46081746031768
2018-06-09 23:00:00,1928,2333.909285714285,-405.90928571428503,405.90928571428503
2018-06-10 00:00:00,1226,1389.0979761904764,-163.0979761904764,163.0979761904764
2018-06-10 01:00:00,777,808.6454523809522,-31.64545238095218,31.64545238095218
2018-06-10 02:00:00,570,622.1769682539684,-52.176968253968425,52.176968253968425
2018-06-10 03:00:00,350,369.1245317460318,-19.124531746031778,19.124531746031778
2018-06-10 04:00:00,293,306.30097619047626,-13.300976190476263,13.300976190476263
2018-06-10 05:00:00,427,472.1964047619048,-45.19640476190477,45.19640476190477
2018-06-10 06:00:00,808,832.5535396825394,-24.553539682539395,24.553539682539395
2018-06-10 07:00:00,1012,1162.0352380952384,-150.03523809523836,150.03523809523836
2018-06-10 08:00:00,1617,1617.6190119047626,-0.6190119047626013,0.6190119047626013
2018-06-10 09:00:00,2417,2762.2494880952377,-345.24948809523767,345.24948809523767
2018-06-10 10:00:00,3075,3185.6929999999993,-110.6929999999993,110.6929999999993
2018-06-10 11:00:00,3656,3501.6528939393947,154.34710606060526,154.34710606060526
2018-06-10 12:00:00,3993,4006.7392857142877,-13.73928571428769,13.73928571428769
2018-06-10 13:00:00,3888,4040.409011904762,-152.40901190476188,152.40901190476188
2018-06-10 14:00:00,4125,3937.05307142857,187.9469285714299,187.9469285714299
2018-06-10 15:00:00,4062,4198.047916666668,-136.04791666666824,136.04791666666824
2018-06-10 16:00:00,3901,4111.848714285714,-210.84871428571387,210.84871428571387
2018-06-10 17:00:00,3584,3928.715309523808,-344.7153095238082,344.7153095238082
2018-06-10 18:00:00,3477,3382.2960238095234,94.70397619047662,94.70397619047662
2018-06-10 19:00:00,3010,3198.6129761904767,-188.61297619047673,188.61297619047673
2018-06-10 20:00:00,2979,2886.138535714285,92.8614642857151,92.8614642857151
2018-06-10 21:00:00,2353,2634.974892857142,-281.9748928571421,281.9748928571421
2018-06-10 22:00:00,1834,1784.0460627705627,49.953937229437315,49.953937229437315
2018-06-10 23:00:00,1101,1407.5714285714278,-306.57142857142776,306.57142857142776
2018-06-11 00:00:00,642,639.6837857142856,2.316214285714409,2.316214285714409
2018-06-11 01:00:00,396,398.2003214285713,-2.2003214285713284,2.2003214285713284
2018-06-11 02:00:00,291,296.1865277777778,-5.186527777777826,5.186527777777826
2018-06-11 03:00:00,310,343.14899999999994,-33.148999999999944,33.148999999999944
2018-06-11 04:00:00,873,750.700714285714,122.29928571428604,122.29928571428604
2018-06-11 05:00:00,2947,2860.582571428571,86.4174285714289,86.4174285714289
2018-06-11 06:00:00,5476,5786.176511904764,-310.1765119047641,310.1765119047641
2018-06-11 07:00:00,6336,6319.545833333334,16.454166666666424,16.454166666666424
2018-06-11 08:00:00,5676,5902.312226190476,-226.3122261904764,226.3122261904764
2018-06-11 09:00:00,4588,4770.813293650794,-182.81329365079364,182.81329365079364
2018-06-11 10:00:00,4270,4299.45504761905,-29.455047619049765,29.455047619049765
2018-06-11 11:00:00,4435,4546.232345238096,-111.23234523809606,111.23234523809606
2018-06-11 12:00:00,4763,4574.168976190476,188.83102380952369,188.83102380952369
2018-06-11 12:00:00,4763,4917.238059523809,-154.23805952380917,154.23805952380917
2018-06-11 13:00:00,4658,4779.41373015873,-121.41373015872978,121.41373015872978
2018-06-11 14:00:00,4923,4986.941761904761,-63.941761904760824,63.941761904760824
2018-06-11 15:00:00,5691,5396.403984126984,294.59601587301586,294.59601587301586
2018-06-11 16:00:00,6556,6396.393613636364,159.60638636363637,159.60638636363637
2018-06-11 17:00:00,5922,6167.452976190476,-245.45297619047597,245.45297619047597
2018-06-11 18:00:00,4512,4371.521857142856,140.47814285714412,140.47814285714412
2018-06-11 18:00:00,4512,4327.586916666666,184.41308333333382,184.41308333333382
2018-06-11 18:00:00,4512,4215.801154761905,296.1988452380947,296.1988452380947
2018-06-11 19:00:00,3078,3251.5358809523796,-173.53588095237956,173.53588095237956
2018-06-11 19:00:00,3078,2982.730527777778,95.2694722222218,95.2694722222218
2018-06-11 20:00:00,2611,2658.1266587301593,-47.126658730159306,47.126658730159306
2018-06-11 21:00:00,2240,2408.70975,-168.70974999999999,168.70974999999999
2018-06-11 22:00:00,1861,1759.9954404761904,101.00455952380958,101.00455952380958
2018-06-11 23:00:00,1109,1252.3453809523808,-143.34538095238076,143.34538095238076
2018-06-12 00:00:00,621,635.6693095238094,-14.669309523809375,14.669309523809375
2018-06-12 01:00:00,396,382.80774025974017,13.192259740259829,13.192259740259829
2018-06-12 02:00:00,314,297.0529047619047,16.9470952380953,16.9470952380953
2018-06-12 03:00:00,362,348.379880952381,13.620119047619028,13.620119047619028
2018-06-12 03:00:00,362,366.3860476190476,-4.386047619047588,4.386047619047588
2018-06-12 04:00:00,912,839.877261904762,72.12273809523799,72.12273809523799
2018-06-12 05:00:00,3013,3003.451666666667,9.548333333333176,9.548333333333176
2018-06-12 06:00:00,5905,5840.105000000001,64.89499999999862,64.89499999999862
2018-06-12 07:00:00,6283,6193.690571428571,89.30942857142873,89.30942857142873
2018-06-12 08:00:00,5656,6043.789285714285,-387.78928571428514,387.78928571428514
2018-06-12 09:00:00,4948,4985.280333333333,-37.28033333333315,37.28033333333315
2018-06-12 10:00:00,4574,4461.986896825397,112.0131031746032,112.0131031746032
2018-06-12 11:00:00,4531,4808.495369047619,-277.4953690476186,277.4953690476186
2018-06-12 12:00:00,4911,4792.522738095238,118.47726190476169,118.47726190476169
2018-06-12 13:00:00,4777,4948.304607142857,-171.3046071428571,171.3046071428571
2018-06-12 14:00:00,5185,5179.106047619048,5.893952380952214,5.893952380952214
2018-06-12 15:00:00,6092,5690.732857142858,401.26714285714206,401.26714285714206
2018-06-12 16:00:00,6777,6686.989119047619,90.01088095238083,90.01088095238083
2018-06-12 17:00:00,6366,6373.333147186147,-7.333147186146562,7.333147186146562
2018-06-12 18:00:00,4701,4663.3273051948045,37.67269480519553,37.67269480519553
2018-06-12 19:00:00,3235,3456.6787936507935,-221.67879365079352,221.67879365079352
2018-06-12 20:00:00,2975,2915.353928571429,59.64607142857085,59.64607142857085
2018-06-12 21:00:00,2990,2698.289095238095,291.7109047619051,291.7109047619051
2018-06-12 22:00:00,2332,2261.669730158729,70.33026984127082,70.33026984127082
2018-06-12 23:00:00,1250,1508.5654761904757,-258.5654761904757,258.5654761904757
2018-06-13 00:00:00,684,688.2335476190476,-4.233547619047613,4.233547619047613
2018-06-13 01:00:00,439,412.3353571428572,26.66464285714278,26.66464285714278
2018-06-13 02:00:00,328,326.97490476190467,1.0250952380953322,1.0250952380953322
2018-06-13 03:00:00,387,371.2695,15.730500000000006,15.730500000000006
2018-06-13 04:00:00,922,910.7805714285714,11.21942857142858,11.21942857142858
2018-06-13 05:00:00,3022,3062.03019047619,-40.03019047619,40.03019047619
2018-06-13 06:00:00,5767,5825.451892857143,-58.45189285714332,58.45189285714332
2018-06-13 07:00:00,6127,6450.343952380953,-323.34395238095294,323.34395238095294
2018-06-13 08:00:00,5664,5704.143654761905,-40.143654761905054,40.143654761905054
2018-06-13 09:00:00,5157,5142.421488095239,14.578511904761399,14.578511904761399
2018-06-13 10:00:00,4579,4714.297345238095,-135.29734523809475,135.29734523809475
2018-06-13 11:00:00,4687,4823.203226190475,-136.2032261904751,136.2032261904751
2018-06-13 12:00:00,5110,4910.044381868132,199.9556181318676,199.9556181318676
2018-06-13 13:00:00,4998,5119.981971861471,-121.98197186147081,121.98197186147081
2018-06-13 14:00:00,5227,5326.944904761904,-99.94490476190367,99.94490476190367
2018-06-13 15:00:00,6188,5802.661857142857,385.3381428571429,385.3381428571429
2018-06-13 16:00:00,6781,6605.77240873016,175.22759126983965,175.22759126983965
2018-06-13 17:00:00,5644,6417.778761904761,-773.7787619047613,773.7787619047613
2018-06-13 18:00:00,4617,4480.957857142857,136.0421428571426,136.0421428571426
2018-06-13 19:00:00,3560,3462.829345238096,97.17065476190419,97.17065476190419
2018-06-13 20:00:00,3277,3204.0780476190475,72.92195238095246,72.92195238095246
2018-06-13 21:00:00,2777,2894.38057142857,-117.38057142856997,117.38057142856997
2018-06-13 22:00:00,2123,2186.5973412698413,-63.59734126984131,63.59734126984131
2018-06-13 23:00:00,1283,1486.585452380952,-203.5854523809519,203.5854523809519
2018-06-14 00:00:00,724,711.3468333333332,12.653166666666834,12.653166666666834
2018-06-14 01:00:00,424,433.33207142857157,-9.332071428571567,9.332071428571567
2018-06-14 02:00:00,308,333.6518452380953,-25.65184523809529,25.65184523809529
2018-06-14 03:00:00,368,366.01360714285727,1.9863928571427323,1.9863928571427323
2018-06-14 04:00:00,928,857.4838492063491,70.51615079365092,70.51615079365092
2018-06-14 05:00:00,3013,2973.7256309523805,39.27436904761953,39.27436904761953
2018-06-14 06:00:00,5824,5793.495797619048,30.504202380951938,30.504202380951938
2018-06-14 07:00:00,6438,6357.414511904761,80.58548809523927,80.58548809523927
2018-06-14 08:00:00,5778,5933.06443650794,-155.06443650793972,155.06443650793972
2018-06-14 09:00:00,4983,5113.568488095238,-130.56848809523763,130.56848809523763
2018-06-14 10:00:00,4510,4548.126023809523,-38.12602380952285,38.12602380952285
2018-06-14 11:00:00,4810,4779.329626984127,30.670373015873338,30.670373015873338
2018-06-14 12:00:00,5062,5049.9371190476195,12.06288095238051,12.06288095238051
2018-06-14 13:00:00,5018,5036.884507575758,-18.884507575758107,18.884507575758107
2018-06-14 14:00:00,5434,5434.294523809522,-0.2945238095217064,0.2945238095217064
2018-06-14 15:00:00,6192,5922.70669047619,269.2933095238104,269.2933095238104
2018-06-14 16:00:00,6890,6650.388559523808,239.611440476192,239.611440476192
2018-06-14 17:00:00,6049,6445.855642857144,-396.8556428571437,396.8556428571437
2018-06-14 18:00:00,4819,4733.469809523807,85.53019047619273,85.53019047619273
2018-06-14 19:00:00,3709,3685.5612539682543,23.438746031745723,23.438746031745723
2018-06-14 20:00:00,3274,3293.099134920635,-19.09913492063515,19.09913492063515
2018-06-14 21:00:00,2922,3134.301226190475,-212.30122619047506,212.30122619047506
2018-06-14 22:00:00,2284,2216.1089087301584,67.89109126984158,67.89109126984158
2018-06-14 23:00:00,1388,1379.4186666666667,8.581333333333305,8.581333333333305
2018-06-15 00:00:00,830,809.3068253968256,20.693174603174384,20.693174603174384
2018-06-15 01:00:00,500,505.18648015873003,-5.186480158730035,5.186480158730035
2018-06-15 02:00:00,358,366.0371666666668,-8.037166666666792,8.037166666666792
2018-06-15 03:00:00,384,385.64135714285715,-1.6413571428571458,1.6413571428571458
2018-06-15 04:00:00,866,837.7367063492062,28.2632936507938,28.2632936507938
2018-06-15 05:00:00,2843,2840.608214285714,2.3917857142860157,2.3917857142860157
2018-06-15 06:00:00,5432,5419.642130952379,12.357869047620625,12.357869047620625
2018-06-15 07:00:00,6361,6180.771273809522,180.22872619047757,180.22872619047757
2018-06-15 08:00:00,5671,5643.712730158731,27.287269841269335,27.287269841269335
2018-06-15 09:00:00,4977,5041.006107142855,-64.0061071428554,64.0061071428554
2018-06-15 10:00:00,4801,4738.929369047621,62.07063095237936,62.07063095237936
2018-06-15 11:00:00,5025,5108.85911904762,-83.85911904761997,83.85911904761997
2018-06-15 12:00:00,5396,5253.660904761903,142.3390952380969,142.3390952380969
2018-06-15 13:00:00,5168,5394.5947380952375,-226.59473809523752,226.59473809523752
2018-06-15 14:00:00,5614,5454.646130952381,159.3538690476189,159.3538690476189
2018-06-15 15:00:00,5993,6081.954166666666,-88.95416666666642,88.95416666666642
2018-06-15 16:00:00,6333,6281.532821428573,51.46717857142721,51.46717857142721
2018-06-15 16:00:00,6333,6350.829500000001,-17.829500000000735,17.829500000000735
2018-06-15 17:00:00,5165,5726.037952380952,-561.0379523809524,561.0379523809524
2018-06-15 18:00:00,4369,4439.655261904762,-70.65526190476157,70.65526190476157
2018-06-15 19:00:00,3688,3612.122071428572,75.87792857142813,75.87792857142813
2018-06-15 19:00:00,3688,3340.5128928571435,347.48710714285653,347.48710714285653
2018-06-15 20:00:00,3123,3275.228321428572,-152.22832142857214,152.22832142857214
2018-06-15 21:00:00,3118,3206.66094047619,-88.66094047618981,88.66094047618981
2018-06-15 22:00:00,2778,2835.162952380953,-57.1629523809529,57.1629523809529
2018-06-15 23:00:00,2666,2246.6054047619045,419.39459523809546,419.39459523809546
2018-06-16 00:00:00,1386,1802.7438095238094,-416.74380952380943,416.74380952380943
2018-06-16 01:00:00,825,916.8951190476193,-91.89511904761935,91.89511904761935
2018-06-16 02:00:00,587,641.3869444444446,-54.386944444444566,54.386944444444566
2018-06-16 03:00:00,391,418.56569047619064,-27.56569047619064,27.56569047619064
2018-06-16 04:00:00,402,411.25684920634916,-9.256849206349159,9.256849206349159
2018-06-16 05:00:00,772,838.9223650793647,-66.92236507936468,66.92236507936468
2018-06-16 06:00:00,1196,1422.3863928571423,-226.38639285714225,226.38639285714225
2018-06-16 07:00:00,1651,1531.6980119047616,119.30198809523836,119.30198809523836
2018-06-16 07:00:00,1651,2062.1921944444443,-411.19219444444434,411.19219444444434
2018-06-16 08:00:00,2329,2393.617166666667,-64.61716666666689,64.61716666666689
2018-06-16 08:00:00,2329,3193.2515595238096,-864.2515595238096,864.2515595238096
2018-06-16 08:00:00,2329,3171.5861666666665,-842.5861666666665,842.5861666666665
2018-06-16 09:00:00,3017,3192.215119047618,-175.21511904761792,175.21511904761792
2018-06-16 09:00:00,3017,3659.9512251082256,-642.9512251082256,642.9512251082256
2018-06-16 09:00:00,3017,3560.059058441558,-543.0590584415581,543.0590584415581
2018-06-16 10:00:00,3514,3740.967642857143,-226.9676428571429,226.9676428571429
2018-06-16 10:00:00,3514,3969.5658333333313,-455.5658333333313,455.5658333333313
2018-06-16 10:00:00,3514,3982.0936190476177,-468.0936190476177,468.0936190476177
2018-06-16 11:00:00,3907,3942.762785714285,-35.7627857142852,35.7627857142852
2018-06-16 11:00:00,3907,4170.691904761904,-263.69190476190397,263.69190476190397
2018-06-16 11:00:00,3907,4192.252666666666,-285.2526666666663,285.2526666666663
2018-06-16 12:00:00,4494,4151.521595238095,342.47840476190504,342.47840476190504
2018-06-16 12:00:00,4494,4831.043317460319,-337.0433174603186,337.0433174603186
2018-06-16 13:00:00,4834,4381.184456709956,452.81554329004393,452.81554329004393
2018-06-16 13:00:00,4834,4765.1263928571425,68.87360714285751,68.87360714285751
2018-06-16 14:00:00,4900,4772.212940476191,127.78705952380915,127.78705952380915
2018-06-16 14:00:00,4900,4799.791833333333,100.20816666666724,100.20816666666724
2018-06-16 15:00:00,4363,4748.93919047619,-385.93919047618965,385.93919047618965
2018-06-16 16:00:00,4495,4397.494984126985,97.5050158730146,97.5050158730146
2018-06-16 17:00:00,4053,4353.268976190477,-300.2689761904767,300.2689761904767
2018-06-16 18:00:00,3987,3836.3198571428575,150.68014285714253,150.68014285714253
2018-06-16 19:00:00,3223,3485.539547619048,-262.5395476190479,262.5395476190479
2018-06-16 20:00:00,2928,2803.8684484126993,124.13155158730069,124.13155158730069
2018-06-16 21:00:00,2887,2856.7253730158745,30.27462698412546,30.27462698412546
2018-06-16 22:00:00,2606,2772.4270039682538,-166.42700396825376,166.42700396825376
2018-06-16 23:00:00,2047,2083.09519047619,-36.095190476190055,36.095190476190055
2018-06-17 00:00:00,1332,1336.3949166666664,-4.394916666666404,4.394916666666404
2018-06-17 01:00:00,866,839.9568611111113,26.043138888888734,26.043138888888734
2018-06-17 02:00:00,659,662.5174047619046,-3.5174047619045723,3.5174047619045723
2018-06-17 03:00:00,413,400.9287857142856,12.071214285714404,12.071214285714404
2018-06-17 04:00:00,393,360.71850000000006,32.28149999999994,32.28149999999994
2018-06-17 04:00:00,393,363.7682142857143,29.231785714285706,29.231785714285706
2018-06-17 04:00:00,393,368.1313333333333,24.868666666666684,24.868666666666684
2018-06-17 05:00:00,552,562.5527976190475,-10.55279761904751,10.55279761904751
2018-06-17 06:00:00,885,946.8019999999997,-61.80199999999968,61.80199999999968
2018-06-17 06:00:00,885,1104.1403809523813,-219.1403809523813,219.1403809523813
2018-06-17 07:00:00,1185,1126.044203463203,58.955796536796925,58.955796536796925
2018-06-17 08:00:00,1724,1885.7018333333333,-161.7018333333333,161.7018333333333
2018-06-17 08:00:00,1724,2423.1575119047616,-699.1575119047616,699.1575119047616
2018-06-17 09:00:00,2723,2499.1120238095236,223.88797619047637,223.88797619047637
2018-06-17 10:00:00,3488,3469.02255952381,18.977440476190168,18.977440476190168
2018-06-17 11:00:00,3790,4093.688362637363,-303.68836263736284,303.68836263736284
2018-06-17 12:00:00,4260,4136.7977500000015,123.20224999999846,123.20224999999846
2018-06-17 13:00:00,4365,4339.261999999999,25.738000000001193,25.738000000001193
2018-06-17 14:00:00,4192,4329.811388888887,-137.81138888888745,137.81138888888745
2018-06-17 15:00:00,4234,4293.287952380952,-59.28795238095245,59.28795238095245
2018-06-17 16:00:00,4404,4235.205071428571,168.7949285714294,168.7949285714294
2018-06-17 16:00:00,4404,4377.981630952381,26.018369047618762,26.018369047618762
2018-06-17 17:00:00,4175,4286.091444444446,-111.0914444444461,111.0914444444461
2018-06-17 17:00:00,4175,4028.1691904761906,146.83080952380942,146.83080952380942
2018-06-17 18:00:00,3843,3882.8984285714273,-39.8984285714273,39.8984285714273
2018-06-17 18:00:00,3843,3693.6532857142847,149.34671428571528,149.34671428571528
2018-06-17 19:00:00,3613,3360.5718690476183,252.4281309523817,252.4281309523817
2018-06-17 20:00:00,3185,3226.5705952380945,-41.570595238094484,41.570595238094484
2018-06-17 20:00:00,3185,2866.955511904762,318.0444880952382,318.0444880952382
2018-06-17 21:00:00,2568,2764.248388888888,-196.2483888888878,196.2483888888878
2018-06-17 21:00:00,2568,2459.47753968254,108.52246031746017,108.52246031746017
2018-06-17 22:00:00,2045,2117.5921071428565,-72.59210714285655,72.59210714285655
2018-06-17 23:00:00,1218,1390.6037261904762,-172.6037261904762,172.6037261904762
2018-06-17 23:00:00,1218,1249.212154761905,-31.212154761904912,31.212154761904912
2018-06-18 00:00:00,627,681.286246031746,-54.28624603174603,54.28624603174603
2018-06-18 00:00:00,627,621.2389920634922,5.761007936507781,5.761007936507781
2018-06-18 01:00:00,367,394.3482142857142,-27.34821428571422,27.34821428571422
2018-06-18 01:00:00,367,371.4538333333333,-4.453833333333307,4.453833333333307
2018-06-18 01:00:00,367,370.981,-3.9809999999999945,3.9809999999999945
2018-06-18 01:00:00,367,370.5901666666666,-3.5901666666666188,3.5901666666666188
2018-06-18 02:00:00,272,315.59157142857134,-43.59157142857134,43.59157142857134
2018-06-18 02:00:00,272,280.615619047619,-8.61561904761902,8.61561904761902
2018-06-18 02:00:00,272,281.50395238095234,-9.503952380952342,9.503952380952342
2018-06-18 03:00:00,365,343.8427976190476,21.157202380952413,21.157202380952413
2018-06-18 03:00:00,365,355.95885714285714,9.041142857142859,9.041142857142859
2018-06-18 03:00:00,365,348.69630952380953,16.303690476190468,16.303690476190468
2018-06-18 04:00:00,802,841.5762857142861,-39.57628571428609,39.57628571428609
2018-06-18 05:00:00,2891,2824.63669047619,66.36330952381013,66.36330952381013
2018-06-18 05:00:00,2891,2901.733595238095,-10.73359523809495,10.73359523809495
2018-06-18 06:00:00,5541,5581.4665,-40.46650000000045,40.46650000000045
2018-06-18 06:00:00,5541,5454.674583333333,86.32541666666657,86.32541666666657
2018-06-18 07:00:00,6386,6265.831142857142,120.16885714285763,120.16885714285763
2018-06-18 07:00:00,6386,6371.60988095238,14.390119047619919,14.390119047619919
2018-06-18 08:00:00,5765,6115.774428571429,-350.77442857142887,350.77442857142887
2018-06-18 09:00:00,4767,4731.418230158728,35.581769841272035,35.581769841272035
2018-06-18 09:00:00,4767,4614.884059523809,152.1159404761911,152.1159404761911
2018-06-18 10:00:00,4161,4261.25911904762,-100.2591190476196,100.2591190476196
2018-06-18 10:00:00,4161,4103.771238095238,57.228761904761996,57.228761904761996
2018-06-18 10:00:00,4161,4103.374738095238,57.62526190476183,57.62526190476183
2018-06-18 11:00:00,4435,4340.649583333334,94.3504166666662,94.3504166666662
2018-06-18 11:00:00,4435,4625.046761904761,-190.0467619047613,190.0467619047613
2018-06-18 12:00:00,4829,4633.470285714287,195.52971428571345,195.52971428571345
2018-06-18 12:00:00,4829,4888.9014444444465,-59.9014444444465,59.9014444444465
2018-06-18 13:00:00,4743,4850.684993867242,-107.68499386724216,107.68499386724216
2018-06-18 13:00:00,4743,4737.824214285716,5.1757857142838475,5.1757857142838475
2018-06-18 13:00:00,4743,4737.751880952383,5.248119047617365,5.248119047617365
2018-06-18 14:00:00,4935,5019.928833333333,-84.92883333333339,84.92883333333339
2018-06-18 14:00:00,4935,5140.273940476191,-205.27394047619055,205.27394047619055
2018-06-18 15:00:00,5558,5304.421944444445,253.57805555555478,253.57805555555478
2018-06-18 16:00:00,6757,6480.542976190477,276.457023809523,276.457023809523
2018-06-18 17:00:00,6306,6301.440904761905,4.559095238095324,4.559095238095324
2018-06-18 18:00:00,4352,4544.893690476191,-192.8936904761913,192.8936904761913
2018-06-18 19:00:00,3248,3348.654285714286,-100.65428571428583,100.65428571428583
2018-06-18 20:00:00,2762,2816.115595238096,-54.11559523809592,54.11559523809592
2018-06-18 21:00:00,2460,2638.5310595238097,-178.53105952380974,178.53105952380974
2018-06-18 22:00:00,1710,1975.783095238095,-265.78309523809503,265.78309523809503
2018-06-18 23:00:00,1012,1302.987642857143,-290.9876428571431,290.9876428571431
2018-06-19 00:00:00,592,595.439380952381,-3.4393809523810432,3.4393809523810432
2018-06-19 01:00:00,373,368.6152777777778,4.384722222222194,4.384722222222194
2018-06-19 02:00:00,269,283.15220238095236,-14.15220238095236,14.15220238095236
2018-06-19 03:00:00,369,347.10310714285714,21.89689285714286,21.89689285714286
2018-06-19 04:00:00,893,860.1289761904764,32.87102380952365,32.87102380952365
2018-06-19 04:00:00,893,894.282285714286,-1.2822857142859903,1.2822857142859903
2018-06-19 05:00:00,3038,2960.255456349207,77.74454365079282,77.74454365079282
2018-06-19 05:00:00,3038,3011.550738095239,26.449261904760988,26.449261904760988
2018-06-19 05:00:00,3038,3016.945976190477,21.054023809523187,21.054023809523187
2018-06-19 06:00:00,5483,5872.078916666665,-389.07891666666455,389.07891666666455
2018-06-19 06:00:00,5483,5483.5181190476205,-0.5181190476205302,0.5181190476205302
2018-06-19 06:00:00,5483,5484.057452380954,-1.0574523809536913,1.0574523809536913
2018-06-19 07:00:00,5506,6127.29930952381,-621.2993095238098,621.2993095238098
2018-06-19 07:00:00,5506,6057.020949134199,-551.0209491341993,551.0209491341993
2018-06-19 08:00:00,4851,5523.890309523809,-672.8903095238093,672.8903095238093
2018-06-19 08:00:00,4851,4907.103780303029,-56.10378030302945,56.10378030302945
2018-06-19 09:00:00,4792,4850.798583333334,-58.798583333334136,58.798583333334136
2018-06-19 09:00:00,4792,4837.977547619048,-45.97754761904798,45.97754761904798
2018-06-19 09:00:00,4792,4807.566714285715,-15.566714285714625,15.566714285714625
2018-06-19 10:00:00,4244,4367.11194047619,-123.11194047619028,123.11194047619028
2018-06-19 10:00:00,4244,4249.0313816738835,-5.031381673883516,5.031381673883516
2018-06-19 10:00:00,4244,4251.02279834055,-7.022798340550253,7.022798340550253
2018-06-19 11:00:00,4346,4530.947761904762,-184.94776190476205,184.94776190476205
2018-06-19 11:00:00,4346,4593.536142857142,-247.5361428571423,247.5361428571423
2018-06-19 11:00:00,4346,4573.855154761904,-227.85515476190358,227.85515476190358
2018-06-19 11:00:00,4346,4503.472785714285,-157.47278571428524,157.47278571428524
2018-06-19 12:00:00,4585,4531.7916428571425,53.208357142857494,53.208357142857494
2018-06-19 12:00:00,4585,4798.511158730159,-213.51115873015897,213.51115873015897
2018-06-19 12:00:00,4585,4766.499738095238,-181.49973809523817,181.49973809523817
2018-06-19 13:00:00,4728,4572.664511904762,155.33548809523836,155.33548809523836
2018-06-19 13:00:00,4728,4721.296460317461,6.703539682538576,6.703539682538576
2018-06-19 14:00:00,5109,5034.370103174601,74.62989682539865,74.62989682539865
2018-06-19 14:00:00,5109,5200.077273809523,-91.07727380952292,91.07727380952292
2018-06-19 14:00:00,5109,5275.641238095236,-166.64123809523608,166.64123809523608
2018-06-19 15:00:00,5852,5622.3828492063485,229.6171507936515,229.6171507936515
2018-06-19 15:00:00,5852,5933.558214285716,-81.55821428571562,81.55821428571562
2018-06-19 15:00:00,5852,5902.5302619047625,-50.53026190476248,50.53026190476248
2018-06-19 15:00:00,5852,5947.195595238096,-95.19559523809585,95.19559523809585
2018-06-19 16:00:00,6821,6585.0603452380965,235.9396547619035,235.9396547619035
2018-06-19 16:00:00,6821,6675.616821428571,145.3831785714292,145.3831785714292
2018-06-19 17:00:00,6085,6416.019595238094,-331.01959523809364,331.01959523809364
2018-06-19 18:00:00,4546,4748.310583333332,-202.31058333333203,202.31058333333203
2018-06-19 18:00:00,4546,4516.260142857143,29.739857142856636,29.739857142856636
2018-06-19 18:00:00,4546,4484.8852857142865,61.11471428571349,61.11471428571349
2018-06-19 19:00:00,3263,3387.4033571428577,-124.40335714285766,124.40335714285766
2018-06-19 19:00:00,3263,3230.695515873015,32.30448412698479,32.30448412698479
2018-06-19 19:00:00,3263,3228.1705158730156,34.829484126984426,34.829484126984426
2018-06-19 20:00:00,2804,2880.3734880952375,-76.37348809523746,76.37348809523746
2018-06-19 20:00:00,2804,2731.184468253968,72.81553174603187,72.81553174603187
2018-06-19 21:00:00,2454,2609.74523015873,-155.74523015873,155.74523015873
2018-06-19 21:00:00,2454,2445.2601904761905,8.739809523809527,8.739809523809527
2018-06-19 22:00:00,1796,1830.4145,-34.41450000000009,34.41450000000009
2018-06-19 22:00:00,1796,1945.0878333333335,-149.0878333333335,149.0878333333335
2018-06-19 23:00:00,1190,1115.8308571428572,74.16914285714279,74.16914285714279
2018-06-19 23:00:00,1190,1156.6063571428572,33.39364285714282,33.39364285714282
2018-06-20 00:00:00,663,741.5010000000001,-78.50100000000009,78.50100000000009
2018-06-20 01:00:00,406,398.88123809523825,7.1187619047617545,7.1187619047617545
2018-06-20 01:00:00,406,400.1379603174604,5.862039682539603,5.862039682539603
2018-06-20 02:00:00,301,315.42108730158736,-14.421087301587363,14.421087301587363
2018-06-20 03:00:00,385,375.33034523809516,9.669654761904837,9.669654761904837
2018-06-20 04:00:00,935,885.575515873016,49.424484126984,49.424484126984
2018-06-20 05:00:00,3134,2995.185682539682,138.81431746031785,138.81431746031785
2018-06-20 06:00:00,5769,5871.583460317462,-102.58346031746169,102.58346031746169
2018-06-20 07:00:00,6295,6618.026,-323.02599999999984,323.02599999999984
2018-06-20 07:00:00,6295,6420.23544047619,-125.23544047618998,125.23544047618998
2018-06-20 08:00:00,5540,6182.727230158731,-642.7272301587309,642.7272301587309
2018-06-20 09:00:00,4890,4933.3739365079355,-43.37393650793547,43.37393650793547
2018-06-20 10:00:00,4544,4520.545678571429,23.454321428571347,23.454321428571347
2018-06-20 11:00:00,4675,4790.737,-115.73700000000008,115.73700000000008
2018-06-20 12:00:00,4824,4906.645559523809,-82.64555952380942,82.64555952380942
2018-06-20 13:00:00,4941,4860.859305555555,80.14069444444522,80.14069444444522
2018-06-20 14:00:00,5161,5153.915261904762,7.084738095238208,7.084738095238208
2018-06-20 15:00:00,5864,5635.881015873017,228.11898412698338,228.11898412698338
2018-06-20 16:00:00,6811,6569.5590238095265,241.44097619047352,241.44097619047352
2018-06-20 17:00:00,6439,6425.444059523811,13.55594047618888,13.55594047618888
2018-06-20 18:00:00,4622,4781.1233571428575,-159.12335714285746,159.12335714285746
2018-06-20 19:00:00,3418,3463.4306031746028,-45.430603174602766,45.430603174602766
2018-06-20 20:00:00,3024,3116.5429761904757,-92.54297619047566,92.54297619047566
2018-06-20 21:00:00,2758,2770.259261904761,-12.259261904760933,12.259261904760933
2018-06-20 22:00:00,1956,2190.3019047619046,-234.30190476190455,234.30190476190455
2018-06-20 23:00:00,1209,1356.0341825396824,-147.03418253968243,147.03418253968243
2018-06-21 00:00:00,634,670.4529166666664,-36.4529166666664,36.4529166666664
2018-06-21 01:00:00,462,387.74013888888885,74.25986111111115,74.25986111111115
2018-06-21 02:00:00,348,348.5447738095238,-0.5447738095238037,0.5447738095238037
2018-06-21 03:00:00,426,398.15407142857134,27.845928571428658,27.845928571428658
2018-06-21 04:00:00,938,916.473369047619,21.52663095238097,21.52663095238097
2018-06-21 05:00:00,3112,2994.2998614718613,117.70013852813872,117.70013852813872
2018-06-21 06:00:00,5778,5910.417321428569,-132.41732142856927,132.41732142856927
2018-06-21 07:00:00,6557,6443.2017857142855,113.7982142857145,113.7982142857145
2018-06-21 07:00:00,6557,6496.212904761904,60.7870952380963,60.7870952380963
2018-06-21 08:00:00,5490,6014.573880952381,-524.5738809523809,524.5738809523809
2018-06-21 09:00:00,4982,4892.692944444444,89.30705555555596,89.30705555555596
2018-06-21 10:00:00,4951,4564.459674603175,386.5403253968252,386.5403253968252
2018-06-21 11:00:00,5167,5130.311738095237,36.68826190476284,36.68826190476284
2018-06-21 12:00:00,5083,5177.019583333331,-94.01958333333096,94.01958333333096
2018-06-21 13:00:00,4942,5077.695190476192,-135.69519047619178,135.69519047619178
2018-06-21 14:00:00,5025,5141.305690476192,-116.30569047619156,116.30569047619156
2018-06-21 15:00:00,5768,5742.717166666668,25.282833333331837,25.282833333331837
2018-06-21 16:00:00,6511,6444.966666666666,66.03333333333376,66.03333333333376
2018-06-21 17:00:00,5997,6119.662952380951,-122.66295238095063,122.66295238095063
2018-06-21 18:00:00,4592,4601.186928571427,-9.186928571427416,9.186928571427416
2018-06-21 19:00:00,3823,3572.7796507936523,250.2203492063477,250.2203492063477
2018-06-21 20:00:00,3385,3282.129773809524,102.87022619047593,102.87022619047593
2018-06-21 21:00:00,3446,3024.469690476191,421.53030952380914,421.53030952380914
2018-06-21 22:00:00,2583,3121.8304166666676,-538.8304166666676,538.8304166666676
2018-06-21 23:00:00,1455,1625.4214047619046,-170.42140476190457,170.42140476190457
2018-06-22 00:00:00,805,880.5621190476189,-75.56211904761892,75.56211904761892
2018-06-22 01:00:00,471,512.4744285714285,-41.47442857142846,41.47442857142846
2018-06-22 02:00:00,364,373.2832380952381,-9.283238095238119,9.283238095238119
2018-06-22 03:00:00,384,397.84986507936503,-13.849865079365031,13.849865079365031
2018-06-22 04:00:00,876,855.2348928571429,20.76510714285712,20.76510714285712
2018-06-22 05:00:00,3056,2795.989976190476,260.0100238095238,260.0100238095238
2018-06-22 06:00:00,5460,5596.771249999999,-136.77124999999887,136.77124999999887
2018-06-22 07:00:00,6222,6265.126559523811,-43.12655952381101,43.12655952381101
2018-06-22 08:00:00,5604,5533.919142857143,70.08085714285698,70.08085714285698
2018-06-22 09:00:00,5053,5047.880511904761,5.119488095238921,5.119488095238921
2018-06-22 10:00:00,4765,4800.858357142858,-35.85835714285804,35.85835714285804
2018-06-22 11:00:00,5128,5065.819678571428,62.180321428571915,62.180321428571915
2018-06-22 12:00:00,5225,5464.60830952381,-239.60830952381002,239.60830952381002
2018-06-22 13:00:00,5104,5240.745619047619,-136.74561904761867,136.74561904761867
2018-06-22 14:00:00,5351,5371.195928571429,-20.19592857142925,20.19592857142925
2018-06-22 15:00:00,5843,5758.076630952381,84.92336904761942,84.92336904761942
2018-06-22 16:00:00,6010,6134.489404761903,-124.48940476190273,124.48940476190273
2018-06-22 17:00:00,5120,5237.131750000001,-117.13175000000138,117.13175000000138
2018-06-22 18:00:00,4676,4423.150261904761,252.84973809523945,252.84973809523945
2018-06-22 19:00:00,3976,3770.485833333333,205.51416666666682,205.51416666666682
2018-06-22 20:00:00,3535,3415.642773809524,119.35722619047601,119.35722619047601
2018-06-22 21:00:00,3473,3133.6882142857144,339.31178571428563,339.31178571428563
2018-06-22 22:00:00,3529,3113.2129999999997,415.78700000000026,415.78700000000026
2018-06-22 23:00:00,3654,2662.6155912698414,991.3844087301586,991.3844087301586
2018-06-23 00:00:00,1540,1927.9493095238097,-387.9493095238097,387.9493095238097
2018-06-23 01:00:00,872,1036.1465714285714,-164.1465714285714,164.1465714285714
2018-06-23 02:00:00,629,699.1527142857144,-70.15271428571441,70.15271428571441
2018-06-23 03:00:00,407,433.17571861471856,-26.175718614718562,26.175718614718562
2018-06-23 04:00:00,513,402.40071428571434,110.59928571428566,110.59928571428566
2018-06-23 05:00:00,966,952.5560119047617,13.443988095238296,13.443988095238296
2018-06-23 05:00:00,966,1047.0215357142856,-81.02153571428562,81.02153571428562
2018-06-23 05:00:00,966,1041.9937023809523,-75.9937023809523,75.9937023809523
2018-06-23 06:00:00,1495,1521.4865833333336,-26.486583333333556,26.486583333333556
2018-06-23 06:00:00,1495,1542.368194444445,-47.36819444444495,47.36819444444495
2018-06-23 06:00:00,1495,1551.4626944444449,-56.46269444444488,56.46269444444488
2018-06-23 07:00:00,2474,2079.761500000001,394.238499999999,394.238499999999
2018-06-23 07:00:00,2474,2492.623321428571,-18.623321428571217,18.623321428571217
2018-06-23 08:00:00,3353,3108.303412698413,244.696587301587,244.696587301587
2018-06-23 09:00:00,4065,3900.6354761904777,164.36452380952232,164.36452380952232
2018-06-23 10:00:00,4318,4414.8119761904745,-96.81197619047452,96.81197619047452
2018-06-23 11:00:00,4621,4657.146146825396,-36.14614682539559,36.14614682539559
2018-06-23 12:00:00,5018,4871.291071428571,146.70892857142917,146.70892857142917
2018-06-23 13:00:00,4560,4915.847833333334,-355.84783333333417,355.84783333333417
2018-06-23 14:00:00,4620,4509.740523809523,110.25947619047656,110.25947619047656
2018-06-23 15:00:00,4417,4560.173448412699,-143.17344841269914,143.17344841269914
2018-06-23 16:00:00,4372,4465.375166666666,-93.37516666666579,93.37516666666579
2018-06-23 17:00:00,4510,4167.364626984128,342.63537301587166,342.63537301587166
2018-06-23 18:00:00,3945,4151.18065079365,-206.18065079364987,206.18065079364987
2018-06-23 19:00:00,3660,3453.653833333334,206.3461666666658,206.3461666666658
2018-06-23 20:00:00,3362,3260.8453333333327,101.15466666666725,101.15466666666725
2018-06-23 21:00:00,3504,3348.225539682541,155.77446031745922,155.77446031745922
2018-06-23 22:00:00,3572,3290.153277777776,281.8467222222239,281.8467222222239
2018-06-23 23:00:00,2484,2662.672297619048,-178.6722976190481,178.6722976190481
2018-06-24 00:00:00,1515,1478.205738095238,36.794261904761925,36.794261904761925
2018-06-24 01:00:00,1016,969.6177142857142,46.382285714285786,46.382285714285786
2018-06-24 02:00:00,684,787.4829285714286,-103.4829285714286,103.4829285714286
2018-06-24 03:00:00,409,429.44509126984127,-20.44509126984127,20.44509126984127
2018-06-24 04:00:00,373,375.0884999999999,-2.0884999999998968,2.0884999999998968
2018-06-24 05:00:00,614,572.968119047619,41.031880952381016,41.031880952381016
2018-06-24 06:00:00,1091,1015.3110793650793,75.68892063492069,75.68892063492069
2018-06-24 07:00:00,1499,1345.1623730158733,153.8376269841267,153.8376269841267
2018-06-24 07:00:00,1499,1918.9253571428576,-419.9253571428576,419.9253571428576
2018-06-24 07:00:00,1499,1872.8239047619052,-373.82390476190517,373.82390476190517
2018-06-24 08:00:00,2362,2110.6346190476193,251.36538095238075,251.36538095238075
2018-06-24 09:00:00,3560,3184.6558849206344,375.34411507936557,375.34411507936557
2018-06-24 10:00:00,4187,4030.8755476190454,156.1244523809546,156.1244523809546
2018-06-24 11:00:00,4186,4465.058555916306,-279.05855591630643,279.05855591630643
2018-06-24 12:00:00,4302,4512.766032106782,-210.7660321067824,210.7660321067824
2018-06-24 12:00:00,4302,4482.9690833333325,-180.9690833333325,180.9690833333325
2018-06-24 13:00:00,4235,4365.701511904762,-130.7015119047619,130.7015119047619
2018-06-24 13:00:00,4235,4303.83930952381,-68.83930952380979,68.83930952380979
2018-06-24 14:00:00,4317,4281.703714285714,35.29628571428566,35.29628571428566
2018-06-24 15:00:00,4313,4346.989150793652,-33.98915079365179,33.98915079365179
2018-06-24 16:00:00,4256,4348.444126984126,-92.44412698412634,92.44412698412634
2018-06-24 17:00:00,4118,4006.680333333332,111.31966666666813,111.31966666666813
2018-06-24 18:00:00,4022,3817.8014523809525,204.19854761904753,204.19854761904753
2018-06-24 19:00:00,3438,3512.3427936507937,-74.34279365079374,74.34279365079374
2018-06-24 20:00:00,3187,3080.52330952381,106.47669047619002,106.47669047619002
2018-06-24 21:00:00,2556,2821.549249999999,-265.5492499999991,265.5492499999991
2018-06-24 22:00:00,1962,2032.6283571428564,-70.62835714285643,70.62835714285643
2018-06-24 23:00:00,1209,1323.8916904761898,-114.89169047618975,114.89169047618975
2018-06-25 00:00:00,652,659.6253095238094,-7.625309523809392,7.625309523809392
2018-06-25 01:00:00,422,416.8789285714287,5.121071428571327,5.121071428571327
2018-06-25 02:00:00,331,309.5343571428572,21.465642857142825,21.465642857142825
2018-06-25 03:00:00,406,339.68163095238094,66.31836904761906,66.31836904761906
2018-06-25 04:00:00,902,886.9813095238093,15.018690476190727,15.018690476190727
2018-06-25 05:00:00,2982,2846.207333333333,135.79266666666717,135.79266666666717
2018-06-25 06:00:00,5588,5740.749869047619,-152.74986904761863,152.74986904761863
2018-06-25 07:00:00,6146,6163.1656785714285,-17.165678571428543,17.165678571428543
2018-06-25 08:00:00,5383,5611.321472222222,-228.32147222222193,228.32147222222193
2018-06-25 08:00:00,5383,4913.207535714285,469.79246428571514,469.79246428571514
2018-06-25 09:00:00,4654,4403.334904761905,250.6650952380951,250.6650952380951
2018-06-25 09:00:00,4654,4545.7764285714275,108.22357142857254,108.22357142857254
2018-06-25 10:00:00,4310,4300.8155,9.184500000000298,9.184500000000298
2018-06-25 11:00:00,4530,4494.638468253969,35.36153174603078,35.36153174603078
2018-06-25 12:00:00,4748,4771.099821428572,-23.099821428571886,23.099821428571886
2018-06-25 13:00:00,4673,4770.504547619049,-97.50454761904894,97.50454761904894
2018-06-25 14:00:00,4877,5014.1865,-137.1864999999998,137.1864999999998
2018-06-25 15:00:00,5605,5297.28765873016,307.7123412698402,307.7123412698402
2018-06-25 16:00:00,6232,6397.165484126985,-165.16548412698467,165.16548412698467
2018-06-25 17:00:00,5772,5896.357261904762,-124.3572619047618,124.3572619047618
2018-06-25 18:00:00,4086,4177.9048095238095,-91.90480952380949,91.90480952380949
2018-06-25 19:00:00,3288,3025.057238095239,262.942761904761,262.942761904761
2018-06-25 20:00:00,2944,2851.980702380953,92.01929761904694,92.01929761904694
2018-06-25 21:00:00,2559,2675.155833333335,-116.15583333333507,116.15583333333507
2018-06-25 22:00:00,1974,1896.2322500000002,77.76774999999975,77.76774999999975
2018-06-25 23:00:00,1136,1392.3163333333332,-256.3163333333332,256.3163333333332
2018-06-25 23:00:00,1136,1100.024464285714,35.975535714286025,35.975535714286025
2018-06-26 00:00:00,624,685.458900793651,-61.45890079365097,61.45890079365097
2018-06-26 00:00:00,624,620.2210595238093,3.7789404761906553,3.7789404761906553
2018-06-26 01:00:00,417,383.88719047619037,33.11280952380963,33.11280952380963
2018-06-26 02:00:00,297,320.7183373015873,-23.718337301587326,23.718337301587326
2018-06-26 02:00:00,297,291.1576428571429,5.842357142857111,5.842357142857111
2018-06-26 02:00:00,297,295.9226904761905,1.0773095238095038,1.0773095238095038
2018-06-26 03:00:00,353,342.31282539682536,10.68717460317464,10.68717460317464
2018-06-26 03:00:00,353,345.52279761904765,7.477202380952349,7.477202380952349
2018-06-26 03:00:00,353,346.97013095238094,6.029869047619059,6.029869047619059
2018-06-26 03:00:00,353,342.37134523809516,10.62865476190484,10.62865476190484
2018-06-26 04:00:00,887,849.357507936508,37.642492063492,37.642492063492
2018-06-26 04:00:00,887,888.6946190476192,-1.6946190476191987,1.6946190476191987
2018-06-26 04:00:00,887,847.8708690476191,39.12913095238093,39.12913095238093
2018-06-26 05:00:00,2973,2960.8326507936517,12.167349206348263,12.167349206348263
2018-06-26 05:00:00,2973,2980.329738095237,-7.3297380952371896,7.3297380952371896
2018-06-26 06:00:00,5381,5959.096698412698,-578.0966984126981,578.0966984126981
2018-06-26 06:00:00,5381,5376.350761904762,4.649238095237706,4.649238095237706
2018-06-26 07:00:00,6350,6026.204690476189,323.79530952381083,323.79530952381083
2018-06-26 07:00:00,6350,6383.12638095238,-33.126380952379805,33.126380952379805
2018-06-26 08:00:00,5756,6201.625345238094,-445.62534523809427,445.62534523809427
2018-06-26 09:00:00,4872,5140.190202380953,-268.19020238095345,268.19020238095345
2018-06-26 10:00:00,4452,4386.822595238094,65.17740476190556,65.17740476190556
2018-06-26 11:00:00,4713,4674.726126984127,38.273873015872596,38.273873015872596
2018-06-26 12:00:00,5083,4844.195952380953,238.8040476190472,238.8040476190472
2018-06-26 13:00:00,4849,5112.657797619048,-263.6577976190483,263.6577976190483
2018-06-26 14:00:00,4905,5202.369587301587,-297.36958730158676,297.36958730158676
2018-06-26 14:00:00,4905,5254.522571428572,-349.5225714285716,349.5225714285716
2018-06-26 15:00:00,5875,5490.591230158731,384.4087698412686,384.4087698412686
2018-06-26 16:00:00,6765,6575.655833333332,189.34416666666766,189.34416666666766
2018-06-26 16:00:00,6765,6558.767138888886,206.2328611111143,206.2328611111143
2018-06-26 17:00:00,6054,6265.15834126984,-211.1583412698401,211.1583412698401
2018-06-26 18:00:00,4473,4481.3206666666665,-8.320666666666511,8.320666666666511
2018-06-26 19:00:00,3316,3286.071166666667,29.928833333332932,29.928833333332932
2018-06-26 20:00:00,2910,2931.109932900432,-21.109932900431886,21.109932900431886
2018-06-26 20:00:00,2910,2704.062666666667,205.93733333333284,205.93733333333284
2018-06-26 21:00:00,2674,2661.401047619048,12.598952380952142,12.598952380952142
2018-06-26 22:00:00,2083,1994.3920555555558,88.60794444444423,88.60794444444423
2018-06-26 23:00:00,1161,1342.1853809523807,-181.18538095238068,181.18538095238068
2018-06-27 00:00:00,678,639.6027857142857,38.39721428571431,38.39721428571431
2018-06-27 01:00:00,411,422.9708095238096,-11.970809523809578,11.970809523809578
2018-06-27 02:00:00,313,310.5874411976912,2.4125588023088085,2.4125588023088085
2018-06-27 03:00:00,414,360.0492380952381,53.95076190476192,53.95076190476192
2018-06-27 04:00:00,898,934.2458730158729,-36.24587301587292,36.24587301587292
2018-06-27 05:00:00,3151,2937.2869166666665,213.71308333333354,213.71308333333354
2018-06-27 06:00:00,5883,5945.4112380952365,-62.41123809523651,62.41123809523651
2018-06-27 07:00:00,6414,5989.234571428573,424.76542857142704,424.76542857142704
2018-06-27 08:00:00,5717,5985.9005873015885,-268.90058730158853,268.90058730158853
2018-06-27 09:00:00,5134,5082.492563492064,51.50743650793629,51.50743650793629
2018-06-27 10:00:00,4614,4682.334785714286,-68.33478571428623,68.33478571428623
2018-06-27 11:00:00,4964,4877.465805555556,86.53419444444444,86.53419444444444
2018-06-27 12:00:00,5102,5175.129793650794,-73.12979365079445,73.12979365079445
2018-06-27 13:00:00,4901,5022.5400714285715,-121.54007142857154,121.54007142857154
2018-06-27 14:00:00,5036,5194.4246706349195,-158.4246706349195,158.4246706349195
2018-06-27 15:00:00,5867,5714.134476190475,152.86552380952526,152.86552380952526
2018-06-27 16:00:00,6666,6529.794357142859,136.20564285714136,136.20564285714136
2018-06-27 17:00:00,6095,6256.813984126987,-161.81398412698672,161.81398412698672
2018-06-27 18:00:00,4563,4655.843404761906,-92.84340476190573,92.84340476190573
2018-06-27 19:00:00,3497,3468.3114047619047,28.68859523809533,28.68859523809533
2018-06-27 20:00:00,3126,3058.015642857143,67.98435714285688,67.98435714285688
2018-06-27 21:00:00,3116,2894.7244880952385,221.27551190476152,221.27551190476152
2018-06-27 22:00:00,2292,2402.3353928571432,-110.33539285714323,110.33539285714323
2018-06-27 23:00:00,1339,1450.6042619047616,-111.60426190476164,111.60426190476164
2018-06-28 00:00:00,778,762.1068650793654,15.893134920634566,15.893134920634566
2018-06-28 01:00:00,457,479.59879365079365,-22.598793650793652,22.598793650793652
2018-06-28 02:00:00,309,339.2564285714286,-30.256428571428614,30.256428571428614
2018-06-28 03:00:00,365,363.9693333333333,1.0306666666667184,1.0306666666667184
2018-06-28 04:00:00,921,870.2599285714284,50.74007142857158,50.74007142857158
2018-06-28 05:00:00,3121,3012.5909960317454,108.40900396825464,108.40900396825464
2018-06-28 05:00:00,3121,3052.420321428571,68.57967857142921,68.57967857142921
2018-06-28 06:00:00,5691,5903.5575714285715,-212.55757142857146,212.55757142857146
2018-06-28 06:00:00,5691,5691.70736904762,-0.7073690476199772,0.7073690476199772
2018-06-28 07:00:00,6264,6089.667178571428,174.33282142857206,174.33282142857206
2018-06-28 08:00:00,5683,5916.240761904762,-233.2407619047617,233.2407619047617
2018-06-28 09:00:00,4983,4956.3245,26.675500000000284,26.675500000000284
2018-06-28 10:00:00,4678,4686.472785714287,-8.472785714287056,8.472785714287056
2018-06-28 11:00:00,4866,4950.126400793651,-84.12640079365065,84.12640079365065
2018-06-28 12:00:00,5109,5133.844083333333,-24.8440833333334,24.8440833333334
2018-06-28 13:00:00,5011,5164.263000000001,-153.26300000000083,153.26300000000083
2018-06-28 14:00:00,5300,5274.569267676768,25.430732323232405,25.430732323232405
2018-06-28 15:00:00,5945,5787.76286904762,157.23713095237963,157.23713095237963
2018-06-28 16:00:00,6568,6592.606547619049,-24.606547619048797,24.606547619048797
2018-06-28 17:00:00,5930,6165.695309523812,-235.69530952381228,235.69530952381228
2018-06-28 18:00:00,4668,4584.780785714285,83.21921428571477,83.21921428571477
2018-06-28 19:00:00,3794,3649.7760317460315,144.22396825396845,144.22396825396845
2018-06-28 20:00:00,3127,3261.323785714285,-134.3237857142849,134.3237857142849
2018-06-28 21:00:00,2908,3234.634726190476,-326.63472619047616,326.63472619047616
2018-06-28 22:00:00,2190,2426.856678571429,-236.8566785714288,236.8566785714288
2018-06-28 23:00:00,1475,1432.9582738095237,42.04172619047631,42.04172619047631
2018-06-29 00:00:00,841,978.7925238095236,-137.79252380952357,137.79252380952357
2018-06-29 01:00:00,510,523.189123015873,-13.189123015872951,13.189123015872951
2018-06-29 02:00:00,385,377.6374206349207,7.362579365079284,7.362579365079284
2018-06-29 03:00:00,453,388.4382976190477,64.56170238095228,64.56170238095228
2018-06-29 04:00:00,984,890.9802857142855,93.01971428571449,93.01971428571449
2018-06-29 05:00:00,2909,2936.4884285714284,-27.488428571428358,27.488428571428358
2018-06-29 06:00:00,5427,5444.122833333332,-17.122833333331982,17.122833333331982
2018-06-29 07:00:00,6051,6188.637595238094,-137.63759523809404,137.63759523809404
2018-06-29 08:00:00,5204,5326.10580952381,-122.10580952381042,122.10580952381042
2018-06-29 09:00:00,4842,4689.18361904762,152.8163809523803,152.8163809523803
2018-06-29 10:00:00,4626,4760.402011904763,-134.40201190476273,134.40201190476273
2018-06-29 11:00:00,5114,4925.644571428571,188.355428571429,188.355428571429
2018-06-29 12:00:00,5222,5391.997666666668,-169.997666666668,169.997666666668
2018-06-29 13:00:00,5236,5284.185023809525,-48.185023809524864,48.185023809524864
2018-06-29 14:00:00,5319,5517.846543650792,-198.84654365079223,198.84654365079223
2018-06-29 15:00:00,5903,5726.008476190475,176.99152380952455,176.99152380952455
2018-06-29 16:00:00,5902,6087.884761904758,-185.8847619047583,185.8847619047583
2018-06-29 17:00:00,5314,5191.330297619049,122.6697023809511,122.6697023809511
2018-06-29 18:00:00,4798,4575.66376984127,222.33623015873036,222.33623015873036
2018-06-29 19:00:00,3705,3861.008547619047,-156.00854761904702,156.00854761904702
2018-06-29 20:00:00,3340,3367.14134920635,-27.141349206349787,27.141349206349787
2018-06-29 21:00:00,3247,3079.2054761904774,167.79452380952262,167.79452380952262
2018-06-29 22:00:00,2781,2781.9133095238094,-0.9133095238094029,0.9133095238094029
2018-06-29 23:00:00,2465,2240.817345238095,224.18265476190481,224.18265476190481
2018-06-30 00:00:00,1423,1536.4197499999998,-113.4197499999998,113.4197499999998
2018-06-30 01:00:00,869,898.8287619047618,-29.82876190476179,29.82876190476179
2018-06-30 02:00:00,617,658.1423095238093,-41.14230952380933,41.14230952380933
2018-06-30 03:00:00,429,428.51596428571435,0.4840357142856533,0.4840357142856533
2018-06-30 03:00:00,429,441.339880952381,-12.339880952381009,12.339880952381009
2018-06-30 04:00:00,429,426.75486904761914,2.245130952380862,2.245130952380862
2018-06-30 05:00:00,822,856.9427023809526,-34.942702380952596,34.942702380952596
2018-06-30 06:00:00,1489,1550.3130476190481,-61.31304761904812,61.31304761904812
2018-06-30 07:00:00,2048,2232.8780714285713,-184.87807142857127,184.87807142857127
2018-06-30 08:00:00,2840,2557.021492063492,282.97850793650787,282.97850793650787
2018-06-30 09:00:00,3627,3599.934809523809,27.06519047619122,27.06519047619122
2018-06-30 10:00:00,3922,4052.505857142858,-130.50585714285808,130.50585714285808
2018-06-30 11:00:00,4253,4242.613619047619,10.386380952380932,10.386380952380932
2018-06-30 12:00:00,4776,4571.089666666667,204.91033333333326,204.91033333333326
2018-06-30 13:00:00,4675,4580.405333333332,94.59466666666776,94.59466666666776
2018-06-30 14:00:00,4533,4584.067230158731,-51.067230158731036,51.067230158731036
2018-06-30 15:00:00,4425,4468.46363095238,-43.4636309523803,43.4636309523803
2018-06-30 16:00:00,4707,4431.538011904761,275.46198809523867,275.46198809523867
2018-06-30 17:00:00,4469,4432.264972222221,36.73502777777867,36.73502777777867
2018-06-30 18:00:00,3871,4192.4113333333335,-321.41133333333346,321.41133333333346
2018-06-30 19:00:00,3247,3451.6082936507937,-204.6082936507937,204.6082936507937
2018-06-30 20:00:00,2936,2932.6951666666664,3.3048333333335904,3.3048333333335904
2018-06-30 21:00:00,2700,2905.8035793650806,-205.80357936508062,205.80357936508062
2018-06-30 22:00:00,2760,2602.0693214285716,157.93067857142842,157.93067857142842
2018-06-30 23:00:00,2017,2210.6306785714287,-193.6306785714287,193.6306785714287
2018-07-01 00:00:00,1314,1404.329238095238,-90.329238095238,90.329238095238
2018-07-01 01:00:00,848,871.2575714285713,-23.257571428571282,23.257571428571282
2018-07-01 02:00:00,703,690.1723095238095,12.827690476190469,12.827690476190469
2018-07-01 03:00:00,419,436.18825,-17.188249999999982,17.188249999999982
2018-07-01 03:00:00,419,416.4717142857142,2.5282857142858006,2.5282857142858006
2018-07-01 04:00:00,372,357.69183333333325,14.30816666666675,14.30816666666675
2018-07-01 04:00:00,372,354.52802380952386,17.47197619047614,17.47197619047614
2018-07-01 05:00:00,529,553.7293571428572,-24.729357142857225,24.729357142857225
2018-07-01 05:00:00,529,585.4209285714287,-56.4209285714287,56.4209285714287
2018-07-01 06:00:00,979,934.1452380952381,44.85476190476186,44.85476190476186
2018-07-01 06:00:00,979,1107.4027857142858,-128.40278571428576,128.40278571428576
2018-07-01 07:00:00,1237,1249.1257748917749,-12.125774891774881,12.125774891774881
2018-07-01 08:00:00,1682,2023.1798809523812,-341.17988095238115,341.17988095238115
2018-07-01 08:00:00,1682,2257.7774484126985,-575.7774484126985,575.7774484126985
2018-07-01 09:00:00,2495,2471.5191201298703,23.480879870129684,23.480879870129684
2018-07-01 09:00:00,2495,3049.6772142857135,-554.6772142857135,554.6772142857135
2018-07-01 09:00:00,2495,3136.2255238095227,-641.2255238095227,641.2255238095227
2018-07-01 10:00:00,2924,3159.763666666666,-235.7636666666658,235.7636666666658
2018-07-01 10:00:00,2924,3293.3017619047623,-369.3017619047623,369.3017619047623
2018-07-01 11:00:00,3323,3361.6868253968264,-38.68682539682641,38.68682539682641
2018-07-01 11:00:00,3323,3554.786579365079,-231.78657936507898,231.78657936507898
2018-07-01 11:00:00,3323,3620.7961269841267,-297.79612698412666,297.79612698412666
2018-07-01 12:00:00,3696,3692.914460317461,3.0855396825390926,3.0855396825390926
2018-07-01 12:00:00,3696,4159.526595238096,-463.526595238096,463.526595238096
2018-07-01 12:00:00,3696,4036.227642857143,-340.2276428571431,340.2276428571431
2018-07-01 13:00:00,4084,3949.5666904761897,134.4333095238103,134.4333095238103
2018-07-01 13:00:00,4084,4169.566071428571,-85.56607142857138,85.56607142857138
2018-07-01 14:00:00,4187,4162.749115079366,24.250884920634235,24.250884920634235
2018-07-01 15:00:00,4365,4273.529738095239,91.47026190476117,91.47026190476117
2018-07-01 16:00:00,4380,4320.994166666666,59.00583333333361,59.00583333333361
2018-07-01 17:00:00,4049,4195.263797619048,-146.2637976190481,146.2637976190481
2018-07-01 18:00:00,3680,3816.224190476189,-136.22419047618905,136.22419047618905
2018-07-01 19:00:00,3404,3268.498992063491,135.5010079365088,135.5010079365088
2018-07-01 20:00:00,3018,3112.4288730158733,-94.42887301587325,94.42887301587325
2018-07-01 21:00:00,2640,2777.6492857142853,-137.64928571428527,137.64928571428527
2018-07-01 22:00:00,2152,2147.5778690476186,4.422130952381394,4.422130952381394
2018-07-01 23:00:00,3078,1688.8373809523814,1389.1626190476186,1389.1626190476186
2018-07-02 00:00:00,1043,871.2641904761904,171.73580952380962,171.73580952380962
2018-07-02 01:00:00,523,543.9973015873015,-20.997301587301536,20.997301587301536
2018-07-02 02:00:00,425,368.487884920635,56.512115079365,56.512115079365
2018-07-02 03:00:00,398,384.0174285714286,13.982571428571418,13.982571428571418
2018-07-02 04:00:00,896,898.7156349206348,-2.715634920634784,2.715634920634784
2018-07-02 05:00:00,2931,2872.5484166666665,58.451583333333474,58.451583333333474
2018-07-02 06:00:00,5305,5773.380690476192,-468.3806904761923,468.3806904761923
2018-07-02 07:00:00,5936,5900.537694444446,35.46230555555394,35.46230555555394
2018-07-02 08:00:00,4859,5406.137150793649,-547.1371507936492,547.1371507936492
2018-07-02 09:00:00,4473,4512.105753968254,-39.10575396825425,39.10575396825425
2018-07-02 10:00:00,4172,4203.096960317461,-31.0969603174608,31.0969603174608
2018-07-02 11:00:00,4498,4327.850523809523,170.1494761904769,170.1494761904769
2018-07-02 12:00:00,4617,4758.492023809524,-141.49202380952374,141.49202380952374
2018-07-02 13:00:00,4667,4748.673031746032,-81.6730317460324,81.6730317460324
2018-07-02 14:00:00,4728,4965.157190476191,-237.15719047619132,237.15719047619132
2018-07-02 15:00:00,5115,5151.269880952381,-36.269880952380845,36.269880952380845
2018-07-02 16:00:00,5853,5887.148595238095,-34.14859523809537,34.14859523809537
2018-07-02 17:00:00,5241,5573.0554523809515,-332.05545238095146,332.05545238095146
2018-07-02 18:00:00,3922,3910.1148214285718,11.885178571428241,11.885178571428241
2018-07-02 19:00:00,3183,2973.441404761905,209.55859523809522,209.55859523809522
2018-07-02 20:00:00,2792,2727.3609365079355,64.63906349206445,64.63906349206445
2018-07-02 21:00:00,2552,2498.9327619047613,53.067238095238736,53.067238095238736
2018-07-02 22:00:00,2118,1970.6344166666668,147.36558333333323,147.36558333333323
2018-07-02 23:00:00,1461,1313.1353571428574,147.8646428571426,147.8646428571426
2018-07-03 00:00:00,722,882.8752936507937,-160.87529365079365,160.87529365079365
2018-07-03 01:00:00,455,456.9368095238096,-1.9368095238095862,1.9368095238095862
2018-07-03 02:00:00,340,361.121,-21.12099999999998,21.12099999999998
2018-07-03 03:00:00,391,355.5298452380953,35.47015476190472,35.47015476190472
2018-07-03 04:00:00,863,918.4537976190472,-55.453797619047236,55.453797619047236
2018-07-03 04:00:00,863,869.4735833333336,-6.473583333333636,6.473583333333636
2018-07-03 05:00:00,2836,2940.153595238095,-104.15359523809502,104.15359523809502
2018-07-03 06:00:00,5264,5421.477583333334,-157.47758333333422,157.47758333333422
2018-07-03 07:00:00,5737,5811.824182539683,-74.82418253968262,74.82418253968262
2018-07-03 07:00:00,5737,6139.183281746032,-402.18328174603175,402.18328174603175
2018-07-03 08:00:00,5017,5310.231309523809,-293.2313095238087,293.2313095238087
2018-07-03 08:00:00,5017,5013.837428571428,3.162571428571937,3.162571428571937
2018-07-03 09:00:00,4373,4844.221476190477,-471.221476190477,471.221476190477
2018-07-03 10:00:00,4099,4351.90957142857,-252.90957142857042,252.90957142857042
2018-07-03 11:00:00,4415,4307.201749999998,107.79825000000164,107.79825000000164
2018-07-03 12:00:00,4775,4701.397031746031,73.60296825396927,73.60296825396927
2018-07-03 13:00:00,4799,4801.816333333333,-2.816333333333205,2.816333333333205
2018-07-03 14:00:00,4968,5152.8554523809535,-184.85545238095347,184.85545238095347
2018-07-03 14:00:00,4968,5141.132976190477,-173.13297619047717,173.13297619047717
2018-07-03 15:00:00,5526,5327.158964285714,198.84103571428568,198.84103571428568
2018-07-03 15:00:00,5526,5675.786500000003,-149.7865000000029,149.7865000000029
2018-07-03 16:00:00,6135,6462.512857142858,-327.5128571428577,327.5128571428577
2018-07-03 17:00:00,5092,5712.810821428572,-620.8108214285721,620.8108214285721
2018-07-03 18:00:00,4313,3883.6120119047614,429.3879880952386,429.3879880952386
2018-07-03 19:00:00,3308,3260.7867857142865,47.21321428571355,47.21321428571355
2018-07-03 20:00:00,3055,3032.4685555555557,22.531444444444332,22.531444444444332
2018-07-03 21:00:00,2700,2791.0418333333323,-91.0418333333323,91.0418333333323
2018-07-03 22:00:00,2176,2118.430646825397,57.56935317460284,57.56935317460284
2018-07-03 23:00:00,1741,1375.2209801587303,365.7790198412697,365.7790198412697
2018-07-04 00:00:00,1021,1087.2061309523808,-66.20613095238082,66.20613095238082
2018-07-04 01:00:00,605,531.9064206349207,73.09357936507934,73.09357936507934
2018-07-04 02:00:00,573,389.0701904761905,183.92980952380952,183.92980952380952
2018-07-04 03:00:00,353,484.2726190476192,-131.27261904761917,131.27261904761917
2018-07-04 04:00:00,354,868.8542056277058,-514.8542056277058,514.8542056277058
2018-07-04 05:00:00,698,2955.042023809525,-2257.042023809525,2257.042023809525
2018-07-04 06:00:00,1141,3985.9195238095244,-2844.9195238095244,2844.9195238095244
2018-07-04 07:00:00,1128,2523.1095833333347,-1395.1095833333347,1395.1095833333347
2018-07-04 08:00:00,1275,2459.0372857142856,-1184.0372857142856,1184.0372857142856
2018-07-04 09:00:00,1687,2681.168142857143,-994.1681428571428,994.1681428571428
2018-07-04 10:00:00,1920,2529.5195833333332,-609.5195833333332,609.5195833333332
2018-07-04 10:00:00,1920,2789.175869047619,-869.175869047619,869.175869047619
2018-07-04 10:00:00,1920,2791.486202380952,-871.4862023809519,871.4862023809519
2018-07-04 11:00:00,2603,2738.7691666666665,-135.76916666666648,135.76916666666648
2018-07-04 11:00:00,2603,3211.1563650793632,-608.1563650793632,608.1563650793632
2018-07-04 12:00:00,2761,3109.048912698412,-348.0489126984121,348.0489126984121
2018-07-04 13:00:00,2929,3028.428547619046,-99.42854761904618,99.42854761904618
2018-07-04 14:00:00,3318,3106.6874999999995,211.31250000000045,211.31250000000045
2018-07-04 15:00:00,3070,3389.394285714285,-319.39428571428516,319.39428571428516
2018-07-04 15:00:00,3070,3187.8782857142855,-117.87828571428554,117.87828571428554
2018-07-04 16:00:00,3224,2999.732889610388,224.26711038961184,224.26711038961184
2018-07-04 16:00:00,3224,3155.04939033189,68.95060966810979,68.95060966810979
2018-07-04 17:00:00,3045,3156.793676046176,-111.79367604617619,111.79367604617619
2018-07-04 17:00:00,3045,2961.597166666666,83.402833333334,83.402833333334
2018-07-04 18:00:00,2664,2971.5846428571426,-307.5846428571426,307.5846428571426
2018-07-04 19:00:00,2596,2558.794611111111,37.20538888888905,37.20538888888905
2018-07-04 20:00:00,2503,2516.3150992063493,-13.31509920634926,13.31509920634926
2018-07-04 21:00:00,2582,2406.755571428572,175.24442857142822,175.24442857142822
2018-07-04 22:00:00,2030,1903.4668373015872,126.53316269841275,126.53316269841275
2018-07-04 23:00:00,1936,1351.205111111111,584.7948888888891,584.7948888888891
2018-07-05 00:00:00,971,1043.3184047619045,-72.3184047619045,72.3184047619045
2018-07-05 00:00:00,971,579.9217023809525,391.0782976190475,391.0782976190475
2018-07-05 01:00:00,476,555.9073928571429,-79.9073928571429,79.9073928571429
2018-07-05 02:00:00,317,358.361738095238,-41.361738095238024,41.361738095238024
2018-07-05 03:00:00,338,360.16523809523807,-22.165238095238067,22.165238095238067
2018-07-05 04:00:00,754,859.643404761905,-105.643404761905,105.643404761905
2018-07-05 05:00:00,2412,2674.7788737373735,-262.7788737373735,262.7788737373735
2018-07-05 06:00:00,4500,4257.389976190476,242.61002380952414,242.61002380952414
2018-07-05 07:00:00,4966,4973.84105952381,-7.841059523810145,7.841059523810145
2018-07-05 08:00:00,4440,4864.7132500000025,-424.7132500000025,424.7132500000025
2018-07-05 09:00:00,4205,4252.612642857143,-47.61264285714333,47.61264285714333
2018-07-05 10:00:00,4154,4096.346119047619,57.65388095238086,57.65388095238086
2018-07-05 11:00:00,4201,4401.2051666666675,-200.20516666666754,200.20516666666754
2018-07-05 12:00:00,4416,4492.363309523809,-76.36330952380922,76.36330952380922
2018-07-05 13:00:00,4491,4529.565071428572,-38.56507142857208,38.56507142857208
2018-07-05 14:00:00,4708,4907.8474642857145,-199.84746428571452,199.84746428571452
2018-07-05 15:00:00,5066,5142.809261904764,-76.80926190476384,76.80926190476384
2018-07-05 16:00:00,5908,5910.699238095241,-2.6992380952406165,2.6992380952406165
2018-07-05 17:00:00,5223,5678.487428571427,-455.4874285714268,455.4874285714268
2018-07-05 18:00:00,4115,4188.096047619047,-73.09604761904666,73.09604761904666
2018-07-05 19:00:00,3099,3304.559996031747,-205.55999603174678,205.55999603174678
2018-07-05 20:00:00,2713,2797.266142857144,-84.26614285714413,84.26614285714413
2018-07-05 21:00:00,2633,2655.0915714285725,-22.09157142857248,22.09157142857248
2018-07-05 22:00:00,2002,1976.0399166666666,25.960083333333387,25.960083333333387
2018-07-05 23:00:00,1287,1315.99419047619,-28.994190476189942,28.994190476189942
2018-07-06 00:00:00,743,723.0626547619048,19.93734523809519,19.93734523809519
2018-07-06 01:00:00,435,463.68488095238087,-28.684880952380865,28.684880952380865
2018-07-06 02:00:00,372,342.02070238095234,29.979297619047657,29.979297619047657
2018-07-06 03:00:00,343,395.1657857142857,-52.165785714285676,52.165785714285676
2018-07-06 04:00:00,752,719.5941428571427,32.40585714285726,32.40585714285726
2018-07-06 05:00:00,2453,2617.17961904762,-164.17961904761978,164.17961904761978
2018-07-06 06:00:00,4489,3766.1434880952384,722.8565119047616,722.8565119047616
2018-07-06 07:00:00,5069,5085.647499999999,-16.647499999999127,16.647499999999127
2018-07-06 08:00:00,4489,4985.897464285714,-496.8974642857138,496.8974642857138
2018-07-06 09:00:00,4305,4744.934916666666,-439.93491666666614,439.93491666666614
2018-07-06 10:00:00,4215,4182.511845238096,32.4881547619043,32.4881547619043
2018-07-06 11:00:00,4547,4485.997142857143,61.002857142856556,61.002857142856556
2018-07-06 12:00:00,4684,4765.820500000001,-81.82050000000072,81.82050000000072
2018-07-06 13:00:00,4594,4782.727047619047,-188.72704761904697,188.72704761904697
2018-07-06 14:00:00,4818,4932.636357142856,-114.63635714285556,114.63635714285556
2018-07-06 15:00:00,5182,5262.454142857145,-80.45414285714469,80.45414285714469
2018-07-06 16:00:00,5353,5699.494666666668,-346.4946666666683,346.4946666666683
2018-07-06 17:00:00,4822,5206.604202380952,-384.6042023809523,384.6042023809523
2018-07-06 18:00:00,4089,4277.162452380952,-188.16245238095235,188.16245238095235
2018-07-06 19:00:00,3390,3438.2217142857144,-48.22171428571437,48.22171428571437
2018-07-06 20:00:00,2966,2968.5934444444447,-2.5934444444446854,2.5934444444446854
2018-07-06 21:00:00,2903,3043.079246031748,-140.07924603174797,140.07924603174797
2018-07-06 22:00:00,2533,2719.9253928571434,-186.92539285714338,186.92539285714338
2018-07-06 23:00:00,2227,2090.3485476190476,136.65145238095238,136.65145238095238
2018-07-07 00:00:00,1233,1515.6129999999998,-282.61299999999983,282.61299999999983
2018-07-07 01:00:00,689,848.0981388888888,-159.0981388888888,159.0981388888888
2018-07-07 02:00:00,604,601.530611111111,2.4693888888889433,2.4693888888889433
2018-07-07 03:00:00,382,402.5398257575757,-20.539825757575727,20.539825757575727
2018-07-07 04:00:00,429,404.7907857142857,24.209214285714324,24.209214285714324
2018-07-07 05:00:00,769,787.059761904762,-18.059761904762013,18.059761904762013
2018-07-07 06:00:00,1246,1329.3836428571428,-83.38364285714283,83.38364285714283
2018-07-07 07:00:00,1710,1741.4916904761908,-31.491690476190797,31.491690476190797
2018-07-07 08:00:00,2428,2360.834043650794,67.16595634920623,67.16595634920623
2018-07-07 09:00:00,3029,3232.435511904762,-203.43551190476182,203.43551190476182
2018-07-07 10:00:00,3386,3684.921404761904,-298.9214047619039,298.9214047619039
2018-07-07 11:00:00,4045,3862.50794047619,182.49205952380998,182.49205952380998
2018-07-07 12:00:00,4160,4354.438349206347,-194.43834920634708,194.43834920634708
2018-07-07 13:00:00,4118,4250.082690476191,-132.0826904761907,132.0826904761907
2018-07-07 14:00:00,3992,4225.996404761905,-233.99640476190507,233.99640476190507
2018-07-07 15:00:00,4022,4036.7906785714295,-14.790678571429453,14.790678571429453
2018-07-07 16:00:00,4289,4033.660952380954,255.33904761904614,255.33904761904614
2018-07-07 17:00:00,4085,4008.277380952381,76.72261904761899,76.72261904761899
2018-07-07 18:00:00,3986,3848.9597142857137,137.04028571428626,137.04028571428626
2018-07-07 19:00:00,3416,3566.7978571428575,-150.79785714285754,150.79785714285754
2018-07-07 20:00:00,3191,3058.019992063491,132.98000793650908,132.98000793650908
2018-07-07 21:00:00,3616,3213.9567142857145,402.0432857142855,402.0432857142855
2018-07-07 22:00:00,3055,3212.5067500000005,-157.50675000000047,157.50675000000047
2018-07-07 23:00:00,2246,2355.9442857142853,-109.94428571428534,109.94428571428534
2018-07-08 00:00:00,1423,1503.4252777777779,-80.42527777777786,80.42527777777786
2018-07-08 01:00:00,786,914.4054761904763,-128.4054761904763,128.4054761904763
2018-07-08 02:00:00,693,621.4310277777779,71.5689722222221,71.5689722222221
2018-07-08 03:00:00,357,439.4004999999998,-82.4004999999998,82.4004999999998
2018-07-08 04:00:00,327,322.04595238095243,4.9540476190475715,4.9540476190475715
2018-07-08 05:00:00,476,523.2541904761906,-47.254190476190615,47.254190476190615
2018-07-08 06:00:00,876,798.149261904762,77.85073809523794,77.85073809523794
2018-07-08 07:00:00,1084,1189.6045714285715,-105.60457142857149,105.60457142857149
2018-07-08 08:00:00,1920,1670.7591190476194,249.24088095238062,249.24088095238062
2018-07-08 09:00:00,2584,2728.71580952381,-144.7158095238101,144.7158095238101
2018-07-08 10:00:00,3236,3329.2834444444447,-93.28344444444474,93.28344444444474
2018-07-08 11:00:00,3837,3721.656559523809,115.34344047619106,115.34344047619106
2018-07-08 12:00:00,4075,4198.776337301587,-123.77633730158686,123.77633730158686
2018-07-08 13:00:00,4211,4272.204484126985,-61.204484126985335,61.204484126985335
2018-07-08 14:00:00,4470,4291.668119047619,178.33188095238074,178.33188095238074
2018-07-08 15:00:00,4397,4431.517663419914,-34.51766341991424,34.51766341991424
2018-07-08 16:00:00,4514,4349.00157142857,164.99842857142994,164.99842857142994
2018-07-08 17:00:00,4297,4363.093023809524,-66.09302380952431,66.09302380952431
2018-07-08 18:00:00,3953,3942.1347777777805,10.865222222219472,10.865222222219472
2018-07-08 19:00:00,3969,3715.924357142858,253.07564285714216,253.07564285714216
2018-07-08 20:00:00,3571,3550.541777777777,20.458222222222957,20.458222222222957
2018-07-08 21:00:00,2948,3013.8854761904768,-65.88547619047677,65.88547619047677
2018-07-08 22:00:00,2039,2365.7976428571424,-326.79764285714236,326.79764285714236
2018-07-08 23:00:00,1339,1277.7035238095236,61.29647619047637,61.29647619047637
2018-07-09 00:00:00,676,777.4375317460319,-101.43753174603194,101.43753174603194
2018-07-09 01:00:00,423,444.16792857142855,-21.167928571428547,21.167928571428547
2018-07-09 02:00:00,320,332.5655436507937,-12.5655436507937,12.5655436507937
2018-07-09 03:00:00,348,357.32604761904753,-9.326047619047529,9.326047619047529
2018-07-09 03:00:00,348,377.1680714285714,-29.16807142857141,29.16807142857141
2018-07-09 04:00:00,903,841.223142857143,61.77685714285701,61.77685714285701
2018-07-09 05:00:00,2977,2868.1373888888893,108.86261111111071,108.86261111111071
2018-07-09 05:00:00,2977,2949.462285714285,27.537714285715083,27.537714285715083
2018-07-09 06:00:00,5679,5741.845785714287,-62.84578571428665,62.84578571428665
2018-07-09 07:00:00,6178,6323.329547619048,-145.32954761904784,145.32954761904784
2018-07-09 08:00:00,5656,5714.357095238096,-58.35709523809601,58.35709523809601
2018-07-09 09:00:00,4586,4671.011527777779,-85.01152777777861,85.01152777777861
2018-07-09 10:00:00,4266,4237.113880952381,28.886119047619104,28.886119047619104
2018-07-09 11:00:00,4448,4522.542138167389,-74.54213816738866,74.54213816738866
2018-07-09 12:00:00,4689,4665.675000000001,23.32499999999891,23.32499999999891
2018-07-09 13:00:00,4621,4747.8402857142855,-126.84028571428553,126.84028571428553
2018-07-09 14:00:00,4836,4963.097214285717,-127.0972142857172,127.0972142857172
2018-07-09 15:00:00,5429,5296.623107142856,132.3768928571444,132.3768928571444
2018-07-09 16:00:00,6311,6235.391452380952,75.6085476190483,75.6085476190483
2018-07-09 17:00:00,5805,5919.891547619046,-114.89154761904592,114.89154761904592
2018-07-09 18:00:00,4290,4245.395166666667,44.60483333333286,44.60483333333286
2018-07-09 19:00:00,3240,3253.3829523809527,-13.382952380952702,13.382952380952702
2018-07-09 20:00:00,2861,2849.9620396825394,11.037960317460602,11.037960317460602
2018-07-09 21:00:00,2633,2555.2621547619046,77.73784523809536,77.73784523809536
2018-07-09 22:00:00,2071,1962.093511904763,108.90648809523691,108.90648809523691
2018-07-09 23:00:00,1189,1288.534,-99.5340000000001,99.5340000000001
2018-07-10 00:00:00,688,665.2402936507938,22.759706349206226,22.759706349206226
2018-07-10 01:00:00,389,433.29457142857143,-44.29457142857143,44.29457142857143
2018-07-10 02:00:00,295,293.03288492063496,1.967115079365044,1.967115079365044
2018-07-10 03:00:00,364,347.7105,16.289499999999975,16.289499999999975
2018-07-10 04:00:00,898,856.9537698412697,41.04623015873028,41.04623015873028
2018-07-10 05:00:00,3137,2998.077269841269,138.92273015873116,138.92273015873116
2018-07-10 06:00:00,5886,5780.025996031745,105.97400396825469,105.97400396825469
2018-07-10 07:00:00,6134,6239.508238095237,-105.50823809523718,105.50823809523718
2018-07-10 08:00:00,5786,5586.788325396824,199.2116746031761,199.2116746031761
2018-07-10 09:00:00,4843,4963.515178571429,-120.5151785714288,120.5151785714288
2018-07-10 10:00:00,4442,4405.107035714285,36.8929642857147,36.8929642857147
2018-07-10 10:00:00,4442,4242.872154761903,199.1278452380966,199.1278452380966
2018-07-10 11:00:00,4586,4712.864388888888,-126.86438888888824,126.86438888888824
2018-07-10 12:00:00,4865,4800.047119047619,64.95288095238084,64.95288095238084
2018-07-10 13:00:00,4719,4853.360952380952,-134.36095238095186,134.36095238095186
2018-07-10 14:00:00,4789,5183.218511904759,-394.218511904759,394.218511904759
2018-07-10 15:00:00,5681,5357.668833333333,323.33116666666683,323.33116666666683
2018-07-10 16:00:00,6566,6471.737768398267,94.26223160173322,94.26223160173322
2018-07-10 17:00:00,6081,6162.909523809524,-81.90952380952422,81.90952380952422
2018-07-10 18:00:00,4404,4569.15986904762,-165.1598690476203,165.1598690476203
2018-07-10 19:00:00,3219,3301.8102976190476,-82.81029761904756,82.81029761904756
2018-07-10 20:00:00,3053,2834.374190476191,218.62580952380904,218.62580952380904
2018-07-10 21:00:00,3060,2780.61755952381,279.3824404761899,279.3824404761899
2018-07-10 22:00:00,2203,2385.724690476191,-182.72469047619097,182.72469047619097
2018-07-10 23:00:00,1311,1459.3154126984125,-148.3154126984125,148.3154126984125
2018-07-11 00:00:00,661,732.6694285714287,-71.66942857142874,71.66942857142874
2018-07-11 01:00:00,401,415.9449365079366,-14.944936507936575,14.944936507936575
2018-07-11 02:00:00,321,303.94379761904764,17.056202380952357,17.056202380952357
2018-07-11 03:00:00,384,361.6454523809524,22.354547619047594,22.354547619047594
2018-07-11 04:00:00,948,901.4241190476191,46.575880952380885,46.575880952380885
2018-07-11 05:00:00,3193,2926.9382503607503,266.0617496392497,266.0617496392497
2018-07-11 06:00:00,5179,5924.622198412699,-745.6221984126987,745.6221984126987
2018-07-11 07:00:00,6295,5979.6740714285725,315.32592857142754,315.32592857142754
2018-07-11 08:00:00,5930,5903.288166666668,26.711833333331924,26.711833333331924
2018-07-11 09:00:00,5025,5035.442682539683,-10.442682539683119,10.442682539683119
2018-07-11 10:00:00,4829,4524.9879206349215,304.01207936507853,304.01207936507853
2018-07-11 11:00:00,5052,5088.228238095237,-36.22823809523743,36.22823809523743
2018-07-11 12:00:00,4974,5278.277666666667,-304.27766666666685,304.27766666666685
2018-07-11 13:00:00,4779,4967.490420634919,-188.49042063491925,188.49042063491925
2018-07-11 14:00:00,4974,5001.355023809521,-27.3550238095213,27.3550238095213
2018-07-11 15:00:00,5817,5416.301698412699,400.6983015873011,400.6983015873011
2018-07-11 16:00:00,6522,6464.489166666667,57.51083333333281,57.51083333333281
2018-07-11 17:00:00,5935,6191.434287545787,-256.4342875457869,256.4342875457869
2018-07-11 18:00:00,4568,4508.699404761904,59.30059523809632,59.30059523809632
2018-07-11 19:00:00,3412,3452.147404761904,-40.147404761904,40.147404761904
2018-07-11 20:00:00,3033,3111.081869047619,-78.08186904761897,78.08186904761897
2018-07-11 21:00:00,2687,2846.529678571428,-159.52967857142812,159.52967857142812
2018-07-11 22:00:00,1960,2185.3719963924973,-225.3719963924973,225.3719963924973
2018-07-11 23:00:00,1294,1299.3933968253966,-5.393396825396621,5.393396825396621
2018-07-12 00:00:00,699,1058.7397579365079,-359.7397579365079,359.7397579365079
2018-07-12 01:00:00,408,452.65435714285695,-44.65435714285695,44.65435714285695
2018-07-12 02:00:00,296,314.2561904761904,-18.256190476190397,18.256190476190397
2018-07-12 03:00:00,364,358.5145357142856,5.485464285714386,5.485464285714386
2018-07-12 04:00:00,940,878.3147857142857,61.68521428571432,61.68521428571432
2018-07-12 05:00:00,3070,2914.6205476190476,155.37945238095244,155.37945238095244
2018-07-12 06:00:00,5702,5631.798904761905,70.20109523809515,70.20109523809515
2018-07-12 07:00:00,6456,6315.605000000001,140.39499999999862,140.39499999999862
2018-07-12 08:00:00,5583,6022.68838888889,-439.6883888888897,439.6883888888897
2018-07-12 08:00:00,5583,5262.3805,320.6194999999998,320.6194999999998
2018-07-12 09:00:00,4958,4769.931666666667,188.0683333333327,188.0683333333327
2018-07-12 10:00:00,4610,4675.735428571428,-65.7354285714282,65.7354285714282
2018-07-12 11:00:00,4848,4908.180579365079,-60.18057936507921,60.18057936507921
2018-07-12 12:00:00,4891,5115.932833333332,-224.93283333333238,224.93283333333238
2018-07-12 13:00:00,5188,4797.253507936509,390.74649206349113,390.74649206349113
2018-07-12 14:00:00,5139,5418.813035714286,-279.81303571428634,279.81303571428634
2018-07-12 15:00:00,5743,5835.903511904761,-92.90351190476122,92.90351190476122
2018-07-12 16:00:00,6612,6477.528595238094,134.47140476190634,134.47140476190634
2018-07-12 17:00:00,5795,6234.291428571429,-439.2914285714287,439.2914285714287
2018-07-12 18:00:00,3890,4322.259738095237,-432.25973809523657,432.25973809523657
2018-07-12 18:00:00,3890,3800.7443571428576,89.25564285714245,89.25564285714245
2018-07-12 18:00:00,3890,3784.189412698413,105.81058730158702,105.81058730158702
2018-07-12 19:00:00,3237,3222.272746031746,14.72725396825399,14.72725396825399
2018-07-12 19:00:00,3237,3158.574238095238,78.42576190476211,78.42576190476211
2018-07-12 19:00:00,3237,3133.253690476191,103.74630952380903,103.74630952380903
2018-07-12 20:00:00,2727,3006.357642857143,-279.3576428571432,279.3576428571432
2018-07-12 20:00:00,2727,2609.02346031746,117.97653968254008,117.97653968254008
2018-07-12 20:00:00,2727,2718.6890079365085,8.31099206349154,8.31099206349154
2018-07-12 21:00:00,2497,2704.6532380952385,-207.65323809523852,207.65323809523852
2018-07-12 21:00:00,2497,2484.7041190476184,12.295880952381594,12.295880952381594
2018-07-12 21:00:00,2497,2544.9761309523806,-47.97613095238057,47.97613095238057
2018-07-12 22:00:00,1870,2102.4859444444446,-232.4859444444446,232.4859444444446
2018-07-12 23:00:00,1320,1415.1395357142856,-95.13953571428556,95.13953571428556
2018-07-12 23:00:00,1320,1248.9138333333333,71.08616666666671,71.08616666666671
2018-07-13 00:00:00,705,790.3129166666669,-85.31291666666687,85.31291666666687
2018-07-13 01:00:00,439,480.10532142857153,-41.10532142857153,41.10532142857153
2018-07-13 01:00:00,439,447.7291904761904,-8.72919047619041,8.72919047619041
2018-07-13 02:00:00,350,392.9298373015873,-42.92983730158733,42.92983730158733
2018-07-13 02:00:00,350,344.91735714285716,5.082642857142844,5.082642857142844
2018-07-13 02:00:00,350,343.99385714285717,6.006142857142834,6.006142857142834
2018-07-13 03:00:00,373,373.94935714285714,-0.9493571428571386,0.9493571428571386
2018-07-13 03:00:00,373,376.51719047619054,-3.5171904761905353,3.5171904761905353
2018-07-13 03:00:00,373,367.95916666666665,5.040833333333353,5.040833333333353
2018-07-13 04:00:00,888,832.8417380952378,55.158261904762185,55.158261904762185
2018-07-13 04:00:00,888,873.4324761904765,14.56752380952355,14.56752380952355
2018-07-13 05:00:00,2917,2837.7536904761905,79.24630952380949,79.24630952380949
2018-07-13 05:00:00,2917,2905.127535714286,11.872464285714159,11.872464285714159
2018-07-13 06:00:00,5268,5425.156488095236,-157.15648809523645,157.15648809523645
2018-07-13 06:00:00,5268,5181.352071428572,86.64792857142766,86.64792857142766
2018-07-13 06:00:00,5268,5196.5557380952405,71.44426190475951,71.44426190475951
2018-07-13 07:00:00,5994,6075.364396825398,-81.36439682539822,81.36439682539822
2018-07-13 07:00:00,5994,6282.89480952381,-288.8948095238102,288.8948095238102
2018-07-13 07:00:00,5994,6181.442642857143,-187.44264285714326,187.44264285714326
2018-07-13 08:00:00,5288,5372.972273809523,-84.97227380952336,84.97227380952336
2018-07-13 08:00:00,5288,5065.61780952381,222.38219047618986,222.38219047618986
2018-07-13 08:00:00,5288,5078.3313333333335,209.66866666666647,209.66866666666647
2018-07-13 09:00:00,4543,4769.478500000001,-226.47850000000108,226.47850000000108
2018-07-13 09:00:00,4543,4539.1961666666675,3.803833333332477,3.803833333332477
2018-07-13 10:00:00,4392,4422.705432539683,-30.705432539682988,30.705432539682988
2018-07-13 10:00:00,4392,4338.710285714285,53.28971428571458,53.28971428571458
2018-07-13 10:00:00,4392,4343.002119047619,48.99788095238091,48.99788095238091
2018-07-13 11:00:00,4740,4709.373944444445,30.626055555554558,30.626055555554558
2018-07-13 11:00:00,4740,5096.4565,-356.45650000000023,356.45650000000023
2018-07-13 12:00:00,5123,5125.963988095238,-2.9639880952381645,2.9639880952381645
2018-07-13 12:00:00,5123,5514.905619047622,-391.90561904762217,391.90561904762217
2018-07-13 13:00:00,5059,5174.423452380953,-115.42345238095277,115.42345238095277
2018-07-13 14:00:00,5363,5444.970107142856,-81.97010714285625,81.97010714285625
2018-07-13 15:00:00,5914,5725.517357142859,188.4826428571414,188.4826428571414
2018-07-13 16:00:00,6153,5856.604190476189,296.3958095238113,296.3958095238113
2018-07-13 17:00:00,5257,5425.66388095238,-168.66388095238017,168.66388095238017
2018-07-13 18:00:00,4664,4535.616416666668,128.38358333333235,128.38358333333235
2018-07-13 19:00:00,3664,3753.2965476190475,-89.29654761904749,89.29654761904749
2018-07-13 20:00:00,3260,3187.0346587301588,72.96534126984125,72.96534126984125
2018-07-13 21:00:00,3064,3202.5484523809514,-138.5484523809514,138.5484523809514
2018-07-13 22:00:00,2835,2904.598285714285,-69.59828571428488,69.59828571428488
2018-07-13 23:00:00,1971,2220.04588095238,-249.04588095237978,249.04588095237978
2018-07-13 23:00:00,1971,1905.97275,65.0272500000001,65.0272500000001
2018-07-13 23:00:00,1971,1875.8788452380948,95.12115476190525,95.12115476190525
2018-07-14 00:00:00,1233,1350.574904761905,-117.57490476190492,117.57490476190492
2018-07-14 01:00:00,696,824.2742142857142,-128.27421428571415,128.27421428571415
2018-07-14 01:00:00,696,681.6690714285714,14.330928571428558,14.330928571428558
2018-07-14 01:00:00,696,677.936154761905,18.06384523809504,18.06384523809504
2018-07-14 02:00:00,646,636.9672976190477,9.032702380952287,9.032702380952287
2018-07-14 02:00:00,646,612.0709206349206,33.92907936507936,33.92907936507936
2018-07-14 03:00:00,437,446.6858095238095,-9.685809523809496,9.685809523809496
2018-07-14 03:00:00,437,444.4778571428571,-7.47785714285709,7.47785714285709
2018-07-14 04:00:00,444,429.23361904761913,14.766380952380871,14.766380952380871
2018-07-14 04:00:00,444,450.7660357142857,-6.766035714285692,6.766035714285692
2018-07-14 05:00:00,858,804.9724325396825,53.02756746031753,53.02756746031753
2018-07-14 05:00:00,858,853.4079761904762,4.592023809523766,4.592023809523766
2018-07-14 06:00:00,1422,1398.8220793650796,23.177920634920383,23.177920634920383
2018-07-14 06:00:00,1422,1490.4134722222225,-68.41347222222248,68.41347222222248
2018-07-14 07:00:00,1991,1933.330523809524,57.66947619047596,57.66947619047596
2018-07-14 07:00:00,1991,2059.7265238095238,-68.72652380952377,68.72652380952377
2018-07-14 08:00:00,2714,2674.055761904763,39.94423809523687,39.94423809523687
2018-07-14 08:00:00,2714,3060.1175833333336,-346.11758333333364,346.11758333333364
2018-07-14 09:00:00,3471,3450.609571428571,20.390428571428856,20.390428571428856
2018-07-14 09:00:00,3471,3834.241880952381,-363.24188095238105,363.24188095238105
2018-07-14 10:00:00,3718,3881.273238095238,-163.27323809523796,163.27323809523796
2018-07-14 11:00:00,4213,4067.4523571428576,145.54764285714236,145.54764285714236
2018-07-14 12:00:00,4524,4484.253023809524,39.746976190475834,39.746976190475834
2018-07-14 13:00:00,4218,4470.981023809525,-252.98102380952514,252.98102380952514
2018-07-14 14:00:00,4242,4278.311499999999,-36.31149999999889,36.31149999999889
2018-07-14 15:00:00,4306,4268.127666666666,37.8723333333337,37.8723333333337
2018-07-14 16:00:00,4317,4263.751047619048,53.24895238095178,53.24895238095178
2018-07-14 17:00:00,4354,4127.504642857143,226.49535714285685,226.49535714285685
2018-07-14 18:00:00,4109,4098.369853174602,10.630146825397787,10.630146825397787
2018-07-14 19:00:00,3446,3554.7264523809536,-108.72645238095356,108.72645238095356
2018-07-14 20:00:00,3192,3156.361472222223,35.6385277777772,35.6385277777772
2018-07-14 21:00:00,3272,3283.908976190476,-11.908976190476096,11.908976190476096
2018-07-14 22:00:00,3074,3294.737047619047,-220.7370476190472,220.7370476190472
2018-07-14 23:00:00,2275,2277.491583333334,-2.4915833333338924,2.4915833333338924
2018-07-15 00:00:00,1350,1502.1514960317463,-152.15149603174632,152.15149603174632
2018-07-15 01:00:00,826,939.4003095238094,-113.40030952380937,113.40030952380937
2018-07-15 02:00:00,699,654.2476111111112,44.752388888888845,44.752388888888845
2018-07-15 03:00:00,435,437.9568214285716,-2.9568214285715726,2.9568214285715726
2018-07-15 04:00:00,366,370.23075000000006,-4.230750000000057,4.230750000000057
2018-07-15 05:00:00,508,552.140738095238,-44.14073809523802,44.14073809523802
2018-07-15 05:00:00,508,549.3009523809525,-41.30095238095248,41.30095238095248
2018-07-15 06:00:00,933,879.0485714285711,53.95142857142889,53.95142857142889
2018-07-15 06:00:00,933,1120.6938650793654,-187.69386507936542,187.69386507936542
2018-07-15 07:00:00,1195,1284.9863015873016,-89.98630158730157,89.98630158730157
2018-07-15 08:00:00,1814,1877.9983333333332,-63.99833333333322,63.99833333333322
2018-07-15 09:00:00,2911,2494.456071428572,416.54392857142784,416.54392857142784
2018-07-15 10:00:00,3310,3634.013996031746,-324.01399603174605,324.01399603174605
2018-07-15 11:00:00,3655,3782.5895873015875,-127.58958730158747,127.58958730158747
2018-07-15 12:00:00,4245,4050.3284404761907,194.67155952380926,194.67155952380926
2018-07-15 13:00:00,4233,4287.962047619047,-54.96204761904664,54.96204761904664
2018-07-15 14:00:00,4129,4334.766321428571,-205.76632142857125,205.76632142857125
2018-07-15 15:00:00,4063,4245.848619047619,-182.84861904761874,182.84861904761874
2018-07-15 16:00:00,4438,4129.314626984127,308.68537301587276,308.68537301587276
2018-07-15 17:00:00,4321,4395.16430952381,-74.1643095238096,74.1643095238096
2018-07-15 18:00:00,3836,4004.9150992063514,-168.91509920635144,168.91509920635144
2018-07-15 19:00:00,3535,3457.3482142857147,77.65178571428532,77.65178571428532
2018-07-15 20:00:00,3015,3170.427559523808,-155.4275595238082,155.4275595238082
2018-07-15 21:00:00,2671,2760.1562857142853,-89.15628571428533,89.15628571428533
2018-07-15 22:00:00,2009,2216.9556428571427,-207.95564285714272,207.95564285714272
2018-07-15 23:00:00,1244,1300.6102857142855,-56.61028571428551,56.61028571428551
2018-07-16 00:00:00,721,686.381619047619,34.61838095238102,34.61838095238102
2018-07-16 01:00:00,458,452.47786904761904,5.522130952380962,5.522130952380962
2018-07-16 02:00:00,297,326.3364523809524,-29.33645238095238,29.33645238095238
2018-07-16 03:00:00,368,348.9040158730159,19.095984126984092,19.095984126984092
2018-07-16 04:00:00,935,868.674103174603,66.32589682539697,66.32589682539697
2018-07-16 05:00:00,3048,2862.9511428571427,185.0488571428573,185.0488571428573
2018-07-16 06:00:00,5593,5855.4586666666655,-262.4586666666655,262.4586666666655
2018-07-16 07:00:00,5793,6105.604884920637,-312.60488492063723,312.60488492063723
2018-07-16 08:00:00,5647,5397.045404761904,249.95459523809586,249.95459523809586
2018-07-16 09:00:00,4603,4715.756936507936,-112.75693650793619,112.75693650793619
2018-07-16 10:00:00,4346,4250.647932539682,95.35206746031781,95.35206746031781
2018-07-16 11:00:00,4504,4513.997297619047,-9.997297619046549,9.997297619046549
2018-07-16 12:00:00,4588,4749.977452380952,-161.97745238095195,161.97745238095195
2018-07-16 13:00:00,4558,4651.33680952381,-93.33680952381019,93.33680952381019
2018-07-16 14:00:00,4794,5031.937285714285,-237.93728571428528,237.93728571428528
2018-07-16 15:00:00,5558,5263.893261904762,294.10673809523814,294.10673809523814
2018-07-16 16:00:00,6269,6329.194920634921,-60.19492063492089,60.19492063492089
2018-07-16 17:00:00,5708,5844.79180952381,-136.79180952381012,136.79180952381012
2018-07-16 18:00:00,4203,4226.974547619047,-23.97454761904737,23.97454761904737
2018-07-16 19:00:00,3277,3191.561773809524,85.43822619047614,85.43822619047614
2018-07-16 20:00:00,2900,2857.950964285714,42.04903571428622,42.04903571428622
2018-07-16 21:00:00,2424,2557.6002857142857,-133.60028571428575,133.60028571428575
2018-07-16 22:00:00,1965,1846.4147738095237,118.5852261904763,118.5852261904763
2018-07-16 23:00:00,1096,1449.4660952380955,-353.4660952380955,353.4660952380955
2018-07-17 00:00:00,595,636.9367619047621,-41.93676190476208,41.93676190476208
2018-07-17 01:00:00,407,380.66002777777766,26.339972222222343,26.339972222222343
2018-07-17 02:00:00,274,298.70771428571436,-24.70771428571436,24.70771428571436
2018-07-17 03:00:00,356,349.31773809523816,6.682261904761845,6.682261904761845
2018-07-17 04:00:00,930,877.2728412698413,52.72715873015875,52.72715873015875
2018-07-17 05:00:00,3171,3000.8739404761895,170.12605952381045,170.12605952381045
2018-07-17 06:00:00,5870,5801.466650793652,68.53334920634825,68.53334920634825
2018-07-17 07:00:00,6417,6364.686674603174,52.31332539682626,52.31332539682626
2018-07-17 08:00:00,5455,5915.865166666667,-460.8651666666674,460.8651666666674
2018-07-17 09:00:00,5030,4900.733214285712,129.26678571428783,129.26678571428783
2018-07-17 10:00:00,4346,4449.297134920634,-103.29713492063365,103.29713492063365
2018-07-17 11:00:00,4540,4576.553678571428,-36.553678571427554,36.553678571427554
2018-07-17 12:00:00,4952,4765.7981190476185,186.20188095238154,186.20188095238154
2018-07-17 13:00:00,4576,4991.365142857143,-415.3651428571429,415.3651428571429
2018-07-17 14:00:00,5011,5026.369202380953,-15.369202380952629,15.369202380952629
2018-07-17 15:00:00,5573,5530.8692142857135,42.1307857142865,42.1307857142865
2018-07-17 16:00:00,6358,6355.117992063492,2.8820079365077618,2.8820079365077618
2018-07-17 17:00:00,5698,6044.015797619049,-346.0157976190494,346.0157976190494
2018-07-17 18:00:00,4360,4300.869452380952,59.13054761904823,59.13054761904823
2018-07-17 19:00:00,3337,3392.1293095238098,-55.12930952380975,55.12930952380975
2018-07-17 20:00:00,3113,3028.162166666668,84.83783333333213,84.83783333333213
2018-07-17 21:00:00,2754,2839.5967619047615,-85.59676190476148,85.59676190476148
2018-07-17 22:00:00,2209,2079.6144999999997,129.38550000000032,129.38550000000032
2018-07-17 23:00:00,1242,1401.2866428571433,-159.2866428571433,159.2866428571433
2018-07-18 00:00:00,657,677.2807976190477,-20.28079761904769,20.28079761904769
2018-07-18 01:00:00,410,417.747880952381,-7.747880952381024,7.747880952381024
2018-07-18 02:00:00,313,297.3599761904762,15.640023809523825,15.640023809523825
2018-07-18 03:00:00,377,362.68077380952377,14.319226190476229,14.319226190476229
2018-07-18 04:00:00,894,887.0880714285715,6.9119285714284615,6.9119285714284615
2018-07-18 05:00:00,3189,3016.7596428571437,172.24035714285628,172.24035714285628
2018-07-18 06:00:00,5769,5830.919619047618,-61.91961904761774,61.91961904761774
2018-07-18 07:00:00,6200,6439.765476190476,-239.76547619047597,239.76547619047597
2018-07-18 08:00:00,5696,5671.819146825396,24.180853174603726,24.180853174603726
2018-07-18 09:00:00,5129,5124.555849206349,4.444150793650806,4.444150793650806
2018-07-18 10:00:00,4560,4558.107500000001,1.8924999999990177,1.8924999999990177
2018-07-18 11:00:00,4752,4854.667297619048,-102.66729761904844,102.66729761904844
2018-07-18 12:00:00,4916,5000.42544047619,-84.42544047618958,84.42544047618958
2018-07-18 13:00:00,4714,4964.69567857143,-250.6956785714301,250.6956785714301
2018-07-18 14:00:00,5138,5010.491976190476,127.50802380952427,127.50802380952427
2018-07-18 15:00:00,5677,5581.20595238095,95.7940476190497,95.7940476190497
2018-07-18 16:00:00,6606,6412.417173160173,193.58282683982725,193.58282683982725
2018-07-18 17:00:00,6084,6258.63788095238,-174.63788095238033,174.63788095238033
2018-07-18 18:00:00,4941,4627.640265873016,313.3597341269842,313.3597341269842
2018-07-18 19:00:00,3461,3597.1265140692644,-136.12651406926443,136.12651406926443
2018-07-18 20:00:00,3177,3127.243142857142,49.756857142857825,49.756857142857825
2018-07-18 21:00:00,2949,2869.1322023809525,79.86779761904745,79.86779761904745
2018-07-18 22:00:00,2200,2181.7772460317465,18.222753968253528,18.222753968253528
2018-07-18 23:00:00,1271,1480.84975,-209.84975000000009,209.84975000000009
2018-07-19 00:00:00,697,714.5434007936509,-17.543400793650903,17.543400793650903
2018-07-19 01:00:00,423,436.90969047619035,-13.909690476190349,13.909690476190349
2018-07-19 02:00:00,303,320.4298690476191,-17.429869047619093,17.429869047619093
2018-07-19 03:00:00,369,365.44895238095233,3.551047619047665,3.551047619047665
2018-07-19 04:00:00,896,888.7021428571429,7.297857142857083,7.297857142857083
2018-07-19 05:00:00,3110,2943.229817460318,166.77018253968208,166.77018253968208
2018-07-19 06:00:00,5752,5805.910678571428,-53.910678571428434,53.910678571428434
2018-07-19 07:00:00,6246,6355.92051190476,-109.92051190476013,109.92051190476013
2018-07-19 08:00:00,5702,5853.319920634921,-151.3199206349209,151.3199206349209
2018-07-19 08:00:00,5702,5250.490249999999,451.5097500000011,451.5097500000011
2018-07-19 09:00:00,4855,4907.239523809523,-52.239523809523234,52.239523809523234
2018-07-19 10:00:00,4492,4508.283095238094,-16.283095238093665,16.283095238093665
2018-07-19 10:00:00,4492,4325.331361111112,166.66863888888838,166.66863888888838
2018-07-19 11:00:00,4677,4746.809738095237,-69.80973809523675,69.80973809523675
2018-07-19 11:00:00,4677,4864.49734920635,-187.49734920635,187.49734920635
2018-07-19 11:00:00,4677,4872.6373293650795,-195.6373293650795,195.6373293650795
2018-07-19 12:00:00,4861,4918.308134920636,-57.308134920635894,57.308134920635894
2018-07-19 12:00:00,4861,4943.406238095237,-82.40623809523731,82.40623809523731
2018-07-19 13:00:00,4734,4853.916535714285,-119.91653571428469,119.91653571428469
2018-07-19 13:00:00,4734,4783.617214285714,-49.617214285714,49.617214285714
2018-07-19 13:00:00,4734,4750.3717380952385,-16.37173809523847,16.37173809523847
2018-07-19 14:00:00,5135,5011.128904761904,123.87109523809613,123.87109523809613
2018-07-19 15:00:00,5704,5624.382250000001,79.61774999999943,79.61774999999943
2018-07-19 16:00:00,6459,6408.112142857144,50.887857142855864,50.887857142855864
2018-07-19 17:00:00,5872,6250.990964285713,-378.99096428571283,378.99096428571283
2018-07-19 17:00:00,5872,5876.3481785714275,-4.348178571427525,4.348178571427525
2018-07-19 18:00:00,4497,4568.741285714286,-71.74128571428628,71.74128571428628
2018-07-19 18:00:00,4497,4428.108404761906,68.89159523809394,68.89159523809394
2018-07-19 19:00:00,3419,3472.4769642857154,-53.47696428571544,53.47696428571544
2018-07-19 19:00:00,3419,3338.0146904761905,80.98530952380952,80.98530952380952
2018-07-19 20:00:00,2991,2983.790261904763,7.209738095236844,7.209738095236844
2018-07-19 21:00:00,2613,3115.940845238095,-502.9408452380949,502.9408452380949
2018-07-19 22:00:00,2282,1903.5431904761908,378.45680952380917,378.45680952380917
2018-07-19 22:00:00,2282,2193.346876984127,88.653123015873,88.653123015873
2018-07-19 23:00:00,1454,1378.6024642857146,75.39753571428537,75.39753571428537
2018-07-19 23:00:00,1454,1213.6055595238095,240.39444047619054,240.39444047619054
2018-07-20 00:00:00,693,843.1922142857146,-150.1922142857146,150.1922142857146
2018-07-20 01:00:00,460,416.4901428571429,43.50985714285707,43.50985714285707
2018-07-20 01:00:00,460,454.2176031746032,5.782396825396802,5.782396825396802
2018-07-20 02:00:00,360,362.47897619047626,-2.47897619047626,2.47897619047626
2018-07-20 02:00:00,360,339.9969642857143,20.003035714285716,20.003035714285716
2018-07-20 02:00:00,360,340.0199642857143,19.98003571428569,19.98003571428569
2018-07-20 03:00:00,376,367.79873809523815,8.20126190476185,8.20126190476185
2018-07-20 03:00:00,376,380.53107142857135,-4.531071428571352,4.531071428571352
2018-07-20 03:00:00,376,381.3879047619048,-5.387904761904792,5.387904761904792
2018-07-20 04:00:00,873,820.9364285714285,52.06357142857155,52.06357142857155
2018-07-20 04:00:00,873,901.8408412698413,-28.84084126984135,28.84084126984135
2018-07-20 04:00:00,873,901.8561984126986,-28.85619841269863,28.85619841269863
2018-07-20 05:00:00,2822,2796.951630952381,25.048369047618962,25.048369047618962
2018-07-20 05:00:00,2822,2813.7379920634908,8.262007936509235,8.262007936509235
2018-07-20 05:00:00,2822,2813.405492063491,8.594507936509217,8.594507936509217
2018-07-20 05:00:00,2822,2813.325492063491,8.674507936509144,8.674507936509144
2018-07-20 06:00:00,5266,5476.720619047619,-210.72061904761904,210.72061904761904
2018-07-20 06:00:00,5266,5250.098404761906,15.90159523809416,15.90159523809416
2018-07-20 06:00:00,5266,5249.617571428573,16.382428571427226,16.382428571427226
2018-07-20 07:00:00,5821,6051.031063492065,-230.0310634920652,230.0310634920652
2018-07-20 07:00:00,5821,6067.859785714285,-246.85978571428495,246.85978571428495
2018-07-20 07:00:00,5821,6106.92769047619,-285.92769047619004,285.92769047619004
2018-07-20 08:00:00,5339,5481.752448412699,-142.75244841269887,142.75244841269887
2018-07-20 08:00:00,5339,5249.018238095238,89.9817619047617,89.9817619047617
2018-07-20 09:00:00,4816,4818.981976190476,-2.9819761904764164,2.9819761904764164
2018-07-20 09:00:00,4816,4815.899071428573,0.10092857142717548,0.10092857142717548
2018-07-20 09:00:00,4816,4808.213261904763,7.786738095236615,7.786738095236615
2018-07-20 10:00:00,4592,4684.454607142857,-92.45460714285673,92.45460714285673
2018-07-20 10:00:00,4592,4549.277285714286,42.722714285713664,42.722714285713664
2018-07-20 10:00:00,4592,4565.102023809524,26.897976190475674,26.897976190475674
2018-07-20 11:00:00,4823,4879.2727034632035,-56.27270346320347,56.27270346320347
2018-07-20 12:00:00,5253,5079.535642857143,173.4643571428569,173.4643571428569
2018-07-20 12:00:00,5253,5476.923047619046,-223.92304761904597,223.92304761904597
2018-07-20 13:00:00,5169,5225.124535714285,-56.12453571428523,56.12453571428523
2018-07-20 14:00:00,5413,5431.106261904762,-18.106261904761595,18.106261904761595
2018-07-20 15:00:00,5602,5780.707238095239,-178.7072380952386,178.7072380952386
2018-07-20 16:00:00,6086,5909.267134920635,176.73286507936518,176.73286507936518
2018-07-20 17:00:00,4987,5360.244047619046,-373.2440476190459,373.2440476190459
2018-07-20 18:00:00,4465,4504.357873015874,-39.35787301587425,39.35787301587425
2018-07-20 18:00:00,4465,4103.65805952381,361.34194047618985,361.34194047618985
2018-07-20 19:00:00,3574,3621.2267500000003,-47.226750000000266,47.226750000000266
2018-07-20 20:00:00,3124,3114.3100000000004,9.6899999999996,9.6899999999996
2018-07-20 21:00:00,3121,3237.4734801587306,-116.47348015873058,116.47348015873058
2018-07-20 22:00:00,3032,2799.9688650793646,232.0311349206354,232.0311349206354
2018-07-20 23:00:00,2030,2367.4984047619046,-337.49840476190457,337.49840476190457
2018-07-21 00:00:00,1235,1294.0221904761902,-59.02219047619019,59.02219047619019
2018-07-21 01:00:00,781,817.4315793650792,-36.43157936507919,36.43157936507919
2018-07-21 02:00:00,648,604.2230873015873,43.77691269841273,43.77691269841273
2018-07-21 03:00:00,418,456.97355555555566,-38.97355555555566,38.97355555555566
2018-07-21 04:00:00,478,438.34307142857125,39.65692857142875,39.65692857142875
2018-07-21 05:00:00,903,898.7194761904761,4.2805238095238565,4.2805238095238565
2018-07-21 06:00:00,1500,1494.0501190476193,5.949880952380681,5.949880952380681
2018-07-21 07:00:00,2236,1967.796392857143,268.203607142857,268.203607142857
2018-07-21 08:00:00,3031,3099.122476190476,-68.12247619047594,68.12247619047594
2018-07-21 09:00:00,3883,3772.804202380951,110.19579761904879,110.19579761904879
2018-07-21 10:00:00,4045,4240.416285714286,-195.41628571428555,195.41628571428555
2018-07-21 11:00:00,4418,4365.294178571428,52.70582142857165,52.70582142857165
2018-07-21 12:00:00,4505,4724.242999999998,-219.24299999999766,219.24299999999766
2018-07-21 13:00:00,4644,4436.206511904764,207.79348809523617,207.79348809523617
2018-07-21 14:00:00,4796,4734.384198412698,61.615801587301576,61.615801587301576
2018-07-21 15:00:00,4674,4700.985666666667,-26.985666666667385,26.985666666667385
2018-07-21 16:00:00,4788,4620.290630952383,167.70936904761675,167.70936904761675
2018-07-21 17:00:00,4562,4556.360238095239,5.639761904761144,5.639761904761144
2018-07-21 18:00:00,4253,4230.142547619048,22.857452380952054,22.857452380952054
2018-07-21 19:00:00,3815,3556.0901904761918,258.90980952380824,258.90980952380824
2018-07-21 20:00:00,3434,3435.2581825396833,-1.2581825396832755,1.2581825396832755
2018-07-21 21:00:00,3435,3356.6588730158737,78.34112698412628,78.34112698412628
2018-07-21 22:00:00,3131,3381.487623015874,-250.48762301587385,250.48762301587385
2018-07-21 23:00:00,2292,2279.480452380952,12.519547619047898,12.519547619047898
2018-07-22 00:00:00,1408,1494.1763571428571,-86.17635714285711,86.17635714285711
2018-07-22 01:00:00,969,918.1247380952384,50.8752619047616,50.8752619047616
2018-07-22 02:00:00,749,758.5077738095239,-9.507773809523883,9.507773809523883
2018-07-22 03:00:00,344,457.51996825396816,-113.51996825396816,113.51996825396816
2018-07-22 04:00:00,355,300.40350000000007,54.596499999999935,54.596499999999935
2018-07-22 05:00:00,525,568.0017619047621,-43.001761904762134,43.001761904762134
2018-07-22 06:00:00,902,935.7634761904762,-33.76347619047624,33.76347619047624
2018-07-22 07:00:00,1297,1208.8998668831168,88.10013311688317,88.10013311688317
2018-07-22 08:00:00,2009,1925.1659404761908,83.83405952380917,83.83405952380917
2018-07-22 09:00:00,2927,2818.1634126984122,108.83658730158777,108.83658730158777
2018-07-22 10:00:00,3711,3538.687202380953,172.31279761904716,172.31279761904716
2018-07-22 11:00:00,4021,4122.0470952380965,-101.04709523809652,101.04709523809652
2018-07-22 12:00:00,4250,4354.96673015873,-104.96673015872966,104.96673015872966
2018-07-22 13:00:00,4491,4300.35246031746,190.6475396825399,190.6475396825399
2018-07-22 14:00:00,4463,4398.735452380953,64.26454761904733,64.26454761904733
2018-07-22 15:00:00,4657,4379.970627705627,277.0293722943734,277.0293722943734
2018-07-22 16:00:00,4875,4655.742027777778,219.25797222222172,219.25797222222172
2018-07-22 17:00:00,4657,4621.312638888889,35.687361111111386,35.687361111111386
2018-07-22 18:00:00,4098,4273.452416666666,-175.45241666666607,175.45241666666607
2018-07-22 19:00:00,3661,3529.647111111111,131.35288888888908,131.35288888888908
2018-07-22 20:00:00,3135,3260.9544523809523,-125.95445238095226,125.95445238095226
2018-07-22 21:00:00,2803,2757.3889999999997,45.61100000000033,45.61100000000033
2018-07-22 22:00:00,2224,2149.739686507937,74.26031349206278,74.26031349206278
2018-07-22 23:00:00,1397,1548.6220238095236,-151.62202380952363,151.62202380952363
2018-07-23 00:00:00,714,749.934416666667,-35.93441666666695,35.93441666666695
2018-07-23 01:00:00,402,446.6962499999999,-44.69624999999991,44.69624999999991
2018-07-23 02:00:00,354,305.55890873015875,48.44109126984125,48.44109126984125
2018-07-23 02:00:00,354,310.45559523809527,43.54440476190473,43.54440476190473
2018-07-23 03:00:00,355,361.8721428571428,-6.872142857142819,6.872142857142819
2018-07-23 03:00:00,355,360.2702619047619,-5.270261904761924,5.270261904761924
2018-07-23 04:00:00,957,858.7988333333333,98.20116666666672,98.20116666666672
2018-07-23 04:00:00,957,958.6150079365079,-1.6150079365079364,1.6150079365079364
2018-07-23 05:00:00,3008,2808.8678333333332,199.13216666666676,199.13216666666676
2018-07-23 05:00:00,3008,3003.551976190477,4.448023809522965,4.448023809522965
2018-07-23 06:00:00,5617,5762.67211038961,-145.67211038960977,145.67211038960977
2018-07-23 06:00:00,5617,5573.767357142858,43.23264285714231,43.23264285714231
2018-07-23 07:00:00,6306,6299.000178571428,6.999821428572432,6.999821428572432
2018-07-23 07:00:00,6306,6349.134857142855,-43.13485714285525,43.13485714285525
2018-07-23 08:00:00,5522,6117.926238095237,-595.9262380952368,595.9262380952368
2018-07-23 09:00:00,4735,4631.224071428572,103.77592857142827,103.77592857142827
2018-07-23 10:00:00,4209,4289.759976190478,-80.75997619047757,80.75997619047757
2018-07-23 11:00:00,4485,4377.334571428571,107.6654285714294,107.6654285714294
2018-07-23 12:00:00,4800,4702.804817460318,97.19518253968181,97.19518253968181
2018-07-23 13:00:00,4475,4870.266944444445,-395.26694444444456,395.26694444444456
2018-07-23 14:00:00,4677,4662.801642857144,14.198357142856366,14.198357142856366
2018-07-23 15:00:00,5413,5020.531730158729,392.46826984127074,392.46826984127074
2018-07-23 16:00:00,6317,6173.339690476188,143.66030952381243,143.66030952381243
2018-07-23 17:00:00,5701,5858.041523809524,-157.04152380952382,157.04152380952382
2018-07-23 18:00:00,4293,4217.954476190476,75.04552380952373,75.04552380952373
2018-07-23 19:00:00,3143,3229.214642857143,-86.21464285714319,86.21464285714319
2018-07-23 20:00:00,2833,2684.944619047619,148.0553809523808,148.0553809523808
2018-07-23 21:00:00,2492,2535.816369047619,-43.81636904761899,43.81636904761899
2018-07-23 22:00:00,1690,1893.2845000000002,-203.2845000000002,203.2845000000002
2018-07-23 23:00:00,1182,1173.223357142857,8.776642857143088,8.776642857143088
2018-07-24 00:00:00,638,682.0926666666668,-44.09266666666679,44.09266666666679
2018-07-24 01:00:00,391,403.20947222222225,-12.209472222222246,12.209472222222246
2018-07-24 02:00:00,297,290.6807182539682,6.319281746031777,6.319281746031777
2018-07-24 03:00:00,390,342.5763650793651,47.423634920634925,47.423634920634925
2018-07-24 04:00:00,891,899.4240238095238,-8.42402380952376,8.42402380952376
2018-07-24 05:00:00,3184,2976.711702380953,207.28829761904717,207.28829761904717
2018-07-24 06:00:00,5782,5926.857246031747,-144.8572460317473,144.8572460317473
2018-07-24 07:00:00,6409,6385.497773809528,23.502226190472356,23.502226190472356
2018-07-24 08:00:00,5658,5856.270194444444,-198.27019444444431,198.27019444444431
2018-07-24 09:00:00,4984,4998.011242063492,-14.011242063492318,14.011242063492318
2018-07-24 10:00:00,4386,4412.065968253967,-26.065968253967185,26.065968253967185
2018-07-24 11:00:00,4634,4607.6286666666665,26.371333333333496,26.371333333333496
2018-07-24 12:00:00,4805,4797.3552976190485,7.644702380951458,7.644702380951458
2018-07-24 13:00:00,4664,4861.525619047618,-197.52561904761842,197.52561904761842
2018-07-24 14:00:00,4944,4942.022261904763,1.9777380952373278,1.9777380952373278
2018-07-24 15:00:00,5699,5431.549809523811,267.45019047618916,267.45019047618916
2018-07-24 16:00:00,6558,6467.536119047618,90.46388095238217,90.46388095238217
2018-07-24 17:00:00,5636,6199.950214285711,-563.9502142857109,563.9502142857109
2018-07-24 18:00:00,4430,4293.635499999999,136.3645000000006,136.3645000000006
2018-07-24 19:00:00,3371,3347.146869047618,23.85313095238189,23.85313095238189
2018-07-24 20:00:00,3266,3041.7697380952386,224.2302619047614,224.2302619047614
2018-07-24 21:00:00,2727,3043.9155476190485,-316.91554761904854,316.91554761904854
2018-07-24 22:00:00,2178,2067.600273809524,110.39972619047603,110.39972619047603
2018-07-24 23:00:00,1269,1301.811738095238,-32.81173809523807,32.81173809523807
2018-07-25 00:00:00,664,702.0223333333336,-38.02233333333356,38.02233333333356
2018-07-25 01:00:00,388,413.19071428571425,-25.19071428571425,25.19071428571425
2018-07-25 02:00:00,290,292.812619047619,-2.812619047619023,2.812619047619023
2018-07-25 03:00:00,372,349.864361111111,22.13563888888899,22.13563888888899
2018-07-25 04:00:00,955,890.36225,64.63774999999998,64.63774999999998
2018-07-25 05:00:00,3121,3021.513404761905,99.4865952380951,99.4865952380951
2018-07-25 06:00:00,5926,5761.790928571428,164.20907142857232,164.20907142857232
2018-07-25 07:00:00,6595,6418.332083333333,176.66791666666722,176.66791666666722
2018-07-25 08:00:00,5651,5886.500634920635,-235.5006349206351,235.5006349206351
2018-07-25 09:00:00,4974,5077.933476190477,-103.93347619047745,103.93347619047745
2018-07-25 09:00:00,4974,4921.543904761904,52.45609523809617,52.45609523809617
2018-07-25 10:00:00,4545,4468.351404761903,76.64859523809719,76.64859523809719
2018-07-25 11:00:00,4879,4735.022773809523,143.97722619047727,143.97722619047727
2018-07-25 12:00:00,4799,5083.03438095238,-284.03438095238016,284.03438095238016
2018-07-25 13:00:00,4860,4890.2640952380925,-30.264095238092523,30.264095238092523
2018-07-25 14:00:00,5032,5307.884809523809,-275.88480952380905,275.88480952380905
2018-07-25 15:00:00,5826,5676.903539682539,149.0964603174607,149.0964603174607
2018-07-25 15:00:00,5826,6057.6643571428585,-231.66435714285853,231.66435714285853
2018-07-25 16:00:00,6668,6609.4970555555565,58.50294444444353,58.50294444444353
2018-07-25 16:00:00,6668,6659.963678571428,8.036321428571682,8.036321428571682
2018-07-25 17:00:00,6108,6245.725047619048,-137.72504761904838,137.72504761904838
2018-07-25 18:00:00,4459,4619.013249999999,-160.01324999999906,160.01324999999906
2018-07-25 19:00:00,3473,3320.3954047619045,152.6045952380955,152.6045952380955
2018-07-25 20:00:00,3053,3149.1448333333333,-96.14483333333328,96.14483333333328
2018-07-25 21:00:00,3072,2770.5818452380954,301.4181547619046,301.4181547619046
2018-07-25 22:00:00,2422,2442.56886904762,-20.568869047619955,20.568869047619955
2018-07-25 23:00:00,1922,1555.180273809523,366.819726190477,366.819726190477
2018-07-26 00:00:00,750,917.8036904761902,-167.80369047619024,167.80369047619024
2018-07-26 01:00:00,411,469.6462738095239,-58.646273809523905,58.646273809523905
2018-07-26 02:00:00,306,317.6260317460317,-11.626031746031686,11.626031746031686
2018-07-26 03:00:00,409,377.70747619047614,31.292523809523857,31.292523809523857
2018-07-26 04:00:00,911,902.9646666666667,8.035333333333256,8.035333333333256
2018-07-26 05:00:00,3147,2968.052904761905,178.9470952380948,178.9470952380948
2018-07-26 06:00:00,5813,5775.666976190479,37.333023809521364,37.333023809521364
2018-07-26 07:00:00,6299,6059.465182539682,239.53481746031775,239.53481746031775
2018-07-26 08:00:00,5866,5993.552904761907,-127.55290476190658,127.55290476190658
2018-07-26 09:00:00,4925,5096.443674603177,-171.443674603177,171.443674603177
2018-07-26 10:00:00,4390,4534.402523809524,-144.4025238095237,144.4025238095237
2018-07-26 11:00:00,4654,4659.349035714286,-5.349035714286401,5.349035714286401
2018-07-26 12:00:00,4806,4927.730015873016,-121.73001587301587,121.73001587301587
2018-07-26 13:00:00,5029,4921.153555555555,107.8464444444453,107.8464444444453
2018-07-26 14:00:00,5264,5226.822107142857,37.17789285714298,37.17789285714298
2018-07-26 14:00:00,5264,5438.836666666667,-174.83666666666704,174.83666666666704
2018-07-26 14:00:00,5264,5514.375261904762,-250.37526190476183,250.37526190476183
2018-07-26 15:00:00,5752,5803.862857142857,-51.86285714285714,51.86285714285714
2018-07-26 16:00:00,6566,6486.388293650794,79.61170634920563,79.61170634920563
2018-07-26 17:00:00,5905,6194.543142857142,-289.5431428571419,289.5431428571419
2018-07-26 18:00:00,4555,4415.104559523811,139.89544047618892,139.89544047618892
2018-07-26 19:00:00,3707,3521.495730158731,185.50426984126898,185.50426984126898
2018-07-26 20:00:00,3154,3271.130063492064,-117.13006349206398,117.13006349206398
2018-07-26 21:00:00,3206,3131.9977380952378,74.00226190476224,74.00226190476224
2018-07-26 22:00:00,2959,2466.0561349206346,492.9438650793654,492.9438650793654
2018-07-26 23:00:00,1412,1937.1256904761906,-525.1256904761906,525.1256904761906
2018-07-27 00:00:00,774,813.5314126984126,-39.53141269841262,39.53141269841262
2018-07-27 01:00:00,456,474.64848809523824,-18.648488095238235,18.648488095238235
2018-07-27 02:00:00,344,352.56094047619047,-8.560940476190467,8.560940476190467
2018-07-27 03:00:00,390,382.13217063492067,7.867829365079331,7.867829365079331
2018-07-27 04:00:00,836,836.7726547619047,-0.7726547619047324,0.7726547619047324
2018-07-27 05:00:00,2945,2737.0569642857135,207.94303571428645,207.94303571428645
2018-07-27 06:00:00,5353,5507.905297619046,-154.905297619046,154.905297619046
2018-07-27 07:00:00,5950,6103.458761904762,-153.45876190476156,153.45876190476156
2018-07-27 08:00:00,5232,5525.6592142857135,-293.65921428571346,293.65921428571346
2018-07-27 09:00:00,4674,4733.378571428572,-59.378571428572286,59.378571428572286
2018-07-27 10:00:00,4571,4643.480527777777,-72.48052777777684,72.48052777777684
2018-07-27 11:00:00,4813,4877.852154761905,-64.85215476190479,64.85215476190479
2018-07-27 12:00:00,5121,5072.651333333335,48.34866666666494,48.34866666666494
2018-07-27 13:00:00,5228,5109.895119047619,118.10488095238088,118.10488095238088
2018-07-27 14:00:00,5400,5510.375857142857,-110.37585714285706,110.37585714285706
2018-07-27 15:00:00,5795,5818.11380952381,-23.113809523810232,23.113809523810232
2018-07-27 16:00:00,6254,6252.926884920635,1.0731150793653796,1.0731150793653796
2018-07-27 17:00:00,5160,5532.322166666667,-372.3221666666668,372.3221666666668
2018-07-27 18:00:00,4303,4374.120928571428,-71.12092857142761,71.12092857142761
2018-07-27 19:00:00,3506,3634.3691190476197,-128.36911904761973,128.36911904761973
2018-07-27 20:00:00,3184,3146.0125119047625,37.987488095237495,37.987488095237495
2018-07-27 21:00:00,3191,3269.9951031746036,-78.99510317460363,78.99510317460363
2018-07-27 22:00:00,3112,2836.6268928571426,275.3731071428574,275.3731071428574
2018-07-27 23:00:00,2048,2196.131083333333,-148.1310833333332,148.1310833333332
2018-07-28 00:00:00,1225,1351.7842727272728,-126.78427272727276,126.78427272727276
2018-07-28 01:00:00,871,804.4992539682542,66.50074603174585,66.50074603174585
2018-07-28 02:00:00,581,657.9301666666667,-76.93016666666665,76.93016666666665
2018-07-28 03:00:00,384,429.0177619047619,-45.017761904761926,45.017761904761926
2018-07-28 04:00:00,451,406.8265317460318,44.173468253968224,44.173468253968224
2018-07-28 05:00:00,902,834.4221984126981,67.5778015873019,67.5778015873019
2018-07-28 06:00:00,1530,1518.168031746032,11.831968253967943,11.831968253967943
2018-07-28 07:00:00,1974,2165.182285714286,-191.18228571428608,191.18228571428608
2018-07-28 08:00:00,2713,2829.5012936507933,-116.50129365079329,116.50129365079329
2018-07-28 09:00:00,3457,3499.1069007936517,-42.106900793651675,42.106900793651675
2018-07-28 10:00:00,3639,3843.917206349205,-204.91720634920512,204.91720634920512
2018-07-28 11:00:00,4009,3936.3045476190473,72.6954523809527,72.6954523809527
2018-07-28 12:00:00,4158,4278.436341269843,-120.43634126984307,120.43634126984307
2018-07-28 13:00:00,4229,4312.292337301587,-83.2923373015874,83.2923373015874
2018-07-28 14:00:00,4175,4332.182658730158,-157.18265873015844,157.18265873015844
2018-07-28 15:00:00,3948,4295.6276746031745,-347.62767460317446,347.62767460317446
2018-07-28 16:00:00,3974,4033.1204642857165,-59.12046428571648,59.12046428571648
2018-07-28 17:00:00,4007,3850.169083333333,156.83091666666678,156.83091666666678
2018-07-28 18:00:00,3657,3816.4689642857143,-159.46896428571426,159.46896428571426
2018-07-28 19:00:00,3247,3479.716047619047,-232.716047619047,232.716047619047
2018-07-28 20:00:00,2937,3021.7029999999995,-84.70299999999952,84.70299999999952
2018-07-28 20:00:00,2937,2822.237154761903,114.76284523809682,114.76284523809682
2018-07-28 21:00:00,3001,2935.600523809524,65.39947619047598,65.39947619047598
2018-07-28 22:00:00,3005,2865.8033333333337,139.19666666666626,139.19666666666626
2018-07-28 23:00:00,1968,2394.2499960317455,-426.24999603174547,426.24999603174547
2018-07-29 00:00:00,1487,1408.5559523809527,78.4440476190473,78.4440476190473
2018-07-29 01:00:00,924,933.1869285714284,-9.186928571428439,9.186928571428439
2018-07-29 02:00:00,869,643.3969523809525,225.60304761904752,225.60304761904752
2018-07-29 03:00:00,546,491.0006190476189,54.9993809523811,54.9993809523811
2018-07-29 04:00:00,378,458.8832142857142,-80.88321428571419,80.88321428571419
2018-07-29 05:00:00,657,589.8558809523812,67.1441190476188,67.1441190476188
2018-07-29 06:00:00,1210,1039.6220476190474,170.3779523809526,170.3779523809526
2018-07-29 07:00:00,1286,1285.3843095238094,0.6156904761905935,0.6156904761905935
2018-07-29 07:00:00,1286,1448.0520079365076,-162.0520079365076,162.0520079365076
2018-07-29 08:00:00,1866,1901.4494285714288,-35.449428571428825,35.449428571428825
2018-07-29 08:00:00,1866,2371.2828571428563,-505.2828571428563,505.2828571428563
2018-07-29 09:00:00,2855,2689.1983571428573,165.80164285714272,165.80164285714272
2018-07-29 10:00:00,3500,3573.1240674603177,-73.12406746031775,73.12406746031775
2018-07-29 11:00:00,3824,4058.9225714285717,-234.9225714285717,234.9225714285717
2018-07-29 12:00:00,4016,4164.760916666666,-148.76091666666616,148.76091666666616
2018-07-29 13:00:00,4489,4088.832571428571,400.1674285714289,400.1674285714289
2018-07-29 14:00:00,4435,4474.146214285714,-39.14621428571445,39.14621428571445
2018-07-29 15:00:00,4412,4464.963785714285,-52.96378571428522,52.96378571428522
2018-07-29 15:00:00,4412,4416.57930952381,-4.57930952380957,4.57930952380957
2018-07-29 16:00:00,4485,4399.832714285715,85.16728571428484,85.16728571428484
2018-07-29 16:00:00,4485,4393.8468095238095,91.1531904761905,91.1531904761905
2018-07-29 16:00:00,4485,4407.755642857143,77.24435714285664,77.24435714285664
2018-07-29 17:00:00,4146,4262.321178571428,-116.32117857142839,116.32117857142839
2018-07-29 17:00:00,4146,3996.066023809524,149.9339761904762,149.9339761904762
2018-07-29 18:00:00,3947,3970.7548928571423,-23.754892857142295,23.754892857142295
2018-07-29 19:00:00,3604,3521.062476190477,82.9375238095231,82.9375238095231
2018-07-29 20:00:00,3344,3190.179047619047,153.8209523809528,153.8209523809528
2018-07-29 21:00:00,2794,2935.897952380952,-141.89795238095212,141.89795238095212
2018-07-29 22:00:00,2084,2269.2938214285723,-185.2938214285723,185.2938214285723
2018-07-29 23:00:00,1224,1342.4821944444445,-118.48219444444453,118.48219444444453
2018-07-30 00:00:00,640,664.4985,-24.498500000000035,24.498500000000035
2018-07-30 01:00:00,384,406.5676309523809,-22.56763095238091,22.56763095238091
2018-07-30 02:00:00,317,294.4286349206349,22.57136507936508,22.57136507936508
2018-07-30 03:00:00,333,337.21121031746037,-4.21121031746037,4.21121031746037
2018-07-30 04:00:00,915,836.1617857142857,78.83821428571434,78.83821428571434
2018-07-30 05:00:00,3051,2693.6272777777776,357.37272222222236,357.37272222222236
2018-07-30 06:00:00,5560,5799.090785714285,-239.09078571428472,239.09078571428472
2018-07-30 07:00:00,6313,6295.9590317460315,17.040968253968458,17.040968253968458
2018-07-30 07:00:00,6313,6382.40007142857,-69.4000714285703,69.4000714285703
2018-07-30 08:00:00,5427,5946.235611111109,-519.2356111111094,519.2356111111094
2018-07-30 09:00:00,4638,4585.681369047619,52.31863095238077,52.31863095238077
2018-07-30 10:00:00,4233,4279.680511904763,-46.68051190476308,46.68051190476308
2018-07-30 11:00:00,4491,4436.104690476188,54.8953095238121,54.8953095238121
2018-07-30 12:00:00,4522,4711.871817460317,-189.8718174603173,189.8718174603173
2018-07-30 13:00:00,4625,4668.576285714286,-43.576285714286314,43.576285714286314
2018-07-30 14:00:00,4808,4941.1460952380985,-133.1460952380985,133.1460952380985
2018-07-30 15:00:00,5483,5267.562380952381,215.43761904761868,215.43761904761868
2018-07-30 16:00:00,5632,6286.589849206349,-654.5898492063488,654.5898492063488
2018-07-30 17:00:00,5590,5613.700428571427,-23.700428571427437,23.700428571427437
2018-07-30 18:00:00,4288,3971.2816269841255,316.7183730158745,316.7183730158745
2018-07-30 19:00:00,3190,3300.144642857144,-110.14464285714394,110.14464285714394
2018-07-30 20:00:00,2911,2785.8868888888887,125.11311111111127,125.11311111111127
2018-07-30 21:00:00,2431,2644.627904761905,-213.62790476190503,213.62790476190503
2018-07-30 22:00:00,1742,1867.8326666666667,-125.83266666666668,125.83266666666668
2018-07-30 23:00:00,1116,1124.6971547619046,-8.697154761904585,8.697154761904585
2018-07-31 00:00:00,625,657.145,-32.14499999999998,32.14499999999998
2018-07-31 01:00:00,368,410.21452380952377,-42.21452380952377,42.21452380952377
2018-07-31 02:00:00,299,277.1338571428571,21.866142857142904,21.866142857142904
2018-07-31 03:00:00,352,348.7624285714285,3.2375714285715276,3.2375714285715276
2018-07-31 04:00:00,819,855.2286666666665,-36.22866666666653,36.22866666666653
2018-07-31 05:00:00,2764,2901.222924603174,-137.22292460317385,137.22292460317385
2018-07-31 06:00:00,4240,5672.600618326117,-1432.600618326117,1432.600618326117
2018-07-31 07:00:00,5655,4474.181634920635,1180.8183650793653,1180.8183650793653
2018-07-31 08:00:00,5960,5511.488785714287,448.5112142857133,448.5112142857133
2018-07-31 09:00:00,4925,5070.453448412699,-145.4534484126989,145.4534484126989
2018-07-31 10:00:00,4455,4394.744892857142,60.25510714285792,60.25510714285792
2018-07-31 11:00:00,4727,4677.436666666668,49.563333333331684,49.563333333331684
2018-07-31 12:00:00,4998,4978.366107142858,19.6338928571422,19.6338928571422
2018-07-31 13:00:00,4875,5055.21069047619,-180.2106904761904,180.2106904761904
2018-07-31 14:00:00,4922,5171.593309523809,-249.59330952380878,249.59330952380878
2018-07-31 15:00:00,5722,5322.9917380952365,399.00826190476346,399.00826190476346
2018-07-31 16:00:00,6357,6557.885952380952,-200.8859523809524,200.8859523809524
2018-07-31 17:00:00,5912,6008.726476190478,-96.72647619047802,96.72647619047802
2018-07-31 18:00:00,4740,4473.598904761907,266.40109523809315,266.40109523809315
2018-07-31 19:00:00,3288,3512.809865079365,-224.80986507936495,224.80986507936495
2018-07-31 20:00:00,3076,2952.2109880952385,123.78901190476154,123.78901190476154
2018-07-31 21:00:00,2686,2806.4281071428563,-120.42810714285633,120.42810714285633
2018-07-31 22:00:00,2152,2118.454642857143,33.54535714285703,33.54535714285703
2018-07-31 23:00:00,1263,1385.9705119047621,-122.97051190476213,122.97051190476213
2018-08-01 00:00:00,662,677.0414761904763,-15.04147619047626,15.04147619047626
2018-08-01 01:00:00,398,426.6896071428571,-28.689607142857085,28.689607142857085
2018-08-01 02:00:00,352,304.701775974026,47.29822402597398,47.29822402597398
2018-08-01 03:00:00,409,390.1462063492064,18.85379365079359,18.85379365079359
2018-08-01 04:00:00,908,905.9144166666665,2.0855833333334886,2.0855833333334886
2018-08-01 05:00:00,3063,2951.3300833333337,111.66991666666627,111.66991666666627
2018-08-01 05:00:00,3063,3044.4031904761905,18.596809523809497,18.596809523809497
2018-08-01 06:00:00,5431,5776.9837499999985,-345.9837499999985,345.9837499999985
2018-08-01 06:00:00,5431,5427.875821428572,3.124178571428274,3.124178571428274
2018-08-01 07:00:00,5853,6041.139297619049,-188.1392976190491,188.1392976190491
2018-08-01 07:00:00,5853,6048.9545595238105,-195.95455952381053,195.95455952381053
2018-08-01 08:00:00,5873,5733.755880952382,139.24411904761837,139.24411904761837
2018-08-01 09:00:00,5068,5142.188317460318,-74.1883174603181,74.1883174603181
2018-08-01 09:00:00,5068,4924.310666666668,143.6893333333319,143.6893333333319
2018-08-01 10:00:00,4665,4594.4925,70.50749999999971,70.50749999999971
2018-08-01 11:00:00,4986,4870.8570714285715,115.14292857142846,115.14292857142846
2018-08-01 12:00:00,5141,5196.198488095239,-55.198488095238645,55.198488095238645
2018-08-01 13:00:00,4874,5230.441142857145,-356.44114285714477,356.44114285714477
2018-08-01 14:00:00,5044,5285.697952380953,-241.6979523809532,241.6979523809532
2018-08-01 15:00:00,5655,5529.166341269843,125.83365873015737,125.83365873015737
2018-08-01 15:00:00,5655,5787.386797619047,-132.38679761904677,132.38679761904677
2018-08-01 16:00:00,6455,6437.920202380956,17.079797619044257,17.079797619044257
2018-08-01 17:00:00,5773,6121.421964285715,-348.42196428571515,348.42196428571515
2018-08-01 18:00:00,4500,4282.949880952379,217.05011904762068,217.05011904762068
2018-08-01 19:00:00,3389,3356.3668095238095,32.63319047619052,32.63319047619052
2018-08-01 20:00:00,2992,2946.6306904761896,45.36930952381044,45.36930952381044
2018-08-01 21:00:00,2559,2642.9858492063486,-83.98584920634858,83.98584920634858
2018-08-01 22:00:00,2344,1885.7074642857142,458.2925357142858,458.2925357142858
2018-08-01 23:00:00,1320,1444.573285714286,-124.57328571428593,124.57328571428593
2018-08-02 00:00:00,709,887.342404761905,-178.34240476190496,178.34240476190496
2018-08-02 01:00:00,413,429.2797142857142,-16.279714285714192,16.279714285714192
2018-08-02 02:00:00,324,296.3615952380953,27.638404761904724,27.638404761904724
2018-08-02 03:00:00,403,359.3384761904761,43.661523809523885,43.661523809523885
2018-08-02 04:00:00,887,900.6334523809522,-13.633452380952235,13.633452380952235
2018-08-02 05:00:00,3091,3001.9230238095242,89.07697619047576,89.07697619047576
2018-08-02 06:00:00,5589,5781.7571626984145,-192.7571626984145,192.7571626984145
2018-08-02 07:00:00,6435,6505.524333333335,-70.52433333333465,70.52433333333465
2018-08-02 08:00:00,5736,5903.731166666666,-167.73116666666556,167.73116666666556
2018-08-02 09:00:00,4976,4970.01153174603,5.988468253969586,5.988468253969586
2018-08-02 10:00:00,4388,4538.017547619048,-150.01754761904795,150.01754761904795
2018-08-02 11:00:00,4652,4646.703547619048,5.29645238095236,5.29645238095236
2018-08-02 12:00:00,4977,4871.68319047619,105.31680952380975,105.31680952380975
2018-08-02 13:00:00,4931,5017.859603174602,-86.85960317460194,86.85960317460194
2018-08-02 14:00:00,5104,5198.222523809522,-94.22252380952159,94.22252380952159
2018-08-02 15:00:00,5707,5598.869928571428,108.13007142857168,108.13007142857168
2018-08-02 16:00:00,6303,6303.823444444444,-0.8234444444442488,0.8234444444442488
2018-08-02 17:00:00,5783,5960.687916666666,-177.68791666666584,177.68791666666584
2018-08-02 18:00:00,4569,4436.801591269841,132.19840873015892,132.19840873015892
2018-08-02 19:00:00,3570,3592.7994841269856,-22.79948412698559,22.79948412698559
2018-08-02 20:00:00,3103,3245.5046428571422,-142.50464285714224,142.50464285714224
2018-08-02 21:00:00,3023,2992.2991428571427,30.70085714285733,30.70085714285733
2018-08-02 22:00:00,2303,2348.087321428571,-45.08732142857116,45.08732142857116
2018-08-02 23:00:00,1379,1392.4857857142858,-13.48578571428584,13.48578571428584
2018-08-03 00:00:00,778,1087.3415833333336,-309.3415833333336,309.3415833333336
2018-08-03 01:00:00,435,454.7271904761906,-19.72719047619057,19.72719047619057
2018-08-03 02:00:00,371,345.3814761904762,25.618523809523822,25.618523809523822
2018-08-03 03:00:00,398,406.9441904761905,-8.9441904761905,8.9441904761905
2018-08-03 04:00:00,853,859.483595238095,-6.483595238094949,6.483595238094949
2018-08-03 05:00:00,2900,2815.678968253968,84.32103174603208,84.32103174603208
2018-08-03 06:00:00,5265,5357.721238095238,-92.72123809523782,92.72123809523782
2018-08-03 07:00:00,5783,6121.257912698414,-338.25791269841375,338.25791269841375
2018-08-03 08:00:00,5213,5462.252988095239,-249.25298809523883,249.25298809523883
2018-08-03 09:00:00,4577,4815.459305555556,-238.45930555555606,238.45930555555606
2018-08-03 10:00:00,4384,4531.602738095238,-147.60273809523824,147.60273809523824
2018-08-03 10:00:00,4384,4372.680500000001,11.319499999998698,11.319499999998698
2018-08-03 11:00:00,4820,4676.465365079364,143.53463492063565,143.53463492063565
2018-08-03 11:00:00,4820,5112.122190476191,-292.12219047619055,292.12219047619055
2018-08-03 11:00:00,4820,5092.184047619046,-272.1840476190464,272.1840476190464
2018-08-03 12:00:00,5073,5200.855833333334,-127.85583333333398,127.85583333333398
2018-08-03 13:00:00,5067,5037.286976190477,29.713023809523293,29.713023809523293
2018-08-03 14:00:00,5456,5343.574976190475,112.42502380952465,112.42502380952465
2018-08-03 15:00:00,5646,5843.10246825397,-197.10246825397007,197.10246825397007
2018-08-03 16:00:00,5888,5971.797146825394,-83.79714682539361,83.79714682539361
2018-08-03 17:00:00,5135,5271.189928571428,-136.18992857142803,136.18992857142803
2018-08-03 18:00:00,4753,4399.720261904762,353.2797380952379,353.2797380952379
2018-08-03 19:00:00,3767,3748.0737142857142,18.92628571428577,18.92628571428577
2018-08-03 20:00:00,3461,3299.0331547619053,161.96684523809472,161.96684523809472
2018-08-03 21:00:00,2632,3412.114317460318,-780.114317460318,780.114317460318
2018-08-03 21:00:00,2632,2663.148464285714,-31.148464285714,31.148464285714
2018-08-03 21:00:00,2632,2645.422404761904,-13.42240476190409,13.42240476190409
2018-08-03 22:00:00,2594,2626.5420357142852,-32.54203571428525,32.54203571428525
2018-08-03 22:00:00,2594,2365.0100158730156,228.98998412698438,228.98998412698438
2018-08-03 22:00:00,2594,2522.245658730158,71.75434126984192,71.75434126984192
2018-08-03 23:00:00,1833,2089.663285714286,-256.66328571428585,256.66328571428585
2018-08-03 23:00:00,1833,1556.6014682539683,276.3985317460317,276.3985317460317
2018-08-04 00:00:00,1078,1339.9761269841267,-261.9761269841267,261.9761269841267
2018-08-04 00:00:00,1078,1110.0114523809525,-32.011452380952505,32.011452380952505
2018-08-04 01:00:00,668,801.6903699633701,-133.69036996337013,133.69036996337013
2018-08-04 01:00:00,668,635.5576785714284,32.44232142857163,32.44232142857163
2018-08-04 02:00:00,519,608.6711904761906,-89.67119047619065,89.67119047619065
2018-08-04 03:00:00,362,405.53592857142854,-43.53592857142854,43.53592857142854
2018-08-04 04:00:00,423,390.22295238095234,32.777047619047664,32.777047619047664
2018-08-04 05:00:00,850,825.992611111111,24.007388888888954,24.007388888888954
2018-08-04 06:00:00,1427,1422.4409761904762,4.559023809523751,4.559023809523751
2018-08-04 06:00:00,1427,1526.2694087301588,-99.26940873015883,99.26940873015883
2018-08-04 07:00:00,1817,1990.7885833333335,-173.78858333333346,173.78858333333346
2018-08-04 08:00:00,2559,2563.625297619047,-4.62529761904716,4.62529761904716
2018-08-04 08:00:00,2559,3222.911238095237,-663.911238095237,663.911238095237
2018-08-04 09:00:00,3477,3275.8923571428563,201.10764285714367,201.10764285714367
2018-08-04 10:00:00,3962,3888.395642857143,73.60435714285722,73.60435714285722
2018-08-04 11:00:00,4236,4106.725607142857,129.27439285714263,129.27439285714263
2018-08-04 11:00:00,4236,4436.151674603176,-200.1516746031757,200.1516746031757
2018-08-04 12:00:00,4263,4468.165753968255,-205.16575396825465,205.16575396825465
2018-08-04 12:00:00,4263,4447.491690476191,-184.49169047619125,184.49169047619125
2018-08-04 13:00:00,4552,4311.757325396825,240.24267460317515,240.24267460317515
2018-08-04 13:00:00,4552,4469.954785714286,82.04521428571388,82.04521428571388
2018-08-04 13:00:00,4552,4467.992452380953,84.00754761904682,84.00754761904682
2018-08-04 14:00:00,4379,4490.876357142857,-111.87635714285716,111.87635714285716
2018-08-04 14:00:00,4379,4426.4600714285725,-47.46007142857252,47.46007142857252
2018-08-04 15:00:00,4493,4405.6267777777775,87.37322222222247,87.37322222222247
2018-08-04 16:00:00,4300,4460.721452380952,-160.72145238095163,160.72145238095163
2018-08-04 17:00:00,4602,4187.6707380952375,414.32926190476246,414.32926190476246
2018-08-04 18:00:00,4087,4256.902321428573,-169.90232142857258,169.90232142857258
2018-08-04 19:00:00,3237,3512.3216507936518,-275.32165079365177,275.32165079365177
2018-08-04 20:00:00,2962,2851.415222222222,110.58477777777807,110.58477777777807
2018-08-04 21:00:00,2938,3045.9307261904764,-107.93072619047643,107.93072619047643
2018-08-04 22:00:00,2573,2879.713666666667,-306.713666666667,306.713666666667
2018-08-04 23:00:00,2015,2067.3083095238103,-52.308309523810294,52.308309523810294
2018-08-05 00:00:00,1323,1424.4786984126983,-101.47869841269835,101.47869841269835
2018-08-05 01:00:00,812,898.8656904761904,-86.86569047619037,86.86569047619037
2018-08-05 02:00:00,689,645.1119801587301,43.88801984126985,43.88801984126985
2018-08-05 03:00:00,396,424.40521031746016,-28.40521031746016,28.40521031746016
2018-08-05 04:00:00,356,350.02228571428566,5.977714285714342,5.977714285714342
2018-08-05 04:00:00,356,340.3116904761905,15.688309523809494,15.688309523809494
2018-08-05 05:00:00,504,595.3942857142855,-91.3942857142855,91.3942857142855
2018-08-05 06:00:00,962,905.1042301587299,56.89576984127007,56.89576984127007
2018-08-05 06:00:00,962,1167.8601031746034,-205.8601031746034,205.8601031746034
2018-08-05 07:00:00,1210,1142.0107272727269,67.98927272727315,67.98927272727315
2018-08-05 08:00:00,1903,2015.7036666666663,-112.70366666666632,112.70366666666632
2018-08-05 09:00:00,3030,2770.7877619047626,259.21223809523735,259.21223809523735
2018-08-05 10:00:00,3735,3742.0663333333323,-7.066333333332295,7.066333333332295
2018-08-05 11:00:00,4072,4095.1555238095248,-23.155523809524766,23.155523809524766
2018-08-05 12:00:00,4454,4326.443452380952,127.5565476190477,127.5565476190477
2018-08-05 13:00:00,4507,4504.559055555555,2.4409444444454493,2.4409444444454493
2018-08-05 14:00:00,4396,4447.225730158729,-51.225730158728766,51.225730158728766
2018-08-05 15:00:00,4595,4401.77569047619,193.22430952381,193.22430952381
2018-08-05 16:00:00,4875,4538.491095238094,336.5089047619058,336.5089047619058
2018-08-05 17:00:00,4555,4625.183952380953,-70.18395238095309,70.18395238095309
2018-08-05 18:00:00,4229,4142.11744047619,86.88255952381041,86.88255952381041
2018-08-05 19:00:00,3684,3559.685960317461,124.3140396825388,124.3140396825388
2018-08-05 20:00:00,3316,3195.6140357142854,120.38596428571464,120.38596428571464
2018-08-05 21:00:00,2735,2844.449880952381,-109.44988095238114,109.44988095238114
2018-08-05 22:00:00,2109,2228.174452380952,-119.17445238095206,119.17445238095206
2018-08-05 23:00:00,1560,1603.7388214285725,-43.738821428572464,43.738821428572464
2018-08-06 00:00:00,703,920.1708095238099,-217.1708095238099,217.1708095238099
2018-08-06 01:00:00,421,458.98135714285706,-37.981357142857064,37.981357142857064
2018-08-06 02:00:00,327,313.6367857142857,13.36321428571432,13.36321428571432
2018-08-06 03:00:00,375,356.580880952381,18.419119047619006,18.419119047619006
2018-08-06 03:00:00,375,390.7483095238095,-15.748309523809496,15.748309523809496
2018-08-06 04:00:00,890,883.5670555555557,6.432944444444274,6.432944444444274
2018-08-06 04:00:00,890,921.006888888889,-31.006888888888966,31.006888888888966
2018-08-06 05:00:00,3047,2873.2918888888894,173.7081111111106,173.7081111111106
2018-08-06 05:00:00,3047,3017.8824285714286,29.11757142857141,29.11757142857141
2018-08-06 06:00:00,5580,5806.323444444444,-226.32344444444425,226.32344444444425
2018-08-06 06:00:00,5580,5549.484107142856,30.515892857143626,30.515892857143626
2018-08-06 07:00:00,6280,6248.160035714286,31.839964285713904,31.839964285713904
2018-08-06 07:00:00,6280,6361.374630952378,-81.37463095237763,81.37463095237763
2018-08-06 08:00:00,5582,6095.957503968256,-513.9575039682559,513.9575039682559
2018-08-06 08:00:00,5582,5527.162642857143,54.8373571428574,54.8373571428574
2018-08-06 09:00:00,4694,4738.49457142857,-44.49457142857045,44.49457142857045
2018-08-06 09:00:00,4694,4599.796059523809,94.20394047619084,94.20394047619084
2018-08-06 10:00:00,4357,4358.10473809524,-1.1047380952395542,1.1047380952395542
2018-08-06 11:00:00,4432,4602.471940476189,-170.47194047618905,170.47194047618905
2018-08-06 12:00:00,4606,4610.143896825397,-4.143896825396951,4.143896825396951
2018-08-06 13:00:00,4669,4729.415103174601,-60.41510317460143,60.41510317460143
2018-08-06 14:00:00,4814,5043.662226190476,-229.66222619047585,229.66222619047585
2018-08-06 15:00:00,5395,5262.667142857142,132.3328571428583,132.3328571428583
2018-08-06 16:00:00,6651,6188.149511904762,462.8504880952378,462.8504880952378
2018-08-06 17:00:00,5590,6225.839523809521,-635.8395238095209,635.8395238095209
2018-08-06 18:00:00,4308,4006.9457142857136,301.0542857142864,301.0542857142864
2018-08-06 19:00:00,3314,3230.1437619047606,83.8562380952394,83.8562380952394
2018-08-06 20:00:00,2795,2913.8719999999994,-118.87199999999939,118.87199999999939
2018-08-06 21:00:00,2330,2466.982428571428,-136.98242857142804,136.98242857142804
2018-08-06 22:00:00,1723,1720.260642857143,2.7393571428569885,2.7393571428569885
2018-08-06 23:00:00,1148,1123.156619047619,24.84338095238104,24.84338095238104
2018-08-07 00:00:00,606,643.834388888889,-37.83438888888895,37.83438888888895
2018-08-07 01:00:00,376,386.4617142857142,-10.461714285714208,10.461714285714208
2018-08-07 02:00:00,288,275.8759285714285,12.124071428571483,12.124071428571483
2018-08-07 03:00:00,362,355.5161825396826,6.483817460317425,6.483817460317425
2018-08-07 04:00:00,912,859.9328333333333,52.06716666666671,52.06716666666671
2018-08-07 05:00:00,3153,2999.046190476189,153.95380952381083,153.95380952381083
2018-08-07 06:00:00,5814,5770.624492063492,43.37550793650826,43.37550793650826
2018-08-07 06:00:00,5814,5814.541809523809,-0.5418095238092064,0.5418095238092064
2018-08-07 10:00:00,4416,4717.759023809524,-301.75902380952357,301.75902380952357
2018-08-07 11:00:00,4515,4687.722444444444,-172.72244444444368,172.72244444444368
2018-08-07 11:00:00,4515,4699.385023809524,-184.38502380952377,184.38502380952377
2018-08-07 12:00:00,4940,4729.584702380951,210.41529761904894,210.41529761904894
2018-08-07 12:00:00,4940,5148.362777777778,-208.36277777777832,208.36277777777832
2018-08-07 13:00:00,4726,4962.010523809524,-236.01052380952387,236.01052380952387
2018-08-07 13:00:00,4726,4727.37857936508,-1.3785793650804408,1.3785793650804408
2018-08-07 13:00:00,4726,4692.688047619049,33.31195238095097,33.31195238095097
2018-08-07 14:00:00,5040,5148.366369047617,-108.3663690476169,108.3663690476169
2018-08-07 14:00:00,5040,5379.890571428571,-339.8905714285711,339.8905714285711
2018-08-07 15:00:00,5555,5503.548571428574,51.45142857142582,51.45142857142582
2018-08-07 15:00:00,5555,5848.978083333333,-293.9780833333334,293.9780833333334
2018-08-07 16:00:00,6471,6456.908253968253,14.09174603174688,14.09174603174688
2018-08-07 17:00:00,5656,6151.251452380953,-495.2514523809532,495.2514523809532
2018-08-07 18:00:00,4121,4193.641821428572,-72.64182142857226,72.64182142857226
2018-08-07 19:00:00,3272,3125.5289999999995,146.47100000000046,146.47100000000046
2018-08-07 20:00:00,2888,2931.8573809523823,-43.8573809523823,43.8573809523823
2018-08-07 21:00:00,2532,2688.6329880952385,-156.6329880952385,156.6329880952385
2018-08-07 22:00:00,1771,1955.0027460317463,-184.00274603174626,184.00274603174626
2018-08-07 23:00:00,1168,1163.8521984126985,4.147801587301501,4.147801587301501
2018-08-08 00:00:00,643,659.7640714285715,-16.76407142857147,16.76407142857147
2018-08-08 01:00:00,393,401.2950238095238,-8.295023809523798,8.295023809523798
2018-08-08 02:00:00,295,304.8684761904762,-9.868476190476201,9.868476190476201
2018-08-08 02:00:00,295,281.75918253968257,13.24081746031743,13.24081746031743
2018-08-08 03:00:00,374,355.989880952381,18.010119047619014,18.010119047619014
2018-08-08 04:00:00,912,885.2610238095236,26.738976190476365,26.738976190476365
2018-08-08 04:00:00,912,913.5572261904761,-1.557226190476058,1.557226190476058
2018-08-08 05:00:00,3119,2997.4866388888877,121.51336111111232,121.51336111111232
2018-08-08 06:00:00,5730,5838.916857142857,-108.91685714285722,108.91685714285722
2018-08-08 07:00:00,6430,6130.648142857145,299.3518571428549,299.3518571428549
2018-08-08 08:00:00,5864,6016.017523809523,-152.01752380952257,152.01752380952257
2018-08-08 09:00:00,4902,4953.12255952381,-51.122559523810196,51.122559523810196
2018-08-08 10:00:00,4610,4614.222761904762,-4.222761904761683,4.222761904761683
2018-08-08 11:00:00,4838,4901.748670634921,-63.74867063492093,63.74867063492093
2018-08-08 12:00:00,5004,5193.512857142857,-189.51285714285677,189.51285714285677
2018-08-08 13:00:00,4741,5008.352992063492,-267.3529920634919,267.3529920634919
2018-08-08 14:00:00,5128,5111.6297857142845,16.37021428571552,16.37021428571552
2018-08-08 15:00:00,5798,5613.102690476189,184.8973095238107,184.8973095238107
2018-08-08 16:00:00,6652,6613.498523809524,38.50147619047584,38.50147619047584
2018-08-08 17:00:00,6043,6236.161999999999,-193.16199999999935,193.16199999999935
2018-08-08 18:00:00,4806,4538.939833333334,267.0601666666662,267.0601666666662
2018-08-08 19:00:00,3655,3525.1753333333345,129.8246666666655,129.8246666666655
2018-08-08 20:00:00,3130,3117.9567023809523,12.043297619047735,12.043297619047735
2018-08-08 21:00:00,3267,2887.8380119047615,379.1619880952385,379.1619880952385
2018-08-08 22:00:00,2711,2417.9476666666665,293.05233333333354,293.05233333333354
2018-08-08 23:00:00,1478,1724.0793571428571,-246.07935714285713,246.07935714285713
2018-08-09 00:00:00,801,838.942095238095,-37.94209523809502,37.94209523809502
2018-08-09 01:00:00,482,496.8774404761905,-14.877440476190486,14.877440476190486
2018-08-09 02:00:00,336,348.7229047619048,-12.722904761904772,12.722904761904772
2018-08-09 02:00:00,336,296.7876666666666,39.21233333333339,39.21233333333339
2018-08-09 03:00:00,379,376.62400793650784,2.3759920634921627,2.3759920634921627
2018-08-09 03:00:00,379,384.8797142857143,-5.879714285714272,5.879714285714272
2018-08-09 04:00:00,936,872.0455833333333,63.9544166666667,63.9544166666667
2018-08-09 04:00:00,936,934.2193928571427,1.7806071428573205,1.7806071428573205
2018-08-09 05:00:00,3022,2965.225194444444,56.77480555555621,56.77480555555621
2018-08-09 05:00:00,3022,3013.3940476190487,8.605952380951294,8.605952380951294
2018-08-09 06:00:00,5423,5905.020630952379,-482.0206309523792,482.0206309523792
2018-08-09 06:00:00,5423,5421.934916666666,1.0650833333338596,1.0650833333338596
2018-08-09 07:00:00,6313,6107.671952380953,205.32804761904663,205.32804761904663
2018-08-09 07:00:00,6313,6374.2613571428565,-61.26135714285647,61.26135714285647
2018-08-09 08:00:00,5908,6021.047849206349,-113.04784920634938,113.04784920634938
2018-08-09 08:00:00,5908,5640.298690476189,267.7013095238108,267.7013095238108
2018-08-09 09:00:00,4788,5269.145,-481.14500000000044,481.14500000000044
2018-08-09 10:00:00,4517,4535.055047619047,-18.0550476190474,18.0550476190474
2018-08-09 11:00:00,4675,4813.7725238095245,-138.7725238095245,138.7725238095245
2018-08-09 12:00:00,4927,4921.820773809524,5.179226190475674,5.179226190475674
2018-08-09 13:00:00,4990,4983.872833333334,6.127166666666199,6.127166666666199
2018-08-09 14:00:00,5155,5302.964125541125,-147.9641255411252,147.9641255411252
2018-08-09 15:00:00,5654,5609.666603174602,44.33339682539827,44.33339682539827
2018-08-09 16:00:00,6532,6355.763095238096,176.23690476190404,176.23690476190404
2018-08-09 17:00:00,5871,6177.556212121211,-306.5562121212106,306.5562121212106
2018-08-09 18:00:00,4426,4492.2226666666675,-66.22266666666746,66.22266666666746
2018-08-09 19:00:00,3530,3394.108642857144,135.89135714285612,135.89135714285612
2018-08-09 20:00:00,3290,3109.4736428571427,180.52635714285725,180.52635714285725
2018-08-09 21:00:00,3176,3173.34769047619,2.6523095238098904,2.6523095238098904
2018-08-09 22:00:00,2420,2550.3884285714284,-130.38842857142845,130.38842857142845
2018-08-09 23:00:00,1406,1519.9505,-113.95049999999992,113.95049999999992
2018-08-10 00:00:00,731,859.346968253968,-128.34696825396804,128.34696825396804
2018-08-10 01:00:00,471,449.9905357142857,21.009464285714273,21.009464285714273
2018-08-10 02:00:00,374,360.0148571428573,13.985142857142705,13.985142857142705
2018-08-10 03:00:00,404,375.012869047619,28.987130952380994,28.987130952380994
2018-08-10 04:00:00,818,851.625761904762,-33.625761904762044,33.625761904762044
2018-08-10 05:00:00,2854,2744.9288293650798,109.07117063492024,109.07117063492024
2018-08-10 05:00:00,2854,2859.3152499999997,-5.315249999999651,5.315249999999651
2018-08-10 06:00:00,5227,5480.125547619047,-253.1255476190472,253.1255476190472
2018-08-10 07:00:00,5950,6083.204904761905,-133.2049047619048,133.2049047619048
2018-08-10 08:00:00,5211,5452.984666666664,-241.98466666666445,241.98466666666445
2018-08-10 09:00:00,4584,4655.162593073594,-71.1625930735936,71.1625930735936
2018-08-10 10:00:00,4512,4444.997777777777,67.00222222222328,67.00222222222328
2018-08-10 11:00:00,4796,4777.769571428571,18.230428571429,18.230428571429
2018-08-10 12:00:00,4941,5117.625880952381,-176.6258809523806,176.6258809523806
2018-08-10 13:00:00,5053,4930.475999999999,122.52400000000125,122.52400000000125
2018-08-10 14:00:00,5367,5326.967345238095,40.03265476190518,40.03265476190518
2018-08-10 15:00:00,5684,5736.130928571428,-52.13092857142783,52.13092857142783
2018-08-10 16:00:00,5868,5934.153777777778,-66.15377777777758,66.15377777777758
2018-08-10 17:00:00,5309,5279.755047619049,29.244952380950963,29.244952380950963
2018-08-10 18:00:00,4616,4542.393226190476,73.60677380952438,73.60677380952438
2018-08-10 19:00:00,3713,3744.385484126983,-31.3854841269831,31.3854841269831
2018-08-10 20:00:00,3344,3288.635801587302,55.36419841269799,55.36419841269799
2018-08-10 21:00:00,3374,3133.46855952381,240.5314404761898,240.5314404761898
2018-08-10 22:00:00,3117,2971.101166666667,145.8988333333332,145.8988333333332
2018-08-10 23:00:00,2271,2347.7556309523807,-76.75563095238067,76.75563095238067
2018-08-11 00:00:00,1412,1458.8439246031749,-46.843924603174855,46.843924603174855
2018-08-11 01:00:00,831,915.7951904761903,-84.79519047619033,84.79519047619033
2018-08-11 02:00:00,665,649.1524484126985,15.847551587301496,15.847551587301496
2018-08-11 03:00:00,423,434.56749999999994,-11.567499999999939,11.567499999999939
2018-08-11 03:00:00,423,431.5946190476191,-8.594619047619119,8.594619047619119
2018-08-11 04:00:00,459,425.36353571428566,33.63646428571434,33.63646428571434
2018-08-11 05:00:00,876,834.2830793650793,41.71692063492071,41.71692063492071
2018-08-11 05:00:00,876,914.5364285714284,-38.53642857142836,38.53642857142836
2018-08-11 05:00:00,876,898.3845952380954,-22.384595238095358,22.384595238095358
2018-08-11 06:00:00,1560,1472.3521031746031,87.64789682539686,87.64789682539686
2018-08-11 07:00:00,2004,2013.7187619047618,-9.718761904761777,9.718761904761777
2018-08-11 07:00:00,2004,2069.6096904761907,-65.60969047619074,65.60969047619074
2018-08-11 08:00:00,2806,2630.10442063492,175.8955793650798,175.8955793650798
2018-08-11 09:00:00,3514,3474.1143888888887,39.8856111111113,39.8856111111113
2018-08-11 10:00:00,3971,3991.4603492063497,-20.460349206349747,20.460349206349747
2018-08-11 11:00:00,4198,4274.788,-76.78799999999956,76.78799999999956
2018-08-11 12:00:00,4310,4515.766702380953,-205.76670238095267,205.76670238095267
2018-08-11 13:00:00,4262,4439.7823809523825,-177.78238095238248,177.78238095238248
2018-08-11 14:00:00,4280,4317.081031746031,-37.08103174603093,37.08103174603093
2018-08-11 15:00:00,4188,4204.639773809523,-16.63977380952292,16.63977380952292
2018-08-11 16:00:00,4305,4201.754202380951,103.24579761904897,103.24579761904897
2018-08-11 17:00:00,4134,4186.147904761903,-52.14790476190319,52.14790476190319
2018-08-11 18:00:00,3920,3936.8665238095227,-16.866523809522732,16.866523809522732
2018-08-11 19:00:00,3567,3508.533698412698,58.46630158730204,58.46630158730204
2018-08-11 20:00:00,3362,3204.000833333333,157.99916666666695,157.99916666666695
2018-08-11 21:00:00,3378,3300.9332777777786,77.06672222222141,77.06672222222141
2018-08-11 22:00:00,3167,3293.242531746032,-126.242531746032,126.242531746032
2018-08-11 23:00:00,2511,2416.175023809524,94.82497619047581,94.82497619047581
2018-08-11 23:00:00,2511,2368.2718571428572,142.72814285714276,142.72814285714276
2018-08-12 00:00:00,1406,1571.8334285714286,-165.8334285714286,165.8334285714286
2018-08-12 01:00:00,868,1002.0103333333333,-134.01033333333328,134.01033333333328
2018-08-12 01:00:00,868,843.2725,24.727499999999964,24.727499999999964
2018-08-12 02:00:00,678,664.9139523809525,13.086047619047463,13.086047619047463
2018-08-12 03:00:00,392,439.5885119047618,-47.58851190476179,47.58851190476179
2018-08-12 03:00:00,392,392.6045476190476,-0.6045476190475938,0.6045476190475938
2018-08-12 04:00:00,365,368.6697420634919,-3.669742063491924,3.669742063491924
2018-08-12 04:00:00,365,335.8688214285714,29.13117857142862,29.13117857142862
2018-08-12 05:00:00,529,574.1589047619048,-45.15890476190475,45.15890476190475
2018-08-12 06:00:00,984,966.0553809523809,17.944619047619085,17.944619047619085
2018-08-12 06:00:00,984,1243.3142380952384,-259.31423809523835,259.31423809523835
2018-08-12 07:00:00,1196,1409.738880952381,-213.7388809523809,213.7388809523809
2018-08-12 07:00:00,1196,1414.1146666666668,-218.11466666666684,218.11466666666684
2018-08-12 08:00:00,1850,1866.1800238095236,-16.180023809523618,16.180023809523618
2018-08-12 08:00:00,1850,2338.954912698412,-488.95491269841204,488.95491269841204
2018-08-12 09:00:00,2713,2546.0048412698416,166.99515873015844,166.99515873015844
2018-08-12 09:00:00,2713,3407.4090952380952,-694.4090952380952,694.4090952380952
2018-08-12 10:00:00,3534,3438.674571428571,95.3254285714288,95.3254285714288
2018-08-12 11:00:00,3856,4089.8736245421246,-233.87362454212462,233.87362454212462
2018-08-12 12:00:00,4037,4153.666464285714,-116.66646428571403,116.66646428571403
2018-08-12 13:00:00,4522,4133.196166666667,388.8038333333334,388.8038333333334
2018-08-12 14:00:00,4468,4446.849436507936,21.150563492064066,21.150563492064066
2018-08-12 15:00:00,4351,4421.266698412699,-70.26669841269904,70.26669841269904
2018-08-12 16:00:00,4466,4447.696214285713,18.303785714287187,18.303785714287187
2018-08-12 17:00:00,4313,4406.251976190479,-93.25197619047867,93.25197619047867
2018-08-12 18:00:00,4012,4047.0976071428577,-35.09760714285767,35.09760714285767
2018-08-12 19:00:00,3658,3522.816174603175,135.1838253968249,135.1838253968249
2018-08-12 20:00:00,3151,3304.037833333333,-153.03783333333286,153.03783333333286
2018-08-12 21:00:00,2708,2761.648952380952,-53.64895238095187,53.64895238095187
2018-08-12 22:00:00,1930,2215.9534166666667,-285.9534166666667,285.9534166666667
2018-08-12 23:00:00,1282,1298.4306547619046,-16.430654761904634,16.430654761904634
2018-08-13 00:00:00,651,717.2917698412698,-66.2917698412698,66.2917698412698
2018-08-13 01:00:00,434,431.9599365079367,2.040063492063325,2.040063492063325
2018-08-13 02:00:00,355,342.036880952381,12.963119047618989,12.963119047618989
2018-08-13 03:00:00,348,375.02651587301597,-27.026515873015967,27.026515873015967
2018-08-13 04:00:00,924,859.4705595238095,64.52944047619053,64.52944047619053
2018-08-13 05:00:00,3025,2830.0024761904765,194.9975238095235,194.9975238095235
2018-08-13 06:00:00,5546,5856.647230158731,-310.64723015873096,310.64723015873096
2018-08-13 07:00:00,6383,5907.7400119047625,475.25998809523753,475.25998809523753
2018-08-13 08:00:00,5642,6060.022448412698,-418.0224484126984,418.0224484126984
2018-08-13 09:00:00,4714,4767.4382380952375,-53.438238095237466,53.438238095237466
2018-08-13 10:00:00,4216,4251.324515873016,-35.324515873016026,35.324515873016026
2018-08-13 11:00:00,4440,4407.374738095238,32.62526190476183,32.62526190476183
2018-08-13 12:00:00,4673,4631.122095238095,41.877904761904574,41.877904761904574
2018-08-13 13:00:00,4494,4832.58,-338.5799999999999,338.5799999999999
2018-08-13 14:00:00,4811,4890.752952380952,-79.75295238095168,79.75295238095168
2018-08-13 15:00:00,5245,5173.1781666666675,71.8218333333325,71.8218333333325
2018-08-13 16:00:00,6163,6009.6465,153.35350000000017,153.35350000000017
2018-08-13 17:00:00,5603,5694.549309523813,-91.54930952381255,91.54930952381255
2018-08-13 18:00:00,4077,4200.982535714286,-123.98253571428631,123.98253571428631
2018-08-13 19:00:00,3247,3081.5333333333338,165.46666666666624,165.46666666666624
2018-08-13 20:00:00,2835,2853.032658730159,-18.0326587301588,18.0326587301588
2018-08-13 21:00:00,2615,2553.72911904762,61.27088095238014,61.27088095238014
2018-08-13 22:00:00,1823,1964.1587738095247,-141.15877380952475,141.15877380952475
2018-08-13 23:00:00,1117,1178.3460833333331,-61.34608333333313,61.34608333333313
2018-08-14 00:00:00,571,625.2440952380952,-54.244095238095156,54.244095238095156
2018-08-14 01:00:00,394,385.7535277777778,8.246472222222224,8.246472222222224
2018-08-14 02:00:00,284,305.51891666666677,-21.51891666666677,21.51891666666677
2018-08-14 03:00:00,340,350.96235714285723,-10.962357142857229,10.962357142857229
2018-08-14 04:00:00,940,794.7345714285715,145.26542857142852,145.26542857142852
2018-08-14 05:00:00,3184,2935.7529841269834,248.2470158730166,248.2470158730166
2018-08-14 06:00:00,5702,5875.497214285714,-173.4972142857141,173.4972142857141
2018-08-14 07:00:00,6573,6340.982928571431,232.01707142856867,232.01707142856867
2018-08-14 08:00:00,5841,5913.165035714286,-72.1650357142862,72.1650357142862
2018-08-14 09:00:00,4766,5002.0536666666685,-236.0536666666685,236.0536666666685
2018-08-14 10:00:00,4478,4298.405369047619,179.5946309523806,179.5946309523806
2018-08-14 11:00:00,4741,4684.372809523808,56.62719047619157,56.62719047619157
2018-08-14 12:00:00,4996,4967.374174603175,28.62582539682535,28.62582539682535
2018-08-14 13:00:00,4832,5004.163333333333,-172.16333333333296,172.16333333333296
2018-08-14 14:00:00,4985,5207.232238095239,-222.23223809523915,222.23223809523915
2018-08-14 15:00:00,5672,5488.112476190477,183.88752380952337,183.88752380952337
2018-08-14 16:00:00,6373,6352.890571428572,20.109428571427998,20.109428571427998
2018-08-14 17:00:00,6014,6074.443416666667,-60.44341666666696,60.44341666666696
2018-08-14 18:00:00,4525,4390.274666666669,134.72533333333104,134.72533333333104
2018-08-14 19:00:00,3423,3443.5814603174604,-20.58146031746037,20.58146031746037
2018-08-14 20:00:00,3046,3041.0450952380947,4.954904761905254,4.954904761905254
2018-08-14 21:00:00,2784,2841.115178571429,-57.11517857142917,57.11517857142917
2018-08-14 22:00:00,2287,1926.0760277777777,360.92397222222235,360.92397222222235
2018-08-14 23:00:00,2772,1367.1510476190479,1404.8489523809521,1404.8489523809521
2018-08-15 00:00:00,793,1014.7236309523807,-221.72363095238074,221.72363095238074
2018-08-15 01:00:00,492,493.28137301587304,-1.2813730158730436,1.2813730158730436
2018-08-15 02:00:00,335,346.4489761904763,-11.448976190476287,11.448976190476287
2018-08-15 03:00:00,403,381.82495238095237,21.175047619047632,21.175047619047632
2018-08-15 04:00:00,948,904.3550833333335,43.64491666666652,43.64491666666652
2018-08-15 05:00:00,3181,2976.023972222222,204.9760277777782,204.9760277777782
2018-08-15 06:00:00,5767,5836.919253968256,-69.91925396825627,69.91925396825627
2018-08-15 07:00:00,6561,6410.056690476191,150.94330952380915,150.94330952380915
2018-08-15 08:00:00,5930,6072.137972222222,-142.13797222222183,142.13797222222183
2018-08-15 09:00:00,4672,5146.241904761905,-474.24190476190506,474.24190476190506
2018-08-15 10:00:00,4638,4359.701672077923,278.2983279220771,278.2983279220771
2018-08-15 11:00:00,4979,4819.358619047618,159.64138095238195,159.64138095238195
2018-08-15 12:00:00,5016,5259.613333333333,-243.61333333333278,243.61333333333278
2018-08-15 13:00:00,4841,5009.212666666666,-168.21266666666634,168.21266666666634
2018-08-15 14:00:00,4968,5169.805428571429,-201.80542857142882,201.80542857142882
2018-08-15 15:00:00,5428,5397.1960238095235,30.803976190476533,30.803976190476533
2018-08-15 16:00:00,5541,6250.519619047617,-709.5196190476172,709.5196190476172
2018-08-15 17:00:00,5920,5733.679547619046,186.3204523809536,186.3204523809536
2018-08-15 18:00:00,4545,4538.927726190476,6.072273809523722,6.072273809523722
2018-08-15 19:00:00,3358,3478.0415,-120.04149999999981,120.04149999999981
2018-08-15 20:00:00,3133,3051.994880952381,81.00511904761879,81.00511904761879
2018-08-15 21:00:00,2687,2935.5207976190486,-248.5207976190486,248.5207976190486
2018-08-15 22:00:00,1742,2205.116833333334,-463.11683333333394,463.11683333333394
2018-08-15 23:00:00,1051,1171.825714285714,-120.82571428571396,120.82571428571396
2018-08-16 00:00:00,652,619.3909761904761,32.60902380952393,32.60902380952393
2018-08-16 01:00:00,399,421.8664126984126,-22.866412698412603,22.866412698412603
2018-08-16 02:00:00,300,302.0178950216451,-2.0178950216450744,2.0178950216450744
2018-08-16 03:00:00,412,365.990607142857,46.009392857142984,46.009392857142984
2018-08-16 04:00:00,977,895.2565,81.74350000000004,81.74350000000004
2018-08-16 05:00:00,3150,3018.7263730158734,131.27362698412662,131.27362698412662
2018-08-16 06:00:00,5386,5842.510599206348,-456.51059920634816,456.51059920634816
2018-08-16 07:00:00,6494,6156.809214285717,337.19078571428327,337.19078571428327
2018-08-16 08:00:00,5847,5956.913662698415,-109.91366269841456,109.91366269841456
2018-08-16 09:00:00,4976,4992.826404761906,-16.826404761905906,16.826404761905906
2018-08-16 10:00:00,4466,4633.032746031746,-167.03274603174577,167.03274603174577
2018-08-16 11:00:00,4574,4715.32980952381,-141.32980952380967,141.32980952380967
2018-08-16 12:00:00,4961,4856.207071428569,104.79292857143082,104.79292857143082
2018-08-16 13:00:00,4785,5025.376690476191,-240.37669047619056,240.37669047619056
2018-08-16 14:00:00,4927,5073.34183333333,-146.34183333333021,146.34183333333021
2018-08-16 15:00:00,5729,5302.956738095239,426.0432619047606,426.0432619047606
2018-08-16 16:00:00,6272,6518.3581428571415,-246.3581428571415,246.3581428571415
2018-08-16 16:00:00,6272,6608.693357142856,-336.69335714285626,336.69335714285626
2018-08-16 17:00:00,5928,5833.092182539682,94.90781746031826,94.90781746031826
2018-08-16 18:00:00,4580,4566.120023809524,13.879976190475645,13.879976190475645
2018-08-16 19:00:00,3725,3585.8014841269846,139.19851587301537,139.19851587301537
2018-08-16 20:00:00,3205,3285.9834999999994,-80.98349999999937,80.98349999999937
2018-08-16 21:00:00,3090,3109.1241071428567,-19.1241071428567,19.1241071428567
2018-08-16 22:00:00,2377,2441.063206349206,-64.06320634920621,64.06320634920621
2018-08-16 23:00:00,1380,1485.1423571428572,-105.14235714285724,105.14235714285724
2018-08-17 00:00:00,809,1059.8018095238092,-250.8018095238092,250.8018095238092
2018-08-17 01:00:00,449,508.49821428571425,-59.498214285714255,59.498214285714255
2018-08-17 02:00:00,363,373.8625357142857,-10.862535714285684,10.862535714285684
2018-08-17 02:00:00,363,337.82432142857135,25.175678571428648,25.175678571428648
2018-08-17 03:00:00,408,379.6206904761904,28.37930952380958,28.37930952380958
2018-08-17 04:00:00,899,866.3331547619051,32.66684523809488,32.66684523809488
2018-08-17 05:00:00,2821,2788.550154761904,32.449845238095804,32.449845238095804
2018-08-17 06:00:00,5243,5433.4172499999995,-190.4172499999995,190.4172499999995
2018-08-17 07:00:00,5994,6022.945960317463,-28.945960317462777,28.945960317462777
2018-08-17 07:00:00,5994,6195.917324314574,-201.91732431457422,201.91732431457422
2018-08-17 08:00:00,5406,5441.663666666668,-35.66366666666818,35.66366666666818
2018-08-17 09:00:00,4719,4858.091452380952,-139.09145238095243,139.09145238095243
2018-08-17 10:00:00,4510,4540.575765873016,-30.57576587301628,30.57576587301628
2018-08-17 11:00:00,4948,4820.656309523808,127.34369047619202,127.34369047619202
2018-08-17 12:00:00,5076,5156.305047619047,-80.3050476190474,80.3050476190474
2018-08-17 13:00:00,5027,5078.939964285713,-51.93996428571336,51.93996428571336
2018-08-17 14:00:00,5289,5250.070928571429,38.92907142857075,38.92907142857075
2018-08-17 15:00:00,5581,5672.1495952380965,-91.14959523809648,91.14959523809648
2018-08-17 16:00:00,5734,6014.306472222224,-280.30647222222433,280.30647222222433
2018-08-17 17:00:00,5141,5205.059285714286,-64.05928571428558,64.05928571428558
2018-08-17 18:00:00,4536,4412.370095238095,123.62990476190498,123.62990476190498
2018-08-17 19:00:00,3703,3692.9177261904756,10.082273809524395,10.082273809524395
2018-08-17 20:00:00,3279,3312.880357142856,-33.880357142856155,33.880357142856155
2018-08-17 21:00:00,3177,3157.5477023809526,19.452297619047386,19.452297619047386
2018-08-17 22:00:00,2903,2802.603,100.39699999999993,100.39699999999993
2018-08-17 23:00:00,2126,2270.803984126984,-144.80398412698378,144.80398412698378
2018-08-18 00:00:00,1569,1385.4479285714287,183.55207142857125,183.55207142857125
2018-08-18 01:00:00,806,900.1740000000004,-94.17400000000043,94.17400000000043
2018-08-18 02:00:00,598,593.3145674603173,4.685432539682665,4.685432539682665
2018-08-18 02:00:00,598,531.9946785714287,66.00532142857128,66.00532142857128
2018-08-18 03:00:00,448,427.8858214285715,20.11417857142851,20.11417857142851
2018-08-18 03:00:00,448,448.3309761904761,-0.3309761904761217,0.3309761904761217
2018-08-18 04:00:00,523,452.2624880952381,70.7375119047619,70.7375119047619
2018-08-18 04:00:00,523,491.04009523809526,31.95990476190474,31.95990476190474
2018-08-18 05:00:00,940,888.1398492063489,51.86015079365109,51.86015079365109
2018-08-18 05:00:00,940,999.4766309523809,-59.4766309523809,59.4766309523809
2018-08-18 06:00:00,1648,1493.199726190477,154.8002738095231,154.8002738095231
2018-08-18 06:00:00,1648,1656.1328888888893,-8.132888888889283,8.132888888889283
2018-08-18 07:00:00,2229,2172.3863253968257,56.61367460317433,56.61367460317433
2018-08-18 07:00:00,2229,2262.0481190476194,-33.048119047619366,33.048119047619366
2018-08-18 08:00:00,2987,2829.3229523809528,157.67704761904724,157.67704761904724
2018-08-18 08:00:00,2987,3335.620095238095,-348.620095238095,348.620095238095
2018-08-18 09:00:00,3922,3640.684857142857,281.3151428571432,281.3151428571432
2018-08-18 09:00:00,3922,4175.072888888889,-253.07288888888888,253.07288888888888
2018-08-18 10:00:00,5146,4165.497674603175,980.5023253968247,980.5023253968247
2018-08-18 10:00:00,5146,4796.248583333335,349.75141666666514,349.75141666666514
2018-08-18 11:00:00,4916,5362.890738095237,-446.8907380952369,446.8907380952369
2018-08-18 12:00:00,4448,5197.366829365077,-749.3668293650771,749.3668293650771
2018-08-18 13:00:00,4438,4369.435452380952,68.56454761904843,68.56454761904843
2018-08-18 14:00:00,4710,4403.755904761905,306.2440952380948,306.2440952380948
2018-08-18 15:00:00,4893,4624.12875,268.87125000000015,268.87125000000015
2018-08-18 16:00:00,4897,4688.0815,208.91849999999977,208.91849999999977
2018-08-18 17:00:00,4664,4631.804083333333,32.19591666666656,32.19591666666656
2018-08-18 18:00:00,4157,4186.660642857141,-29.660642857141283,29.660642857141283
2018-08-18 19:00:00,3619,3495.127174603176,123.87282539682383,123.87282539682383
2018-08-18 20:00:00,3543,3258.663916666666,284.33608333333405,284.33608333333405
2018-08-18 21:00:00,3442,3350.3262817460322,91.67371825396776,91.67371825396776
2018-08-18 22:00:00,3128,3350.299912698413,-222.2999126984132,222.2999126984132
2018-08-18 23:00:00,2044,2424.1839404761904,-380.1839404761904,380.1839404761904
2018-08-19 00:00:00,1346,1400.5076666666669,-54.507666666666864,54.507666666666864
2018-08-19 01:00:00,997,892.2716825396828,104.72831746031716,104.72831746031716
2018-08-19 02:00:00,726,714.9134880952381,11.086511904761892,11.086511904761892
2018-08-19 03:00:00,386,442.6881547619047,-56.688154761904684,56.688154761904684
2018-08-19 04:00:00,388,349.82289285714296,38.17710714285704,38.17710714285704
2018-08-19 05:00:00,552,571.7930476190476,-19.79304761904757,19.79304761904757
2018-08-19 06:00:00,994,935.4365238095238,58.563476190476194,58.563476190476194
2018-08-19 07:00:00,1277,1376.7438968253964,-99.7438968253964,99.7438968253964
2018-08-19 08:00:00,1971,1876.1733492063486,94.82665079365142,94.82665079365142
2018-08-19 09:00:00,2895,2872.792888888888,22.207111111112226,22.207111111112226
2018-08-19 10:00:00,3766,3675.1485476190473,90.85145238095265,90.85145238095265
2018-08-19 11:00:00,4384,4201.449305555558,182.55069444444234,182.55069444444234
2018-08-19 12:00:00,4624,4592.813666666666,31.186333333334005,31.186333333334005
2018-08-19 13:00:00,4596,4539.316650793651,56.683349206348794,56.683349206348794
2018-08-19 14:00:00,4742,4548.200642857143,193.79935714285693,193.79935714285693
2018-08-19 15:00:00,4779,4635.90796825397,143.09203174603044,143.09203174603044
2018-08-19 16:00:00,4989,4665.88425,323.11574999999993,323.11574999999993
2018-08-19 17:00:00,4870,4785.42625,84.57374999999956,84.57374999999956
2018-08-19 18:00:00,4287,4351.555666666667,-64.5556666666671,64.5556666666671
2018-08-19 19:00:00,3792,3885.5643571428573,-93.56435714285726,93.56435714285726
2018-08-19 20:00:00,3213,3371.385357142857,-158.38535714285717,158.38535714285717
2018-08-19 21:00:00,2682,2752.135142857143,-70.13514285714291,70.13514285714291
2018-08-19 22:00:00,1973,2112.6656948051946,-139.66569480519456,139.66569480519456
2018-08-19 23:00:00,2369,1310.631595238095,1058.368404761905,1058.368404761905
2018-08-20 00:00:00,922,901.8123809523809,20.187619047619137,20.187619047619137
2018-08-20 01:00:00,473,497.0130952380951,-24.013095238095104,24.013095238095104
2018-08-20 02:00:00,346,342.34669047619064,3.653309523809355,3.653309523809355
2018-08-20 03:00:00,369,376.60816666666665,-7.608166666666648,7.608166666666648
2018-08-20 04:00:00,941,826.5461428571427,114.45385714285726,114.45385714285726
2018-08-20 05:00:00,3005,2842.0242460317463,162.97575396825368,162.97575396825368
2018-08-20 05:00:00,3005,2946.9723571428576,58.02764285714238,58.02764285714238
2018-08-20 05:00:00,3005,2970.0099285714286,34.990071428571355,34.990071428571355
2018-08-20 05:00:00,3005,2976.9385952380953,28.06140476190467,28.06140476190467
2018-08-20 06:00:00,5352,5867.315150072151,-515.3151500721506,515.3151500721506
2018-08-20 07:00:00,6077,6052.269980158729,24.730019841271314,24.730019841271314
2018-08-20 08:00:00,5349,5826.002452380951,-477.0024523809507,477.0024523809507
2018-08-20 08:00:00,5349,5097.2100357142845,251.78996428571554,251.78996428571554
2018-08-20 09:00:00,4777,4674.37419047619,102.62580952380995,102.62580952380995
2018-08-20 09:00:00,4777,4724.32209126984,52.6779087301602,52.6779087301602
2018-08-20 09:00:00,4777,4716.071424603174,60.92857539682609,60.92857539682609
2018-08-20 10:00:00,4375,4307.646166666669,67.35383333333084,67.35383333333084
2018-08-20 10:00:00,4375,4384.605761904762,-9.605761904762403,9.605761904762403
2018-08-20 10:00:00,4375,4319.965301587303,55.03469841269725,55.03469841269725
2018-08-20 10:00:00,4375,4332.450468253969,42.54953174603088,42.54953174603088
2018-08-20 11:00:00,4532,4606.548416666668,-74.54841666666834,74.54841666666834
2018-08-20 11:00:00,4532,4761.360261904762,-229.3602619047624,229.3602619047624
2018-08-20 11:00:00,4532,4763.755690476191,-231.75569047619138,231.75569047619138
2018-08-20 12:00:00,4842,4772.09117857143,69.90882142857026,69.90882142857026
2018-08-20 13:00:00,4690,4844.508444444444,-154.50844444444374,154.50844444444374
2018-08-20 14:00:00,5001,4927.031333333333,73.96866666666665,73.96866666666665
2018-08-20 14:00:00,5001,5196.299952380953,-195.29995238095307,195.29995238095307
2018-08-20 15:00:00,5388,5455.464916666667,-67.4649166666668,67.4649166666668
2018-08-20 16:00:00,6423,6120.820761904762,302.17923809523836,302.17923809523836
2018-08-20 16:00:00,6423,6551.4984047619055,-128.49840476190548,128.49840476190548
2018-08-20 17:00:00,5848,6077.093428571427,-229.09342857142656,229.09342857142656
2018-08-20 17:00:00,5848,5461.592785714286,386.40721428571396,386.40721428571396
2018-08-20 18:00:00,4285,4237.188456349207,47.81154365079328,47.81154365079328
2018-08-20 19:00:00,3231,3258.6046944444447,-27.604694444444704,27.604694444444704
2018-08-20 19:00:00,3231,3122.123488095238,108.87651190476208,108.87651190476208
2018-08-20 20:00:00,2726,2830.253630952381,-104.25363095238117,104.25363095238117
2018-08-20 20:00:00,2726,2588.3403214285718,137.65967857142823,137.65967857142823
2018-08-20 21:00:00,2240,2527.676416666667,-287.67641666666714,287.67641666666714
2018-08-20 22:00:00,1617,1757.1204206349205,-140.1204206349205,140.1204206349205
2018-08-20 23:00:00,1005,1116.870571428571,-111.87057142857111,111.87057142857111
2018-08-21 00:00:00,659,569.0727539682539,89.92724603174611,89.92724603174611
2018-08-21 01:00:00,416,402.2441904761904,13.755809523809603,13.755809523809603
2018-08-21 02:00:00,316,294.86653571428565,21.133464285714354,21.133464285714354
2018-08-21 03:00:00,336,348.4736666666667,-12.473666666666702,12.473666666666702
2018-08-21 04:00:00,996,863.465261904762,132.53473809523803,132.53473809523803
2018-08-21 05:00:00,3136,3041.9410952380963,94.0589047619037,94.0589047619037
2018-08-21 06:00:00,5701,5884.349346681096,-183.349346681096,183.349346681096
2018-08-21 07:00:00,6837,6207.310119047621,629.6898809523791,629.6898809523791
2018-08-21 08:00:00,6123,5995.643238095238,127.3567619047617,127.3567619047617
2018-08-21 09:00:00,5053,5145.228591269841,-92.22859126984076,92.22859126984076
2018-08-21 10:00:00,4540,4560.788666666666,-20.78866666666636,20.78866666666636
2018-08-21 11:00:00,4652,4750.189563492064,-98.18956349206383,98.18956349206383
2018-08-21 12:00:00,4794,4891.13161904762,-97.13161904762,97.13161904762
2018-08-21 13:00:00,4762,4908.072603174603,-146.0726031746026,146.0726031746026
2018-08-21 14:00:00,4994,5193.424035714286,-199.42403571428622,199.42403571428622
2018-08-21 15:00:00,5660,5593.513642857143,66.48635714285683,66.48635714285683
2018-08-21 16:00:00,6229,6335.686797619046,-106.68679761904605,106.68679761904605
2018-08-21 17:00:00,5875,5869.544285714288,5.45571428571202,5.45571428571202
2018-08-21 18:00:00,4435,4314.1544047619045,120.84559523809548,120.84559523809548
2018-08-21 19:00:00,3410,3295.423273809523,114.57672619047707,114.57672619047707
2018-08-21 20:00:00,3003,3077.3681428571435,-74.36814285714354,74.36814285714354
2018-08-21 21:00:00,2504,2705.3852738095234,-201.38527380952337,201.38527380952337
2018-08-21 22:00:00,1747,1795.303976190476,-48.30397619047608,48.30397619047608
2018-08-21 23:00:00,1117,1083.0518142135645,33.94818578643549,33.94818578643549
2018-08-22 00:00:00,635,619.127261904762,15.872738095237992,15.872738095237992
2018-08-22 01:00:00,425,403.5901071428571,21.409892857142893,21.409892857142893
2018-08-22 02:00:00,279,303.16973412698417,-24.169734126984167,24.169734126984167
2018-08-22 03:00:00,393,351.968380952381,41.03161904761902,41.03161904761902
2018-08-22 04:00:00,994,905.169134920635,88.83086507936503,88.83086507936503
2018-08-22 05:00:00,3163,3096.864563492064,66.13543650793599,66.13543650793599
2018-08-22 06:00:00,5766,5838.088273809524,-72.08827380952425,72.08827380952425
2018-08-22 07:00:00,6589,6605.953809523809,-16.95380952380856,16.95380952380856
2018-08-22 08:00:00,6056,6110.240178571429,-54.24017857142917,54.24017857142917
2018-08-22 09:00:00,5116,5139.973392857142,-23.973392857142244,23.973392857142244
2018-08-22 10:00:00,4583,4726.722773809523,-143.72277380952255,143.72277380952255
2018-08-22 11:00:00,4734,4777.062416666667,-43.06241666666665,43.06241666666665
2018-08-22 12:00:00,5043,4969.397261904762,73.60273809523824,73.60273809523824
2018-08-22 13:00:00,4938,4988.372202380952,-50.37220238095233,50.37220238095233
2018-08-22 14:00:00,5216,5252.168047619049,-36.16804761904859,36.16804761904859
2018-08-22 15:00:00,5707,5688.172444444444,18.82755555555559,18.82755555555559
2018-08-22 16:00:00,6470,6327.788833333333,142.21116666666694,142.21116666666694
2018-08-22 17:00:00,5819,6167.058761904764,-348.05876190476374,348.05876190476374
2018-08-22 18:00:00,4446,4353.354928571429,92.6450714285711,92.6450714285711
2018-08-22 19:00:00,3444,3382.9532380952387,61.0467619047613,61.0467619047613
2018-08-22 20:00:00,3154,3101.2354999999993,52.76450000000068,52.76450000000068
2018-08-22 21:00:00,2627,2849.9664166666666,-222.96641666666665,222.96641666666665
2018-08-22 22:00:00,1928,1977.7939880952385,-49.79398809523855,49.79398809523855
2018-08-22 23:00:00,1169,1247.8420476190477,-78.84204761904766,78.84204761904766
2018-08-23 00:00:00,596,649.5930714285714,-53.59307142857142,53.59307142857142
2018-08-23 01:00:00,402,371.1943452380954,30.805654761904577,30.805654761904577
2018-08-23 03:00:00,381,431.3240436507938,-50.32404365079378,50.32404365079378
2018-08-23 04:00:00,976,896.6128928571427,79.3871071428573,79.3871071428573
2018-08-23 05:00:00,3163,3023.8173690476196,139.18263095238035,139.18263095238035
2018-08-23 06:00:00,5860,5860.626428571429,-0.6264285714287325,0.6264285714287325
2018-08-23 07:00:00,6815,6236.761214285713,578.2387857142867,578.2387857142867
2018-08-23 08:00:00,6162,6145.567297619052,16.432702380948285,16.432702380948285
2018-08-23 09:00:00,5583,5338.519083333334,244.48091666666642,244.48091666666642
2018-08-23 10:00:00,4837,4928.426488095238,-91.4264880952378,91.4264880952378
2018-08-23 11:00:00,5015,5122.310083333333,-107.31008333333284,107.31008333333284
2018-08-23 12:00:00,5136,5237.118595238095,-101.11859523809471,101.11859523809471
2018-08-23 13:00:00,5051,5181.310761904762,-130.31076190476233,130.31076190476233
2018-08-23 14:00:00,5312,5344.5672835497835,-32.5672835497835,32.5672835497835
2018-08-23 15:00:00,5848,5760.5413809523825,87.4586190476175,87.4586190476175
2018-08-23 16:00:00,6586,6609.260119047619,-23.2601190476189,23.2601190476189
2018-08-23 17:00:00,5780,6215.666214285713,-435.66621428571307,435.66621428571307
2018-08-23 18:00:00,4750,4651.3535833333335,98.64641666666648,98.64641666666648
2018-08-23 19:00:00,3519,3619.3507182539684,-100.35071825396835,100.35071825396835
2018-08-23 20:00:00,2996,3117.8989642857136,-121.89896428571365,121.89896428571365
2018-08-23 21:00:00,2717,3045.462726190477,-328.46272619047704,328.46272619047704
2018-08-23 22:00:00,2107,2112.1552023809522,-5.1552023809522325,5.1552023809522325
2018-08-23 23:00:00,1904,1433.4432857142858,470.5567142857142,470.5567142857142
2018-08-24 00:00:00,790,1012.1113571428571,-222.11135714285706,222.11135714285706
2018-08-24 01:00:00,505,477.91486904761916,27.085130952380837,27.085130952380837
2018-08-24 01:00:00,505,418.4732738095238,86.52672619047621,86.52672619047621
2018-08-24 02:00:00,387,382.07751190476176,4.922488095238236,4.922488095238236
2018-08-24 02:00:00,387,321.6664523809523,65.33354761904769,65.33354761904769
2018-08-24 03:00:00,424,390.1526666666668,33.84733333333321,33.84733333333321
2018-08-24 03:00:00,424,455.89619047619055,-31.896190476190554,31.896190476190554
2018-08-24 03:00:00,424,452.0956190476192,-28.09561904761921,28.09561904761921
2018-08-24 04:00:00,916,853.7570079365078,62.24299206349224,62.24299206349224
2018-08-24 04:00:00,916,905.419996031746,10.580003968254005,10.580003968254005
2018-08-24 05:00:00,2950,2793.319476190476,156.68052380952395,156.68052380952395
2018-08-24 05:00:00,2950,2944.6587619047627,5.341238095237259,5.341238095237259
2018-08-24 05:00:00,2950,2945.261071428573,4.7389285714270954,4.7389285714270954
2018-08-24 06:00:00,5259,5462.287130952381,-203.28713095238072,203.28713095238072
2018-08-24 06:00:00,5259,5249.575404761907,9.424595238093389,9.424595238093389
2018-08-24 06:00:00,5259,5249.309571428573,9.69042857142722,9.69042857142722
2018-08-24 07:00:00,6243,6028.544984126985,214.45501587301533,214.45501587301533
2018-08-24 07:00:00,6243,6393.464361111107,-150.46436111110688,150.46436111110688
2018-08-24 07:00:00,6243,6341.081047619048,-98.08104761904815,98.08104761904815
2018-08-24 07:00:00,6243,6368.557761904762,-125.55776190476172,125.55776190476172
2018-08-24 07:00:00,6243,6338.17676190476,-95.17676190475959,95.17676190475959
2018-08-24 08:00:00,5687,5658.984214285714,28.015785714285812,28.015785714285812
2018-08-24 08:00:00,5687,5459.722321428573,227.2776785714268,227.2776785714268
2018-08-24 08:00:00,5687,5396.325321428572,290.67467857142765,290.67467857142765
2018-08-24 09:00:00,4971,5093.603940476191,-122.60394047619138,122.60394047619138
2018-08-24 09:00:00,4971,4908.457154761907,62.54284523809292,62.54284523809292
2018-08-24 09:00:00,4971,4895.227511904764,75.77248809523644,75.77248809523644
2018-08-24 09:00:00,4971,4862.95598809524,108.04401190475983,108.04401190475983
2018-08-24 10:00:00,4539,4715.561940476191,-176.561940476191,176.561940476191
2018-08-24 10:00:00,4539,4507.479797619048,31.52020238095156,31.52020238095156
2018-08-24 10:00:00,4539,4507.870630952381,31.12936904761864,31.12936904761864
2018-08-24 11:00:00,4391,4805.935552669553,-414.93555266955264,414.93555266955264
2018-08-24 11:00:00,4391,4649.796424603176,-258.7964246031761,258.7964246031761
2018-08-24 11:00:00,4391,4670.632710317462,-279.6327103174617,279.6327103174617
2018-08-24 11:00:00,4391,4662.389186507938,-271.38918650793767,271.38918650793767
2018-08-24 12:00:00,4971,4658.552781746032,312.44721825396755,312.44721825396755
2018-08-24 12:00:00,4971,5089.860583333333,-118.86058333333312,118.86058333333312
2018-08-24 12:00:00,4971,5007.440916666665,-36.440916666664634,36.440916666664634
2018-08-24 13:00:00,5149,4894.907523809524,254.0924761904762,254.0924761904762
2018-08-24 13:00:00,5149,5170.160523809525,-21.16052380952533,21.16052380952533
2018-08-24 13:00:00,5149,5197.858428571429,-48.8584285714287,48.8584285714287
2018-08-24 13:00:00,5149,5161.240571428572,-12.240571428572366,12.240571428572366
2018-08-24 14:00:00,5499,5211.858023809524,287.14197619047627,287.14197619047627
2018-08-24 14:00:00,5499,5781.472035714285,-282.4720357142851,282.4720357142851
2018-08-24 14:00:00,5499,5784.984011904761,-285.98401190476125,285.98401190476125
2018-08-24 15:00:00,5879,5792.040047619048,86.95995238095202,86.95995238095202
2018-08-24 15:00:00,5879,5959.484035714284,-80.48403571428389,80.48403571428389
2018-08-24 16:00:00,6088,5882.219785714286,205.78021428571356,205.78021428571356
2018-08-24 16:00:00,6088,6196.637440476193,-108.63744047619275,108.63744047619275
2018-08-24 16:00:00,6088,6149.57486904762,-61.57486904762027,61.57486904762027
2018-08-24 17:00:00,5750,5538.538583333334,211.46141666666608,211.46141666666608
2018-08-24 17:00:00,5750,5246.1920039682545,503.80799603174546,503.80799603174546
2018-08-24 17:00:00,5750,5284.806611111112,465.19338888888797,465.19338888888797
2018-08-24 18:00:00,4755,4675.522488095237,79.47751190476265,79.47751190476265
2018-08-24 18:00:00,4755,4441.442273809525,313.55772619047457,313.55772619047457
2018-08-24 18:00:00,4755,4417.335773809525,337.66422619047535,337.66422619047535
2018-08-24 19:00:00,3467,3747.70207936508,-280.70207936507995,280.70207936507995
2018-08-24 20:00:00,3076,2962.256158730159,113.74384126984114,113.74384126984114
2018-08-24 21:00:00,3164,3133.5646428571426,30.435357142857356,30.435357142857356
2018-08-24 22:00:00,2435,2972.32569047619,-537.3256904761902,537.3256904761902
2018-08-24 23:00:00,1860,2027.1173650793655,-167.11736507936553,167.11736507936553
2018-08-25 00:00:00,1089,1245.0900436507936,-156.09004365079363,156.09004365079363
2018-08-25 00:00:00,1089,1114.9616190476193,-25.96161904761925,25.96161904761925
2018-08-25 01:00:00,725,807.3592032967035,-82.35920329670353,82.35920329670353
2018-08-25 01:00:00,725,715.5292142857141,9.470785714285853,9.470785714285853
2018-08-25 02:00:00,495,616.3689999999999,-121.36899999999991,121.36899999999991
2018-08-25 02:00:00,495,476.4135952380951,18.586404761904873,18.586404761904873
2018-08-25 02:00:00,495,467.1429285714284,27.8570714285716,27.8570714285716
2018-08-25 03:00:00,366,394.83744047619047,-28.837440476190466,28.837440476190466
2018-08-25 03:00:00,366,365.4662738095237,0.5337261904762727,0.5337261904762727
2018-08-25 04:00:00,500,387.0787777777779,112.92122222222213,112.92122222222213
2018-08-25 04:00:00,500,453.9703809523809,46.02961904761912,46.02961904761912
2018-08-25 05:00:00,875,857.4435476190474,17.556452380952578,17.556452380952578
2018-08-25 05:00:00,875,867.3768095238095,7.62319047619053,7.62319047619053
2018-08-25 06:00:00,1837,1481.5324603174606,355.4675396825394,355.4675396825394
2018-08-25 06:00:00,1837,1747.471083333334,89.52891666666596,89.52891666666596
2018-08-25 07:00:00,2672,2165.6517182539683,506.3482817460317,506.3482817460317
2018-08-25 07:00:00,2672,4487.7901309523795,-1815.7901309523795,1815.7901309523795
2018-08-25 07:00:00,2672,4489.93632142857,-1817.9363214285704,1817.9363214285704
2018-08-25 08:00:00,3503,2997.3663333333334,505.6336666666666,505.6336666666666
2018-08-25 08:00:00,3503,3712.3793809523804,-209.37938095238042,209.37938095238042
2018-08-25 08:00:00,3503,3713.046619047619,-210.04661904761906,210.04661904761906
2018-08-25 09:00:00,4100,3745.3825833333335,354.6174166666665,354.6174166666665
2018-08-25 09:00:00,4100,4207.405666666667,-107.40566666666655,107.40566666666655
2018-08-25 09:00:00,4100,4198.043166666666,-98.04316666666637,98.04316666666637
2018-08-25 10:00:00,4509,4190.171666666666,318.82833333333383,318.82833333333383
2018-08-25 10:00:00,4509,4610.371238095237,-101.37123809523655,101.37123809523655
2018-08-25 11:00:00,4647,4714.8820000000005,-67.88200000000052,67.88200000000052
2018-08-25 11:00:00,4647,4782.62107142857,-135.62107142856985,135.62107142856985
2018-08-25 12:00:00,4846,4805.0419999999995,40.95800000000054,40.95800000000054
2018-08-25 13:00:00,4585,4763.646333333332,-178.64633333333222,178.64633333333222
2018-08-25 14:00:00,4696,4504.35467857143,191.64532142857024,191.64532142857024
2018-08-25 15:00:00,5015,4608.8509920634915,406.1490079365085,406.1490079365085
2018-08-25 16:00:00,4677,5090.928654761905,-413.9286547619049,413.9286547619049
2018-08-25 17:00:00,4541,4458.219793040293,82.78020695970736,82.78020695970736
2018-08-25 18:00:00,3914,4146.817583333334,-232.81758333333437,232.81758333333437
2018-08-25 19:00:00,3371,3347.0720000000015,23.92799999999852,23.92799999999852
2018-08-25 20:00:00,3071,3104.979119047619,-33.97911904761895,33.97911904761895
2018-08-25 21:00:00,3156,3036.599547619048,119.40045238095217,119.40045238095217
2018-08-25 21:00:00,3156,3104.219190476191,51.780809523808784,51.780809523808784
2018-08-25 22:00:00,2713,2875.6026428571436,-162.60264285714356,162.60264285714356
2018-08-25 22:00:00,2713,2759.9039166666666,-46.903916666666646,46.903916666666646
2018-08-25 22:00:00,2713,2614.479547619047,98.52045238095297,98.52045238095297
2018-08-25 23:00:00,2134,2352.828345238095,-218.82834523809515,218.82834523809515
2018-08-25 23:00:00,2134,2149.773876984127,-15.773876984127128,15.773876984127128
2018-08-25 23:00:00,2134,2151.5673769841273,-17.56737698412735,17.56737698412735
2018-08-26 00:00:00,1375,1429.6279404761908,-54.627940476190815,54.627940476190815
2018-08-26 00:00:00,1375,1324.2814880952385,50.7185119047615,50.7185119047615
2018-08-26 01:00:00,855,913.3043333333331,-58.30433333333315,58.30433333333315
2018-08-26 01:00:00,855,820.4926190476191,34.50738095238091,34.50738095238091
2018-08-26 01:00:00,855,829.6234523809525,25.37654761904753,25.37654761904753
2018-08-26 02:00:00,614,627.1139285714285,-13.11392857142846,13.11392857142846
2018-08-26 02:00:00,614,548.2361190476189,65.7638809523811,65.7638809523811
2018-08-26 02:00:00,614,547.0214285714286,66.9785714285714,66.9785714285714
2018-08-26 03:00:00,382,404.3507261904762,-22.350726190476223,22.350726190476223
2018-08-26 03:00:00,382,389.60729761904753,-7.607297619047529,7.607297619047529
2018-08-26 03:00:00,382,390.71767857142856,-8.717678571428564,8.717678571428564
2018-08-26 04:00:00,325,357.08870238095244,-32.08870238095244,32.08870238095244
2018-08-26 04:00:00,325,303.426761904762,21.573238095238025,21.573238095238025
2018-08-26 05:00:00,551,520.7204047619048,30.279595238095226,30.279595238095226
2018-08-26 05:00:00,551,562.7874047619047,-11.787404761904668,11.787404761904668
2018-08-26 06:00:00,1106,932.348119047619,173.65188095238102,173.65188095238102
2018-08-26 06:00:00,1106,1145.5816666666665,-39.58166666666648,39.58166666666648
2018-08-26 06:00:00,1106,1154.7846666666662,-48.784666666666226,48.784666666666226
2018-08-26 07:00:00,1657,1318.9624761904759,338.03752380952415,338.03752380952415
2018-08-26 07:00:00,1657,1849.8812777777773,-192.8812777777773,192.8812777777773
2018-08-26 07:00:00,1657,1836.7747896825394,-179.77478968253945,179.77478968253945
2018-08-26 08:00:00,2467,2019.2049047619041,447.7950952380959,447.7950952380959
2018-08-26 08:00:00,2467,2831.227880952381,-364.22788095238093,364.22788095238093
2018-08-26 09:00:00,3408,2935.850880952381,472.149119047619,472.149119047619
2018-08-26 09:00:00,3408,3910.988793650794,-502.9887936507939,502.9887936507939
2018-08-26 10:00:00,4017,3919.972162698413,97.02783730158717,97.02783730158717
2018-08-26 11:00:00,4394,4287.410833333333,106.58916666666664,106.58916666666664
2018-08-26 12:00:00,4638,4653.79142857143,-15.791428571429606,15.791428571429606
2018-08-26 13:00:00,4494,4642.523174603175,-148.523174603175,148.523174603175
2018-08-26 13:00:00,4494,4411.641892857142,82.35810714285799,82.35810714285799
2018-08-26 13:00:00,4494,4415.210107142857,78.78989285714306,78.78989285714306
2018-08-26 14:00:00,4565,4417.67761904762,147.32238095237972,147.32238095237972
2018-08-26 14:00:00,4565,4606.081599206349,-41.08159920634898,41.08159920634898
2018-08-26 15:00:00,4289,4461.822416666666,-172.82241666666596,172.82241666666596
2018-08-26 15:00:00,4289,4332.229380952382,-43.22938095238169,43.22938095238169
2018-08-26 16:00:00,4259,4264.928904761904,-5.92890476190405,5.92890476190405
2018-08-26 17:00:00,3998,4057.274515873014,-59.274515873014025,59.274515873014025
2018-08-26 17:00:00,3998,3868.6884603174612,129.31153968253875,129.31153968253875
2018-08-26 18:00:00,3688,3805.3920238095243,-117.39202380952429,117.39202380952429
2018-08-26 19:00:00,3165,3255.0579761904764,-90.05797619047644,90.05797619047644
2018-08-26 20:00:00,2840,2927.5549404761905,-87.5549404761905,87.5549404761905
2018-08-26 21:00:00,2330,2580.1037380952375,-250.10373809523753,250.10373809523753
2018-08-26 22:00:00,1913,1711.6586666666667,201.3413333333333,201.3413333333333
2018-08-26 23:00:00,1208,1419.3805,-211.38049999999998,211.38049999999998
2018-08-27 00:00:00,666,709.0381666666667,-43.03816666666671,43.03816666666671
2018-08-27 01:00:00,337,452.8453214285715,-115.84532142857148,115.84532142857148
2018-08-27 01:00:00,337,347.7845952380952,-10.784595238095221,10.784595238095221
2018-08-27 02:00:00,292,264.8098095238096,27.190190476190423,27.190190476190423
2018-08-27 02:00:00,292,264.0321666666667,27.967833333333317,27.967833333333317
2018-08-27 03:00:00,358,345.29291666666666,12.707083333333344,12.707083333333344
2018-08-27 04:00:00,933,854.941570707071,78.05842929292896,78.05842929292896
2018-08-27 05:00:00,3129,2786.8406428571434,342.1593571428566,342.1593571428566
2018-08-27 06:00:00,5575,5716.299619047621,-141.29961904762058,141.29961904762058
2018-08-27 07:00:00,6493,6126.246773809523,366.7532261904771,366.7532261904771
2018-08-27 08:00:00,6125,5899.169857142855,225.8301428571449,225.8301428571449
2018-08-27 09:00:00,5094,5207.455714285715,-113.45571428571475,113.45571428571475
2018-08-27 10:00:00,4672,4597.757571428571,74.24242857142872,74.24242857142872
2018-08-27 11:00:00,4775,4910.602547619046,-135.60254761904616,135.60254761904616
2018-08-27 12:00:00,4880,4954.398928571427,-74.39892857142695,74.39892857142695
2018-08-27 13:00:00,4890,4798.7993809523805,91.20061904761951,91.20061904761951
2018-08-27 14:00:00,5048,5165.532750000001,-117.53275000000122,117.53275000000122
2018-08-27 15:00:00,5661,5425.683269841272,235.3167301587282,235.3167301587282
2018-08-27 16:00:00,6535,5886.171958874461,648.8280411255391,648.8280411255391
2018-08-27 17:00:00,5298,6178.6871190476195,-880.6871190476195,880.6871190476195
2018-08-27 18:00:00,3629,3842.965630952381,-213.96563095238116,213.96563095238116
2018-08-27 18:00:00,3629,3400.920468253967,228.0795317460329,228.0795317460329
2018-08-27 18:00:00,3629,3400.3569682539674,228.64303174603265,228.64303174603265
2018-08-27 19:00:00,2922,3198.4413953823946,-276.4413953823946,276.4413953823946
2018-08-27 19:00:00,2922,2830.2209047619044,91.77909523809558,91.77909523809558
2018-08-27 20:00:00,2536,2618.2953333333335,-82.29533333333347,82.29533333333347
2018-08-27 21:00:00,2139,2314.7717857142857,-175.77178571428567,175.77178571428567
2018-08-27 22:00:00,1503,1595.5749880952376,-92.57498809523759,92.57498809523759
2018-08-27 23:00:00,1014,1018.2431103896103,-4.243110389610251,4.243110389610251
2018-08-28 00:00:00,576,565.967126984127,10.032873015872951,10.032873015872951
2018-08-28 01:00:00,364,375.53711904761917,-11.537119047619171,11.537119047619171
2018-08-28 01:00:00,364,364.4496190476192,-0.44961904761919413,0.44961904761919413
2018-08-28 02:00:00,234,268.4723333333333,-34.472333333333324,34.472333333333324
2018-08-28 02:00:00,234,245.1950158730159,-11.195015873015905,11.195015873015905
2018-08-28 03:00:00,367,337.7254563492063,29.274543650793703,29.274543650793703
2018-08-28 03:00:00,367,377.05709523809537,-10.057095238095371,10.057095238095371
2018-08-28 04:00:00,986,854.2964444444443,131.70355555555568,131.70355555555568
2018-08-28 04:00:00,986,992.0099126984127,-6.009912698412677,6.009912698412677
2018-08-28 05:00:00,3161,2941.55230952381,219.44769047619002,219.44769047619002
2018-08-28 05:00:00,3161,2923.444511904762,237.55548809523816,237.55548809523816
2018-08-28 05:00:00,3161,2923.321178571429,237.67882142857115,237.67882142857115
2018-08-28 06:00:00,5611,5683.905698412698,-72.90569841269826,72.90569841269826
2018-08-28 06:00:00,5611,5566.987785714285,44.012214285715345,44.012214285715345
2018-08-28 07:00:00,6147,5862.085976190476,284.9140238095242,284.9140238095242
2018-08-28 07:00:00,6147,6171.19915873016,-24.19915873015998,24.19915873015998
2018-08-28 08:00:00,5692,5923.386023809526,-231.3860238095258,231.3860238095258
2018-08-28 08:00:00,5692,5593.212035714284,98.78796428571604,98.78796428571604
2018-08-28 08:00:00,5692,5588.964821428572,103.03517857142833,103.03517857142833
2018-08-28 09:00:00,5153,5225.318357142857,-72.31835714285717,72.31835714285717
2018-08-28 09:00:00,5153,5040.841932539682,112.1580674603183,112.1580674603183
2018-08-28 09:00:00,5153,5027.539265873015,125.46073412698479,125.46073412698479
2018-08-28 10:00:00,4624,4556.081595238097,67.91840476190282,67.91840476190282
2018-08-28 10:00:00,4624,4478.404392857144,145.59560714285635,145.59560714285635
2018-08-28 10:00:00,4624,4494.46644047619,129.53355952381025,129.53355952381025
2018-08-28 11:00:00,4678,4786.094333333333,-108.09433333333345,108.09433333333345
2018-08-28 11:00:00,4678,4780.43511904762,-102.43511904761999,102.43511904761999
2018-08-28 11:00:00,4678,4782.843857142858,-104.84385714285781,104.84385714285781
2018-08-28 12:00:00,4954,4843.227333333331,110.77266666666856,110.77266666666856
2018-08-28 12:00:00,4954,4978.015960317461,-24.015960317460667,24.015960317460667
2018-08-28 13:00:00,5032,4972.6660357142855,59.3339642857145,59.3339642857145
2018-08-28 13:00:00,5032,4950.531039682538,81.468960317462,81.468960317462
2018-08-28 14:00:00,5273,5264.634476190475,8.365523809525257,8.365523809525257
2018-08-28 15:00:00,5865,5913.437154761903,-48.437154761903,48.437154761903
2018-08-28 16:00:00,6657,6540.676668498167,116.32333150183331,116.32333150183331
2018-08-28 17:00:00,5716,6189.1502420634915,-473.15024206349153,473.15024206349153
2018-08-28 18:00:00,4363,4378.019214285715,-15.019214285714952,15.019214285714952
2018-08-28 19:00:00,3406,3188.831880952381,217.1681190476188,217.1681190476188
2018-08-28 19:00:00,3406,3287.8799523809516,118.12004761904836,118.12004761904836
2018-08-28 20:00:00,2896,2992.003175324675,-96.00317532467488,96.00317532467488
2018-08-28 21:00:00,2576,2518.739666666667,57.260333333333165,57.260333333333165
2018-08-28 22:00:00,1733,1825.9928535353538,-92.99285353535379,92.99285353535379
2018-08-28 23:00:00,1153,1141.1674285714287,11.832571428571327,11.832571428571327
2018-08-29 00:00:00,623,663.8129484126985,-40.81294841269846,40.81294841269846
2018-08-29 01:00:00,335,390.3024642857143,-55.30246428571428,55.30246428571428
2018-08-29 02:00:00,299,272.1600634920635,26.8399365079365,26.8399365079365
2018-08-29 03:00:00,372,363.7919523809525,8.208047619047477,8.208047619047477
2018-08-29 03:00:00,372,374.4282023809524,-2.4282023809524276,2.4282023809524276
2018-08-29 04:00:00,981,867.3556190476188,113.6443809523812,113.6443809523812
2018-08-29 05:00:00,3103,3046.2174682539694,56.7825317460306,56.7825317460306
2018-08-29 06:00:00,5902,5811.144999999999,90.85500000000138,90.85500000000138
2018-08-29 06:00:00,5902,5895.090083333334,6.909916666665595,6.909916666665595
2018-08-29 07:00:00,6775,6248.345071428572,526.6549285714282,526.6549285714282
2018-08-29 07:00:00,6775,6772.386246031748,2.61375396825224,2.61375396825224
2018-08-29 08:00:00,6164,5988.257297619046,175.74270238095414,175.74270238095414
2018-08-29 08:00:00,6164,6051.419420634921,112.58057936507885,112.58057936507885
2018-08-29 09:00:00,5421,5363.418638888888,57.58136111111162,57.58136111111162
2018-08-29 10:00:00,4871,4638.661055555556,232.33894444444377,232.33894444444377
2018-08-29 11:00:00,4969,5053.709928571429,-84.70992857142937,84.70992857142937
2018-08-29 12:00:00,5134,5046.94113095238,87.05886904761974,87.05886904761974
2018-08-29 13:00:00,4999,5153.637261904761,-154.63726190476063,154.63726190476063
2018-08-29 14:00:00,5349,5227.474670995671,121.52532900432925,121.52532900432925
2018-08-29 15:00:00,5814,5808.586535714283,5.413464285717055,5.413464285717055
2018-08-29 16:00:00,6578,6611.577880952383,-33.57788095238266,33.57788095238266
2018-08-29 17:00:00,5860,6214.046940476188,-354.04694047618796,354.04694047618796
2018-08-29 18:00:00,4554,4301.197253968254,252.8027460317462,252.8027460317462
2018-08-29 19:00:00,3487,3308.185666666666,178.81433333333416,178.81433333333416
2018-08-29 20:00:00,3205,3155.5676428571433,49.432357142856745,49.432357142856745
2018-08-29 21:00:00,2800,2830.5096865079367,-30.50968650793675,30.50968650793675
2018-08-29 22:00:00,2106,2316.820845238095,-210.820845238095,210.820845238095
2018-08-29 23:00:00,1272,1701.3630833333334,-429.3630833333334,429.3630833333334
2018-08-30 00:00:00,670,686.9779603174604,-16.97796031746043,16.97796031746043
2018-08-30 01:00:00,456,442.5031428571429,13.496857142857095,13.496857142857095
2018-08-30 02:00:00,326,335.9650000000001,-9.965000000000089,9.965000000000089
2018-08-30 03:00:00,388,382.7225,5.277499999999975,5.277499999999975
2018-08-30 03:00:00,388,398.71066666666667,-10.710666666666668,10.710666666666668
2018-08-30 04:00:00,1008,884.0215396825397,123.9784603174603,123.9784603174603
2018-08-30 04:00:00,1008,1006.522761904762,1.4772380952380217,1.4772380952380217
2018-08-30 05:00:00,3070,3051.2320952380956,18.767904761904447,18.767904761904447
2018-08-30 06:00:00,5886,5793.445285714286,92.554714285714,92.554714285714
2018-08-30 07:00:00,6466,6171.966297619046,294.0337023809543,294.0337023809543
2018-08-30 07:00:00,6466,6444.716690476189,21.283309523811113,21.283309523811113
2018-08-30 08:00:00,5995,6031.037706349206,-36.03770634920602,36.03770634920602
2018-08-30 09:00:00,5467,5187.451928571429,279.54807142857135,279.54807142857135
2018-08-30 10:00:00,4911,4867.574404761905,43.42559523809541,43.42559523809541
2018-08-30 11:00:00,5095,5246.096571428572,-151.09657142857213,151.09657142857213
2018-08-30 12:00:00,5308,5289.348968253969,18.65103174603064,18.65103174603064
2018-08-30 13:00:00,5213,5261.12411904762,-48.1241190476203,48.1241190476203
2018-08-30 14:00:00,5680,5494.972809523809,185.0271904761912,185.0271904761912
2018-08-30 15:00:00,6238,5994.930261904761,243.0697380952388,243.0697380952388
2018-08-30 16:00:00,6453,6563.3385,-110.33849999999984,110.33849999999984
2018-08-30 17:00:00,5775,6170.688964285714,-395.68896428571406,395.68896428571406
2018-08-30 18:00:00,4531,4274.640797619048,256.3592023809524,256.3592023809524
2018-08-30 19:00:00,3884,3437.6831269841273,446.3168730158727,446.3168730158727
2018-08-30 20:00:00,3332,3293.821071428571,38.17892857142897,38.17892857142897
2018-08-30 21:00:00,3049,3140.7016309523815,-91.70163095238149,91.70163095238149
2018-08-30 22:00:00,2221,2510.286027777777,-289.2860277777768,289.2860277777768
2018-08-30 23:00:00,1396,1519.7411825396825,-123.74118253968254,123.74118253968254
2018-08-31 00:00:00,764,824.6562460317457,-60.656246031745695,60.656246031745695
2018-08-31 01:00:00,456,475.20095238095246,-19.200952380952458,19.200952380952458
2018-08-31 02:00:00,358,365.14833333333337,-7.148333333333369,7.148333333333369
2018-08-31 02:00:00,358,327.6795476190475,30.320452380952474,30.320452380952474
2018-08-31 03:00:00,378,363.472642857143,14.527357142857,14.527357142857
2018-08-31 03:00:00,378,381.2511428571429,-3.251142857142895,3.251142857142895
2018-08-31 03:00:00,378,382.06580952380943,-4.065809523809435,4.065809523809435
2018-08-31 04:00:00,851,822.3530952380954,28.64690476190458,28.64690476190458
2018-08-31 04:00:00,851,845.868357142857,5.131642857142992,5.131642857142992
2018-08-31 04:00:00,851,843.5668571428572,7.433142857142798,7.433142857142798
2018-08-31 05:00:00,2754,2715.114571428572,38.88542857142784,38.88542857142784
2018-08-31 05:00:00,2754,2749.829714285715,4.170285714285001,4.170285714285001
2018-08-31 06:00:00,5200,5262.699333333335,-62.699333333334835,62.699333333334835
2018-08-31 07:00:00,6270,6025.153341269841,244.8466587301591,244.8466587301591
2018-08-31 08:00:00,5687,5689.918464285715,-2.918464285715345,2.918464285715345
2018-08-31 08:00:00,5687,5199.863273809526,487.1367261904743,487.1367261904743
2018-08-31 09:00:00,5328,5194.924952380952,133.07504761904784,133.07504761904784
2018-08-31 10:00:00,5102,5073.725880952383,28.274119047617205,28.274119047617205
2018-08-31 11:00:00,5359,5230.781011904762,128.21898809523827,128.21898809523827
2018-08-31 12:00:00,5587,5566.2320238095235,20.767976190476475,20.767976190476475
2018-08-31 13:00:00,5400,5511.41323809524,-111.41323809523965,111.41323809523965
2018-08-31 13:00:00,5400,5419.260833333333,-19.260833333332812,19.260833333332812
2018-08-31 14:00:00,5705,5579.724833333332,125.27516666666816,125.27516666666816
2018-08-31 15:00:00,5998,5854.380904761907,143.619095238093,143.619095238093
2018-08-31 16:00:00,5925,6095.596420634921,-170.59642063492083,170.59642063492083
2018-08-31 17:00:00,5418,5379.480464285714,38.51953571428567,38.51953571428567
2018-08-31 18:00:00,4935,4708.659761904761,226.34023809523933,226.34023809523933
2018-08-31 19:00:00,3945,3819.073571428571,125.92642857142891,125.92642857142891
2018-08-31 19:00:00,3945,3458.821595238095,486.17840476190486,486.17840476190486
2018-08-31 20:00:00,3233,3394.3124047619053,-161.31240476190533,161.31240476190533
2018-08-31 21:00:00,2910,3119.6693690476195,-209.6693690476195,209.6693690476195
2018-08-31 22:00:00,2830,2703.690465367965,126.30953463203514,126.30953463203514
2018-08-31 23:00:00,2147,2210.6811031746024,-63.68110317460241,63.68110317460241
2018-09-01 00:00:00,1335,1387.1464632034633,-52.14646320346333,52.14646320346333
2018-09-01 01:00:00,785,827.4019404761907,-42.4019404761907,42.4019404761907
2018-09-01 02:00:00,569,586.1176428571428,-17.117642857142755,17.117642857142755
2018-09-01 03:00:00,425,426.881238095238,-1.881238095238018,1.881238095238018
2018-09-01 04:00:00,419,428.28861111111115,-9.288611111111152,9.288611111111152
2018-09-01 05:00:00,741,794.893654761905,-53.893654761905054,53.893654761905054
2018-09-01 06:00:00,1529,1377.88744047619,151.11255952380998,151.11255952380998
2018-09-01 07:00:00,2477,2147.075857142858,329.9241428571422,329.9241428571422
2018-09-01 07:00:00,2477,2600.177492063492,-123.17749206349208,123.17749206349208
2018-09-01 08:00:00,3476,3304.334023809524,171.66597619047616,171.66597619047616
2018-09-01 08:00:00,3476,3865.332511904762,-389.3325119047622,389.3325119047622
2018-09-01 09:00:00,4212,3934.078714285714,277.9212857142861,277.9212857142861
2018-09-01 10:00:00,4578,4548.943126984127,29.056873015872952,29.056873015872952
2018-09-01 10:00:00,4578,4626.317749999999,-48.31774999999925,48.31774999999925
2018-09-01 11:00:00,4897,4832.509773809524,64.49022619047628,64.49022619047628
2018-09-01 12:00:00,4854,5160.552928571429,-306.5529285714292,306.5529285714292
2018-09-01 13:00:00,4972,4682.199055555556,289.8009444444442,289.8009444444442
2018-09-01 14:00:00,5056,4915.46675,140.5332500000004,140.5332500000004
2018-09-01 14:00:00,5056,4958.236583333334,97.76341666666576,97.76341666666576
2018-09-01 15:00:00,4719,4936.433357142857,-217.43335714285695,217.43335714285695
2018-09-01 16:00:00,4649,4578.937595238096,70.06240476190396,70.06240476190396
2018-09-01 17:00:00,4622,4490.336757326007,131.6632426739934,131.6632426739934
2018-09-01 18:00:00,4261,4186.796761904762,74.2032380952378,74.2032380952378
2018-09-01 19:00:00,3518,3542.5349523809523,-24.53495238095229,24.53495238095229
2018-09-01 20:00:00,3196,3176.3037380952364,19.69626190476356,19.69626190476356
2018-09-01 21:00:00,2880,3187.36157142857,-307.3615714285702,307.3615714285702
2018-09-01 22:00:00,2815,2913.0954761904763,-98.09547619047635,98.09547619047635
2018-09-01 23:00:00,1945,2210.6436507936505,-265.6436507936505,265.6436507936505
2018-09-01 23:00:00,1945,1772.5348333333332,172.46516666666685,172.46516666666685
2018-09-02 00:00:00,1273,1280.2407976190473,-7.240797619047271,7.240797619047271
2018-09-02 01:00:00,801,872.6504285714287,-71.65042857142873,71.65042857142873
2018-09-02 01:00:00,801,764.0349404761904,36.9650595238096,36.9650595238096
2018-09-02 02:00:00,565,593.2119523809523,-28.21195238095231,28.21195238095231
2018-09-02 03:00:00,386,400.4472619047619,-14.447261904761888,14.447261904761888
2018-09-02 04:00:00,316,341.96423809523804,-25.964238095238045,25.964238095238045
2018-09-02 04:00:00,316,304.94495238095243,11.05504761904757,11.05504761904757
2018-09-02 05:00:00,532,490.40785714285715,41.592142857142846,41.592142857142846
2018-09-02 05:00:00,532,612.8999404761906,-80.89994047619064,80.89994047619064
2018-09-02 06:00:00,1003,957.3560238095237,45.64397619047634,45.64397619047634
2018-09-02 06:00:00,1003,1191.1900952380952,-188.19009523809518,188.19009523809518
2018-09-02 07:00:00,1607,1329.905575396825,277.09442460317496,277.09442460317496
2018-09-02 08:00:00,2334,2324.077,9.922999999999774,9.922999999999774
2018-09-02 09:00:00,2929,3309.8284166666663,-380.82841666666627,380.82841666666627
2018-09-02 10:00:00,3571,3420.7965952380955,150.2034047619045,150.2034047619045
2018-09-02 10:00:00,3571,3884.313523809523,-313.31352380952285,313.31352380952285
2018-09-02 11:00:00,4040,3906.4855952380954,133.51440476190464,133.51440476190464
2018-09-02 11:00:00,4040,4255.146797619049,-215.1467976190488,215.1467976190488
2018-09-02 12:00:00,4549,4357.964464285714,191.0355357142862,191.0355357142862
2018-09-02 13:00:00,4414,4434.3702063492065,-20.370206349206455,20.370206349206455
2018-09-02 14:00:00,4299,4439.564642857143,-140.56464285714264,140.56464285714264
2018-09-02 15:00:00,4330,4327.7207976190475,2.2792023809524835,2.2792023809524835
2018-09-02 16:00:00,4197,4425.502535714286,-228.50253571428584,228.50253571428584
2018-09-02 17:00:00,3833,3955.546404761906,-122.54640476190616,122.54640476190616
2018-09-02 18:00:00,3601,3590.0336428571422,10.96635714285776,10.96635714285776
2018-09-02 19:00:00,3098,3191.1739999999995,-93.17399999999952,93.17399999999952
2018-09-02 20:00:00,3115,2854.5585317460313,260.44146825396865,260.44146825396865
2018-09-02 21:00:00,2669,2631.651642857143,37.34835714285691,37.34835714285691
2018-09-02 22:00:00,2066,2075.5717857142854,-9.571785714285397,9.571785714285397
2018-09-02 22:00:00,2066,1722.9394920634932,343.06050793650684,343.06050793650684
2018-09-02 23:00:00,1475,1501.6484166666671,-26.648416666667117,26.648416666667117
2018-09-02 23:00:00,1475,1236.8091984126984,238.19080158730162,238.19080158730162
2018-09-03 00:00:00,962,900.8633690476192,61.136630952380756,61.136630952380756
2018-09-03 00:00:00,962,517.2407380952382,444.75926190476184,444.75926190476184
2018-09-03 01:00:00,694,492.63874603174605,201.36125396825395,201.36125396825395
2018-09-03 01:00:00,694,425.0038333333333,268.9961666666667,268.9961666666667
2018-09-03 01:00:00,694,436.935619047619,257.064380952381,257.064380952381
2018-09-03 02:00:00,421,409.3119365079365,11.68806349206352,11.68806349206352
2018-09-03 02:00:00,421,318.4236071428571,102.57639285714288,102.57639285714288
2018-09-03 03:00:00,310,393.6102142857142,-83.61021428571422,83.61021428571422
2018-09-03 04:00:00,325,761.7426666666667,-436.74266666666665,436.74266666666665
2018-09-03 04:00:00,325,859.5985000000001,-534.5985000000001,534.5985000000001
2018-09-03 05:00:00,590,2460.8822936507945,-1870.8822936507945,1870.8822936507945
2018-09-03 05:00:00,590,2152.675603174603,-1562.675603174603,1562.675603174603
2018-09-03 05:00:00,590,1787.3900476190474,-1197.3900476190474,1197.3900476190474
2018-09-03 05:00:00,590,1906.8087142857141,-1316.8087142857141,1316.8087142857141
2018-09-03 06:00:00,1141,1995.1766428571434,-854.1766428571434,854.1766428571434
2018-09-03 06:00:00,1141,3527.2565357142857,-2386.2565357142857,2386.2565357142857
2018-09-03 07:00:00,1556,2112.471511904763,-556.4715119047628,556.4715119047628
2018-09-03 07:00:00,1556,2176.793630952381,-620.7936309523811,620.7936309523811
2018-09-03 08:00:00,1995,1988.6757857142857,6.3242142857143335,6.3242142857143335
2018-09-03 08:00:00,1995,2538.870904761905,-543.870904761905,543.870904761905
2018-09-03 09:00:00,2524,2509.9752857142867,14.024714285713344,14.024714285713344
2018-09-03 10:00:00,3050,3168.752619047618,-118.75261904761783,118.75261904761783
2018-09-03 10:00:00,3050,3617.239285714286,-567.2392857142859,567.2392857142859
2018-09-03 11:00:00,3616,3785.298174603175,-169.29817460317508,169.29817460317508
2018-09-03 11:00:00,3616,3879.048642857143,-263.048642857143,263.048642857143
2018-09-03 12:00:00,3901,3900.2301666666654,0.7698333333346454,0.7698333333346454
2018-09-03 13:00:00,4110,3978.7221547619056,131.27784523809441,131.27784523809441
2018-09-03 14:00:00,4446,4346.093952380953,99.90604761904706,99.90604761904706
2018-09-03 15:00:00,4411,4783.287305555557,-372.2873055555574,372.2873055555574
2018-09-03 16:00:00,4017,4676.702678571428,-659.7026785714279,659.7026785714279
2018-09-03 16:00:00,4017,4060.1398571428576,-43.139857142857636,43.139857142857636
2018-09-03 17:00:00,3900,3931.7239761904766,-31.723976190476606,31.723976190476606
2018-09-03 18:00:00,3487,3827.931892857143,-340.9318928571429,340.9318928571429
2018-09-03 19:00:00,3006,3107.75905952381,-101.75905952380981,101.75905952380981
2018-09-03 19:00:00,3006,2820.4476666666674,185.55233333333263,185.55233333333263
2018-09-03 19:00:00,3006,2815.681166666667,190.3188333333328,190.3188333333328
2018-09-03 20:00:00,2627,2547.4876666666664,79.51233333333357,79.51233333333357
2018-09-03 20:00:00,2627,2388.847654761905,238.15234523809522,238.15234523809522
2018-09-03 21:00:00,2081,2314.7542857142853,-233.7542857142853,233.7542857142853
2018-09-03 22:00:00,1588,1679.0562261904765,-91.05622619047654,91.05622619047654
2018-09-03 22:00:00,1588,1586.3158888888893,1.6841111111107239,1.6841111111107239
2018-09-03 23:00:00,1012,1048.3500634920636,-36.350063492063555,36.350063492063555
2018-09-03 23:00:00,1012,1002.8956666666662,9.104333333333784,9.104333333333784
2018-09-04 00:00:00,528,568.3894047619048,-40.38940476190476,40.38940476190476
2018-09-04 01:00:00,321,359.4937976190476,-38.4937976190476,38.4937976190476
2018-09-04 01:00:00,321,335.70374603174605,-14.70374603174605,14.70374603174605
2018-09-04 01:00:00,321,335.74257936507934,-14.742579365079337,14.742579365079337
2018-09-04 02:00:00,254,254.53210714285714,-0.5321071428571429,0.5321071428571429
2018-09-04 02:00:00,254,247.10540476190477,6.894595238095235,6.894595238095235
2018-09-04 03:00:00,332,327.179380952381,4.8206190476190045,4.8206190476190045
2018-09-04 04:00:00,901,841.9406904761904,59.05930952380959,59.05930952380959
2018-09-04 05:00:00,2863,2969.0450714285726,-106.04507142857256,106.04507142857256
2018-09-04 05:00:00,2863,2859.810678571428,3.1893214285719296,3.1893214285719296
2018-09-04 05:00:00,2863,2859.7406785714284,3.2593214285716385,3.2593214285716385
2018-09-04 05:00:00,2863,2860.4175119047613,2.5824880952386593,2.5824880952386593
2018-09-04 06:00:00,5280,5339.818547619046,-59.8185476190456,59.8185476190456
2018-09-04 06:00:00,5280,5261.691904761905,18.30809523809512,18.30809523809512
2018-09-04 06:00:00,5280,5261.569404761905,18.43059523809461,18.43059523809461
2018-09-04 07:00:00,6379,5785.285408730158,593.7145912698415,593.7145912698415
2018-09-04 07:00:00,6379,6473.968158730157,-94.96815873015657,94.96815873015657
2018-09-04 08:00:00,5856,6100.939761904761,-244.93976190476133,244.93976190476133
2018-09-04 08:00:00,5856,5530.438670634921,325.56132936507856,325.56132936507856
2018-09-04 08:00:00,5856,5551.744670634922,304.25532936507807,304.25532936507807
2018-09-04 09:00:00,5242,5389.1340714285725,-147.1340714285725,147.1340714285725
2018-09-04 09:00:00,5242,5042.300031746032,199.6999682539681,199.6999682539681
2018-09-04 09:00:00,5242,5076.906531746031,165.09346825396915,165.09346825396915
2018-09-04 09:00:00,5242,5036.516031746031,205.48396825396867,205.48396825396867
2018-09-04 10:00:00,4403,4638.225892857143,-235.22589285714275,235.22589285714275
2018-09-04 10:00:00,4403,4337.267333333334,65.73266666666586,65.73266666666586
2018-09-04 10:00:00,4403,4319.093380952381,83.90661904761873,83.90661904761873
2018-09-04 10:00:00,4403,4327.286214285715,75.71378571428522,75.71378571428522
2018-09-04 11:00:00,4477,4583.769833333334,-106.76983333333374,106.76983333333374
2018-09-04 11:00:00,4477,4717.617162698413,-240.61716269841327,240.61716269841327
2018-09-04 12:00:00,4583,4740.971023809525,-157.97102380952492,157.97102380952492
2018-09-04 12:00:00,4583,4754.0146904761905,-171.01469047619048,171.01469047619048
2018-09-04 13:00:00,4652,4555.103261904762,96.8967380952381,96.8967380952381
2018-09-04 13:00:00,4652,4645.165238095238,6.834761904761763,6.834761904761763
2018-09-04 14:00:00,4785,4992.411547619047,-207.41154761904727,207.41154761904727
2018-09-04 14:00:00,4785,5089.88461904762,-304.8846190476197,304.8846190476197
2018-09-04 15:00:00,5436,5284.432261904761,151.5677380952393,151.5677380952393
2018-09-04 15:00:00,5436,5573.545880952381,-137.54588095238068,137.54588095238068
2018-09-04 16:00:00,5667,5884.104030303032,-217.10403030303223,217.10403030303223
2018-09-04 16:00:00,5667,5781.738375541127,-114.73837554112743,114.73837554112743
2018-09-04 17:00:00,5494,5927.280595238096,-433.2805952380959,433.2805952380959
2018-09-04 17:00:00,5494,5791.887904761905,-297.8879047619048,297.8879047619048
2018-09-04 17:00:00,5494,5784.723547619047,-290.72354761904717,290.72354761904717
2018-09-04 18:00:00,4383,4296.5710238095235,86.42897619047653,86.42897619047653
2018-09-04 18:00:00,4383,4159.855186507937,223.1448134920629,223.1448134920629
2018-09-04 18:00:00,4383,4172.195019841271,210.80498015872945,210.80498015872945
2018-09-04 18:00:00,4383,4171.071686507938,211.92831349206244,211.92831349206244
2018-09-04 19:00:00,3017,3263.859777777778,-246.85977777777816,246.85977777777816
2018-09-04 19:00:00,3017,2898.8597380952388,118.14026190476125,118.14026190476125
2018-09-04 19:00:00,3017,2896.401857142858,120.5981428571422,120.5981428571422
2018-09-04 20:00:00,2385,2689.824710317461,-304.8247103174608,304.8247103174608
2018-09-04 20:00:00,2385,2334.488285714286,50.51171428571388,50.51171428571388
2018-09-04 20:00:00,2385,2364.807523809524,20.1924761904761,20.1924761904761
2018-09-04 21:00:00,2105,2289.332690476191,-184.33269047619115,184.33269047619115
2018-09-04 21:00:00,2105,2024.366547619048,80.6334523809519,80.6334523809519
2018-09-04 21:00:00,2105,2032.161333333334,72.83866666666609,72.83866666666609
2018-09-04 22:00:00,1351,1684.1644841269842,-333.16448412698423,333.16448412698423
2018-09-04 22:00:00,1351,1304.4451904761904,46.55480952380958,46.55480952380958
2018-09-04 22:00:00,1351,1303.7211904761905,47.278809523809514,47.278809523809514
2018-09-04 23:00:00,921,1032.8621125541126,-111.86211255411263,111.86211255411263
2018-09-04 23:00:00,921,934.8238333333336,-13.823833333333596,13.823833333333596
2018-09-05 00:00:00,522,538.6272698412699,-16.627269841269936,16.627269841269936
2018-09-05 00:00:00,522,521.9010119047617,0.09898809523826912,0.09898809523826912
2018-09-05 01:00:00,304,387.5420714285715,-83.54207142857149,83.54207142857149
2018-09-05 01:00:00,304,311.5990238095239,-7.599023809523885,7.599023809523885
2018-09-05 02:00:00,254,275.83330952380953,-21.833309523809532,21.833309523809532
2018-09-05 03:00:00,323,351.64837698412697,-28.64837698412697,28.64837698412697
2018-09-05 03:00:00,323,370.10235714285716,-47.10235714285716,47.10235714285716
2018-09-05 04:00:00,882,869.7429285714285,12.257071428571521,12.257071428571521
2018-09-05 04:00:00,882,883.2123528138529,-1.212352813852931,1.212352813852931
2018-09-05 05:00:00,3013,3004.5195757575752,8.48042424242476,8.48042424242476
2018-09-05 05:00:00,3013,3005.540714285715,7.459285714285215,7.459285714285215
2018-09-05 06:00:00,5633,5816.9187142857145,-183.9187142857145,183.9187142857145
2018-09-05 06:00:00,5633,5598.935333333335,34.06466666666529,34.06466666666529
2018-09-05 06:00:00,5633,5599.322000000002,33.677999999998065,33.677999999998065
2018-09-05 07:00:00,6668,5963.344095238093,704.6559047619066,704.6559047619066
2018-09-05 07:00:00,6668,6670.753642857144,-2.753642857143859,2.753642857143859
2018-09-05 08:00:00,6327,5948.287305555556,378.7126944444444,378.7126944444444
2018-09-05 09:00:00,5237,5382.392273809524,-145.39227380952434,145.39227380952434
2018-09-05 10:00:00,4599,4689.705067460318,-90.70506746031788,90.70506746031788
2018-09-05 11:00:00,4635,4789.117666666667,-154.117666666667,154.117666666667
2018-09-05 12:00:00,5001,4826.881103174604,174.1188968253964,174.1188968253964
2018-09-05 13:00:00,4781,4962.312214285715,-181.31221428571462,181.31221428571462
2018-09-05 14:00:00,4816,5193.584956349207,-377.58495634920655,377.58495634920655
2018-09-05 15:00:00,5661,5401.520833333334,259.47916666666606,259.47916666666606
2018-09-05 16:00:00,6555,6495.801285714287,59.19871428571332,59.19871428571332
2018-09-05 17:00:00,5938,6213.518404761904,-275.5184047619041,275.5184047619041
2018-09-05 18:00:00,4426,4524.1312777777775,-98.13127777777754,98.13127777777754
2018-09-05 19:00:00,3414,3274.265928571429,139.73407142857104,139.73407142857104
2018-09-05 20:00:00,3130,2956.8244047619046,173.1755952380954,173.1755952380954
2018-09-05 21:00:00,2532,2694.4241547619044,-162.42415476190445,162.42415476190445
2018-09-05 22:00:00,1629,1849.3602341269839,-220.36023412698387,220.36023412698387
2018-09-05 23:00:00,993,1201.0529365079367,-208.0529365079367,208.0529365079367
2018-09-06 00:00:00,570,561.2121666666666,8.787833333333424,8.787833333333424
2018-09-06 00:00:00,570,552.8002857142858,17.199714285714208,17.199714285714208
2018-09-06 01:00:00,350,369.21985714285717,-19.219857142857165,19.219857142857165
2018-09-06 01:00:00,350,357.49748809523805,-7.4974880952380545,7.4974880952380545
2018-09-06 02:00:00,281,266.7146904761905,14.285309523809474,14.285309523809474
2018-09-06 02:00:00,281,277.9113928571428,3.0886071428571995,3.0886071428571995
2018-09-06 03:00:00,337,368.32452380952384,-31.32452380952384,31.32452380952384
2018-09-06 03:00:00,337,384.21607142857135,-47.216071428571354,47.216071428571354
2018-09-06 04:00:00,909,892.7884563492064,16.2115436507936,16.2115436507936
2018-09-06 04:00:00,909,915.2204404761902,-6.22044047619022,6.22044047619022
2018-09-06 05:00:00,3036,2945.0629603174616,90.9370396825384,90.9370396825384
2018-09-06 05:00:00,3036,3035.978444444446,0.021555555554186867,0.021555555554186867
2018-09-06 06:00:00,5868,5794.647880952382,73.35211904761763,73.35211904761763
2018-09-06 07:00:00,6526,6193.769107142857,332.23089285714286,332.23089285714286
2018-09-06 07:00:00,6526,6470.727928571428,55.27207142857242,55.27207142857242
2018-09-06 08:00:00,5996,5802.931583333333,193.06841666666696,193.06841666666696
2018-09-06 09:00:00,5328,5301.855642857144,26.14435714285628,26.14435714285628
2018-09-06 10:00:00,4579,4664.142761904762,-85.14276190476176,85.14276190476176
2018-09-06 11:00:00,4727,4748.456011904762,-21.45601190476191,21.45601190476191
2018-09-06 12:00:00,4765,4943.869023809521,-178.86902380952142,178.86902380952142
2018-09-06 13:00:00,4853,4815.459825396826,37.54017460317391,37.54017460317391
2018-09-06 14:00:00,4947,5169.6526428571415,-222.65264285714147,222.65264285714147
2018-09-06 15:00:00,5786,5383.565642857142,402.43435714285806,402.43435714285806
2018-09-06 16:00:00,6396,6533.2287380952375,-137.22873809523753,137.22873809523753
2018-09-06 17:00:00,6008,6043.215678571429,-35.215678571428725,35.215678571428725
2018-09-06 18:00:00,4373,4613.928559523811,-240.9285595238107,240.9285595238107
2018-09-06 19:00:00,3382,3316.549615079365,65.45038492063486,65.45038492063486
2018-09-06 20:00:00,3223,3083.529694444446,139.4703055555542,139.4703055555542
2018-09-06 21:00:00,2712,2971.899404761905,-259.89940476190486,259.89940476190486
2018-09-06 22:00:00,2096,2163.2981904761905,-67.29819047619048,67.29819047619048
2018-09-06 23:00:00,1248,1359.1600238095239,-111.16002380952386,111.16002380952386
2018-09-07 00:00:00,550,688.9235952380953,-138.92359523809534,138.92359523809534
2018-09-07 01:00:00,417,388.38649999999996,28.613500000000045,28.613500000000045
2018-09-07 02:00:00,307,317.71729365079364,-10.717293650793636,10.717293650793636
2018-09-07 03:00:00,338,364.5827777777777,-26.58277777777772,26.58277777777772
2018-09-07 04:00:00,892,806.0412380952381,85.9587619047619,85.9587619047619
2018-09-07 05:00:00,2942,2810.588357142858,131.41164285714194,131.41164285714194
2018-09-07 06:00:00,5542,5700.856023809523,-158.85602380952332,158.85602380952332
2018-09-07 07:00:00,6675,6297.052499999998,377.94750000000204,377.94750000000204
2018-09-07 08:00:00,5923,5913.0508809523835,9.949119047616477,9.949119047616477
2018-09-07 09:00:00,5061,5484.727250000001,-423.7272500000008,423.7272500000008
2018-09-07 10:00:00,4720,4787.611392857144,-67.61139285714398,67.61139285714398
2018-09-07 11:00:00,4700,5054.730583333334,-354.7305833333339,354.7305833333339
2018-09-07 12:00:00,5073,4991.75248809524,81.24751190476036,81.24751190476036
2018-09-07 13:00:00,4832,5065.008071428573,-233.0080714285732,233.0080714285732
2018-09-07 14:00:00,5163,5233.6855,-70.68549999999959,70.68549999999959
2018-09-07 15:00:00,4831,5675.4862142857155,-844.4862142857155,844.4862142857155
2018-09-07 16:00:00,6148,5831.313702380954,316.68629761904594,316.68629761904594
2018-09-07 17:00:00,5426,5407.038833333333,18.96116666666694,18.96116666666694
2018-09-07 18:00:00,4699,4486.95580952381,212.04419047619012,212.04419047619012
2018-09-07 19:00:00,3734,3706.7040714285704,27.295928571429613,27.295928571429613
2018-09-07 20:00:00,3360,3209.2797976190473,150.72020238095274,150.72020238095274
2018-09-07 21:00:00,2803,2990.3742857142856,-187.37428571428563,187.37428571428563
2018-09-07 22:00:00,2669,2630.2453582251082,38.75464177489175,38.75464177489175
2018-09-07 23:00:00,1957,2020.7978174603174,-63.79781746031745,63.79781746031745
2018-09-08 00:00:00,1131,1330.1354880952379,-199.13548809523786,199.13548809523786
2018-09-08 01:00:00,690,749.2866785714285,-59.286678571428524,59.286678571428524
2018-09-08 02:00:00,488,583.1757857142857,-95.17578571428567,95.17578571428567
2018-09-08 03:00:00,393,382.6428333333333,10.357166666666728,10.357166666666728
2018-09-08 04:00:00,459,415.57744047619036,43.42255952380964,43.42255952380964
2018-09-08 05:00:00,830,829.6286984126981,0.3713015873019003,0.3713015873019003
2018-09-08 06:00:00,1504,1476.1985238095235,27.801476190476478,27.801476190476478
2018-09-08 07:00:00,2063,2163.2413253968252,-100.24132539682523,100.24132539682523
2018-09-08 08:00:00,3043,3052.5229404761894,-9.522940476189433,9.522940476189433
2018-09-08 09:00:00,3588,3778.424880952381,-190.42488095238105,190.42488095238105
2018-09-08 10:00:00,4039,3936.266087301586,102.73391269841386,102.73391269841386
2018-09-08 11:00:00,4249,4367.164511904762,-118.16451190476164,118.16451190476164
2018-09-08 12:00:00,4690,4456.043035714287,233.95696428571318,233.95696428571318
2018-09-08 13:00:00,4550,4551.267095238096,-1.2670952380958624,1.2670952380958624
2018-09-08 14:00:00,4612,4449.1189523809535,162.8810476190465,162.8810476190465
2018-09-08 15:00:00,4756,4537.154785714285,218.84521428571497,218.84521428571497
2018-09-08 16:00:00,4848,4670.401571428571,177.5984285714294,177.5984285714294
2018-09-08 17:00:00,4125,4634.39417857143,-509.3941785714296,509.3941785714296
2018-09-08 18:00:00,3745,3956.208214285715,-211.2082142857148,211.2082142857148
2018-09-08 19:00:00,3399,3434.540333333335,-35.540333333335184,35.540333333335184
2018-09-08 20:00:00,3245,3011.878976190476,233.1210238095241,233.1210238095241
2018-09-08 21:00:00,2814,3163.673535714285,-349.6735357142852,349.6735357142852
2018-09-08 22:00:00,2478,2799.773083333332,-321.7730833333321,321.7730833333321
2018-09-08 23:00:00,1916,2039.0724523809529,-123.07245238095288,123.07245238095288
2018-09-09 00:00:00,1286,1301.1455714285714,-15.14557142857143,15.14557142857143
2018-09-09 01:00:00,794,866.2585476190477,-72.2585476190477,72.2585476190477
2018-09-09 02:00:00,620,615.2260119047619,4.77398809523811,4.77398809523811
2018-09-09 03:00:00,345,406.0774523809526,-61.07745238095259,61.07745238095259
2018-09-09 04:00:00,353,304.88109523809527,48.11890476190473,48.11890476190473
2018-09-09 05:00:00,541,588.2437380952382,-47.2437380952382,47.2437380952382
2018-09-09 06:00:00,1140,898.1108095238093,241.88919047619072,241.88919047619072
2018-09-09 07:00:00,1806,1439.4666666666665,366.53333333333353,366.53333333333353
2018-09-09 08:00:00,2224,2271.6227142857147,-47.622714285714665,47.622714285714665
2018-09-09 09:00:00,3449,3436.8797619047623,12.12023809523771,12.12023809523771
2018-09-09 10:00:00,4322,3816.5593571428576,505.4406428571424,505.4406428571424
2018-09-09 11:00:00,4273,4462.86325,-189.86325000000033,189.86325000000033
2018-09-09 12:00:00,3990,4510.153095238095,-520.1530952380954,520.1530952380954
2018-09-09 13:00:00,3993,4116.742238095238,-123.74223809523755,123.74223809523755
2018-09-09 14:00:00,3852,4133.534571428572,-281.53457142857224,281.53457142857224
2018-09-09 15:00:00,3888,3996.8662261904765,-108.86622619047648,108.86622619047648
2018-09-09 16:00:00,4126,3958.2546706349212,167.74532936507876,167.74532936507876
2018-09-09 17:00:00,3959,3977.6184404761902,-18.618440476190244,18.618440476190244
2018-09-09 18:00:00,3692,3758.3397857142863,-66.33978571428634,66.33978571428634
2018-09-09 19:00:00,3258,3267.5654126984127,-9.565412698412729,9.565412698412729
2018-09-09 20:00:00,2755,2919.9313928571423,-164.93139285714233,164.93139285714233
2018-09-09 21:00:00,2140,2460.858083333333,-320.85808333333307,320.85808333333307
2018-09-09 22:00:00,1534,1753.4560833333335,-219.45608333333348,219.45608333333348
2018-09-09 23:00:00,996,1037.3816626984128,-41.38166269841281,41.38166269841281
2018-09-10 00:00:00,534,533.505595238095,0.4944047619050025,0.4944047619050025
2018-09-10 01:00:00,303,318.4471071428571,-15.447107142857078,15.447107142857078
2018-09-10 02:00:00,286,249.11971428571425,36.88028571428575,36.88028571428575
2018-09-10 03:00:00,329,348.3833571428572,-19.38335714285722,19.38335714285722
2018-09-10 04:00:00,861,851.39475,9.605249999999955,9.605249999999955
2018-09-10 05:00:00,2963,2833.007238095238,129.99276190476212,129.99276190476212
2018-09-10 06:00:00,5721,5763.020761904761,-42.02076190476055,42.02076190476055
2018-09-10 07:00:00,6561,6068.467059523809,492.53294047619056,492.53294047619056
2018-09-10 08:00:00,6009,5855.953916666666,153.04608333333363,153.04608333333363
2018-09-10 09:00:00,5236,5063.703222222222,172.2967777777776,172.2967777777776
2018-09-10 10:00:00,4201,4500.854924603175,-299.8549246031753,299.8549246031753
2018-09-10 11:00:00,4498,4369.7899761904755,128.2100238095245,128.2100238095245
2018-09-10 12:00:00,4724,4717.068265873017,6.931734126983429,6.931734126983429
2018-09-10 13:00:00,4462,4770.613166666668,-308.6131666666679,308.6131666666679
2018-09-10 14:00:00,5016,4849.082071428572,166.9179285714281,166.9179285714281
2018-09-10 15:00:00,5688,5477.849912698413,210.1500873015866,210.1500873015866
2018-09-10 16:00:00,6344,6487.192630952379,-143.19263095237875,143.19263095237875
2018-09-10 17:00:00,5857,5935.049702380953,-78.04970238095302,78.04970238095302
2018-09-10 18:00:00,4245,4332.834161255412,-87.83416125541225,87.83416125541225
2018-09-10 19:00:00,3184,3163.0316666666677,20.96833333333234,20.96833333333234
2018-09-10 20:00:00,2732,2680.927321428571,51.07267857142915,51.07267857142915
2018-09-10 21:00:00,2235,2353.1437976190473,-118.14379761904729,118.14379761904729
2018-09-10 22:00:00,1389,1605.8233650793654,-216.82336507936543,216.82336507936543
2018-09-10 23:00:00,887,1012.6200476190476,-125.62004761904757,125.62004761904757
2018-09-11 00:00:00,516,512.7858809523811,3.2141190476188513,3.2141190476188513
2018-09-11 01:00:00,330,328.5790833333333,1.4209166666666988,1.4209166666666988
2018-09-11 02:00:00,265,260.50871428571435,4.491285714285652,4.491285714285652
2018-09-11 03:00:00,332,340.95498809523815,-8.95498809523815,8.95498809523815
2018-09-11 04:00:00,891,867.9341904761902,23.065809523809776,23.065809523809776
2018-09-11 05:00:00,3055,2986.9625357142854,68.03746428571458,68.03746428571458
2018-09-11 06:00:00,5927,5779.644845238096,147.35515476190358,147.35515476190358
2018-09-11 07:00:00,6496,6431.818111111111,64.18188888888926,64.18188888888926
2018-09-11 08:00:00,6123,5985.6587976190485,137.34120238095147,137.34120238095147
2018-09-11 09:00:00,5471,5399.495892857143,71.50410714285681,71.50410714285681
2018-09-11 10:00:00,4257,4541.798795454544,-284.79879545454423,284.79879545454423
2018-09-11 11:00:00,5074,4404.908535714287,669.0914642857133,669.0914642857133
2018-09-11 12:00:00,4734,5257.104535714287,-523.1045357142866,523.1045357142866
2018-09-11 13:00:00,4875,4750.864928571429,124.13507142857088,124.13507142857088
2018-09-11 14:00:00,4922,5186.898166666667,-264.89816666666684,264.89816666666684
2018-09-11 15:00:00,5636,5333.849499999999,302.15050000000065,302.15050000000065
2018-09-11 16:00:00,6601,6388.526976190475,212.47302380952533,212.47302380952533
2018-09-11 17:00:00,5859,6219.673595238096,-360.6735952380959,360.6735952380959
2018-09-11 18:00:00,4372,4364.353238095239,7.646761904760751,7.646761904760751
2018-09-11 19:00:00,3427,3348.6414285714277,78.3585714285723,78.3585714285723
2018-09-11 20:00:00,3114,3045.6844166666665,68.3155833333335,68.3155833333335
2018-09-11 21:00:00,2501,2850.6784761904764,-349.67847619047643,349.67847619047643
2018-09-11 22:00:00,1860,1909.9777857142858,-49.9777857142858,49.9777857142858
2018-09-11 23:00:00,2682,1266.1884523809522,1415.8115476190478,1415.8115476190478
2018-09-12 00:00:00,750,780.3598015873014,-30.359801587301376,30.359801587301376
2018-09-12 01:00:00,344,450.44916666666677,-106.44916666666677,106.44916666666677
2018-09-12 02:00:00,314,271.61297619047616,42.38702380952384,42.38702380952384
2018-09-12 03:00:00,371,361.9594880952381,9.0405119047619,9.0405119047619
2018-09-12 04:00:00,937,886.4348809523813,50.56511904761874,50.56511904761874
2018-09-12 05:00:00,3085,2981.8401230158734,103.15987698412664,103.15987698412664
2018-09-12 06:00:00,5908,5888.187452380952,19.81254761904802,19.81254761904802
2018-09-12 07:00:00,6677,6278.537051587303,398.4629484126972,398.4629484126972
2018-09-12 08:00:00,6297,5996.68011904762,300.3198809523801,300.3198809523801
2018-09-12 09:00:00,5551,5341.219035714285,209.78096428571462,209.78096428571462
2018-09-12 09:00:00,5551,5001.615428571428,549.3845714285717,549.3845714285717
2018-09-12 10:00:00,4499,4782.345642857141,-283.3456428571408,283.3456428571408
2018-09-12 10:00:00,4499,4311.09775,187.9022500000001,187.9022500000001
2018-09-12 11:00:00,4598,4731.720436507936,-133.72043650793603,133.72043650793603
2018-09-12 12:00:00,4759,4861.22603968254,-102.22603968254043,102.22603968254043
2018-09-12 13:00:00,4733,4779.340071428571,-46.34007142857081,46.34007142857081
2018-09-12 14:00:00,5056,5124.0322499999975,-68.03224999999748,68.03224999999748
2018-09-12 15:00:00,5739,5730.331222222223,8.668777777776995,8.668777777776995
2018-09-12 16:00:00,6450,6601.260214285714,-151.26021428571403,151.26021428571403
2018-09-12 17:00:00,6245,6164.483388888891,80.51661111110934,80.51661111110934
2018-09-12 18:00:00,4668,4735.208793650792,-67.20879365079236,67.20879365079236
2018-09-12 19:00:00,3510,3486.818928571429,23.18107142857116,23.18107142857116
2018-09-12 20:00:00,3064,3157.065761904762,-93.06576190476198,93.06576190476198
2018-09-12 21:00:00,2705,2800.0877738095237,-95.0877738095237,95.0877738095237
2018-09-12 22:00:00,1813,2015.9963928571433,-202.9963928571433,202.9963928571433
2018-09-12 23:00:00,2842,1235.238642857143,1606.761357142857,1606.761357142857
2018-09-13 00:00:00,699,823.8164444444443,-124.8164444444443,124.8164444444443
2018-09-13 01:00:00,413,434.855988095238,-21.85598809523799,21.85598809523799
2018-09-13 02:00:00,332,306.69679761904763,25.30320238095237,25.30320238095237
2018-09-13 03:00:00,383,380.701015873016,2.29898412698401,2.29898412698401
2018-09-13 04:00:00,914,922.4466190476187,-8.446619047618697,8.446619047618697
2018-09-13 05:00:00,3052,3019.110992063492,32.889007936507824,32.889007936507824
2018-09-13 06:00:00,5830,5783.172190476192,46.827809523808355,46.827809523808355
2018-09-13 07:00:00,6433,6019.992492063491,413.0075079365088,413.0075079365088
2018-09-13 08:00:00,6162,6088.029869047618,73.97013095238162,73.97013095238162
2018-09-13 09:00:00,5092,5418.002876984127,-326.0028769841274,326.0028769841274
2018-09-13 10:00:00,4584,4670.924702380953,-86.92470238095302,86.92470238095302
2018-09-13 11:00:00,4767,4804.392083333333,-37.392083333333176,37.392083333333176
2018-09-13 12:00:00,4851,4953.384345238094,-102.38434523809428,102.38434523809428
2018-09-13 13:00:00,4826,4836.477976190476,-10.477976190475601,10.477976190475601
2018-09-13 14:00:00,5014,5156.078702380951,-142.07870238095074,142.07870238095074
2018-09-13 15:00:00,5617,5664.488619047617,-47.48861904761725,47.48861904761725
2018-09-13 16:00:00,6514,6305.529761904762,208.47023809523762,208.47023809523762
2018-09-13 17:00:00,5701,6179.660202380955,-478.6602023809546,478.6602023809546
2018-09-13 18:00:00,4443,4578.851345238095,-135.85134523809484,135.85134523809484
2018-09-13 19:00:00,3669,3438.5459444444446,230.45405555555544,230.45405555555544
2018-09-13 20:00:00,3282,3264.3596666666667,17.640333333333274,17.640333333333274
2018-09-13 21:00:00,2676,3057.8174761904766,-381.81747619047655,381.81747619047655
2018-09-13 22:00:00,1921,2178.1747023809526,-257.17470238095257,257.17470238095257
2018-09-13 23:00:00,1167,1436.435555555555,-269.4355555555551,269.4355555555551
2018-09-14 00:00:00,603,689.9616666666666,-86.96166666666659,86.96166666666659
2018-09-14 01:00:00,376,422.2259642857144,-46.22596428571438,46.22596428571438
2018-09-14 02:00:00,333,311.5318214285714,21.46817857142861,21.46817857142861
2018-09-14 03:00:00,377,384.4011666666666,-7.401166666666597,7.401166666666597
2018-09-14 04:00:00,892,826.6023333333335,65.39766666666651,65.39766666666651
2018-09-14 05:00:00,2899,2850.2873928571435,48.71260714285654,48.71260714285654
2018-09-14 06:00:00,5569,5396.6166507936505,172.38334920634952,172.38334920634952
2018-09-14 07:00:00,6728,6216.348047619046,511.65195238095384,511.65195238095384
2018-09-14 08:00:00,5934,5883.338119047618,50.66188095238158,50.66188095238158
2018-09-14 09:00:00,5025,5085.7965476190475,-60.79654761904749,60.79654761904749
2018-09-14 10:00:00,4566,4747.490035714287,-181.49003571428693,181.49003571428693
2018-09-14 11:00:00,4836,4855.879166666666,-19.879166666665697,19.879166666665697
2018-09-14 12:00:00,5019,5072.615095238096,-53.61509523809582,53.61509523809582
2018-09-14 13:00:00,4830,4962.144777777777,-132.14477777777665,132.14477777777665
2018-09-14 14:00:00,5231,5177.819273809522,53.1807261904778,53.1807261904778
2018-09-14 15:00:00,5953,5579.683023809523,373.31697619047736,373.31697619047736
2018-09-14 16:00:00,6196,6150.121892857143,45.87810714285661,45.87810714285661
2018-09-14 17:00:00,5358,5612.373341269841,-254.37334126984115,254.37334126984115
2018-09-14 18:00:00,4687,4501.316892857141,185.68310714285872,185.68310714285872
2018-09-14 19:00:00,3880,3778.830531746032,101.1694682539678,101.1694682539678
2018-09-14 20:00:00,3329,3339.216476190477,-10.216476190476897,10.216476190476897
2018-09-14 21:00:00,3169,2992.5593333333345,176.4406666666655,176.4406666666655
2018-09-14 22:00:00,2810,2800.0025833333343,9.997416666665686,9.997416666665686
2018-09-14 23:00:00,2024,2227.427357142857,-203.4273571428571,203.4273571428571
2018-09-15 00:00:00,1179,1303.3828095238098,-124.38280952380978,124.38280952380978
2018-09-15 01:00:00,808,764.8689047619047,43.13109523809533,43.13109523809533
2018-09-15 02:00:00,584,604.472488095238,-20.472488095237964,20.472488095237964
2018-09-15 03:00:00,428,429.08686147186154,-1.086861471861539,1.086861471861539
2018-09-15 04:00:00,502,435.5386547619048,66.46134523809519,66.46134523809519
2018-09-15 05:00:00,871,907.0422738095237,-36.04227380952375,36.04227380952375
2018-09-15 06:00:00,1469,1503.0145714285723,-34.01457142857225,34.01457142857225
2018-09-15 07:00:00,2117,2180.360952380952,-63.36095238095186,63.36095238095186
2018-09-15 07:00:00,2117,2346.132984126985,-229.13298412698487,229.13298412698487
2018-09-15 08:00:00,3442,2949.3035793650793,492.69642063492074,492.69642063492074
2018-09-15 09:00:00,3999,3947.5054166666664,51.494583333333594,51.494583333333594
2018-09-15 10:00:00,4448,4334.58488095238,113.41511904761956,113.41511904761956
2018-09-15 11:00:00,4772,4634.8455952380955,137.15440476190452,137.15440476190452
2018-09-15 12:00:00,4990,4850.35246031746,139.6475396825399,139.6475396825399
2018-09-15 13:00:00,4848,4902.254392857142,-54.25439285714219,54.25439285714219
2018-09-15 14:00:00,4343,4670.047261904762,-327.0472619047623,327.0472619047623
2018-09-15 15:00:00,4296,4453.142797619048,-157.142797619048,157.142797619048
2018-09-15 16:00:00,4219,4444.291428571429,-225.2914285714287,225.2914285714287
2018-09-15 17:00:00,3953,4066.0081277056283,-113.00812770562834,113.00812770562834
2018-09-15 18:00:00,3826,3710.5478095238095,115.45219047619048,115.45219047619048
2018-09-15 19:00:00,3455,3464.698571428572,-9.698571428571995,9.698571428571995
2018-09-15 20:00:00,3208,3099.9351706349203,108.06482936507973,108.06482936507973
2018-09-15 21:00:00,3055,3142.308158730158,-87.30815873015808,87.30815873015808
2018-09-15 22:00:00,2741,2985.731916666667,-244.73191666666708,244.73191666666708
2018-09-15 23:00:00,2123,2278.88215079365,-155.88215079365,155.88215079365
2018-09-16 00:00:00,1353,1407.165857142857,-54.16585714285702,54.16585714285702
2018-09-16 01:00:00,786,945.3050714285716,-159.30507142857164,159.30507142857164
2018-09-16 02:00:00,607,615.2599801587301,-8.259980158730059,8.259980158730059
2018-09-16 03:00:00,401,416.1855357142859,-15.18553571428589,15.18553571428589
2018-09-16 04:00:00,313,355.20114285714277,-42.20114285714277,42.20114285714277
2018-09-16 05:00:00,467,480.65991666666656,-13.659916666666561,13.659916666666561
2018-09-16 06:00:00,850,798.4170873015871,51.58291269841288,51.58291269841288
2018-09-16 07:00:00,1302,1166.5644523809526,135.43554761904738,135.43554761904738
2018-09-16 08:00:00,2090,1887.0645714285718,202.93542857142825,202.93542857142825
2018-09-16 09:00:00,3039,2927.5998571428568,111.40014285714324,111.40014285714324
2018-09-16 10:00:00,3278,3790.4539999999997,-512.4539999999997,512.4539999999997
2018-09-16 11:00:00,4352,3820.1435833333335,531.8564166666665,531.8564166666665
2018-09-16 12:00:00,3978,4713.811785714288,-735.8117857142879,735.8117857142879
2018-09-16 13:00:00,3935,4058.2752976190495,-123.27529761904952,123.27529761904952
2018-09-16 14:00:00,3829,4001.091464285714,-172.0914642857142,172.0914642857142
2018-09-16 15:00:00,4101,3915.055726190476,185.94427380952402,185.94427380952402
2018-09-16 16:00:00,4539,4092.502428571428,446.497571428572,446.497571428572
2018-09-16 17:00:00,4154,4426.868551587302,-272.86855158730214,272.86855158730214
2018-09-16 18:00:00,3701,3910.8161071428576,-209.81610714285762,209.81610714285762
2018-09-16 19:00:00,3400,3396.262912698413,3.737087301587053,3.737087301587053
2018-09-16 20:00:00,3092,3072.6343928571423,19.365607142857698,19.365607142857698
2018-09-16 21:00:00,2623,2491.0440119047616,131.95598809523835,131.95598809523835
2018-09-16 22:00:00,1725,2063.8261547619054,-338.8261547619054,338.8261547619054
2018-09-16 23:00:00,1088,1484.4945238095233,-396.49452380952334,396.49452380952334
2018-09-17 00:00:00,550,639.7968095238095,-89.79680952380954,89.79680952380954
2018-09-17 01:00:00,280,379.25609523809527,-99.25609523809527,99.25609523809527
2018-09-17 02:00:00,260,255.09411904761907,4.905880952380926,4.905880952380926
2018-09-17 03:00:00,344,336.52228571428583,7.477714285714171,7.477714285714171
2018-09-17 04:00:00,880,841.6690952380953,38.33090476190466,38.33090476190466
2018-09-17 05:00:00,2965,2854.494888888889,110.50511111111109,110.50511111111109
2018-09-17 06:00:00,5667,5790.541833333335,-123.54183333333458,123.54183333333458
2018-09-17 07:00:00,6533,6191.264706349205,341.73529365079503,341.73529365079503
2018-09-17 08:00:00,6070,5962.647750000001,107.352249999999,107.352249999999
2018-09-17 09:00:00,5145,5186.434420634921,-41.43442063492057,41.43442063492057
2018-09-17 10:00:00,4201,4583.184500000002,-382.1845000000021,382.1845000000021
2018-09-17 11:00:00,4371,4376.828714285714,-5.828714285714341,5.828714285714341
2018-09-17 12:00:00,4533,4602.839500000001,-69.83950000000095,69.83950000000095
2018-09-17 13:00:00,4680,4542.457103174604,137.54289682539638,137.54289682539638
2018-09-17 14:00:00,4930,4985.592499999998,-55.592499999997926,55.592499999997926
2018-09-17 14:00:00,4930,5115.386678571429,-185.386678571429,185.386678571429
2018-09-17 15:00:00,5327,5418.004499999997,-91.00449999999728,91.00449999999728
2018-09-17 15:00:00,5327,5659.47870238095,-332.4787023809504,332.4787023809504
2018-09-17 15:00:00,5327,5568.153047619047,-241.15304761904736,241.15304761904736
2018-09-17 15:00:00,5327,5573.759642857143,-246.75964285714326,246.75964285714326
2018-09-17 16:00:00,6354,6150.324428571426,203.67557142857368,203.67557142857368
2018-09-17 16:00:00,6354,6265.138309523809,88.86169047619114,88.86169047619114
2018-09-17 16:00:00,6354,6269.953476190475,84.04652380952484,84.04652380952484
2018-09-17 17:00:00,5412,5995.733857142856,-583.7338571428563,583.7338571428563
2018-09-17 17:00:00,5412,5509.8517142857145,-97.85171428571448,97.85171428571448
2018-09-17 17:00:00,5412,5511.862619047622,-99.86261904762159,99.86261904762159
2018-09-17 18:00:00,4000,3845.1091944444433,154.89080555555665,154.89080555555665
2018-09-17 18:00:00,4000,3897.8781904761913,102.12180952380868,102.12180952380868
2018-09-17 19:00:00,2897,2868.5869047619053,28.413095238094684,28.413095238094684
2018-09-17 19:00:00,2897,2739.6739761904773,157.32602380952267,157.32602380952267
2018-09-17 20:00:00,2466,2611.99969047619,-145.99969047619015,145.99969047619015
2018-09-17 20:00:00,2466,2461.481619047619,4.518380952380994,4.518380952380994
2018-09-17 21:00:00,2090,2250.827166666667,-160.82716666666693,160.82716666666693
2018-09-17 22:00:00,1434,1663.9286190476184,-229.92861904761844,229.92861904761844
2018-09-17 23:00:00,869,925.4576865079372,-56.45768650793718,56.45768650793718
2018-09-18 00:00:00,536,527.0697777777777,8.930222222222255,8.930222222222255
2018-09-18 00:00:00,536,535.6055238095236,0.3944761904764391,0.3944761904764391
2018-09-18 01:00:00,351,348.4677936507936,2.532206349206376,2.532206349206376
2018-09-18 01:00:00,351,351.5120000000001,-0.5120000000001141,0.5120000000001141
2018-09-18 01:00:00,351,351.6906904761906,-0.6906904761905821,0.6906904761905821
2018-09-18 02:00:00,227,265.4561428571428,-38.45614285714282,38.45614285714282
2018-09-18 02:00:00,227,236.005746031746,-9.005746031746014,9.005746031746014
2018-09-18 03:00:00,340,326.55150000000003,13.448499999999967,13.448499999999967
2018-09-18 03:00:00,340,340.3184880952381,-0.31848809523808086,0.31848809523808086
2018-09-18 03:00:00,340,347.7309166666666,-7.730916666666587,7.730916666666587
2018-09-18 04:00:00,858,863.2442500000002,-5.244250000000193,5.244250000000193
2018-09-18 04:00:00,858,859.5162380952379,-1.5162380952378953,1.5162380952378953
2018-09-18 04:00:00,858,843.2398571428571,14.76014285714291,14.76014285714291
2018-09-18 05:00:00,3027,2885.6323809523815,141.36761904761852,141.36761904761852
2018-09-18 05:00:00,3027,3035.755111111112,-8.755111111112,8.755111111112
2018-09-18 05:00:00,3027,3032.281777777779,-5.281777777779098,5.281777777779098
2018-09-18 06:00:00,5642,5780.575523809524,-138.57552380952438,138.57552380952438
2018-09-18 06:00:00,5642,5640.9511666666685,1.0488333333314586,1.0488333333314586
2018-09-18 06:00:00,5642,5640.971166666668,1.0288333333319315,1.0288333333319315
2018-09-18 07:00:00,6516,5980.034246753245,535.9657532467554,535.9657532467554
2018-09-18 07:00:00,6516,6487.0827976190485,28.917202380951494,28.917202380951494
2018-09-18 08:00:00,5873,5998.303523809521,-125.30352380952081,125.30352380952081
2018-09-18 08:00:00,5873,5807.781285714286,65.21871428571376,65.21871428571376
2018-09-18 08:00:00,5873,5817.325785714286,55.67421428571379,55.67421428571379
2018-09-18 09:00:00,5123,5389.104309523811,-266.104309523811,266.104309523811
2018-09-18 09:00:00,5123,5051.022750000002,71.9772499999981,71.9772499999981
2018-09-18 09:00:00,5123,5106.877333333335,16.122666666665282,16.122666666665282
2018-09-18 10:00:00,4527,4472.456666666667,54.54333333333307,54.54333333333307
2018-09-18 10:00:00,4527,4403.568547619047,123.43145238095258,123.43145238095258
2018-09-18 10:00:00,4527,4428.0662142857145,98.93378571428548,98.93378571428548
2018-09-18 11:00:00,4593,4739.728095238096,-146.7280952380961,146.7280952380961
2018-09-18 12:00:00,4725,4814.918793650793,-89.9187936507933,89.9187936507933
2018-09-18 13:00:00,4737,4722.360571428571,14.639428571428653,14.639428571428653
2018-09-18 14:00:00,4931,5081.482285714287,-150.48228571428717,150.48228571428717
2018-09-18 15:00:00,5623,5367.512702380952,255.48729761904815,255.48729761904815
2018-09-18 16:00:00,6623,6402.706547619047,220.29345238095266,220.29345238095266
2018-09-18 17:00:00,5916,6241.964166666665,-325.9641666666648,325.9641666666648
2018-09-18 18:00:00,4423,4390.576130952381,32.42386904761861,32.42386904761861
2018-09-18 18:00:00,4423,4322.855837301589,100.14416269841058,100.14416269841058
2018-09-18 19:00:00,3309,3192.8304047619063,116.16959523809373,116.16959523809373
2018-09-18 19:00:00,3309,3236.9428611111107,72.05713888888931,72.05713888888931
2018-09-18 20:00:00,2805,2878.604047619047,-73.60404761904692,73.60404761904692
2018-09-18 21:00:00,2400,2514.710873015873,-114.71087301587295,114.71087301587295
2018-09-18 22:00:00,2631,1648.5610000000004,982.4389999999996,982.4389999999996
2018-09-18 22:00:00,2631,2099.6134047619057,531.3865952380943,531.3865952380943
2018-09-18 23:00:00,1501,1359.9466547619045,141.05334523809552,141.05334523809552
2018-09-19 00:00:00,617,812.2631428571428,-195.26314285714284,195.26314285714284
2018-09-19 00:00:00,617,617.2758809523809,-0.27588095238093047,0.27588095238093047
2018-09-19 01:00:00,401,386.32159523809526,14.678404761904744,14.678404761904744
2018-09-19 01:00:00,401,389.06289285714297,11.93710714285703,11.93710714285703
2018-09-19 02:00:00,282,307.6506158008657,-25.650615800865694,25.650615800865694
2018-09-19 02:00:00,282,254.4328571428572,27.567142857142812,27.567142857142812
2018-09-19 03:00:00,358,348.5706507936507,9.429349206349286,9.429349206349286
2018-09-19 03:00:00,358,365.7433730158731,-7.74337301587309,7.74337301587309
2018-09-19 04:00:00,913,880.5736825396823,32.426317460317705,32.426317460317705
2018-09-19 04:00:00,913,911.9837261904762,1.0162738095237955,1.0162738095237955
2018-09-19 04:00:00,913,913.3680595238095,-0.3680595238095066,0.3680595238095066
2018-09-19 05:00:00,3074,2999.5177222222223,74.48227777777765,74.48227777777765
2018-09-19 05:00:00,3074,3057.3627619047625,16.637238095237535,16.637238095237535
2018-09-19 06:00:00,5803,5848.756484126983,-45.756484126983196,45.756484126983196
2018-09-19 06:00:00,5803,5802.598571428572,0.40142857142836874,0.40142857142836874
2018-09-19 07:00:00,6510,6309.36003174603,200.63996825397044,200.63996825397044
2018-09-19 07:00:00,6510,6524.803250000001,-14.803250000000844,14.803250000000844
2018-09-19 07:00:00,6510,6494.729583333335,15.27041666666537,15.27041666666537
2018-09-19 08:00:00,6101,6118.903607142856,-17.903607142856345,17.903607142856345
2018-09-19 08:00:00,6101,5992.530666666667,108.46933333333345,108.46933333333345
2018-09-19 09:00:00,5331,5434.061968253968,-103.06196825396819,103.06196825396819
2018-09-19 09:00:00,5331,5270.045261904761,60.95473809523901,60.95473809523901
2018-09-19 09:00:00,5331,5272.469666666666,58.530333333334056,58.530333333334056
2018-09-19 09:00:00,5331,5277.316285714286,53.683714285713904,53.683714285713904
2018-09-19 10:00:00,4266,4573.798547619048,-307.7985476190479,307.7985476190479
2018-09-19 10:00:00,4266,4254.859333333334,11.14066666666622,11.14066666666622
2018-09-19 10:00:00,4266,4255.6246666666675,10.375333333332492,10.375333333332492
2018-09-19 10:00:00,4266,4253.446666666668,12.553333333332375,12.553333333332375
2018-09-19 11:00:00,4567,4405.665357142858,161.33464285714217,161.33464285714217
2018-09-19 11:00:00,4567,4760.990738095241,-193.99073809524089,193.99073809524089
2018-09-19 11:00:00,4567,4723.440238095241,-156.4402380952406,156.4402380952406
2018-09-19 12:00:00,4734,4735.054095238096,-1.0540952380961244,1.0540952380961244
2018-09-19 12:00:00,4734,4869.462999999998,-135.46299999999792,135.46299999999792
2018-09-19 13:00:00,4675,4713.5355714285715,-38.53557142857153,38.53557142857153
2018-09-19 13:00:00,4675,4745.255452380953,-70.2554523809531,70.2554523809531
2018-09-19 13:00:00,4675,4738.919285714286,-63.91928571428616,63.91928571428616
2018-09-19 14:00:00,4980,4946.62111904762,33.378880952380314,33.378880952380314
2018-09-19 14:00:00,4980,5248.064051948052,-268.0640519480521,268.0640519480521
2018-09-19 15:00:00,5718,5575.187206349206,142.81279365079445,142.81279365079445
2018-09-19 16:00:00,6382,6530.248146825399,-148.2481468253991,148.2481468253991
2018-09-19 16:00:00,6382,6738.3528214285725,-356.3528214285725,356.3528214285725
2018-09-19 17:00:00,5647,6068.047702380952,-421.0477023809517,421.0477023809517
2018-09-19 17:00:00,5647,5950.6434285714295,-303.64342857142947,303.64342857142947
2018-09-19 17:00:00,5647,5940.3644523809535,-293.3644523809535,293.3644523809535
2018-09-19 18:00:00,4469,4392.584952380952,76.41504761904798,76.41504761904798
2018-09-19 18:00:00,4469,4409.891777777777,59.10822222222305,59.10822222222305
2018-09-19 18:00:00,4469,4360.294277777776,108.70572222222381,108.70572222222381
2018-09-19 19:00:00,3460,3310.1039880952385,149.8960119047615,149.8960119047615
2018-09-19 19:00:00,3460,3299.252904761905,160.74709523809497,160.74709523809497
2018-09-19 20:00:00,2865,2929.2110476190483,-64.21104761904826,64.21104761904826
2018-09-19 21:00:00,2576,2662.206666666667,-86.20666666666693,86.20666666666693
2018-09-19 21:00:00,2576,2599.1140595238107,-23.114059523810738,23.114059523810738
2018-09-19 22:00:00,1693,2043.934924963925,-350.9349249639249,350.9349249639249
2018-09-19 22:00:00,1693,1715.0503095238084,-22.050309523808437,22.050309523808437
2018-09-19 22:00:00,1693,1695.3089999999993,-2.308999999999287,2.308999999999287
2018-09-19 23:00:00,994,1098.9189761904763,-104.91897619047631,104.91897619047631
2018-09-20 00:00:00,583,551.6999285714286,31.300071428571414,31.300071428571414
2018-09-20 01:00:00,349,362.9117857142859,-13.911785714285884,13.911785714285884
2018-09-20 01:00:00,349,353.8198690476191,-4.819869047619079,4.819869047619079
2018-09-20 02:00:00,265,268.5461774891775,-3.5461774891775235,3.5461774891775235
2018-09-20 02:00:00,265,266.92148015873016,-1.9214801587301622,1.9214801587301622
2018-09-20 02:00:00,265,261.7843968253968,3.2156031746031886,3.2156031746031886
2018-09-20 03:00:00,344,362.058361111111,-18.058361111111026,18.058361111111026
2018-09-20 03:00:00,344,370.22754761904764,-26.22754761904764,26.22754761904764
2018-09-20 03:00:00,344,365.9728214285714,-21.97282142857142,21.97282142857142
2018-09-20 04:00:00,914,889.4848134920637,24.515186507936278,24.515186507936278
2018-09-20 04:00:00,914,916.1527857142858,-2.1527857142857556,2.1527857142857556
2018-09-20 05:00:00,2924,2964.0495000000005,-40.049500000000535,40.049500000000535
2018-09-20 05:00:00,2924,2921.719928571428,2.280071428571773,2.280071428571773
2018-09-20 05:00:00,2924,2921.552011904762,2.447988095238088,2.447988095238088
2018-09-20 05:00:00,2924,2921.552011904762,2.447988095238088,2.447988095238088
2018-09-20 06:00:00,5417,5726.648071428573,-309.6480714285726,309.6480714285726
2018-09-20 06:00:00,5417,5415.181785714285,1.8182142857149302,1.8182142857149302
2018-09-20 06:00:00,5417,5415.292952380953,1.7070476190474437,1.7070476190474437
2018-09-20 06:00:00,5417,5415.553714285714,1.446285714286205,1.446285714286205
2018-09-20 07:00:00,5766,6043.496297619047,-277.49629761904725,277.49629761904725
2018-09-20 07:00:00,5766,6046.241738095238,-280.24173809523836,280.24173809523836
2018-09-20 08:00:00,5331,5749.649928571428,-418.64992857142806,418.64992857142806
2018-09-20 08:00:00,5331,5305.760428571429,25.239571428571253,25.239571428571253
2018-09-20 09:00:00,5264,5220.7646428571425,43.23535714285754,43.23535714285754
2018-09-20 09:00:00,5264,5135.908095238094,128.09190476190633,128.09190476190633
2018-09-20 10:00:00,4326,4628.576976190477,-302.57697619047667,302.57697619047667
2018-09-20 10:00:00,4326,4257.424571428572,68.57542857142835,68.57542857142835
2018-09-20 10:00:00,4326,4262.498904761905,63.50109523809533,63.50109523809533
2018-09-20 11:00:00,4592,4417.368119047618,174.63188095238183,174.63188095238183
2018-09-20 11:00:00,4592,4869.448727272727,-277.4487272727274,277.4487272727274
2018-09-20 11:00:00,4592,4881.753584415585,-289.75358441558456,289.75358441558456
2018-09-20 12:00:00,4695,4843.249492424242,-148.2494924242419,148.2494924242419
2018-09-20 12:00:00,4695,4915.192931818182,-220.19293181818193,220.19293181818193
2018-09-20 13:00:00,4459,4730.419821428571,-271.4198214285707,271.4198214285707
2018-09-20 14:00:00,4517,4839.918000000001,-322.9180000000006,322.9180000000006
2018-09-20 14:00:00,4517,4892.488888888888,-375.48888888888814,375.48888888888814
2018-09-20 14:00:00,4517,4818.564876984126,-301.5648769841264,301.5648769841264
2018-09-20 14:00:00,4517,4854.886496031747,-337.8864960317469,337.8864960317469
2018-09-20 15:00:00,5257,4919.460055555557,337.5399444444429,337.5399444444429
2018-09-20 15:00:00,5257,5477.122476190477,-220.12247619047685,220.12247619047685
2018-09-20 15:00:00,5257,5453.870253968253,-196.87025396825265,196.87025396825265
2018-09-20 16:00:00,6331,6107.399476190477,223.6005238095231,223.6005238095231
2018-09-20 16:00:00,6331,6107.465666666665,223.53433333333487,223.53433333333487
2018-09-20 16:00:00,6331,6105.0386666666645,225.96133333333546,225.96133333333546
2018-09-20 17:00:00,5065,6016.623190476189,-951.6231904761889,951.6231904761889
2018-09-20 17:00:00,5065,5104.432261904761,-39.43226190476071,39.43226190476071
2018-09-20 17:00:00,5065,5117.761428571427,-52.76142857142713,52.76142857142713
2018-09-20 18:00:00,3898,4520.054726190478,-622.0547261904776,622.0547261904776
2018-09-20 18:00:00,3898,3846.155190476191,51.84480952380909,51.84480952380909
2018-09-20 18:00:00,3898,3840.916857142858,57.083142857141866,57.083142857141866
2018-09-20 18:00:00,3898,3833.0238571428577,64.97614285714235,64.97614285714235
2018-09-20 18:00:00,3898,3728.401285714285,169.59871428571478,169.59871428571478
2018-09-20 19:00:00,2957,3291.393357142856,-334.3933571428561,334.3933571428561
2018-09-20 19:00:00,2957,2963.5712142857137,-6.571214285713722,6.571214285713722
2018-09-20 19:00:00,2957,2951.130595238094,5.869404761906026,5.869404761906026
2018-09-20 19:00:00,2957,2907.7602619047602,49.23973809523977,49.23973809523977
2018-09-20 20:00:00,2740,2830.4271666666655,-90.42716666666547,90.42716666666547
2018-09-20 20:00:00,2740,2716.6113015873016,23.38869841269843,23.38869841269843
2018-09-20 20:00:00,2740,2725.9587936507933,14.041206349206732,14.041206349206732
2018-09-20 20:00:00,2740,2688.715166666666,51.28483333333406,51.28483333333406
2018-09-20 21:00:00,3497,2629.697428571428,867.3025714285718,867.3025714285718
2018-09-20 22:00:00,2356,3153.093253968254,-797.093253968254,797.093253968254
2018-09-20 22:00:00,2356,2027.8525833333333,328.1474166666667,328.1474166666667
2018-09-20 23:00:00,1633,1599.6581309523813,33.34186904761873,33.34186904761873
2018-09-21 00:00:00,698,851.5463214285717,-153.54632142857167,153.54632142857167
2018-09-21 01:00:00,407,448.6019047619047,-41.60190476190468,41.60190476190468
2018-09-21 02:00:00,304,318.4522499999999,-14.452249999999879,14.452249999999879
2018-09-21 03:00:00,377,379.6848095238096,-2.6848095238095766,2.6848095238095766
2018-09-21 04:00:00,867,814.9348571428573,52.065142857142746,52.065142857142746
2018-09-21 04:00:00,867,858.2142857142858,8.78571428571422,8.78571428571422
2018-09-21 04:00:00,867,852.2187857142858,14.781214285714213,14.781214285714213
2018-09-21 05:00:00,2919,2770.687607142858,148.31239285714219,148.31239285714219
2018-09-21 05:00:00,2919,2914.9073333333336,4.092666666666446,4.092666666666446
2018-09-21 05:00:00,2919,2914.7444166666664,4.255583333333561,4.255583333333561
2018-09-21 06:00:00,5457,5586.314523809524,-129.31452380952396,129.31452380952396
2018-09-21 07:00:00,6539,6180.8101071428555,358.1898928571445,358.1898928571445
2018-09-21 08:00:00,5653,5836.549333333333,-183.54933333333338,183.54933333333338
2018-09-21 08:00:00,5653,5533.826579365078,119.17342063492197,119.17342063492197
2018-09-21 08:00:00,5653,5454.160246031745,198.83975396825463,198.83975396825463
2018-09-21 09:00:00,4981,5157.972928571429,-176.9729285714293,176.9729285714293
2018-09-21 09:00:00,4981,4868.427523809525,112.57247619047484,112.57247619047484
2018-09-21 09:00:00,4981,4874.046000000001,106.95399999999881,106.95399999999881
2018-09-21 10:00:00,4548,4687.602952380954,-139.60295238095387,139.60295238095387
2018-09-21 11:00:00,4937,4735.879642857144,201.12035714285594,201.12035714285594
2018-09-21 12:00:00,5039,5071.029642857143,-32.02964285714279,32.02964285714279
2018-09-21 13:00:00,4901,4951.499103174602,-50.49910317460217,50.49910317460217
2018-09-21 14:00:00,5185,5195.199583333333,-10.199583333333067,10.199583333333067
2018-09-21 15:00:00,5973,5724.82675,248.17324999999983,248.17324999999983
2018-09-21 16:00:00,6007,6180.01815079365,-173.01815079365042,173.01815079365042
2018-09-21 17:00:00,5489,5672.373476190476,-183.37347619047614,183.37347619047614
2018-09-21 18:00:00,4607,4741.576142857142,-134.57614285714226,134.57614285714226
2018-09-21 19:00:00,3958,3636.822833333333,321.17716666666684,321.17716666666684
2018-09-21 20:00:00,3255,3352.654369047619,-97.65436904761918,97.65436904761918
2018-09-21 21:00:00,2931,3043.5757142857137,-112.57571428571373,112.57571428571373
2018-09-21 22:00:00,2570,2688.4203939393947,-118.42039393939467,118.42039393939467
2018-09-21 23:00:00,2179,1946.064523809524,232.93547619047604,232.93547619047604
2018-09-22 00:00:00,1516,1378.1500822510827,137.84991774891728,137.84991774891728
2018-09-22 01:00:00,1273,891.3624047619049,381.63759523809506,381.63759523809506
2018-09-22 02:00:00,1207,758.7424047619047,448.2575952380953,448.2575952380953
2018-09-22 03:00:00,611,580.6245357142857,30.375464285714315,30.375464285714315
2018-09-22 04:00:00,647,448.00081746031725,198.99918253968275,198.99918253968275
2018-09-22 05:00:00,960,859.512642857143,100.48735714285704,100.48735714285704
2018-09-22 06:00:00,1635,1592.660543650794,42.3394563492061,42.3394563492061
2018-09-22 07:00:00,2445,2297.523857142857,147.4761428571428,147.4761428571428
2018-09-22 08:00:00,3415,3405.3845476190486,9.61545238095141,9.61545238095141
2018-09-22 09:00:00,3770,3975.9939999999992,-205.99399999999923,205.99399999999923
2018-09-22 10:00:00,4308,4127.893293650793,180.10670634920734,180.10670634920734
2018-09-22 11:00:00,4638,4407.9962857142855,230.00371428571452,230.00371428571452
2018-09-22 12:00:00,4831,4822.110583333332,8.889416666667785,8.889416666667785
2018-09-22 13:00:00,4565,4701.298583333332,-136.29858333333232,136.29858333333232
2018-09-22 14:00:00,4654,4513.588976190476,140.4110238095236,140.4110238095236
2018-09-22 15:00:00,4589,4506.174928571428,82.8250714285723,82.8250714285723
2018-09-22 16:00:00,4582,4477.162214285714,104.83778571428593,104.83778571428593
2018-09-22 17:00:00,4847,4440.711285714285,406.2887142857153,406.2887142857153
2018-09-22 18:00:00,4620,4410.637293650793,209.36270634920675,209.36270634920675
2018-09-22 19:00:00,4347,3937.227123015872,409.77287698412783,409.77287698412783
2018-09-22 20:00:00,3602,3306.3247777777783,295.6752222222217,295.6752222222217
2018-09-22 21:00:00,2985,3281.9092023809526,-296.9092023809526,296.9092023809526
2018-09-22 22:00:00,2480,2819.40569047619,-339.4056904761901,339.4056904761901
2018-09-22 23:00:00,1871,1902.427630952381,-31.427630952380923,31.427630952380923
2018-09-23 00:00:00,1249,1279.8801190476188,-30.88011904761879,30.88011904761879
2018-09-23 01:00:00,690,860.1300000000001,-170.1300000000001,170.1300000000001
2018-09-23 02:00:00,565,605.7264523809523,-40.72645238095231,40.72645238095231
2018-09-23 03:00:00,319,395.19203571428574,-76.19203571428574,76.19203571428574
2018-09-23 04:00:00,339,284.6452142857143,54.3547857142857,54.3547857142857
2018-09-23 05:00:00,514,534.4428412698413,-20.442841269841324,20.442841269841324
2018-09-23 06:00:00,910,928.3847380952382,-18.384738095238163,18.384738095238163
2018-09-23 07:00:00,1402,1338.6412222222225,63.358777777777505,63.358777777777505
2018-09-23 08:00:00,2203,2121.073523809524,81.92647619047602,81.92647619047602
2018-09-23 09:00:00,3562,3239.110857142857,322.8891428571428,322.8891428571428
2018-09-23 10:00:00,4594,4010.0613095238095,583.9386904761905,583.9386904761905
2018-09-23 11:00:00,4252,4800.358,-548.3580000000002,548.3580000000002
2018-09-23 12:00:00,3945,4563.144690476191,-618.1446904761906,618.1446904761906
2018-09-23 13:00:00,4107,4008.768301587302,98.23169841269782,98.23169841269782
2018-09-23 14:00:00,4091,4237.708571428572,-146.7085714285722,146.7085714285722
2018-09-23 15:00:00,4195,4230.218952380951,-35.21895238095112,35.21895238095112
2018-09-23 16:00:00,4413,4248.253166666666,164.7468333333336,164.7468333333336
2018-09-23 17:00:00,4117,4420.363972222223,-303.3639722222233,303.3639722222233
2018-09-23 18:00:00,3997,3916.9982619047605,80.00173809523949,80.00173809523949
2018-09-23 19:00:00,3516,3567.2435238095245,-51.243523809524504,51.243523809524504
2018-09-23 20:00:00,2846,2985.991892857143,-139.99189285714283,139.99189285714283
2018-09-23 21:00:00,2346,2462.886785714285,-116.886785714285,116.886785714285
2018-09-23 22:00:00,1635,1812.3174523809523,-177.31745238095232,177.31745238095232
2018-09-23 23:00:00,934,1166.8943333333334,-232.8943333333334,232.8943333333334
2018-09-24 00:00:00,509,529.5286785714285,-20.528678571428486,20.528678571428486
2018-09-24 01:00:00,344,318.4023452380954,25.597654761904607,25.597654761904607
2018-09-24 02:00:00,219,265.59969047619035,-46.59969047619035,46.59969047619035
2018-09-24 03:00:00,328,318.5586587301588,9.441341269841189,9.441341269841189
2018-09-24 04:00:00,888,852.9426666666668,35.05733333333319,35.05733333333319
2018-09-24 05:00:00,2954,2882.2726349206346,71.72736507936543,71.72736507936543
2018-09-24 06:00:00,5747,5744.364059523809,2.635940476190626,2.635940476190626
2018-09-24 07:00:00,6591,6275.913678571427,315.0863214285728,315.0863214285728
2018-09-24 08:00:00,5900,5929.107261904761,-29.10726190476089,29.10726190476089
2018-09-24 09:00:00,4936,4949.269214285714,-13.269214285714042,13.269214285714042
2018-09-24 10:00:00,4351,4379.726880952382,-28.72688095238209,28.72688095238209
2018-09-24 11:00:00,4468,4591.965416666666,-123.96541666666599,123.96541666666599
2018-09-24 12:00:00,4531,4637.392912698414,-106.39291269841397,106.39291269841397
2018-09-24 13:00:00,4433,4546.816293650793,-113.81629365079334,113.81629365079334
2018-09-24 14:00:00,4816,4814.893726190475,1.1062738095251916,1.1062738095251916
2018-09-24 15:00:00,5443,5298.238273809524,144.7617261904761,144.7617261904761
2018-09-24 16:00:00,6307,6302.70769047619,4.292309523810218,4.292309523810218
2018-09-24 17:00:00,5562,5779.696642857143,-217.69664285714316,217.69664285714316
2018-09-24 18:00:00,4167,4098.452357142856,68.54764285714373,68.54764285714373
2018-09-24 19:00:00,3253,3075.285297619048,177.71470238095208,177.71470238095208
2018-09-24 20:00:00,2559,2730.057845238095,-171.05784523809507,171.05784523809507
2018-09-24 21:00:00,2084,2260.734476190476,-176.73447619047602,176.73447619047602
2018-09-24 22:00:00,1392,1475.1424126984127,-83.14241269841273,83.14241269841273
2018-09-24 22:00:00,1392,1397.8671666666667,-5.867166666666662,5.867166666666662
2018-09-24 22:00:00,1392,1382.8700714285712,9.129928571428763,9.129928571428763
2018-09-24 23:00:00,826,1048.636376984127,-222.63637698412708,222.63637698412708
2018-09-24 23:00:00,826,824.815261904762,1.1847380952380036,1.1847380952380036
2018-09-24 23:00:00,826,832.782761904762,-6.782761904761969,6.782761904761969
2018-09-25 00:00:00,527,504.9346746031746,22.065325396825415,22.065325396825415
2018-09-25 00:00:00,527,531.8056230158729,-4.805623015872925,4.805623015872925
2018-09-25 01:00:00,302,347.3352301587301,-45.3352301587301,45.3352301587301
2018-09-25 01:00:00,302,302.927373015873,-0.9273730158730018,0.9273730158730018
2018-09-25 02:00:00,234,252.88776190476187,-18.887761904761874,18.887761904761874
2018-09-25 02:00:00,234,234.6647142857143,-0.6647142857142967,0.6647142857142967
2018-09-25 03:00:00,366,328.1479285714286,37.85207142857138,37.85207142857138
2018-09-25 04:00:00,880,859.6433571428571,20.3566428571429,20.3566428571429
2018-09-25 05:00:00,3063,3029.392837301587,33.60716269841305,33.60716269841305
2018-09-25 06:00:00,5833,5817.567626984126,15.432373015873964,15.432373015873964
2018-09-25 07:00:00,6568,6114.941234126985,453.05876587301464,453.05876587301464
2018-09-25 08:00:00,6080,5907.20211111111,172.79788888889016,172.79788888889016
2018-09-25 09:00:00,5083,5347.675714285712,-264.6757142857123,264.6757142857123
2018-09-25 10:00:00,4385,4424.516488095239,-39.516488095238856,39.516488095238856
2018-09-25 11:00:00,4458,4611.681142857142,-153.68114285714182,153.68114285714182
2018-09-25 12:00:00,4580,4616.910952380952,-36.91095238095204,36.91095238095204
2018-09-25 12:00:00,4580,4746.410761904763,-166.4107619047627,166.4107619047627
2018-09-25 12:00:00,4580,4744.64111904762,-164.64111904762012,164.64111904762012
2018-09-25 13:00:00,4716,4583.956857142857,132.0431428571428,132.0431428571428
2018-09-25 14:00:00,4973,4963.99453968254,9.005460317460347,9.005460317460347
2018-09-25 14:00:00,4973,5165.506690476191,-192.50669047619067,192.50669047619067
2018-09-25 15:00:00,5748,5491.632214285712,256.3677857142884,256.3677857142884
2018-09-25 16:00:00,6597,6484.335666666664,112.66433333333589,112.66433333333589
2018-09-25 16:00:00,6597,6586.673404761903,10.32659523809707,10.32659523809707
2018-09-25 17:00:00,5734,6152.551178571428,-418.55117857142795,418.55117857142795
2018-09-25 18:00:00,4320,4228.298214285714,91.70178571428642,91.70178571428642
2018-09-25 19:00:00,3058,3102.5238214285705,-44.5238214285705,44.5238214285705
2018-09-25 20:00:00,2765,2724.7176428571424,40.28235714285756,40.28235714285756
2018-09-25 21:00:00,2282,2636.934523809524,-354.93452380952385,354.93452380952385
2018-09-25 22:00:00,1571,1624.8818333333336,-53.88183333333359,53.88183333333359
2018-09-25 23:00:00,924,1016.1016796536794,-92.10167965367941,92.10167965367941
2018-09-26 00:00:00,543,523.9776904761904,19.022309523809554,19.022309523809554
2018-09-26 01:00:00,358,343.06733333333335,14.932666666666648,14.932666666666648
2018-09-26 02:00:00,227,269.74732034632035,-42.74732034632035,42.74732034632035
2018-09-26 03:00:00,358,328.0671666666666,29.932833333333406,29.932833333333406
2018-09-26 04:00:00,890,855.4874761904764,34.5125238095236,34.5125238095236
2018-09-26 05:00:00,3052,2994.723333333334,57.27666666666619,57.27666666666619
2018-09-26 06:00:00,5930,5876.664690476189,53.33530952381079,53.33530952381079
2018-09-26 07:00:00,6193,6409.1895476190475,-216.18954761904752,216.18954761904752
2018-09-26 08:00:00,6032,5811.854476190476,220.1455238095241,220.1455238095241
2018-09-26 09:00:00,5320,5317.393047619049,2.606952380951043,2.606952380951043
2018-09-26 10:00:00,4523,4650.376928571428,-127.37692857142792,127.37692857142792
2018-09-26 11:00:00,4721,4729.204496031746,-8.204496031746203,8.204496031746203
2018-09-26 12:00:00,4793,4953.830119047619,-160.8301190476186,160.8301190476186
2018-09-26 13:00:00,4624,4912.392174603174,-288.39217460317377,288.39217460317377
2018-09-26 14:00:00,4928,5142.121499999999,-214.1214999999993,214.1214999999993
2018-09-26 15:00:00,5693,5456.405190476191,236.5948095238091,236.5948095238091
2018-09-26 16:00:00,6334,6495.885563492063,-161.88556349206283,161.88556349206283
2018-09-26 17:00:00,5954,5943.581571428574,10.418428571426375,10.418428571426375
2018-09-26 18:00:00,4661,4462.677253968252,198.32274603174756,198.32274603174756
2018-09-26 19:00:00,3639,3497.915880952381,141.08411904761897,141.08411904761897
2018-09-26 20:00:00,3197,3055.420404761904,141.57959523809586,141.57959523809586
2018-09-26 21:00:00,3475,2681.9109166666667,793.0890833333333,793.0890833333333
2018-09-26 22:00:00,1973,2838.287904761904,-865.287904761904,865.287904761904
2018-09-26 23:00:00,1209,1219.8905119047618,-10.890511904761752,10.890511904761752
2018-09-27 00:00:00,654,652.9559999999999,1.0440000000000964,1.0440000000000964
2018-09-27 01:00:00,421,400.08771428571424,20.91228571428576,20.91228571428576
2018-09-27 02:00:00,312,304.1551111111112,7.844888888888818,7.844888888888818
2018-09-27 03:00:00,373,361.77303571428564,11.22696428571436,11.22696428571436
2018-09-27 04:00:00,919,891.1143492063492,27.885650793650825,27.885650793650825
2018-09-27 05:00:00,3002,3004.3306666666676,-2.330666666667639,2.330666666667639
2018-09-27 06:00:00,5685,5735.3050833333355,-50.30508333333546,50.30508333333546
2018-09-27 07:00:00,6589,6199.372904761903,389.62709523809735,389.62709523809735
2018-09-27 07:00:00,6589,6567.0581785714285,21.94182142857153,21.94182142857153
2018-09-27 08:00:00,5946,5950.865226190475,-4.865226190475369,4.865226190475369
2018-09-27 09:00:00,5181,5332.777911255411,-151.7779112554108,151.7779112554108
2018-09-27 10:00:00,4500,4640.444531746031,-140.44453174603132,140.44453174603132
2018-09-27 11:00:00,4670,4743.443214285714,-73.44321428571402,73.44321428571402
2018-09-27 12:00:00,4849,4928.691404761905,-79.69140476190478,79.69140476190478
2018-09-27 13:00:00,4787,4924.887865079366,-137.88786507936584,137.88786507936584
2018-09-27 14:00:00,4943,5188.957000000002,-245.95700000000215,245.95700000000215
2018-09-27 15:00:00,5892,5545.471476190478,346.5285238095221,346.5285238095221
2018-09-27 16:00:00,6451,6552.9144112554095,-101.9144112554095,101.9144112554095
2018-09-27 17:00:00,5968,6068.447833333332,-100.4478333333318,100.4478333333318
2018-09-27 18:00:00,4498,4532.865428571428,-34.86542857142831,34.86542857142831
2018-09-27 19:00:00,3419,3450.0281428571434,-31.028142857143393,31.028142857143393
2018-09-27 20:00:00,2856,2993.03532900433,-137.03532900432992,137.03532900432992
2018-09-27 21:00:00,2649,2690.2693333333336,-41.269333333333634,41.269333333333634
2018-09-27 22:00:00,2003,1959.4906587301587,43.50934126984134,43.50934126984134
2018-09-27 23:00:00,1278,1196.8129880952383,81.18701190476168,81.18701190476168
2018-09-28 00:00:00,699,714.743880952381,-15.743880952381005,15.743880952381005
2018-09-28 01:00:00,461,422.49015476190476,38.50984523809524,38.50984523809524
2018-09-28 02:00:00,301,344.89684523809524,-43.89684523809524,43.89684523809524
2018-09-28 03:00:00,367,369.41288095238104,-2.4128809523810446,2.4128809523810446
2018-09-28 04:00:00,870,838.6063809523807,31.393619047619268,31.393619047619268
2018-09-28 05:00:00,2751,2797.4327023809533,-46.43270238095329,46.43270238095329
2018-09-28 06:00:00,5521,5569.597785714286,-48.59778571428615,48.59778571428615
2018-09-28 07:00:00,6401,6327.901571428571,73.0984285714294,73.0984285714294
2018-09-28 08:00:00,5798,5693.028500000001,104.97149999999874,104.97149999999874
2018-09-28 09:00:00,4791,5163.08463095238,-372.0846309523804,372.0846309523804
2018-09-28 10:00:00,4574,4587.847952380952,-13.847952380951938,13.847952380951938
2018-09-28 11:00:00,4863,4886.983869047619,-23.98386904761901,23.98386904761901
2018-09-28 12:00:00,5066,5118.465047619047,-52.465047619047255,52.465047619047255
2018-09-28 13:00:00,4898,5107.814357142855,-209.81435714285544,209.81435714285544
2018-09-28 14:00:00,5193,5220.507833333334,-27.50783333333402,27.50783333333402
2018-09-28 15:00:00,5838,5692.324317460316,145.6756825396842,145.6756825396842
2018-09-28 16:00:00,6188,6315.549289682538,-127.54928968253807,127.54928968253807
2018-09-28 17:00:00,5695,5627.75969047619,67.24030952380963,67.24030952380963
2018-09-28 18:00:00,5104,4656.363607142857,447.6363928571427,447.6363928571427
2018-09-28 19:00:00,4286,3918.8258492063496,367.17415079365037,367.17415079365037
2018-09-28 20:00:00,3538,3490.280107142857,47.719892857142895,47.719892857142895
2018-09-28 21:00:00,3058,3384.771500000001,-326.7715000000012,326.7715000000012
2018-09-28 22:00:00,2713,2871.0013672161167,-158.0013672161167,158.0013672161167
2018-09-28 23:00:00,3544,1802.1573809523811,1741.8426190476189,1741.8426190476189
2018-09-29 00:00:00,1733,1435.0948571428576,297.90514285714244,297.90514285714244
2018-09-29 01:00:00,867,950.9638174603173,-83.96381746031727,83.96381746031727
2018-09-29 02:00:00,524,619.4326269841268,-95.43262698412684,95.43262698412684
2018-09-29 03:00:00,359,359.0000238095238,-2.3809523781892494e-05,2.3809523781892494e-05
2018-09-29 04:00:00,425,393.26876190476185,31.731238095238155,31.731238095238155
2018-09-29 05:00:00,743,750.4945476190474,-7.494547619047353,7.494547619047353
2018-09-29 06:00:00,1359,1390.7437380952379,-31.74373809523786,31.74373809523786
2018-09-29 07:00:00,2036,2057.292976190476,-21.29297619047611,21.29297619047611
2018-09-29 08:00:00,3073,3076.4691587301577,-3.4691587301576874,3.4691587301576874
2018-09-29 09:00:00,3725,3760.195952380953,-35.195952380952804,35.195952380952804
2018-09-29 10:00:00,4059,4122.815623015873,-63.815623015872916,63.815623015872916
2018-09-29 11:00:00,4378,4215.473559523809,162.52644047619106,162.52644047619106
2018-09-29 12:00:00,4657,4641.796448412697,15.203551587303082,15.203551587303082
2018-09-29 13:00:00,4553,4547.658452380951,5.341547619049379,5.341547619049379
2018-09-29 14:00:00,4618,4550.718238095238,67.28176190476188,67.28176190476188
2018-09-29 15:00:00,4564,4598.047190476192,-34.047190476191645,34.047190476191645
2018-09-29 16:00:00,4735,4631.714246031746,103.28575396825363,103.28575396825363
2018-09-29 17:00:00,4878,4564.049174603176,313.95082539682426,313.95082539682426
2018-09-29 18:00:00,4569,4629.528269841269,-60.52826984126932,60.52826984126932
2018-09-29 19:00:00,3818,3723.965384920635,94.03461507936481,94.03461507936481
2018-09-29 20:00:00,3338,3168.1208333333325,169.87916666666752,169.87916666666752
2018-09-29 21:00:00,2950,3296.1665833333327,-346.1665833333327,346.1665833333327
2018-09-29 22:00:00,2607,2938.366666666666,-331.3666666666659,331.3666666666659
2018-09-29 23:00:00,3856,2092.9668809523805,1763.0331190476195,1763.0331190476195
2018-09-30 00:00:00,1826,1643.8256785714289,182.17432142857115,182.17432142857115
2018-09-30 01:00:00,920,1023.7671904761904,-103.76719047619042,103.76719047619042
2018-09-30 02:00:00,696,648.5682857142857,47.43171428571429,47.43171428571429
2018-09-30 03:00:00,364,413.67980952380947,-49.67980952380947,49.67980952380947
2018-09-30 04:00:00,335,297.83873809523806,37.16126190476194,37.16126190476194
2018-09-30 05:00:00,444,522.7701190476192,-78.77011904761923,78.77011904761923
2018-09-30 06:00:00,802,805.4678611111111,-3.4678611111111195,3.4678611111111195
2018-09-30 07:00:00,1175,1100.4161428571429,74.58385714285714,74.58385714285714
2018-09-30 08:00:00,2002,1877.937869047619,124.06213095238104,124.06213095238104
2018-09-30 09:00:00,2882,2933.9232063492063,-51.92320634920634,51.92320634920634
2018-09-30 10:00:00,3701,3591.7895000000003,109.21049999999968,109.21049999999968
2018-09-30 11:00:00,4049,4061.050571428572,-12.050571428571857,12.050571428571857
2018-09-30 12:00:00,4429,4352.850083333333,76.1499166666672,76.1499166666672
2018-09-30 13:00:00,4547,4489.807916666667,57.19208333333336,57.19208333333336
2018-09-30 14:00:00,4380,4643.146142857141,-263.14614285714106,263.14614285714106
2018-09-30 14:00:00,4380,4371.950261904761,8.049738095239263,8.049738095239263
2018-09-30 15:00:00,4302,4455.281666666666,-153.28166666666584,153.28166666666584
2018-09-30 15:00:00,4302,4408.4522976190465,-106.45229761904648,106.45229761904648
2018-09-30 16:00:00,4283,4402.935285714287,-119.93528571428669,119.93528571428669
2018-09-30 17:00:00,4132,4144.9425,-12.94250000000011,12.94250000000011
2018-09-30 18:00:00,3947,3874.317761904762,72.68223809523806,72.68223809523806
2018-09-30 19:00:00,3543,3448.4627499999997,94.53725000000031,94.53725000000031
2018-09-30 20:00:00,2781,2776.2000952380954,4.7999047619046,4.7999047619046
2018-09-30 21:00:00,2159,2363.503091269841,-204.5030912698412,204.5030912698412
2018-09-30 22:00:00,1450,1739.2951309523808,-289.29513095238076,289.29513095238076
2018-09-30 23:00:00,954,1013.516586580086,-59.51658658008603,59.51658658008603
