date_time,actual_traffic,Historical Hourly Baseline,Linear Regression,Random Forest
2017-11-01 20:00:00,2704,2836.232469993683,4117.211074888492,2471.768702380953
2017-11-01 20:00:00,2704,2836.232469993683,4108.312955535164,2505.2911190476198
2017-11-01 20:00:00,2704,2836.232469993683,4129.19709087875,2400.798071428572
2017-11-01 21:00:00,2204,2674.197988686361,4203.483809883699,2567.0356547619044
2017-11-01 21:00:00,2204,2674.197988686361,4212.381929237026,2503.78725
2017-11-01 22:00:00,1713,2201.658125,4303.418166018141,1531.2975357142857
2017-11-01 22:00:00,1713,2201.658125,4312.316285371468,1468.2407023809521
2017-11-01 23:00:00,1068,1464.7486338797814,4400.49442108104,963.407761904762
2017-11-02 00:00:00,611,840.2307692307693,2285.0117754714015,611.1605119047621
2017-11-02 01:00:00,362,520.4200244200244,2375.4191280340274,371.5799642857143
2017-11-02 02:00:00,254,391.66360856269114,2435.733595514902,287.3973412698413
2017-11-02 02:00:00,254,391.66360856269114,2549.5895947304984,272.8066865079365
2017-11-02 03:00:00,383,371.06679035250465,2446.5877527197276,349.05828571428566
2017-11-02 03:00:00,383,371.06679035250465,2560.443751935324,351.5108333333334
2017-11-02 04:00:00,820,696.3011904761905,2734.786721498787,801.504865079365
2017-11-02 04:00:00,820,696.3011904761905,2620.9307222831903,657.555126984127
2017-11-02 05:00:00,2914,2071.845731707317,2753.2444443566205,2679.4577142857142
2017-11-02 05:00:00,2914,2071.845731707317,2867.100443572217,2707.3875476190483
2017-11-02 06:00:00,5674,4163.973699940228,2850.130159348082,5228.447928571428
2017-11-02 06:00:00,5674,4163.973699940228,2963.9861585636786,5239.313142857142
2017-11-02 07:00:00,6258,4748.809753160746,2912.9216477576288,5733.609047619048
2017-11-02 07:00:00,6258,4748.809753160746,2921.819767110956,5974.6042380952385
2017-11-02 08:00:00,5995,4611.336930455635,3007.330341820418,4526.738261904762
2017-11-02 08:00:00,5995,4611.336930455635,3028.2144771640033,4392.007071428571
2017-11-02 09:00:00,5488,4385.760351317441,3142.8832451082662,4999.3866277056295
2017-11-02 10:00:00,4606,4183.411445783133,3245.485162242818,4314.340749999998
2017-11-02 11:00:00,4910,4475.547449967721,3316.6604137955633,4517.198662698412
2017-11-02 12:00:00,5066,4725.081841432225,3415.4515295013884,4655.828166666668
2017-11-02 13:00:00,5255,4727.435270805812,3545.288230646147,4318.208547619047
2017-11-02 14:00:00,5428,4949.716550412175,3952.4051403826384,5444.401476190476
2017-11-02 15:00:00,5987,5246.461338531514,4045.2895138739373,5670.351952380951
2017-11-02 16:00:00,6775,5661.568824638592,4138.745507579544,6311.529428571428
2017-11-02 17:00:00,6488,5329.677461139896,4227.247459427808,5957.910293650795
2017-11-02 18:00:00,5048,4277.991792929293,4313.462930418835,4654.0472500000005
2017-11-02 19:00:00,3335,3279.4859154929577,4401.583802124225,3202.1158571428573
2017-11-02 20:00:00,2846,2836.232469993683,4494.658715686961,2870.671333333333
2017-11-02 21:00:00,3094,2674.197988686361,4586.590388821078,2773.1678846153845
2017-11-02 22:00:00,2412,2201.658125,4680.999082883867,2453.444761904761
2017-11-02 23:00:00,1336,1464.7486338797814,4773.12129608942,1237.999833333333
2017-11-03 00:00:00,768,840.2307692307693,2655.1616295511094,648.0509285714285
2017-11-03 01:00:00,432,520.4200244200244,2283.3280158535626,409.638380952381
2017-11-03 02:00:00,354,391.66360856269114,2356.205681844047,352.156119047619
2017-11-03 03:00:00,444,371.06679035250465,2434.037389691875,377.5225912698411
2017-11-03 04:00:00,842,696.3011904761905,2515.67989896843,723.4772023809523
2017-11-03 05:00:00,2715,2071.845731707317,2601.133209673711,2440.1698571428574
2017-11-03 06:00:00,5524,4163.973699940228,2682.966259021703,5215.430976190476
2017-11-03 07:00:00,6594,4748.809753160746,3062.9798420569214,6399.934761904761
2017-11-03 08:00:00,5784,4611.336930455635,2860.1607027896653,5703.82707142857
2017-11-03 09:00:00,5086,4385.760351317441,3375.2850737446965,4962.922666666668
2017-11-03 10:00:00,4663,4183.411445783133,3080.226662630802,4521.165880952381
2017-11-03 11:00:00,4977,4475.547449967721,3528.9451031571393,4919.311738095238
2017-11-03 12:00:00,5403,4725.081841432225,3751.1011844459326,5016.273724025973
2017-11-03 13:00:00,5484,4727.435270805812,3857.894983152083,4954.577533549784
2017-11-03 14:00:00,5564,4949.716550412175,3953.6374577149263,5025.5626984126975
2017-11-03 15:00:00,5860,5246.461338531514,3625.59976236014,5233.995706349207
2017-11-03 16:00:00,5086,5661.568824638592,3909.725222760825,5129.459642857142
2017-11-03 16:00:00,5086,5661.568824638592,3933.6945456677104,5061.754238095238
2017-11-03 16:00:00,5086,5661.568824638592,3819.838546452114,5062.009595238095
2017-11-03 17:00:00,5406,5329.677461139896,3989.0812511801437,4802.175702380953
2017-11-03 17:00:00,5406,5329.677461139896,3899.1945748714325,4692.470142857143
2017-11-03 17:00:00,5406,5329.677461139896,4013.0505740870294,4714.608702380953
2017-11-03 18:00:00,4317,4277.991792929293,4083.489945242933,3719.4113571428584
2017-11-03 18:00:00,4317,4277.991792929293,3993.603268934222,3742.1177103174614
2017-11-03 18:00:00,4317,4277.991792929293,4107.459268149819,3875.6465425685437
2017-11-03 19:00:00,3437,3279.4859154929577,4178.279719448596,2958.6180238095244
2017-11-03 19:00:00,3437,3279.4859154929577,4088.3930431398844,2853.3670952380953
2017-11-03 20:00:00,2827,2836.232469993683,4272.688413511385,2593.102285714286
2017-11-03 20:00:00,2827,2836.232469993683,4182.801737202673,2456.1161428571427
2017-11-03 21:00:00,2656,2674.197988686361,4372.622769645827,2360.6165952380957
2017-11-03 22:00:00,2613,2201.658125,4438.462899198355,2416.369642857143
2017-11-03 23:00:00,1676,1464.7486338797814,4539.540495761417,1461.2193809523812
2017-11-04 00:00:00,1031,840.2307692307693,1269.4527534698916,974.4121926406925
2017-11-04 01:00:00,658,520.4200244200244,1399.289454614651,625.6596547619048
2017-11-04 02:00:00,470,391.66360856269114,1500.5575912491474,560.8331666666666
2017-11-04 03:00:00,352,371.06679035250465,1596.3000658119906,463.02246428571425
2017-11-04 04:00:00,371,696.3011904761905,1916.578940382753,463.86250000000007
2017-11-04 05:00:00,680,2071.845731707317,1796.930938366622,621.7398333333334
2017-11-04 05:00:00,680,2071.845731707317,1707.0442620579108,635.2109047619047
2017-11-04 06:00:00,1243,4163.973699940228,1820.812770892795,1250.6114318181817
2017-11-04 07:00:00,1957,4748.809753160746,2206.473925071393,1970.0677460317468
2017-11-04 08:00:00,2790,4611.336930455635,1992.3662850320784,2939.204333333333
2017-11-04 08:00:00,2790,4611.336930455635,2001.2644043854057,3051.5337142857134
2017-11-04 09:00:00,3489,4385.760351317441,2089.4425400949763,3574.6156547619044
2017-11-04 09:00:00,3489,4385.760351317441,2098.3406594483035,3621.938476190476
2017-11-04 10:00:00,3979,4183.411445783133,2200.3709563685466,4046.8894563492054
2017-11-04 10:00:00,3979,4183.411445783133,2191.4728370152193,3920.0397896825384
2017-11-04 11:00:00,4563,4475.547449967721,2294.6463743640797,4189.121337301587
2017-11-04 12:00:00,4837,4725.081841432225,2835.663736030362,4452.757142857143
2017-11-04 12:00:00,4837,4725.081841432225,2392.6753297841587,4564.632206349206
2017-11-04 13:00:00,4836,4727.435270805812,2501.7556093475455,4631.5369206349205
2017-11-04 14:00:00,4764,4949.716550412175,2599.4034846247528,4642.995111111111
2017-11-04 15:00:00,4890,5246.461338531514,2700.4810811878137,4627.870587301587
2017-11-04 16:00:00,4894,5661.568824638592,2803.464078465238,4600.460753968254
2017-11-04 17:00:00,4794,5329.677461139896,2899.2065530280815,4429.899563492063
2017-11-04 17:00:00,4794,5329.677461139896,2908.104672381409,4435.814833333334
2017-11-04 18:00:00,4411,4277.991792929293,3014.499382434456,4243.562857142859
2017-11-04 18:00:00,4411,4277.991792929293,2993.6152470908705,4255.086857142859
2017-11-04 18:00:00,4411,4277.991792929293,3002.513366444198,4257.922357142858
2017-11-04 19:00:00,3421,3279.4859154929577,3095.588280006933,3202.097547619047
2017-11-04 19:00:00,3421,3279.4859154929577,3086.6901606536057,3191.1527142857144
2017-11-04 20:00:00,2718,2836.232469993683,3191.3307545697767,2783.6632142857143
2017-11-04 20:00:00,2718,2836.232469993683,3182.4326352164494,2687.5108571428573
2017-11-04 21:00:00,3515,2674.197988686361,3288.2164695612382,2769.513666666667
2017-11-04 21:00:00,3515,2674.197988686361,3279.318350207911,2660.2485238095237
2017-11-04 22:00:00,3865,2201.658125,3383.9589441240814,3021.237845238096
2017-11-04 22:00:00,3865,2201.658125,3375.060824770754,2903.83925
2017-11-04 22:00:00,3865,2201.658125,3488.9168239863507,3009.155011904762
2017-11-04 23:00:00,2042,1464.7486338797814,3473.28032026227,2159.341511904762
2017-11-04 23:00:00,2042,1464.7486338797814,3482.178439615597,2149.1700833333334
2017-11-05 00:00:00,1554,840.2307692307693,1370.5065954346862,1252.698738095238
2017-11-05 00:00:00,1554,840.2307692307693,1361.6084760813592,1283.5177619047618
2017-11-05 00:00:00,1554,840.2307692307693,1475.4644752969557,1249.4899999999998
2017-11-05 01:00:00,629,520.4200244200244,1469.4882512119477,781.9545793650791
2017-11-05 01:00:00,629,520.4200244200244,1460.5901318586207,799.7464242424242
2017-11-05 01:00:00,629,520.4200244200244,1481.4742672022057,784.0437460317459
2017-11-05 02:00:00,361,391.66360856269114,1555.5704461357182,607.2027857142856
2017-11-05 02:00:00,361,391.66360856269114,1576.4545814793037,573.2324523809523
2017-11-05 02:00:00,361,391.66360856269114,1564.4685654890454,577.0181190476189
2017-11-05 03:00:00,247,371.06679035250465,1671.6254358278384,330.28485714285716
2017-11-05 03:00:00,247,371.06679035250465,1650.7413004842533,330.1140238095238
2017-11-05 04:00:00,287,696.3011904761905,1753.8395653187017,298.4820396825398
2017-11-05 04:00:00,287,696.3011904761905,1732.9554299751167,304.9584047619048
2017-11-05 04:00:00,287,696.3011904761905,1741.8535493284437,298.1153492063492
2017-11-05 05:00:00,469,2071.845731707317,1822.9064298804594,444.32271428571426
2017-11-05 05:00:00,469,2071.845731707317,1802.0222945368741,448.7624047619047
2017-11-05 05:00:00,469,2071.845731707317,1891.9089708455851,447.0148571428571
2017-11-05 06:00:00,823,4163.973699940228,1900.5475976568516,762.295023809524
2017-11-05 06:00:00,823,4163.973699940228,1888.5615816665936,763.0904285714287
2017-11-05 07:00:00,1209,4748.809753160746,2274.3952674063967,1183.5815952380954
2017-11-05 08:00:00,2059,4611.336930455635,2356.609396897261,2000.6138214285716
2017-11-05 09:00:00,2974,4385.760351317441,2444.3491884597784,2582.7799047619046
2017-11-05 10:00:00,3592,4183.411445783133,2533.2322204509137,3098.8872294372295
2017-11-05 11:00:00,4014,4475.547449967721,2624.9733535135947,3492.813928571428
2017-11-05 12:00:00,4256,4725.081841432225,2718.238807147766,4199.64238095238
2017-11-05 13:00:00,4309,4727.435270805812,2804.263738067357,4338.400380952382
2017-11-05 14:00:00,4303,4949.716550412175,2906.675115130472,4257.49811904762
2017-11-05 15:00:00,4525,5246.461338531514,2990.2230251213905,4341.6139523809525
2017-11-05 16:00:00,4744,5661.568824638592,3075.104715612363,4389.346738095237
2017-11-05 17:00:00,4235,5329.677461139896,3165.512068174989,3794.9052539682534
2017-11-05 18:00:00,3765,4277.991792929293,3251.727539166016,3766.9528968253976
2017-11-05 19:00:00,2888,3279.4859154929577,3339.276790657098,2734.820595238096
2017-11-05 20:00:00,2273,2836.232469993683,3431.017923719778,2485.881678571428
2017-11-05 21:00:00,1912,2674.197988686361,3517.233394710806,2121.635297619047
2017-11-05 22:00:00,1323,2201.658125,3571.260039834281,1454.6033174603174
2017-11-05 23:00:00,861,1464.7486338797814,3654.045789539454,920.3781587301587
2017-11-06 00:00:00,469,840.2307692307693,1877.0299973776914,537.8865476190476
2017-11-06 01:00:00,330,520.4200244200244,1960.5779073686099,346.52417857142865
2017-11-06 02:00:00,186,391.66360856269114,2041.458256359419,260.2579444444445
2017-11-06 03:00:00,333,371.06679035250465,2126.3399468503917,319.78848809523805
2017-11-06 04:00:00,809,696.3011904761905,2209.506776698438,791.3958012265512
2017-11-06 05:00:00,2853,2071.845731707317,2298.7708888324455,2594.730904761905
2017-11-06 06:00:00,5836,4163.973699940228,2390.5120218951265,5369.577023809525
2017-11-06 07:00:00,6268,4748.809753160746,2488.9220574580795,6298.482746031744
2017-11-06 08:00:00,5990,4611.336930455635,3006.14236919891,5340.366511904763
2017-11-06 09:00:00,4992,4385.760351317441,3127.226673262785,4844.61884920635
2017-11-06 10:00:00,4298,4183.411445783133,2824.165579148565,4208.640281746031
2017-11-06 11:00:00,4488,4475.547449967721,3349.960194104031,4314.726404761906
2017-11-06 12:00:00,4677,4725.081841432225,3463.8039754533256,4668.863011904762
2017-11-06 13:00:00,4746,4727.435270805812,3573.4558752310218,4701.324714285715
2017-11-06 14:00:00,4987,4949.716550412175,3673.0091512225918,4836.190198412698
2017-11-06 15:00:00,5657,5246.461338531514,3806.656653796077,5334.038345238096
2017-11-06 16:00:00,6647,5661.568824638592,3901.0653478588665,5814.096392857144
2017-11-06 17:00:00,6175,5329.677461139896,3987.852439064202,5754.185119047619
2017-11-06 18:00:00,4152,4277.991792929293,4071.971969269429,3967.379817460317
2017-11-06 19:00:00,2919,3279.4859154929577,4159.711760831948,2828.9515952380953
2017-11-06 20:00:00,2263,2836.232469993683,4206.497883240843,2355.691892857143
2017-11-06 21:00:00,2009,2674.197988686361,3882.423251594859,2091.591013347764
2017-11-06 22:00:00,1451,2201.658125,4421.216274876573,1393.7803174603175
2017-11-06 23:00:00,961,1464.7486338797814,4511.6236274391995,1174.978361111111
2017-11-07 00:00:00,560,840.2307692307693,2398.618002758233,533.27725
2017-11-07 01:00:00,339,520.4200244200244,2502.934780535712,336.38138095238105
2017-11-07 02:00:00,244,391.66360856269114,2594.29483345552,252.4495952380952
2017-11-07 03:00:00,377,371.06679035250465,2692.8954090899088,341.19929761904757
2017-11-07 04:00:00,899,696.3011904761905,2790.1622042242425,851.880261904762
2017-11-07 05:00:00,3031,2071.845731707317,2884.380358215596,2771.325809523809
2017-11-07 06:00:00,6100,4163.973699940228,2970.976909349495,5480.309658730161
2017-11-07 07:00:00,6538,4748.809753160746,2368.8222111184523,6311.809976190478
2017-11-07 08:00:00,6091,4611.336930455635,3115.9825272499065,5938.741845238094
2017-11-07 09:00:00,5319,4385.760351317441,3241.4368067516293,5171.412952380951
2017-11-07 10:00:00,4518,4183.411445783133,3341.371162886072,4450.755976190477
2017-11-07 11:00:00,4701,4475.547449967721,3011.783315373624,4771.421297619047
2017-11-07 12:00:00,4866,4725.081841432225,3126.5797970801004,5051.018194444444
2017-11-07 13:00:00,5101,4727.435270805812,3239.6614181436507,4949.042527777778
2017-11-07 14:00:00,5273,4949.716550412175,3350.6470984214006,5239.48317857143
2017-11-07 15:00:00,5747,5246.461338531514,3449.438214127225,5390.82511904762
2017-11-07 16:00:00,6705,5661.568824638592,3530.7537729346745,5971.1618928571415
2017-11-07 17:00:00,6198,5329.677461139896,3609.728721211121,5871.227646103897
2017-11-07 18:00:00,4421,4277.991792929293,3679.9388262014963,4241.199690476189
2017-11-07 19:00:00,3073,3279.4859154929577,3768.577188447429,3163.071321428571
2017-11-07 20:00:00,2581,2836.232469993683,3844.5576252546603,2651.2000692640695
2017-11-07 21:00:00,2265,2674.197988686361,3936.2987583173413,2893.599583333333
2017-11-07 22:00:00,1631,2201.658125,4440.943425343374,2278.1299880952383
2017-11-07 23:00:00,1073,1464.7486338797814,4541.25886162069,1176.7783095238094
2017-11-08 00:00:00,548,840.2307692307693,2465.5866447360563,544.7550952380954
2017-11-08 01:00:00,329,520.4200244200244,2116.0462193965595,428.5175057720057
2017-11-08 03:00:00,373,371.06679035250465,2296.6703844503754,392.0505555555555
2017-11-08 04:00:00,898,696.3011904761905,2798.266410333428,843.8387857142858
2017-11-08 05:00:00,2985,2071.845731707317,2471.5783473611027,2696.5656825396827
2017-11-08 06:00:00,6126,4163.973699940228,2563.319480423783,5629.45984920635
2017-11-08 07:00:00,6513,4748.809753160746,2992.4122935921782,6668.961250000001
2017-11-08 08:00:00,5926,4611.336930455635,2750.9936281207433,5744.333563492062
2017-11-08 09:00:00,5670,4385.760351317441,2868.076590684456,5308.9488571428565
2017-11-08 10:00:00,4195,4183.411445783133,3434.253254579235,4402.662428571429
2017-11-08 11:00:00,4553,4475.547449967721,3384.036603355584,4828.642750000001
2017-11-08 12:00:00,4585,4725.081841432225,3206.178213446488,5129.211813492064
2017-11-08 13:00:00,4833,4727.435270805812,3329.167918224727,5230.42953968254
2017-11-08 14:00:00,5049,4949.716550412175,3782.6498605369716,5297.735714285714
2017-11-08 15:00:00,5651,5246.461338531514,3552.854139423154,5599.634523809525
2017-11-08 16:00:00,6832,5661.568824638592,3647.2628334859432,6292.172619047619
2017-11-08 17:00:00,6090,5329.677461139896,3729.095882833934,6028.471523809524
2017-11-08 18:00:00,4650,4277.991792929293,3796.6384268242014,4292.420880952382
2017-11-08 19:00:00,3292,3279.4859154929577,4210.488034277689,3128.026571428572
2017-11-08 20:00:00,2885,2836.232469993683,4412.256327922795,2908.437
2017-11-08 21:00:00,2445,2674.197988686361,4511.428523771493,2868.1793928571424
2017-11-08 22:00:00,1728,2201.658125,4565.455168894968,1928.8499484126983
2017-11-08 23:00:00,1094,1464.7486338797814,4448.2717416023215,1021.9390562770558
2017-11-09 00:00:00,614,840.2307692307693,2321.5472317779395,632.9027023809523
2017-11-09 01:00:00,348,520.4200244200244,2399.378939625768,384.4035357142856
2017-11-09 03:00:00,361,371.06679035250465,2786.819278043924,346.74171428571424
2017-11-09 04:00:00,877,696.3011904761905,2751.5751841663455,696.2784761904762
2017-11-09 05:00:00,2966,2071.845731707317,2671.2764224349503,2646.0135555555553
2017-11-09 06:00:00,5970,4163.973699940228,2754.8243324258688,4980.258785714287
2017-11-09 07:00:00,6530,4748.809753160746,2860.271904426776,5282.742535714286
2017-11-09 08:00:00,5542,4611.336930455635,2918.1093509789785,5104.277476190477
2017-11-09 09:00:00,5710,4385.760351317441,2926.6770273265683,3926.9984047619055
2017-11-09 10:00:00,4726,4183.411445783133,3028.326244103938,4000.6643809523807
2017-11-09 11:00:00,5025,4475.547449967721,3022.114222640856,4653.267428571428
2017-11-09 12:00:00,5151,4725.081841432225,3457.875938309523,4804.553539682541
2017-11-09 13:00:00,5340,4727.435270805812,3221.7923948383054,4981.113900793652
2017-11-09 14:00:00,5261,4949.716550412175,3327.9604436563814,5174.772027777778
2017-11-09 15:00:00,5794,5246.461338531514,3418.367796219007,5600.469595238095
2017-11-09 16:00:00,6654,5661.568824638592,3503.2494867099795,5378.3329920634915
2017-11-09 17:00:00,6210,5329.677461139896,3579.93795412919,5138.160024531026
2017-11-09 18:00:00,4758,4277.991792929293,3646.7724675074787,4282.265083333333
2017-11-09 19:00:00,3466,3279.4859154929577,3736.3635301105924,3258.788984126985
2017-11-09 20:00:00,3112,2836.232469993683,3818.3871195300208,2729.131277777777
2017-11-09 21:00:00,2703,2674.197988686361,3895.7013368373064,2761.2650396825397
2017-11-09 22:00:00,2838,2201.658125,3980.0114071139706,2672.81305952381
2017-11-09 23:00:00,1471,1464.7486338797814,4066.7984983193064,1400.1442142857143
2017-11-10 00:00:00,812,840.2307692307693,1946.1712707808874,755.2927380952383
2017-11-10 01:00:00,418,520.4200244200244,2036.76916341495,422.8980158730158
2017-11-10 02:00:00,311,391.66360856269114,2128.8913766205033,346.4923214285715
2017-11-10 03:00:00,419,371.06679035250465,2217.964948683075,358.6691785714285
2017-11-10 04:00:00,776,696.3011904761905,2313.707423245918,773.3413809523809
2017-11-10 05:00:00,2725,2071.845731707317,2404.305315879981,2199.2543809523813
2017-11-10 06:00:00,5554,4163.973699940228,2509.3842539432053,5171.758087301588
2017-11-10 07:00:00,6494,4748.809753160746,2617.5118331494104,5015.668738095237
2017-11-10 08:00:00,5593,4611.336930455635,2712.873227569381,5557.495738095237
2017-11-10 09:00:00,5039,4385.760351317441,3234.094880810375,4295.97569047619
2017-11-10 10:00:00,4584,4183.411445783133,3353.845404374196,4414.9875833333335
2017-11-10 11:00:00,4964,4475.547449967721,3518.225640866755,4356.248357142857
2017-11-10 12:00:00,5106,4725.081841432225,3157.7686490375636,5055.481281746031
2017-11-10 13:00:00,5445,4727.435270805812,3263.990827529405,5127.635615079365
2017-11-10 14:00:00,5311,4949.716550412175,3814.733745637842,5251.836404761905
2017-11-10 15:00:00,5667,5246.461338531514,3806.3558018327863,5753.258380952382
2017-11-10 16:00:00,6057,5661.568824638592,4022.6051409070533,5208.343095238095
2017-11-10 17:00:00,5412,5329.677461139896,4122.539497041495,5232.100690476192
2017-11-10 18:00:00,4707,4277.991792929293,4224.5697939617385,4852.516177489178
2017-11-10 19:00:00,3505,3279.4859154929577,4323.932529881873,3465.361507936508
2017-11-10 20:00:00,3025,2836.232469993683,4204.665608008615,2564.5083571428568
2017-11-10 21:00:00,2836,2674.197988686361,4304.409424071621,2580.9879126984124
2017-11-10 22:00:00,2467,2201.658125,4393.67353620563,2358.827916666666
2017-11-10 23:00:00,1739,1464.7486338797814,4479.69846712522,1532.535119047619
2017-11-11 00:00:00,1009,840.2307692307693,1212.2782858338044,967.7801904761906
2017-11-11 00:00:00,1009,840.2307692307693,1122.3916095250934,1059.4382380952381
2017-11-11 01:00:00,649,520.4200244200244,1314.880202968356,585.975880952381
2017-11-11 01:00:00,649,520.4200244200244,1224.9935266596449,595.5257380952381
2017-11-11 03:00:00,541,371.06679035250465,1750.3366393884671,349.12549999999993
2017-11-11 04:00:00,555,696.3011904761905,1852.1763962372731,375.3523095238096
2017-11-11 05:00:00,1057,2071.845731707317,1962.9715364435872,741.3702857142856
2017-11-11 06:00:00,1584,4163.973699940228,2057.761310649249,1270.0226666666667
2017-11-11 07:00:00,2323,4748.809753160746,2157.3145866408186,1922.8774603174604
2017-11-11 08:00:00,3446,4611.336930455635,2257.6300229181343,2891.79840079365
2017-11-11 09:00:00,4305,4385.760351317441,2356.2305985525236,3855.6189523809526
2017-11-11 10:00:00,4690,4183.411445783133,2362.1431601051927,3910.653666666667
2017-11-11 11:00:00,4714,4475.547449967721,2429.0036521071106,4124.2391666666645
2017-11-11 12:00:00,4882,4725.081841432225,2269.627649127339,4134.054873015873
2017-11-11 13:00:00,4770,4727.435270805812,2384.6146709052514,4126.80953968254
2017-11-11 14:00:00,4858,4949.716550412175,2509.8367268669595,4197.126789682539
2017-11-11 15:00:00,4495,5246.461338531514,2609.5805429299667,4139.962575396825
2017-11-11 16:00:00,4766,5661.568824638592,2701.3216759926463,4149.420944444445
2017-11-11 17:00:00,4544,5329.677461139896,2761.2967467992266,4158.209075396826
2017-11-11 18:00:00,4236,4277.991792929293,3083.0050679749274,4067.815464285714
2017-11-11 19:00:00,3435,3279.4859154929577,2860.696711747399,3314.320190476191
2017-11-11 20:00:00,2694,2836.232469993683,2940.243280238155,2662.3650357142865
2017-11-11 21:00:00,2696,2674.197988686361,3027.411451586364,2676.4379404761917
2017-11-11 22:00:00,2869,2201.658125,3095.3892053932695,3498.2705952380943
2017-11-11 23:00:00,2231,1464.7486338797814,3184.272237384406,1957.5384960317467
2017-11-12 00:00:00,1259,840.2307692307693,1003.2637465223102,1060.9255476190476
2017-11-12 01:00:00,704,520.4200244200244,1095.0048795849898,714.8496688311689
2017-11-12 02:00:00,724,391.66360856269114,1621.5411958221111,584.2821428571428
2017-11-12 02:00:00,724,391.66360856269114,1178.5527895759083,559.5706190476192
2017-11-12 03:00:00,497,371.06679035250465,1271.6277031386435,357.39730952380955
2017-11-12 04:00:00,504,696.3011904761905,1359.1769546297246,377.54467857142873
2017-11-12 05:00:00,609,2071.845731707317,1458.158610406986,565.8727301587302
2017-11-12 06:00:00,962,4163.973699940228,1553.3294647555213,988.1226904761904
2017-11-12 07:00:00,1260,4748.809753160746,2007.252656186395,1266.4335476190477
2017-11-12 08:00:00,2133,4611.336930455635,2349.1415620264816,2038.7644206349203
2017-11-12 09:00:00,2910,4385.760351317441,2307.1722635483598,2546.552535714285
2017-11-12 09:00:00,2910,4385.760351317441,1864.1838573021566,2462.545559523809
2017-11-12 10:00:00,3540,4183.411445783133,2054.985888190089,3334.7202857142865
2017-11-12 11:00:00,3858,4475.547449967721,2613.922029370288,3507.919428571427
2017-11-12 12:00:00,4055,4725.081841432225,2711.1888245046216,4239.765214285714
2017-11-12 13:00:00,4114,4727.435270805812,2812.266421067683,4299.136714285714
2017-11-12 14:00:00,4163,4949.716550412175,2878.1065506202103,4223.581190476191
2017-11-12 15:00:00,4490,5246.461338531514,2901.155272396961,4067.580908730159
2017-11-12 16:00:00,4746,5661.568824638592,3005.090970031567,4289.6805952380955
2017-11-12 17:00:00,4877,5329.677461139896,2751.4777399882078,3758.8577380952383
2017-11-12 18:00:00,5355,4277.991792929293,2816.5567954682433,3169.30707142857
2017-11-12 19:00:00,3170,3279.4859154929577,2890.700579866574,2961.7513571428567
2017-11-12 20:00:00,2463,2836.232469993683,2975.582270357547,2474.202166666667
2017-11-12 21:00:00,1919,2674.197988686361,3057.79639984841,2009.4010714285725
2017-11-12 22:00:00,1342,2201.658125,3063.6780296887137,1448.2306150793652
2017-11-12 23:00:00,929,1464.7486338797814,3151.608361322667,973.1425844155846
2017-11-13 00:00:00,461,840.2307692307693,1796.832566624636,534.5199523809524
2017-11-13 01:00:00,302,520.4200244200244,1888.764239758753,340.88191666666665
2017-11-13 02:00:00,207,391.66360856269114,2421.0167581389646,266.133253968254
2017-11-13 02:00:00,207,391.66360856269114,1978.0283518927617,262.9441111111111
2017-11-13 03:00:00,338,371.06679035250465,2069.9600250268786,321.19340079365077
2017-11-13 04:00:00,819,696.3011904761905,2161.7011580895596,792.1615075757575
2017-11-13 05:00:00,2844,2071.845731707317,2262.397674509748,2619.330833333334
2017-11-13 06:00:00,5660,4163.973699940228,2358.902309358337,5452.611071428571
2017-11-13 07:00:00,6505,4748.809753160746,2637.895634035429,6273.376411255412
2017-11-13 08:00:00,6117,4611.336930455635,2745.832673170198,5318.712321428571
2017-11-13 09:00:00,5190,4385.760351317441,2860.2480747338027,4990.769611111112
2017-11-13 10:00:00,4456,4183.411445783133,3438.4207503301695,4386.84986904762
2017-11-13 10:00:00,4456,4183.411445783133,2995.432344083966,4397.683892857143
2017-11-13 11:00:00,4595,4475.547449967721,3489.8041603331094,4482.351238095239
2017-11-13 12:00:00,4829,4725.081841432225,3608.4114434683124,4702.1715
2017-11-13 13:00:00,4779,4727.435270805812,3726.8281865320796,4696.12138095238
2017-11-13 14:00:00,5048,4949.716550412175,3791.1439955131164,5093.883321428571
2017-11-13 15:00:00,5629,5246.461338531514,3900.605355219376,5518.461821428572
2017-11-13 16:00:00,6604,5661.568824638592,3991.2032478534393,6381.566785714284
2017-11-13 17:00:00,5936,5329.677461139896,4077.037638701594,6090.032416666666
2017-11-13 18:00:00,4184,4277.991792929293,4151.058545120696,4052.411738095236
2017-11-13 19:00:00,3008,3279.4859154929577,3950.2762638767354,2988.1249960317455
2017-11-13 20:00:00,2537,2836.232469993683,4038.20659551069,2139.1495
2017-11-13 21:00:00,2048,2674.197988686361,4132.805829644915,2062.8768412698414
2017-11-13 21:00:00,2048,2674.197988686361,4575.794235891119,2080.904531746032
2017-11-13 22:00:00,1498,2201.658125,4231.158601203688,1375.5914206349207
2017-11-13 22:00:00,1498,2201.658125,4222.2604818503605,1334.623103174603
2017-11-13 23:00:00,980,1464.7486338797814,4324.233514766423,1094.0765873015873
2017-11-13 23:00:00,980,1464.7486338797814,4315.335395413095,1089.0893015873016
2017-11-14 00:00:00,483,840.2307692307693,2202.3297707321294,535.116130952381
2017-11-14 00:00:00,483,840.2307692307693,2211.2278900854567,530.0001309523809
2017-11-14 01:00:00,321,520.4200244200244,2310.5906260055904,338.1787063492064
2017-11-14 01:00:00,321,520.4200244200244,2301.692506652263,333.7049761904761
2017-11-14 02:00:00,216,391.66360856269114,2403.8560796397614,255.4215476190476
2017-11-14 02:00:00,216,391.66360856269114,2394.957960286434,254.69522619047618
2017-11-14 03:00:00,346,371.06679035250465,2490.700434849278,332.2402243589743
2017-11-14 04:00:00,871,696.3011904761905,2587.5861498407394,803.1588055555553
2017-11-14 05:00:00,3005,2071.845731707317,2683.328624403584,2688.514666666666
2017-11-14 06:00:00,5631,4163.973699940228,2775.0697574662636,5701.544182539681
2017-11-14 07:00:00,6212,4748.809753160746,2872.1460125291624,6295.819339826838
2017-11-14 08:00:00,5841,4611.336930455635,3080.4107058075483,5691.651
2017-11-14 08:00:00,5841,4611.336930455635,2966.554706591952,5563.896785714285
2017-11-14 09:00:00,5531,4385.760351317441,3067.2512230121397,5274.963547619048
2017-11-14 09:00:00,5531,4385.760351317441,3088.135358355725,5169.725357142856
2017-11-14 09:00:00,5531,4385.760351317441,3181.107222227736,5301.532857142857
2017-11-14 10:00:00,4398,4183.411445783133,3171.758540861054,4360.222952380953
2017-11-14 10:00:00,4398,4183.411445783133,3285.6145400766504,4389.5815833333345
2017-11-14 11:00:00,4690,4475.547449967721,3275.122618281351,4645.7501785714285
2017-11-14 12:00:00,4910,4725.081841432225,3825.285903376578,4846.420142857142
2017-11-14 12:00:00,4910,4725.081841432225,3382.297497130375,4825.604047619047
2017-11-14 13:00:00,4952,4727.435270805812,3477.849431621781,4821.516880952382
2017-11-14 14:00:00,5129,4949.716550412175,3578.5459480419704,5128.604416666667
2017-11-14 15:00:00,5730,5246.461338531514,3677.908683962104,5689.226857142856
2017-11-14 15:00:00,5730,5246.461338531514,3686.8068033154314,5728.8942857142865
2017-11-14 16:00:00,6717,5661.568824638592,3773.6511585249473,6301.540440476192
2017-11-14 16:00:00,6717,5661.568824638592,4216.639564771151,6326.56386904762
2017-11-14 17:00:00,6091,5329.677461139896,3860.62878980172,5663.503928571428
2017-11-14 17:00:00,6091,5329.677461139896,4303.617196047923,5700.350095238095
2017-11-14 17:00:00,6091,5329.677461139896,3869.526909155047,5700.83676190476
2017-11-14 18:00:00,4371,4277.991792929293,3951.226682435783,4259.62326984127
2017-11-14 19:00:00,3202,3279.4859154929577,4053.199715351844,2932.0832380952384
2017-11-14 19:00:00,3202,3279.4859154929577,4044.301595998517,2926.364321428571
2017-11-14 20:00:00,2778,2836.232469993683,4146.465168986017,2576.0986190476196
2017-11-14 20:00:00,2778,2836.232469993683,4137.567049632689,2543.898035714286
2017-11-14 20:00:00,2778,2836.232469993683,4158.451184976275,2445.086904761905
2017-11-14 21:00:00,3722,2674.197988686361,4239.54008254875,2273.7813095238093
2017-11-14 21:00:00,3722,2674.197988686361,4230.641963195423,2336.3691125541127
2017-11-14 21:00:00,3722,2674.197988686361,4251.526098539009,2222.0839458874457
2017-11-14 22:00:00,2381,2201.658125,4353.556395459252,1635.5298214285715
2017-11-14 22:00:00,2381,2201.658125,4332.672260115667,1692.7680357142858
2017-11-14 22:00:00,2381,2201.658125,4341.570379468994,1663.9399761904765
2017-11-14 23:00:00,1462,1464.7486338797814,4437.122313960401,1035.1226071428575
2017-11-14 23:00:00,1462,1464.7486338797814,4428.2241946070735,1093.6238214285715
2017-11-14 23:00:00,1462,1464.7486338797814,4449.108329950659,1022.3564404761908
2017-11-14 23:00:00,1462,1464.7486338797814,4542.0801938226705,1045.9083214285718
2017-11-15 00:00:00,608,840.2307692307693,2321.8302084221987,557.6209047619047
2017-11-15 00:00:00,608,840.2307692307693,2312.9320890688714,564.6359285714286
2017-11-15 00:00:00,608,840.2307692307693,2333.816224412457,565.1710714285714
2017-11-15 00:00:00,608,840.2307692307693,2426.7880882844684,566.2564047619047
2017-11-15 01:00:00,318,520.4200244200244,2418.7159234136607,359.96378571428585
2017-11-15 01:00:00,318,520.4200244200244,2409.8178040603334,388.303773809524
2017-11-15 01:00:00,318,520.4200244200244,2430.7019394039185,379.89929761904773
2017-11-15 01:00:00,318,520.4200244200244,2523.67380327593,354.50382142857154
2017-11-15 03:00:00,354,371.06679035250465,2606.2567950433645,383.78609523809513
2017-11-15 03:00:00,354,371.06679035250465,2627.14093038695,392.7311190476189
2017-11-15 03:00:00,354,371.06679035250465,2615.1549143966918,379.83509523809516
2017-11-15 04:00:00,911,696.3011904761905,2690.3763252485924,786.7676150793649
2017-11-15 04:00:00,911,696.3011904761905,2804.2323244641893,789.8636190476192
2017-11-15 04:00:00,911,696.3011904761905,2699.2744446019196,789.075261904762
2017-11-15 05:00:00,3011,2071.845731707317,2779.8309774540376,2082.094261904762
2017-11-15 06:00:00,6015,4163.973699940228,2826.0454796486233,5770.305119047619
2017-11-15 07:00:00,6580,4748.809753160746,3215.442162741536,6621.815970779222
2017-11-15 08:00:00,6104,4611.336930455635,2978.08863398699,5481.269297619048
2017-11-15 09:00:00,5379,4385.760351317441,3405.3903450905436,5202.243166666668
2017-11-15 10:00:00,4687,4183.411445783133,3164.988175193017,4321.484845238095
2017-11-15 11:00:00,4924,4475.547449967721,3558.576739857528,4407.622837301587
2017-11-15 12:00:00,5043,4725.081841432225,3639.8381689912108,4877.21851984127
2017-11-15 13:00:00,4945,4727.435270805812,3731.1982219110196,4918.849686507936
2017-11-15 14:00:00,5221,4949.716550412175,3835.8960798313697,5221.218662337662
2017-11-15 15:00:00,5919,5246.461338531514,3927.4466728226143,5577.8635277777785
2017-11-15 16:00:00,6923,5661.568824638592,4016.7107849566232,6064.221488095239
2017-11-15 17:00:00,6325,5329.677461139896,4094.5424928044513,5793.2523452380965
2017-11-15 18:00:00,4660,4277.991792929293,4177.518782581061,4091.2883888888887
2017-11-15 19:00:00,3216,3279.4859154929577,4268.878835500869,3145.9024166666663
2017-11-15 20:00:00,2914,2836.232469993683,4358.714567849186,2734.2850555555556
2017-11-15 21:00:00,2461,2674.197988686361,4445.501659054522,2821.3722857142857
2017-11-15 22:00:00,1957,2201.658125,4539.910353117311,2119.702678571429
2017-11-15 23:00:00,1400,1464.7486338797814,4630.5082457513745,1502.3920833333334
2017-11-16 00:00:00,604,840.2307692307693,2514.644519998863,686.435857142857
2017-11-16 01:00:00,359,520.4200244200244,2609.0532140616524,395.0280000000001
2017-11-16 02:00:00,264,391.66360856269114,2702.1281276243876,299.12373809523814
2017-11-16 03:00:00,375,371.06679035250465,2803.396264258885,357.0435317460317
2017-11-16 04:00:00,916,696.3011904761905,2900.472519321783,807.6637380952383
2017-11-16 05:00:00,2967,2071.845731707317,2992.0231123130266,2664.7088928571425
2017-11-16 06:00:00,5942,4163.973699940228,3087.76558687587,5082.695166666667
2017-11-16 07:00:00,6685,4748.809753160746,3180.840500438605,6433.276666666668
2017-11-16 08:00:00,6029,4611.336930455635,3271.628933144104,5618.821047619048
2017-11-16 09:00:00,5507,4385.760351317441,3368.5146481355655,5273.71026984127
2017-11-16 10:00:00,4678,4183.411445783133,3467.8773840557005,4144.826142857143
2017-11-16 11:00:00,4943,4475.547449967721,3565.5252593329064,4815.136928571429
2017-11-16 12:00:00,4977,4725.081841432225,3669.460956967512,4647.954
2017-11-16 13:00:00,5182,4727.435270805812,3770.1574733877014,4719.738166666667
2017-11-16 14:00:00,5315,4949.716550412175,3870.4729096650167,5189.755297619048
2017-11-16 15:00:00,6079,5246.461338531514,3970.597805870895,5626.991464285715
2017-11-16 16:00:00,6658,5661.568824638592,4063.482179362194,6062.645250000001
2017-11-16 17:00:00,6125,5329.677461139896,4156.366552853493,5787.825142857145
2017-11-16 18:00:00,4724,4277.991792929293,4254.967128487881,4369.892357142857
2017-11-16 19:00:00,3538,3279.4859154929577,4356.044725050942,2941.20425
2017-11-16 20:00:00,3132,2836.232469993683,4451.977739685222,2726.5078571428576
2017-11-16 21:00:00,3069,2674.197988686361,4435.406572808404,2645.8538809523807
2017-11-16 22:00:00,3643,2201.658125,4613.369803729158,1876.9385595238095
2017-11-16 23:00:00,2158,1464.7486338797814,4297.923604971576,1176.5017857142857
2017-11-17 00:00:00,760,840.2307692307693,2189.300401933646,775.7879999999999
2017-11-17 01:00:00,469,520.4200244200244,2620.8702360307125,424.19365476190484
2017-11-17 02:00:00,316,391.66360856269114,2385.3583127738048,344.32565476190473
2017-11-17 03:00:00,405,371.06679035250465,2480.910247265212,384.39373809523784
2017-11-17 04:00:00,851,696.3011904761905,2575.3189413280015,777.3605238095239
2017-11-17 05:00:00,2809,2071.845731707317,3090.0622321401597,2440.6241666666665
2017-11-17 06:00:00,5672,4163.973699940228,3225.0435152136993,4867.92992857143
2017-11-17 07:00:00,5849,4748.809753160746,3322.6913904909065,5954.876412698412
2017-11-17 08:00:00,5344,4611.336930455635,3113.2899882333195,4691.929119047619
2017-11-17 08:00:00,5344,4611.336930455635,3104.391868879992,4666.038285714286
2017-11-17 08:00:00,5344,4611.336930455635,3125.2760042235777,4525.318214285714
2017-11-17 09:00:00,5132,4385.760351317441,3202.1730202244557,4836.428107142857
2017-11-17 09:00:00,5132,4385.760351317441,3193.274900871129,4828.936607142858
2017-11-17 09:00:00,5132,4385.760351317441,3214.159036214714,4808.19063095238
2017-11-17 10:00:00,4706,4183.411445783133,3310.854211134739,4366.490428571428
2017-11-17 10:00:00,4706,4183.411445783133,3289.970075791154,4195.229761904761
2017-11-17 10:00:00,4706,4183.411445783133,3298.8681951444814,4402.448595238095
2017-11-17 11:00:00,5128,4475.547449967721,3400.517411921851,4805.402119047619
2017-11-17 11:00:00,5128,4475.547449967721,3391.6192925685236,4475.553035714284
2017-11-17 11:00:00,5128,4475.547449967721,3412.503427912109,4802.393571428571
2017-11-17 12:00:00,5308,4725.081841432225,3494.9261059846403,4570.784690476191
2017-11-17 12:00:00,5308,4725.081841432225,3486.027986631313,4422.750261904762
2017-11-17 12:00:00,5308,4725.081841432225,3929.016392877516,4585.813357142858
2017-11-17 12:00:00,5308,4725.081841432225,3506.9121219748986,4577.914107142858
2017-11-17 13:00:00,5105,4727.435270805812,3590.4780404760477,4489.848904761906
2017-11-17 13:00:00,5105,4727.435270805812,3581.5799211227204,4370.45580952381
2017-11-17 13:00:00,5105,4727.435270805812,3602.464056466306,4499.7126547619055
2017-11-17 14:00:00,5488,4949.716550412175,3687.9353756818177,5098.565615079366
2017-11-17 14:00:00,5488,4949.716550412175,3679.0372563284905,4931.745198412699
2017-11-17 14:00:00,5488,4949.716550412175,4122.025662574693,5113.127115079366
2017-11-17 14:00:00,5488,4949.716550412175,3699.9213916720755,5098.150793650795
2017-11-17 15:00:00,5906,5246.461338531514,3790.5372928163692,5473.890710317459
2017-11-17 15:00:00,5906,5246.461338531514,3781.639173463042,5416.070436507936
2017-11-17 15:00:00,5906,5246.461338531514,4224.627579709245,5422.911460317459
2017-11-17 16:00:00,6629,5661.568824638592,3873.1897664542867,5238.92542857143
2017-11-17 16:00:00,6629,5661.568824638592,3882.087885807614,5272.8105000000005
2017-11-17 16:00:00,6629,5661.568824638592,4316.17817270049,5275.357928571429
2017-11-17 17:00:00,5965,5329.677461139896,3966.264680017022,5371.2989285714275
2017-11-17 17:00:00,5965,5329.677461139896,3975.162799370349,5426.659095238095
2017-11-17 18:00:00,5100,4277.991792929293,4065.570151932975,3980.6972103174603
2017-11-17 18:00:00,5100,4277.991792929293,4056.6720325796477,3880.6584047619044
2017-11-17 19:00:00,3774,3279.4859154929577,4149.7469461423825,3180.4336904761913
2017-11-17 20:00:00,3077,2836.232469993683,4244.346180276608,2687.90805952381
2017-11-17 21:00:00,3030,2674.197988686361,4331.704891696253,2733.7178571428576
2017-11-17 22:00:00,2630,2201.658125,4835.57938563764,2667.4985546398048
2017-11-17 22:00:00,2630,2201.658125,4392.590979391437,2551.12163095238
2017-11-17 23:00:00,2657,1464.7486338797814,4517.283098607415,1888.7176428571431
2017-11-18 00:00:00,1222,840.2307692307693,1358.5743346028137,1152.8424426406928
2017-11-18 00:00:00,1222,840.2307692307693,1244.718335387217,1187.6231807359309
2017-11-18 00:00:00,1222,840.2307692307693,1687.70674163342,1154.1440140692641
2017-11-18 01:00:00,709,520.4200244200244,1772.77897219583,683.0766785714285
2017-11-18 01:00:00,709,520.4200244200244,1329.7905659496269,673.1782976190476
2017-11-18 02:00:00,496,391.66360856269114,1388.1996327161378,575.981261904762
2017-11-18 03:00:00,433,371.06679035250465,1515.9403930750962,449.6700119047617
2017-11-18 04:00:00,392,696.3011904761905,1575.6832403416622,400.35094047619054
2017-11-18 05:00:00,801,2071.845731707317,1702.0902202005664,640.6099047619047
2017-11-18 06:00:00,1385,4163.973699940228,1789.6394716916475,1193.0445984848482
2017-11-18 07:00:00,2115,4748.809753160746,1760.1115799571598,1700.0039761904761
2017-11-18 08:00:00,3136,4611.336930455635,2157.1298659075255,3046.0016071428568
2017-11-18 09:00:00,3676,4385.760351317441,1914.186879864601,3128.554166666667
2017-11-18 10:00:00,4034,4183.411445783133,2003.2604519271736,4128.288071428571
2017-11-18 11:00:00,4517,4475.547449967721,2411.283425463532,4205.998309523807
2017-11-18 12:00:00,4590,4725.081841432225,2229.6142341257087,4225.577644688643
2017-11-18 13:00:00,4876,4727.435270805812,2339.0214641582015,4229.271515873014
2017-11-18 14:00:00,4729,4949.716550412175,2763.0238250715825,4441.267071428572
2017-11-18 15:00:00,4754,5246.461338531514,2844.6663343481373,4327.804547619047
2017-11-18 16:00:00,4939,5661.568824638592,2920.0210212672937,4482.872214285712
2017-11-18 17:00:00,4852,5329.677461139896,2655.928087294936,4481.126563852814
2017-11-18 18:00:00,4556,4277.991792929293,3063.108792248152,3888.0989642857144
2017-11-18 19:00:00,3733,3279.4859154929577,3147.22832245338,3372.751488095239
2017-11-18 20:00:00,3181,2836.232469993683,2893.9420428791263,2634.529202380952
2017-11-18 21:00:00,3011,2674.197988686361,2963.7710677266286,2709.8489087301587
2017-11-18 22:00:00,3358,2201.658125,3036.5123233194436,3944.351404761904
2017-11-18 23:00:00,3347,1464.7486338797814,3125.776435453452,1938.1240793650795
2017-11-19 00:00:00,1529,840.2307692307693,1003.8154274149779,1112.035595238095
2017-11-19 01:00:00,996,520.4200244200244,1090.6025186203142,694.0737619047619
2017-11-19 02:00:00,726,391.66360856269114,1180.0571708257592,578.1409999999998
2017-11-19 03:00:00,439,371.06679035250465,1266.272641816786,381.0981349206349
2017-11-19 04:00:00,407,696.3011904761905,1357.2516145937211,317.01992857142864
2017-11-19 05:00:00,738,2071.845731707317,1448.0400472992205,478.92541269841274
2017-11-19 06:00:00,1138,4163.973699940228,1533.112277861629,764.1019920634919
2017-11-19 07:00:00,1498,4748.809753160746,1621.423689638456,1092.7681150793653
2017-11-19 08:00:00,2214,4611.336930455635,1719.2621049870995,1764.3020952380955
2017-11-19 09:00:00,3432,4385.760351317441,1836.9166877651205,2593.9484166666657
2017-11-19 10:00:00,4460,4183.411445783133,1965.6225946864495,3401.161976190477
2017-11-19 11:00:00,4195,4475.547449967721,2436.443683499401,3649.2267499999994
2017-11-19 12:00:00,4185,4725.081841432225,2231.6087117437423,3765.120892857142
2017-11-19 13:00:00,4115,4727.435270805812,2772.8370724855504,4361.255380952381
2017-11-19 14:00:00,4121,4949.716550412175,2821.6087039062063,3858.734523809523
2017-11-19 15:00:00,4329,5246.461338531514,2943.0740881129536,4146.316928571429
2017-11-19 16:00:00,4555,5661.568824638592,3050.4395070334135,4122.800726190477
2017-11-19 17:00:00,4505,5329.677461139896,3122.555012738153,3965.990035714286
2017-11-19 18:00:00,3560,4277.991792929293,3168.566528656114,3719.800253968255
2017-11-19 19:00:00,2989,3279.4859154929577,2927.474813653786,2996.8417857142845
2017-11-19 20:00:00,2477,2836.232469993683,3029.505110574028,2602.8136904761905
2017-11-19 21:00:00,1898,2674.197988686361,3126.3908255654896,2095.439317460318
2017-11-19 22:00:00,1413,2201.658125,3219.3293287305546,1485.1359960317463
2017-11-19 23:00:00,991,1464.7486338797814,3303.4488589357825,925.7003809523809
2017-11-20 00:00:00,484,840.2307692307693,1950.3879248806784,489.5239047619047
2017-11-20 01:00:00,331,520.4200244200244,2036.7939359431425,308.9324642857143
2017-11-20 02:00:00,239,391.66360856269114,2117.102664719643,257.59413492063493
2017-11-20 03:00:00,373,371.06679035250465,2203.889755924978,315.31774206349206
2017-11-20 04:00:00,848,696.3011904761905,2297.1552095591496,799.2181428571431
2017-11-20 05:00:00,2851,2071.845731707317,2390.0395830504485,2607.027380952381
2017-11-20 06:00:00,5208,4163.973699940228,2487.1158381133464,5464.878476190476
2017-11-20 07:00:00,6600,4748.809753160746,2574.6650896044284,6589.547904761904
2017-11-20 08:00:00,5918,4611.336930455635,2666.977842881418,5295.567325396826
2017-11-20 09:00:00,5020,4385.760351317441,2778.34460330204,4690.381535714285
2017-11-20 10:00:00,4583,4183.411445783133,2914.2910329379497,4345.792071428572
2017-11-20 11:00:00,4556,4475.547449967721,3488.851459975928,4482.351238095239
2017-11-20 12:00:00,4812,4725.081841432225,3167.892045351881,4741.327261904761
2017-11-20 13:00:00,4866,4727.435270805812,3725.303865960589,4696.12138095238
2017-11-20 14:00:00,5095,4949.716550412175,3834.765225666848,5080.990757936509
2017-11-20 15:00:00,5769,5246.461338531514,3936.0333623013453,5568.219357142857
2017-11-20 16:00:00,6629,5661.568824638592,4001.682951782438,6357.066702380951
2017-11-20 17:00:00,6013,5329.677461139896,4095.90110577379,6135.923083333333
2017-11-20 18:00:00,4162,4277.991792929293,4183.8314374077445,3976.2781428571416
2017-11-20 19:00:00,3029,3279.4859154929577,4275.382030398989,2779.250285714285
2017-11-20 20:00:00,2612,2836.232469993683,4354.9285988897445,2383.339833333333
2017-11-20 21:00:00,2595,2674.197988686361,4454.672414952751,2000.5361428571425
2017-11-20 22:00:00,3268,2201.658125,4128.555972194735,1364.9284523809524
2017-11-20 23:00:00,1174,1464.7486338797814,4224.298446757578,963.8482023809526
2017-11-21 00:00:00,560,840.2307692307693,2103.0995990048505,538.7371536796535
2017-11-21 01:00:00,373,520.4200244200244,2171.404303280862,322.0491428571429
2017-11-21 02:00:00,247,391.66360856269114,2235.3265859138382,245.0496507936508
2017-11-21 03:00:00,381,371.06679035250465,2301.9164295469236,337.51371428571423
2017-11-21 04:00:00,867,696.3011904761905,2784.648988357778,863.7181309523813
2017-11-21 05:00:00,2906,2071.845731707317,2769.20861570439,2721.101468253968
2017-11-21 06:00:00,5793,4163.973699940228,2741.677007555669,4990.052095238094
2017-11-21 07:00:00,6796,4748.809753160746,2834.9424611898403,6218.240428571431
2017-11-21 08:00:00,5932,4611.336930455635,2876.202921527082,5340.079571428571
2017-11-21 09:00:00,5354,4385.760351317441,3175.7129283112836,5163.452666666667
2017-11-21 10:00:00,4682,4183.411445783133,3038.3446996515736,4461.995547619048
2017-11-21 11:00:00,4877,4475.547449967721,3150.4736203579414,3876.2847976190474
2017-11-21 12:00:00,5069,4725.081841432225,3176.9520634205464,4350.618553030303
2017-11-21 13:00:00,5268,4727.435270805812,3461.108432715803,4933.640464285714
2017-11-21 14:00:00,5314,4949.716550412175,3282.052672704321,5123.696511904762
2017-11-21 15:00:00,5823,5246.461338531514,3392.276192696326,5222.743186507936
2017-11-21 16:00:00,6669,5661.568824638592,3478.4916636873527,6084.7019880952375
2017-11-21 17:00:00,6379,5329.677461139896,3549.8991387801134,6039.297027056276
2017-11-21 18:00:00,4670,4277.991792929293,3636.0604800973733,4436.178666666666
2017-11-21 19:00:00,3208,3279.4859154929577,3705.56255447577,3135.6793928571437
2017-11-21 20:00:00,2807,2836.232469993683,3797.8211780789925,2685.553767676767
2017-11-21 21:00:00,2583,2674.197988686361,3874.3191054267663,2665.729333333334
2017-11-21 22:00:00,1848,2201.658125,3948.203601448199,1811.5712023809529
2017-11-21 23:00:00,1111,1464.7486338797814,4029.846110724754,1216.925880952381
2017-11-22 00:00:00,633,840.2307692307693,1908.075642757717,650.2105833333335
2017-11-22 01:00:00,422,520.4200244200244,1989.718152034272,400.6848928571428
2017-11-22 02:00:00,320,391.66360856269114,2071.551201382264,311.76647619047617
2017-11-22 03:00:00,380,371.06679035250465,2167.4842160165435,401.86981746031745
2017-11-22 04:00:00,861,696.3011904761905,2254.6523873647525,723.113265873016
2017-11-22 05:00:00,2761,2071.845731707317,2335.723276426999,2573.90980952381
2017-11-22 06:00:00,5385,4163.973699940228,2424.9873885610064,5150.673428571429
2017-11-22 07:00:00,5983,4748.809753160746,2520.8662735215203,6107.970583333331
2017-11-22 08:00:00,5411,4611.336930455635,2603.70615290046,5863.103706349206
2017-11-22 09:00:00,5036,4385.760351317441,2733.7458403218434,5144.997722222223
2017-11-22 10:00:00,4830,4183.411445783133,3281.4525634924867,4413.252833333334
2017-11-22 11:00:00,5165,4475.547449967721,3397.3922856275813,4803.643424603175
2017-11-22 12:00:00,5484,4725.081841432225,3539.995171558574,5046.514523809525
2017-11-22 13:00:00,5650,4727.435270805812,3648.1227507647786,4877.248666666666
2017-11-22 14:00:00,5916,4949.716550412175,3535.14365124892,4644.455535714286
2017-11-22 15:00:00,5793,5246.461338531514,3522.002205657956,5280.154392857145
2017-11-22 16:00:00,6032,5661.568824638592,3711.397840864889,5826.160142857142
2017-11-22 17:00:00,5177,5329.677461139896,4034.915896650068,5666.832773809525
2017-11-22 18:00:00,4347,4277.991792929293,3944.408079358507,4104.59080952381
2017-11-22 19:00:00,3179,3279.4859154929577,4046.6289163501865,3114.9550357142857
2017-11-22 20:00:00,2860,2836.232469993683,4371.290212563983,2704.8109603174603
2017-11-22 21:00:00,2638,2674.197988686361,4473.320509484227,2715.283119047619
2017-11-22 22:00:00,2077,2201.658125,4566.585963118398,1974.2293690476195
2017-11-22 23:00:00,1474,1464.7486338797814,4657.183855752461,1276.6160595238093
2017-11-23 00:00:00,1324,840.2307692307693,2085.7480662400476,720.1870238095237
2017-11-23 01:00:00,601,520.4200244200244,2161.102753159204,457.79005735930724
2017-11-23 02:00:00,416,391.66360856269114,2226.549356363671,319.0577261904761
2017-11-23 03:00:00,320,371.06679035250465,2644.0192251744493,356.4889523809524
2017-11-23 04:00:00,266,696.3011904761905,2391.168155416835,775.9871666666664
2017-11-23 05:00:00,423,2071.845731707317,2483.099828550952,2652.115083333333
2017-11-23 06:00:00,834,4163.973699940228,2568.5531392562343,5125.9213333333355
2017-11-23 07:00:00,991,4748.809753160746,2668.6239057883467,5688.090638888889
2017-11-23 08:00:00,1267,4611.336930455635,2751.2191154220836,5417.868369047618
2017-11-23 09:00:00,2227,4385.760351317441,2885.831764557939,4975.954333333333
2017-11-23 10:00:00,2817,4183.411445783133,3038.736260551682,4550.181357142857
2017-11-23 11:00:00,3347,4475.547449967721,3174.1110699732817,4890.374773809525
2017-11-23 12:00:00,3169,4725.081841432225,3305.293997823283,5126.078428571427
2017-11-23 13:00:00,3049,4727.435270805812,3433.999904744612,5217.260928571429
2017-11-23 14:00:00,2935,4949.716550412175,3552.6071878798152,5419.504404761904
2017-11-23 15:00:00,3278,5246.461338531514,3654.501074402388,5757.575214285712
2017-11-23 16:00:00,3212,5661.568824638592,4084.5465879279645,6424.443738095239
2017-11-23 17:00:00,3340,5329.677461139896,4240.788250704976,6022.529261904761
2017-11-23 18:00:00,3267,4277.991792929293,3922.6810221598307,4651.096047619048
2017-11-23 19:00:00,3194,3279.4859154929577,4321.090352614432,3371.8125476190467
2017-11-23 20:00:00,2989,2836.232469993683,4416.451747034403,3072.4125476190484
2017-11-23 21:00:00,2730,2674.197988686361,4468.069033321414,2784.6708095238096
2017-11-23 22:00:00,1962,2201.658125,4281.064719983373,2199.389333333334
2017-11-23 23:00:00,1313,1464.7486338797814,4399.672003118578,1266.1342142857145
2017-11-24 00:00:00,770,840.2307692307693,2296.7650022237362,694.5416904761903
2017-11-24 01:00:00,467,520.4200244200244,2398.7952991439797,403.7616904761905
2017-11-24 02:00:00,271,391.66360856269114,2490.7269722780966,319.8057380952381
2017-11-24 03:00:00,257,371.06679035250465,2585.135666340886,388.2380238095237
2017-11-24 04:00:00,403,696.3011904761905,2674.209238403457,776.5272142857143
2017-11-24 05:00:00,1045,2071.845731707317,2762.520650180284,2431.7307142857144
2017-11-24 06:00:00,2101,4163.973699940228,2858.0725846716914,5379.29673809524
2017-11-24 07:00:00,2419,4748.809753160746,2950.766418091554,5676.489295454546
2017-11-24 08:00:00,2480,4611.336930455635,3043.0791713685435,4880.7766190476195
2017-11-24 09:00:00,2909,4385.760351317441,3161.6864545037465,4520.486234126982
2017-11-24 10:00:00,3405,4183.411445783133,3617.264337601791,4147.924190476191
2017-11-24 11:00:00,4017,4475.547449967721,3757.4026488093004,4548.139023809524
2017-11-24 12:00:00,4321,4725.081841432225,3504.6867859303525,5204.225666666667
2017-11-24 13:00:00,4334,4727.435270805812,3651.5493328309026,5107.8170238095245
2017-11-24 14:00:00,4749,4949.716550412175,3802.9360394656997,5151.004988095239
2017-11-24 15:00:00,4696,5246.461338531514,3979.3625036097737,5602.602095238096
2017-11-24 15:00:00,4696,5246.461338531514,3991.348519600032,5532.825690476191
2017-11-24 16:00:00,4482,5661.568824638592,4059.0816036617343,5842.406607142858
2017-11-24 16:00:00,4482,5661.568824638592,4047.095587671476,6047.118130952381
2017-11-24 17:00:00,4858,5329.677461139896,4376.73239854275,5890.777309523809
2017-11-24 18:00:00,5325,4277.991792929293,4024.45783632419,4980.760892857142
2017-11-24 19:00:00,3279,3279.4859154929577,4106.290885672182,3608.7019960317466
2017-11-24 20:00:00,2844,2836.232469993683,4195.364457734753,2897.10319047619
2017-11-24 21:00:00,2802,2674.197988686361,4264.294911898842,2898.304698412698
2017-11-24 22:00:00,2297,2201.658125,4350.891463032741,2743.398206349206
2017-11-24 23:00:00,1642,1464.7486338797814,4427.579930451951,1904.540357142857
2017-11-25 00:00:00,1079,840.2307692307693,1152.5381463030826,1129.990023809524
2017-11-25 01:00:00,655,520.4200244200244,1236.6576765083096,714.4949126984125
2017-11-25 02:00:00,516,391.66360856269114,1322.110987213592,552.3382301587301
2017-11-25 03:00:00,372,371.06679035250465,1411.5656394190369,364.1715317460317
2017-11-25 04:00:00,323,696.3011904761905,1492.0649082669734,366.85140873015865
2017-11-25 05:00:00,595,2071.845731707317,1573.7074175435282,668.9329880952381
2017-11-25 06:00:00,1010,4163.973699940228,1656.6837073201384,1243.1799404761905
2017-11-25 07:00:00,1539,4748.809753160746,1752.1815121377786,1839.9062380952382
2017-11-25 08:00:00,2133,4611.336930455635,1825.1133078020284,2986.4628571428575
2017-11-25 09:00:00,3054,4385.760351317441,1933.7583775487765,3275.0695
2017-11-25 10:00:00,3914,4183.411445783133,2039.5994758977452,4071.735761904761
2017-11-25 11:00:00,4734,4475.547449967721,2147.917595175387,3889.76875
2017-11-25 12:00:00,5167,4725.081841432225,2256.997874738773,4186.634849206348
2017-11-25 13:00:00,4952,4727.435270805812,2635.350726804832,4377.343515873016
2017-11-25 14:00:00,4461,4949.716550412175,2746.145867011146,4425.102801587301
2017-11-25 15:00:00,4348,5246.461338531514,2888.68109084993,4563.879174603176
2017-11-25 16:00:00,4380,5661.568824638592,3056.736238055994,4473.71369047619
2017-11-25 17:00:00,4490,5329.677461139896,3125.8031026177514,4415.495416666667
2017-11-25 18:00:00,4046,4277.991792929293,3111.315430321544,4038.875281746032
2017-11-25 19:00:00,3463,3279.4859154929577,2858.9818511044723,3333.68719047619
2017-11-25 20:00:00,3005,2836.232469993683,2930.5257365949024,2662.0302500000003
2017-11-25 21:00:00,2800,2674.197988686361,3001.8790820138947,2680.137273809524
2017-11-25 22:00:00,2673,2201.658125,3074.6203376067097,3530.440595238094
2017-11-25 23:00:00,2584,1464.7486338797814,3150.9277248830476,1951.6832460317462
2017-11-26 00:00:00,1386,840.2307692307693,1034.8734590590998,1090.1023095238095
2017-11-26 01:00:00,938,520.4200244200244,1125.2808116217263,696.393761904762
2017-11-26 02:00:00,701,391.66360856269114,1223.6908471846782,592.4104285714285
2017-11-26 03:00:00,513,371.06679035250465,1326.29276431923,392.9112301587301
2017-11-26 04:00:00,454,696.3011904761905,1432.896022953944,355.13125
2017-11-26 05:00:00,602,2071.845731707317,1532.258758874078,557.4445873015873
2017-11-26 06:00:00,965,4163.973699940228,1640.7674182231558,945.6560000000002
2017-11-26 07:00:00,1240,4748.809753160746,2080.3399353205486,1183.8211190476195
2017-11-26 08:00:00,1769,4611.336930455635,1850.5442142067313,1957.3827619047622
2017-11-26 09:00:00,2404,4385.760351317441,2310.1234388049393,2597.37994047619
2017-11-26 10:00:00,3280,4183.411445783133,2109.48034862088,3533.34388095238
2017-11-26 11:00:00,3886,4475.547449967721,2585.0649392197392,3854.9971904761915
2017-11-26 12:00:00,4299,4725.081841432225,2715.1046266411226,3942.480202380952
2017-11-26 13:00:00,4860,4727.435270805812,2836.188930704998,3968.227452380952
2017-11-26 14:00:00,4871,4949.716550412175,3037.207510269547,4017.8747142857146
2017-11-26 15:00:00,4994,5246.461338531514,2719.093750511857,4330.402996031746
2017-11-26 16:00:00,4933,5661.568824638592,3213.068173537455,4195.1413571428575
2017-11-26 17:00:00,4794,5329.677461139896,2879.330127921986,4218.002023809524
2017-11-26 18:00:00,4392,4277.991792929293,3340.912738803408,3519.4777499999996
2017-11-26 19:00:00,3341,3279.4859154929577,2990.7882470444138,2978.127369047619
2017-11-26 20:00:00,2839,2836.232469993683,3076.241557749696,2436.9013809523813
2017-11-26 21:00:00,2550,2674.197988686361,3566.9767995608768,1934.4080198412694
2017-11-26 22:00:00,1640,2201.658125,3647.094988265941,1463.1536746031745
2017-11-26 23:00:00,1009,1464.7486338797814,3305.5447997215824,925.7003809523809
2017-11-27 00:00:00,539,840.2307692307693,1942.3852418803533,481.14690476190464
2017-11-27 01:00:00,317,520.4200244200244,2024.5993713712164,309.8600833333333
2017-11-27 02:00:00,213,391.66360856269114,2103.9553997905364,262.1232777777778
2017-11-27 03:00:00,328,371.06679035250465,2202.5559754249243,315.31774206349206
2017-11-27 04:00:00,810,696.3011904761905,2314.8754362027285,821.3773333333334
2017-11-27 05:00:00,2875,2071.845731707317,2418.430053694462,2627.0024047619045
2017-11-27 06:00:00,5636,4163.973699940228,2462.365568148265,5501.586603174602
2017-11-27 07:00:00,6656,4748.809753160746,2978.515254641422,6561.025369047621
2017-11-27 08:00:00,5907,4611.336930455635,3157.2406458479204,5594.135642857143
2017-11-27 09:00:00,5063,4385.760351317441,2854.1795517337005,4902.44325
2017-11-27 10:00:00,4365,4183.411445783133,3407.0308568331247,4419.035773809524
2017-11-27 11:00:00,4513,4475.547449967721,3552.313749969415,4507.910190476191
2017-11-27 12:00:00,4933,4725.081841432225,3697.4061030342673,4262.482285714285
2017-11-27 13:00:00,4659,4727.435270805812,3827.4457904556507,4287.35657936508
2017-11-27 14:00:00,4997,4949.716550412175,3952.3408959482535,5049.927607142858
2017-11-27 15:00:00,5748,5246.461338531514,4061.4211755116403,5457.282769841269
2017-11-27 16:00:00,6674,5661.568824638592,4145.92178585974,6126.1043452380945
2017-11-27 17:00:00,5937,5329.677461139896,3808.754018958417,5714.217523809523
2017-11-27 18:00:00,4171,4277.991792929293,4297.012239840925,3922.454142857142
2017-11-27 19:00:00,2984,3279.4859154929577,3968.6093162256734,2890.652142857143
2017-11-27 20:00:00,2399,2836.232469993683,4388.556205965124,2582.7678333333333
2017-11-27 21:00:00,2051,2674.197988686361,4152.28212242247,2095.1376428571425
2017-11-27 22:00:00,1431,2201.658125,4241.165154413607,1452.4053412698413
2017-11-27 23:00:00,955,1464.7486338797814,4343.576531476721,1021.6137023809526
2017-11-28 00:00:00,569,840.2307692307693,2219.329042581012,590.7122619047616
2017-11-28 01:00:00,317,520.4200244200244,2294.683729500168,313.93620238095247
2017-11-28 02:00:00,254,391.66360856269114,2370.038416419324,251.46665079365087
2017-11-28 03:00:00,352,371.06679035250465,2439.1052809810817,332.1312380952381
2017-11-28 04:00:00,843,696.3011904761905,2520.7477902576366,848.7929880952382
2017-11-28 05:00:00,3058,2071.845731707317,2604.8673204628635,2815.2440277777782
2017-11-28 06:00:00,5917,4163.973699940228,2699.46655459709,5461.491999999999
2017-11-28 07:00:00,6649,4748.809753160746,3202.5869010516317,6149.864863636363
2017-11-28 08:00:00,6075,4611.336930455635,3285.753730899678,5682.471603174603
2017-11-28 09:00:00,5320,4385.760351317441,3385.1164668198116,5288.829476190476
2017-11-28 10:00:00,4493,4183.411445783133,3069.289187919357,4387.954666666668
2017-11-28 11:00:00,4934,4475.547449967721,3514.7684472312767,4547.479714285712
2017-11-28 12:00:00,4980,4725.081841432225,3290.4983881891117,5007.03957142857
2017-11-28 13:00:00,4837,4727.435270805812,3425.682657539277,4776.484333333334
2017-11-28 14:00:00,5024,4949.716550412175,3819.9867459322195,5121.561404761903
2017-11-28 15:00:00,5756,5246.461338531514,3607.450063021711,5768.807833333332
2017-11-28 16:00:00,6731,5661.568824638592,3684.1385304409214,6232.93941666667
2017-11-28 17:00:00,5922,5329.677461139896,3771.116161717693,5927.9287261904765
2017-11-28 18:00:00,4740,4277.991792929293,3818.270918064273,4487.32738095238
2017-11-28 19:00:00,3162,3279.4859154929577,3901.383618238552,3111.68519047619
2017-11-28 20:00:00,2676,2836.232469993683,3980.5491065864344,2529.291083333333
2017-11-28 21:00:00,2378,2674.197988686361,4053.998392791227,2392.7882023809525
2017-11-28 22:00:00,1532,2201.658125,4117.212644812225,1718.4947142857147
2017-11-28 23:00:00,946,1464.7486338797814,4195.044352660054,1031.593099206349
2017-11-29 00:00:00,552,840.2307692307693,2061.841480406836,601.398107142857
2017-11-29 01:00:00,310,520.4200244200244,2135.8623868259383,413.03450577200573
2017-11-29 02:00:00,274,391.66360856269114,2211.2170737450942,306.43013095238086
2017-11-29 03:00:00,376,371.06679035250465,2293.812283378831,394.86655555555546
2017-11-29 04:00:00,883,696.3011904761905,2349.1602627971724,800.7082500000001
2017-11-29 05:00:00,3034,2071.845731707317,2429.6595316451094,2655.1223095238097
2017-11-29 06:00:00,5956,4163.973699940228,2517.2087831361914,4919.979833333334
2017-11-29 07:00:00,6624,4748.809753160746,2623.5673720257023,6324.049329365077
2017-11-29 08:00:00,6020,4611.336930455635,3040.519750295939,5633.196059523811
2017-11-29 09:00:00,5331,4385.760351317441,3171.512138074503,5044.966666666666
2017-11-29 10:00:00,4690,4183.411445783133,3322.511233353883,4546.470452380952
2017-11-29 11:00:00,4770,4475.547449967721,3532.1041161330677,4464.921071428572
2017-11-29 12:00:00,4982,4725.081841432225,3664.620824483123,4960.138603174602
2017-11-29 13:00:00,4983,4727.435270805812,3375.4691555837544,5338.608714285713
2017-11-29 14:00:00,5223,4949.716550412175,3835.620000396272,5246.506976190475
2017-11-29 15:00:00,5862,5246.461338531514,4017.775112888625,5999.664646825397
2017-11-29 16:00:00,6685,5661.568824638592,4106.467604808324,6682.943988095238
2017-11-29 17:00:00,6347,5329.677461139896,4184.680392799024,6107.69826190476
2017-11-29 18:00:00,4914,4277.991792929293,3846.178845397647,4409.386936507937
2017-11-29 19:00:00,3716,3279.4859154929577,3931.0605358886196,3153.810746031746
2017-11-29 20:00:00,2859,2836.232469993683,4022.8016689513006,2565.830190476191
2017-11-29 21:00:00,2491,2674.197988686361,4456.467443834167,2797.3580714285713
2017-11-29 22:00:00,1780,2201.658125,4220.955520577259,1865.6572063492065
2017-11-29 23:00:00,2859,1464.7486338797814,4327.74931928341,1161.1632142857147
2017-11-30 00:00:00,732,840.2307692307693,2221.793677245588,694.2819166666668
2017-11-30 01:00:00,401,520.4200244200244,2322.29965359434,459.084380952381
2017-11-30 02:00:00,284,391.66360856269114,2865.6115089167597,300.5286666666666
2017-11-30 03:00:00,395,371.06679035250465,2914.874652254327,370.1559722222222
2017-11-30 04:00:00,926,696.3011904761905,2584.756867996148,852.0121428571426
2017-11-30 05:00:00,2967,2071.845731707317,2657.062913772322,2784.982642857143
2017-11-30 06:00:00,5862,4163.973699940228,2745.5648656205854,5776.2358492063495
2017-11-30 07:00:00,6440,4748.809753160746,2828.6775657948647,6476.633976190475
2017-11-30 08:00:00,5819,4611.336930455635,2915.083576857329,5314.445714285714
2017-11-30 09:00:00,5518,4385.760351317441,3013.874692563153,5191.526333333335
2017-11-30 10:00:00,4643,4183.411445783133,3122.0022717693587,4667.755678571429
2017-11-30 11:00:00,5089,4475.547449967721,3246.516297119088,4825.060936507937
2017-11-30 12:00:00,5069,4725.081841432225,3368.9343816830183,5115.5134761904765
2017-11-30 13:00:00,5138,4727.435270805812,3483.5403233180587,5111.612607142857
2017-11-30 14:00:00,5338,4949.716550412175,3582.9571889119584,5319.8350238095245
2017-11-30 15:00:00,5700,5246.461338531514,3682.4563352297623,5615.66857142857
2017-11-30 16:00:00,6605,5661.568824638592,3772.673147720953,6346.699011904762
2017-11-30 17:00:00,6241,5329.677461139896,3834.553619241896,5834.192785714285
2017-11-30 18:00:00,4668,4277.991792929293,3879.2313546598025,4592.430785714288
2017-11-30 19:00:00,3377,3279.4859154929577,3952.1090206502863,3216.346523809525
2017-11-30 20:00:00,3106,2836.232469993683,4351.858662817487,2754.862190476191
2017-11-30 21:00:00,3619,2674.197988686361,4409.6836631645,2677.3366666666657
2017-11-30 22:00:00,2969,2201.658125,4154.5461125496495,2415.8177857142855
2017-11-30 23:00:00,1383,1464.7486338797814,4245.144005183713,1302.0963690476194
2017-12-01 00:00:00,721,840.2307692307693,2110.378732644814,784.9468333333335
2017-12-01 01:00:00,431,520.4200244200244,2207.6455277791492,465.03852380952384
2017-12-01 02:00:00,291,391.66360856269114,2291.1934377700677,367.7887142857142
2017-12-01 03:00:00,420,371.06679035250465,2386.7453722614746,376.83360714285715
2017-12-01 04:00:00,830,696.3011904761905,2480.3919060385188,725.8487619047618
2017-12-01 05:00:00,2873,2071.845731707317,2579.7546419586524,1944.803761904762
2017-12-01 06:00:00,5650,4163.973699940228,2689.5970818077844,4539.620261904762
2017-12-01 07:00:00,6708,4748.809753160746,2790.2935982279723,4850.757404761905
2017-12-01 08:00:00,5772,4611.336930455635,3308.2760702545484,4349.933190476191
2017-12-01 09:00:00,5335,4385.760351317441,3010.35955806911,4692.383071428572
2017-12-01 10:00:00,4881,4183.411445783133,3548.729817739373,4663.28319047619
2017-12-01 11:00:00,5187,4475.547449967721,3691.1546098041176,5191.164781746031
2017-12-01 12:00:00,5421,4725.081841432225,3417.436686691093,5165.65511904762
2017-12-01 13:00:00,5565,4727.435270805812,3528.231826897406,4934.170880952382
2017-12-01 14:00:00,5711,4949.716550412175,3636.1688660321756,5259.800892857142
2017-12-01 15:00:00,6284,5246.461338531514,3746.201845952744,5657.431099206347
2017-12-01 16:00:00,6468,5661.568824638592,4278.6529172032915,6223.040071428571
2017-12-01 17:00:00,6000,5329.677461139896,4361.629206979902,5835.730071428572
2017-12-01 18:00:00,5037,4277.991792929293,4432.2203921131495,4862.123845238095
2017-12-01 19:00:00,4086,3279.4859154929577,4508.90885953236,3688.0827261904756
2017-12-01 20:00:00,3480,2836.232469993683,4557.219302512745,3092.053773809524
2017-12-01 21:00:00,3043,2674.197988686361,4626.857787288812,2945.9016666666676
2017-12-01 22:00:00,3054,2201.658125,4687.159808564497,2646.7936507936515
2017-12-01 23:00:00,3604,1464.7486338797814,4649.696895921892,1892.936011904762
2017-12-02 00:00:00,1479,840.2307692307693,1071.5205362284523,1098.822964285714
2017-12-02 01:00:00,866,520.4200244200244,1146.8752231476083,720.6123690476188
2017-12-02 02:00:00,635,391.66360856269114,1227.183951924109,561.0074047619048
2017-12-02 03:00:00,489,371.06679035250465,1315.1142835580624,413.712753968254
2017-12-02 04:00:00,539,696.3011904761905,1398.2811134061085,385.8079761904761
2017-12-02 05:00:00,978,2071.845731707317,1472.8736400395192,617.8240952380952
2017-12-02 06:00:00,1666,4163.973699940228,1554.8972294589473,1116.7297777777776
2017-12-02 07:00:00,2386,4748.809753160746,1653.8247555624416,1491.204182539682
2017-12-02 08:00:00,3343,4611.336930455635,2024.174924628174,2462.1948690476183
2017-12-02 09:00:00,4112,4385.760351317441,1857.1773187909482,3010.5902261904766
2017-12-02 10:00:00,4562,4183.411445783133,1996.3629296412748,3870.8817380952387
2017-12-02 11:00:00,5055,4475.547449967721,2472.328600383007,4253.2309166666655
2017-12-02 12:00:00,5441,4725.081841432225,2613.6101520191337,4779.348111111112
2017-12-02 13:00:00,5516,4727.435270805812,2749.175501512171,4705.346468253967
2017-12-02 14:00:00,5177,4949.716550412175,2861.113882147103,4697.045904761905
2017-12-02 15:00:00,5477,5246.461338531514,2959.333377638619,4684.865047619049
2017-12-02 16:00:00,5397,5661.568824638592,2721.86192399358,4760.089952380953
2017-12-02 17:00:00,5838,5329.677461139896,2764.1167681565817,4650.0393015873005
2017-12-02 18:00:00,5490,4277.991792929293,2814.2660359723754,4121.243726190476
2017-12-02 19:00:00,4140,3279.4859154929577,2866.3748341762994,3400.09530952381
2017-12-02 20:00:00,4032,2836.232469993683,2936.2038590238017,2725.163547619048
2017-12-02 21:00:00,3182,2674.197988686361,3014.226106943066,2728.71330952381
2017-12-02 22:00:00,2623,2201.658125,3084.680881678645,3051.2554999999998
2017-12-02 23:00:00,1939,1464.7486338797814,3554.265655877944,1866.4883888888885
2017-12-03 00:00:00,1274,840.2307692307693,1059.4150485601958,1161.4428888888888
2017-12-03 01:00:00,705,520.4200244200244,1162.2075057661839,743.7468593073592
2017-12-03 02:00:00,577,391.66360856269114,1264.0472626149908,591.4716904761905
2017-12-03 03:00:00,343,371.06679035250465,1774.9797519984227,299.85290476190477
2017-12-03 04:00:00,289,696.3011904761905,1465.630835526803,331.0273333333334
2017-12-03 05:00:00,476,2071.845731707317,1850.2173802764933,453.1010714285713
2017-12-03 06:00:00,813,4163.973699940228,1665.3090077242532,852.5480714285717
2017-12-03 07:00:00,1131,4748.809753160746,1755.1447400725706,1089.520123015873
2017-12-03 08:00:00,1936,4611.336930455635,2192.621316384164,1594.987714285714
2017-12-03 09:00:00,2831,4385.760351317441,1959.395873984492,2583.1175833333327
2017-12-03 10:00:00,3515,4183.411445783133,2087.9112408343835,3530.722214285714
2017-12-03 11:00:00,4113,4475.547449967721,2658.8514065150716,3762.096353174603
2017-12-03 12:00:00,4235,4725.081841432225,2781.8411112933104,4118.993964285713
2017-12-03 13:00:00,4516,4727.435270805812,2455.5465746690465,4026.173095238095
2017-12-03 14:00:00,4383,4949.716550412175,2579.6795198759037,4052.413416666667
2017-12-03 15:00:00,4892,5246.461338531514,2676.9463150102383,4318.585321428572
2017-12-03 16:00:00,4962,5661.568824638592,3223.6878916185115,4190.013571428572
2017-12-03 17:00:00,5014,5329.677461139896,3307.0452615379936,4081.7518333333337
2017-12-03 18:00:00,4035,4277.991792929293,3389.259391028858,3426.259761904763
2017-12-03 19:00:00,2993,3279.4859154929577,3491.2896879491,3219.6595119047615
2017-12-03 20:00:00,2533,2836.232469993683,3594.46322529796,2535.01388095238
2017-12-03 21:00:00,2135,2674.197988686361,3691.5394803608588,1916.9551904761902
2017-12-03 22:00:00,1782,2201.658125,3794.1413974954094,1488.5441269841267
2017-12-03 23:00:00,1105,1464.7486338797814,3780.237791618701,896.862361111111
2017-12-04 00:00:00,573,840.2307692307693,2100.3048813868813,504.73300396825397
2017-12-04 01:00:00,358,520.4200244200244,2201.5730180213786,318.5850357142858
2017-12-04 02:00:00,247,391.66360856269114,2246.213428756745,279.43825396825395
2017-12-04 03:00:00,407,371.06679035250465,2445.2544694229346,330.340253968254
2017-12-04 04:00:00,915,696.3011904761905,2955.9954498274274,853.4062857142853
2017-12-04 05:00:00,2938,2071.845731707317,3053.071704890325,2678.2075952380956
2017-12-04 06:00:00,5369,4163.973699940228,3111.0996915139635,5379.1027341269855
2017-12-04 07:00:00,5056,4748.809753160746,3122.1443887902255,5745.208273809522
2017-12-04 08:00:00,5454,4611.336930455635,3032.86877090119,5896.363499999999
2017-12-04 08:00:00,5454,4611.336930455635,3044.8547868914484,5753.695666666667
2017-12-04 09:00:00,5173,4385.760351317441,3138.882400811365,4603.148226190476
2017-12-04 09:00:00,5173,4385.760351317441,3117.9982654677797,4573.735059523809
2017-12-04 09:00:00,5173,4385.760351317441,3126.896384821107,4563.405226190476
2017-12-04 10:00:00,4647,4183.411445783133,3123.8355545060385,4337.370190476191
2017-12-04 10:00:00,4647,4183.411445783133,3102.951419162453,4351.652940476191
2017-12-04 10:00:00,4647,4183.411445783133,3111.8495385157803,4350.599607142857
2017-12-04 11:00:00,4641,4475.547449967721,3320.5345387367747,4164.583833333334
2017-12-04 12:00:00,4705,4725.081841432225,3424.4702363713805,4202.419904761904
2017-12-04 12:00:00,4705,4725.081841432225,3445.354371714966,4175.843428571428
2017-12-04 12:00:00,4705,4725.081841432225,3433.3683557247077,4214.030547619048
2017-12-04 13:00:00,5004,4727.435270805812,3545.098187777972,4199.3666507936505
2017-12-04 13:00:00,5004,4727.435270805812,3524.2140524343863,4223.625031746031
2017-12-04 13:00:00,5004,4727.435270805812,3533.1121717877136,4235.235674603175
2017-12-04 13:00:00,5004,4727.435270805812,3967.202458680589,4215.771484126984
2017-12-04 14:00:00,5165,4949.716550412175,3627.1970497118105,4847.516904761905
2017-12-04 14:00:00,5165,4949.716550412175,3648.081185055396,4797.514976190478
2017-12-04 14:00:00,5165,4949.716550412175,3636.0951690651377,4853.181309523809
2017-12-04 15:00:00,5666,5246.461338531514,4160.783348592076,5460.131095238096
2017-12-04 15:00:00,5666,5246.461338531514,3717.794942345873,5492.279071428572
2017-12-04 15:00:00,5666,5246.461338531514,3726.6930616992004,5476.368404761905
2017-12-04 15:00:00,5666,5246.461338531514,3738.6790776894586,5422.675571428571
2017-12-04 16:00:00,6533,5661.568824638592,4242.2353177971945,6309.233988095236
2017-12-04 16:00:00,6533,5661.568824638592,3799.246911550992,6297.006416666666
2017-12-04 16:00:00,6533,5661.568824638592,3913.1029107665886,6309.233988095236
2017-12-04 17:00:00,5912,5329.677461139896,3845.639507611826,5745.741023809524
2017-12-04 17:00:00,5912,5329.677461139896,4288.6279138580285,5791.359452380953
2017-12-04 17:00:00,5912,5329.677461139896,3854.5376269651533,5711.584452380954
2017-12-04 18:00:00,4378,4277.991792929293,3895.6523650299505,3902.9426785714286
2017-12-04 18:00:00,4378,4277.991792929293,3904.5504843832778,3938.244154761905
2017-12-04 19:00:00,3092,3279.4859154929577,3971.693939720441,2977.022476190476
2017-12-04 19:00:00,3092,3279.4859154929577,3950.8098043768555,2964.915142857143
2017-12-04 19:00:00,3092,3279.4859154929577,4040.6964806855667,2987.5886984126987
2017-12-04 20:00:00,2556,2836.232469993683,4038.093243282089,2213.119388888889
2017-12-04 20:00:00,2556,2836.232469993683,4017.2091079385036,2226.893
2017-12-04 20:00:00,2556,2836.232469993683,4107.095784247214,2138.0235317460315
2017-12-04 21:00:00,2150,2674.197988686361,4163.396464022738,2067.0310238095235
2017-12-04 21:00:00,2150,2674.197988686361,4073.5097877140265,2056.25219047619
2017-12-04 21:00:00,2150,2674.197988686361,4094.393923057612,2072.1528571428566
2017-12-04 22:00:00,1653,2201.658125,4227.318746655714,2044.4413809523808
2017-12-04 22:00:00,1653,2201.658125,4137.432070347002,2234.628142857143
2017-12-04 22:00:00,1653,2201.658125,4251.288069562599,2085.5690476190475
2017-12-04 23:00:00,1763,1464.7486338797814,4295.623450931726,1159.0317619047623
2017-12-04 23:00:00,1763,1464.7486338797814,4319.592773838612,1111.812892857143
2017-12-04 23:00:00,1763,1464.7486338797814,4205.736774623016,1114.443511904762
2017-12-05 00:00:00,693,840.2307692307693,2161.6584183927635,546.4032976190476
2017-12-05 00:00:00,693,840.2307692307693,2185.627741299649,525.7733928571429
2017-12-05 00:00:00,693,840.2307692307693,2071.7717420840527,522.1554880952382
2017-12-05 01:00:00,327,520.4200244200244,2237.0131053119194,378.7464761904763
2017-12-05 01:00:00,327,520.4200244200244,2147.1264290032086,386.02349206349214
2017-12-05 02:00:00,278,391.66360856269114,2313.511032659694,271.99445238095234
2017-12-05 02:00:00,278,391.66360856269114,2223.6243563509825,270.44726190476183
2017-12-05 03:00:00,394,371.06679035250465,2752.4471534453405,421.28479761904765
2017-12-05 03:00:00,394,371.06679035250465,2309.458747199137,378.5772261904762
2017-12-05 04:00:00,853,696.3011904761905,2794.8508542112,790.4576746031744
2017-12-05 04:00:00,853,696.3011904761905,2441.749124273708,764.1461746031746
2017-12-05 05:00:00,2637,2071.845731707317,2906.776788640943,2356.266468253968
2017-12-05 06:00:00,3657,4163.973699940228,2992.230099346224,4976.506595238096
2017-12-05 07:00:00,2334,4748.809753160746,2493.3554762905947,5293.072694444444
2017-12-05 08:00:00,2160,4611.336930455635,2767.938081237056,4723.720833333334
2017-12-05 09:00:00,2578,4385.760351317441,2856.8211132281913,3385.5619761904754
2017-12-05 09:00:00,2578,4385.760351317441,3209.922843165683,3902.9669047619054
2017-12-05 10:00:00,3706,4183.411445783133,2991.4213161588577,3521.858357142856
2017-12-05 11:00:00,3683,4475.547449967721,3442.742541587865,3906.908154761905
2017-12-05 11:00:00,3683,4475.547449967721,3089.6408116503735,3783.4853690476193
2017-12-05 12:00:00,3991,4725.081841432225,3191.6711085706165,4379.951023809524
2017-12-05 12:00:00,3991,4725.081841432225,3544.772838508108,4476.6376666666665
2017-12-05 13:00:00,4158,4727.435270805812,3262.0841998376163,4356.570976190475
2017-12-05 13:00:00,4158,4727.435270805812,3615.185929775108,4471.5612619047615
2017-12-05 14:00:00,4383,4949.716550412175,3362.780716257804,4732.953928571428
2017-12-05 14:00:00,4383,4949.716550412175,3715.882446195296,5168.837011904762
2017-12-05 18:00:00,3936,4277.991792929293,3548.0470170533654,4192.820976190475
2017-12-05 19:00:00,2924,3279.4859154929577,3641.1219306160992,3223.048805555556
2017-12-05 20:00:00,2447,2836.232469993683,3745.956198934121,2770.328402597403
2017-12-05 21:00:00,2278,2674.197988686361,3825.9379772415155,2739.732357142857
2017-12-05 22:00:00,1555,2201.658125,4286.757908154744,2178.4385833333345
2017-12-05 23:00:00,1014,1464.7486338797814,4002.370260723733,1376.647880952381
2017-12-06 00:00:00,744,840.2307692307693,1885.5538346140404,630.0194761904764
2017-12-06 01:00:00,585,520.4200244200244,1979.9625286768296,414.93715476190465
2017-12-06 02:00:00,409,391.66360856269114,2073.0374422395635,305.07733333333334
2017-12-06 03:00:00,534,371.06679035250465,2161.9204742307,435.71143650793647
2017-12-06 04:00:00,1072,696.3011904761905,2254.4237675791255,779.4252142857143
2017-12-06 05:00:00,3067,2071.845731707317,2347.4986811418607,2508.177321428571
2017-12-06 06:00:00,5480,4163.973699940228,2438.858734061668,5147.619599206349
2017-12-06 07:00:00,5255,4748.809753160746,2537.9768002366,5251.867456349206
2017-12-06 08:00:00,5113,4611.336930455635,2633.9098148708795,5345.396527777776
2017-12-06 09:00:00,5485,4385.760351317441,2791.1559882148736,3577.397142857143
2017-12-06 10:00:00,4772,4183.411445783133,3020.866010268911,3743.330273809524
2017-12-06 11:00:00,4861,4475.547449967721,3155.2756731281415,4307.632738095237
2017-12-06 12:00:00,4983,4725.081841432225,3257.6870501912567,4648.393916666667
2017-12-06 13:00:00,5073,4727.435270805812,3350.3808836111198,4713.122869047619
2017-12-06 14:00:00,5155,4949.716550412175,3445.3611978882172,5106.061543650793
2017-12-06 15:00:00,5480,5246.461338531514,3529.6712681648814,5705.312904761901
2017-12-06 15:00:00,5480,5246.461338531514,3882.772998102373,5641.241154761902
2017-12-06 16:00:00,5729,5661.568824638592,3616.0772792273447,5677.657333333334
2017-12-06 16:00:00,5729,5661.568824638592,3969.1790091648363,5764.004928571427
2017-12-06 17:00:00,5196,5329.677461139896,3713.3440743616784,5482.295746753247
2017-12-06 17:00:00,5196,5329.677461139896,3623.457398052967,5423.724591991341
2017-12-06 18:00:00,4144,4277.991792929293,4161.997738790577,4375.212126984125
2017-12-06 18:00:00,4144,4277.991792929293,3719.0093325443745,4329.365865079364
2017-12-06 18:00:00,4144,4277.991792929293,3808.8960088530857,4371.521007936507
2017-12-06 19:00:00,3061,3279.4859154929577,3909.592525273275,3282.0309285714284
2017-12-06 19:00:00,3061,3279.4859154929577,3819.7058489645638,3208.8208333333337
2017-12-06 19:00:00,3061,3279.4859154929577,4262.694255210767,3258.952928571428
2017-12-06 20:00:00,2753,2836.232469993683,4007.240400550481,2639.7786428571435
2017-12-06 20:00:00,2753,2836.232469993683,4360.342130487972,2681.9619960317464
2017-12-06 21:00:00,2449,2674.197988686361,4070.2224290314653,2356.10555952381
2017-12-06 22:00:00,1652,2201.658125,4299.515703958246,1838.992023809524
2017-12-06 23:00:00,1093,1464.7486338797814,4055.6200175581384,1301.925738095238
2017-12-07 00:00:00,602,840.2307692307693,1931.944148876739,668.8218571428573
2017-12-07 01:00:00,357,520.4200244200244,2012.824497867548,404.5896428571429
2017-12-07 02:00:00,286,391.66360856269114,2097.1345681442126,318.1753095238095
2017-12-07 03:00:00,376,371.06679035250465,2179.729777777949,389.38315476190473
2017-12-07 04:00:00,927,696.3011904761905,2259.4668863401403,788.0336428571428
2017-12-07 05:00:00,3044,2071.845731707317,2746.200786651158,2213.7973095238094
2017-12-07 06:00:00,5058,4163.973699940228,2419.512723678833,4697.843563492063
2017-12-07 07:00:00,5782,4748.809753160746,2834.8866517038123,4691.14869047619
2017-12-07 08:00:00,5509,4611.336930455635,2920.911582623403,5305.92019047619
2017-12-07 09:00:00,4958,4385.760351317441,3111.0693781160808,4462.534539682541
2017-12-07 10:00:00,4486,4183.411445783133,3219.3874973937222,4299.8740595238105
2017-12-07 11:00:00,4774,4475.547449967721,2925.2817866370106,4742.918928571427
2017-12-07 12:00:00,4981,4725.081841432225,3457.7453040927476,4930.996023809524
2017-12-07 13:00:00,5035,4727.435270805812,3494.3223709414774,5174.634738095238
2017-12-07 14:00:00,5296,4949.716550412175,3677.0491036481385,5442.2695
2017-12-07 15:00:00,5696,5246.461338531514,3698.3829647819625,5586.954285714285
2017-12-07 16:00:00,6217,5661.568824638592,3458.8697000248912,5634.401452380953
2017-12-07 17:00:00,5865,5329.677461139896,3878.244969550033,5000.762889610391
2017-12-07 18:00:00,4712,4277.991792929293,3637.969544507217,4294.779559523809
2017-12-07 19:00:00,3445,3279.4859154929577,4155.952016533793,3237.1183095238102
2017-12-07 20:00:00,2995,2836.232469993683,4300.841383322022,2893.931742063492
2017-12-07 21:00:00,2934,2674.197988686361,4400.013579170719,3004.562476190475
2017-12-07 22:00:00,1923,2201.658125,4496.899294162181,2093.8686547619045
2017-12-07 23:00:00,1152,1464.7486338797814,4601.787692153968,1366.479
2017-12-08 00:00:00,651,840.2307692307693,2273.391590894028,788.1487142857143
2017-12-08 01:00:00,386,520.4200244200244,2589.288043821754,480.52397619047616
2017-12-08 02:00:00,319,391.66360856269114,2652.2700723027374,321.56525396825396
2017-12-08 03:00:00,392,371.06679035250465,2780.772992947441,377.68788095238097
2017-12-08 04:00:00,865,696.3011904761905,2766.678846999296,639.3976349206349
2017-12-08 05:00:00,2916,2071.845731707317,2969.5903810730197,2040.9667857142858
2017-12-08 06:00:00,5276,4163.973699940228,2947.493552124549,4529.401273809524
2017-12-08 07:00:00,6081,4748.809753160746,3151.357786555454,5457.405667748918
2017-12-08 08:00:00,5448,4611.336930455635,3246.3381008325528,5112.979571428572
2017-12-08 09:00:00,5087,4385.760351317441,3307.9863488134815,4736.672238095239
2017-12-08 10:00:00,4771,4183.411445783133,3353.709339091156,4132.343857142857
2017-12-08 11:00:00,5083,4475.547449967721,3537.0076920121264,5004.661388888888
2017-12-08 12:00:00,5299,4725.081841432225,3675.0376162286466,4860.473678571428
2017-12-08 13:00:00,5418,4727.435270805812,3664.5637316377915,4980.356821428572
2017-12-08 14:00:00,5424,4949.716550412175,3841.0026419870537,5507.2237460317465
2017-12-08 15:00:00,5931,5246.461338531514,3973.316364060484,5637.018722222221
2017-12-08 16:00:00,6150,5661.568824638592,4069.0588386233276,4412.092464285715
2017-12-08 17:00:00,5526,5329.677461139896,3941.97977382118,4278.299829365081
2017-12-08 18:00:00,4564,4277.991792929293,4259.210007248961,4592.260748917749
2017-12-08 19:00:00,3631,3279.4859154929577,4137.084984304158,3152.3399880952384
2017-12-08 19:00:00,3631,3279.4859154929577,4047.198307995447,2931.946380952381
2017-12-08 20:00:00,3190,2836.232469993683,4239.1152812244,2832.0661190476185
2017-12-08 20:00:00,3190,2836.232469993683,4149.228604915689,2638.1420476190474
2017-12-08 21:00:00,3138,2674.197988686361,4344.95637957337,2909.1036904761904
2017-12-08 22:00:00,2728,2201.658125,4440.698854136213,2601.664714285715
2017-12-08 23:00:00,1846,1464.7486338797814,4537.012948913365,1443.0571190476194
2017-12-09 00:00:00,1326,840.2307692307693,1605.3553510587353,1003.8298253968252
2017-12-09 01:00:00,826,520.4200244200244,1327.2272278975277,525.8284761904762
2017-12-09 02:00:00,601,391.66360856269114,1404.29677545961,484.0336666666667
2017-12-09 03:00:00,389,371.06679035250465,1482.3190233788748,326.64757936507937
2017-12-09 04:00:00,471,696.3011904761905,1566.4385535841027,353.86101984127004
2017-12-09 05:00:00,877,2071.845731707317,1654.5594252894923,592.7468928571429
2017-12-09 06:00:00,1441,4163.973699940228,1732.3911331373208,1024.6166212121213
2017-12-09 07:00:00,2156,4748.809753160746,1818.797144199785,1389.2236904761903
2017-12-09 08:00:00,3024,4611.336930455635,1903.6788346907576,1919.7063492063496
2017-12-09 09:00:00,3900,4385.760351317441,1990.0848457532209,2608.2432857142862
2017-12-09 10:00:00,4433,4183.411445783133,2084.112459673138,3247.3757936507927
2017-12-09 11:00:00,4928,4475.547449967721,2142.3309863682125,3869.0571428571425
2017-12-09 12:00:00,5263,4725.081841432225,2249.8869453601083,4302.134916666666
2017-12-09 13:00:00,5186,4727.435270805812,2601.9735656555495,4532.094476190476
2017-12-09 14:00:00,5255,4949.716550412175,2705.337643075846,4506.515821428571
2017-12-09 15:00:00,5087,5246.461338531514,2765.6521105567203,4488.867071428572
2017-12-09 16:00:00,5160,5661.568824638592,2868.254027691272,4474.800511904762
2017-12-09 17:00:00,5536,5329.677461139896,2950.6586972535724,4503.227071428572
2017-12-09 18:00:00,4555,4277.991792929293,2633.4976378530637,3881.49444047619
2017-12-09 19:00:00,3449,3279.4859154929577,3184.050015890064,3214.0209880952375
2017-12-09 20:00:00,3030,2836.232469993683,3281.8884312387077,2842.9112420634915
2017-12-09 21:00:00,3260,2674.197988686361,3263.9834838618353,2699.681111111111
2017-12-09 22:00:00,3068,2201.658125,3445.5669761398785,3228.6028650793655
2017-12-09 23:00:00,1919,1464.7486338797814,3577.8806982133087,1842.9147976190484
2017-12-10 00:00:00,1370,840.2307692307693,1009.3030097724413,1083.0700555555557
2017-12-10 01:00:00,910,520.4200244200244,1092.088759477615,701.0854285714287
2017-12-10 02:00:00,641,391.66360856269114,1181.5434116830586,583.4604523809522
2017-12-10 03:00:00,391,371.06679035250465,1263.757541173923,382.52232539682535
2017-12-10 04:00:00,392,696.3011904761905,1697.2327759853538,310.102880952381
2017-12-10 05:00:00,635,2071.845731707317,1464.7694938714267,451.6612777777776
2017-12-10 06:00:00,922,4163.973699940228,2004.0924538988718,861.4623333333333
2017-12-10 07:00:00,1152,4748.809753160746,2134.6913153293754,1068.7543095238095
2017-12-10 08:00:00,1869,4611.336930455635,2238.436472892545,1337.3013333333336
2017-12-10 09:00:00,2745,4385.760351317441,2344.658651384387,2149.35719047619
2017-12-10 10:00:00,3616,4183.411445783133,2451.642990161974,2916.7380357142856
2017-12-10 11:00:00,4025,4475.547449967721,2552.9111267964713,2691.6860238095232
2017-12-10 12:00:00,4264,4725.081841432225,2648.653601359315,2680.0935238095235
2017-12-10 13:00:00,4352,4727.435270805812,2748.206877350886,2644.490333333333
2017-12-10 14:00:00,4370,4949.716550412175,2851.380414699746,2576.1288095238097
2017-12-10 15:00:00,4762,5246.461338531514,2946.741809119717,2566.665976190476
2017-12-10 16:00:00,4604,5661.568824638592,2929.027401814281,3592.2708095238086
2017-12-10 17:00:00,4355,5329.677461139896,2961.5906809576595,3726.32925
2017-12-10 18:00:00,3724,4277.991792929293,2740.616105230186,3148.3567857142853
2017-12-10 19:00:00,2966,3279.4859154929577,2805.872168363216,2725.011940476191
2017-12-10 20:00:00,2560,2836.232469993683,2804.513275488938,2380.509380952381
2017-12-10 21:00:00,2069,2674.197988686361,2890.7287464799647,2064.6445119047626
2017-12-10 22:00:00,1732,2201.658125,3008.1927891865507,1491.1557698412694
2017-12-10 23:00:00,999,1464.7486338797814,3319.7560198740675,951.420762987013
2017-12-11 00:00:00,542,840.2307692307693,1870.1962703085178,535.4817619047618
2017-12-11 00:00:00,542,840.2307692307693,1960.0829466172288,536.4004523809524
2017-12-11 01:00:00,281,520.4200244200244,2180.5241672630964,341.33611904761915
2017-12-11 01:00:00,281,520.4200244200244,2204.4934901699817,338.5317023809524
2017-12-11 01:00:00,281,520.4200244200244,2090.6374909543847,340.10571428571427
2017-12-11 02:00:00,279,391.66360856269114,2277.600422325994,258.2829523809524
2017-12-11 02:00:00,279,391.66360856269114,2187.7137460172826,262.1107857142857
2017-12-11 03:00:00,353,371.06679035250465,2284.9805411516163,341.5162380952381
2017-12-11 03:00:00,353,371.06679035250465,2374.8672174603275,345.0308571428572
2017-12-11 04:00:00,901,696.3011904761905,2482.042096309351,806.1133809523808
2017-12-11 04:00:00,901,696.3011904761905,2392.1554200006403,799.338238095238
2017-12-11 05:00:00,2907,2071.845731707317,2489.0411349921014,2490.069714285715
2017-12-11 05:00:00,2907,2071.845731707317,2578.927811300813,2382.3221904761913
2017-12-11 06:00:00,5061,4163.973699940228,2679.814867792437,4710.124916666667
2017-12-11 07:00:00,4050,4748.809753160746,2781.8451647126803,5051.056333333332
2017-12-11 07:00:00,4050,4748.809753160746,2691.9584884039687,6051.4783611111125
2017-12-11 07:00:00,4050,4748.809753160746,2700.856607757296,5899.356250000001
2017-12-11 08:00:00,4349,4611.336930455635,2880.064660204196,4774.692817460318
2017-12-11 08:00:00,4349,4611.336930455635,2790.1779838954844,5674.36713888889
2017-12-11 09:00:00,4734,4385.760351317441,2897.7339428873806,4288.074225108224
2017-12-11 09:00:00,4734,4385.760351317441,2987.620619196092,4043.497403679654
2017-12-11 10:00:00,4049,4183.411445783133,3086.030654759044,3973.325488095238
2017-12-11 10:00:00,4049,4183.411445783133,2996.1439784503327,4151.139452380953
2017-12-11 11:00:00,4291,4475.547449967721,3116.466122228463,4527.84853968254
2017-12-11 11:00:00,4291,4475.547449967721,3206.3527985371743,4485.669325396824
2017-12-11 12:00:00,4452,4725.081841432225,3219.8301996487608,4577.743428571428
2017-12-11 13:00:00,4509,4727.435270805812,3407.9363714489873,4710.587285714286
2017-12-11 14:00:00,4824,4949.716550412175,3718.8787825193695,5154.515666666666
2017-12-11 15:00:00,5501,5246.461338531514,3804.1415531532143,5582.527773809523
2017-12-11 16:00:00,6076,5661.568824638592,3885.0219021440244,5738.220115079366
2017-12-11 17:00:00,5712,5329.677461139896,3943.990142919656,5035.9506666666675
2017-12-11 18:00:00,4040,4277.991792929293,3981.0587216852973,3802.580214285715
2017-12-11 19:00:00,2894,3279.4859154929577,3979.5277742467624,2864.7266666666674
2017-12-11 20:00:00,2374,2836.232469993683,3724.1455538867085,2427.69375
2017-12-11 21:00:00,2028,2674.197988686361,3798.3570003772465,2117.158964285715
2017-12-11 22:00:00,1433,2201.658125,3863.286113041171,1836.1355238095243
2017-12-11 23:00:00,958,1464.7486338797814,3942.451601389054,1149.714095238095
2017-12-12 00:00:00,548,840.2307692307693,1807.9149486357826,636.6503333333335
2017-12-12 01:00:00,395,520.4200244200244,1879.4588341262124,412.6883333333333
2017-12-12 02:00:00,256,391.66360856269114,1957.481082045477,298.76013095238096
2017-12-12 03:00:00,339,371.06679035250465,2037.9803508934147,349.0857857142857
2017-12-12 04:00:00,939,696.3011904761905,2118.2890796699153,815.9815952380953
2017-12-12 05:00:00,2963,2071.845731707317,2205.0761708752507,2588.2413333333334
2017-12-12 06:00:00,5981,4163.973699940228,2289.9578613662234,4853.169583333333
2017-12-12 07:00:00,5928,4748.809753160746,2383.931345612373,5079.026886363636
2017-12-12 08:00:00,5709,4611.336930455635,2791.54726038223,4944.439761904762
2017-12-12 09:00:00,5184,4385.760351317441,2990.279359089543,4754.156023809526
2017-12-12 10:00:00,4531,4183.411445783133,3105.0758407960197,4123.678178571429
2017-12-12 11:00:00,4714,4475.547449967721,3223.4925838597865,4057.645880952381
2017-12-12 12:00:00,4948,4725.081841432225,3380.0048950056316,3951.6542380952387
2017-12-12 13:00:00,4869,4727.435270805812,3270.8365969184993,4269.071857142857
2017-12-12 14:00:00,5012,4949.716550412175,3376.4871551960314,4565.6220952380945
2017-12-12 15:00:00,5651,5246.461338531514,3481.947173402129,5507.503023809521
2017-12-12 16:00:00,6407,5661.568824638592,3583.2153100366254,5793.659285714284
2017-12-12 17:00:00,5923,5329.677461139896,3904.446884964569,5570.394020562772
2017-12-12 18:00:00,4427,4277.991792929293,3968.381613802734,3978.346345238095
2017-12-12 19:00:00,3282,3279.4859154929577,4061.8376075083415,3247.357293650793
2017-12-12 20:00:00,2673,2836.232469993683,4201.201312224916,2419.7336507936516
2017-12-12 21:00:00,2819,2674.197988686361,4279.23600634937,2369.7475476190475
2017-12-12 22:00:00,3263,2201.658125,3973.8884313779135,2520.9710119047627
2017-12-12 23:00:00,1080,1464.7486338797814,4497.58710554758,1307.7112499999998
2017-12-13 00:00:00,641,840.2307692307693,2393.536864224121,611.5389523809524
2017-12-13 01:00:00,391,520.4200244200244,2077.7095853236674,432.20031529581536
2017-12-13 02:00:00,268,391.66360856269114,2304.7497269136306,278.88296031746023
2017-12-13 03:00:00,395,371.06679035250465,2702.6763961278302,366.1895317460317
2017-12-13 04:00:00,912,696.3011904761905,2720.9616161186723,830.3011666666665
2017-12-13 05:00:00,3108,2071.845731707317,2479.3524105758024,2651.2418095238095
2017-12-13 06:00:00,5910,4163.973699940228,2558.1368187808125,5467.4318293650795
2017-12-13 07:00:00,6025,4748.809753160746,2871.005531880787,5230.932583333332
2017-12-13 08:00:00,4696,4611.336930455635,2867.334326563103,5169.500464285715
2017-12-13 08:00:00,4696,4611.336930455635,2957.221002871814,4917.185456349206
2017-12-13 09:00:00,5179,4385.760351317441,3044.7702543628952,4525.215896825396
2017-12-13 09:00:00,5179,4385.760351317441,2954.883578054184,4517.101107142856
2017-12-13 10:00:00,4347,4183.411445783133,3272.0623154329687,4543.157547619046
2017-12-13 11:00:00,4501,4475.547449967721,3454.721386047422,4753.935333333333
2017-12-13 12:00:00,4787,4725.081841432225,3677.0967249885925,4413.239095238095
2017-12-13 13:00:00,4943,4727.435270805812,3634.5563259786086,4314.735345238095
2017-12-13 14:00:00,5049,4949.716550412175,3730.2988005414522,5239.82303968254
2017-12-13 15:00:00,5642,5246.461338531514,3601.8859552392505,5784.689392857144
2017-12-13 16:00:00,6621,5661.568824638592,3696.29464930204,5808.6920714285725
2017-12-13 17:00:00,6000,5329.677461139896,3790.703343364829,5921.824904761905
2017-12-13 18:00:00,4370,4277.991792929293,3873.679633141439,4428.039547619049
2017-12-13 19:00:00,3139,3279.4859154929577,3963.134285346884,3298.623373015873
2017-12-13 20:00:00,2777,2836.232469993683,4149.377950334242,2646.5886904761905
2017-12-13 21:00:00,2369,2674.197988686361,3930.170045459496,2558.359166666667
2017-12-13 22:00:00,1889,2201.658125,4201.392910676277,1706.7390714285712
2017-12-13 23:00:00,1168,1464.7486338797814,4284.940820667196,1161.1859047619043
2017-12-14 00:00:00,571,840.2307692307693,2380.27568992206,720.9814523809523
2017-12-14 01:00:00,392,520.4200244200244,2462.299279341487,416.11635714285717
2017-12-14 02:00:00,298,391.66360856269114,2571.570098976311,330.8290317460318
2017-12-14 03:00:00,372,371.06679035250465,2362.9881210086505,404.6795476190475
2017-12-14 03:00:00,372,371.06679035250465,2452.8747973173613,407.71921428571426
2017-12-14 04:00:00,908,696.3011904761905,2540.2335087370066,848.9205238095236
2017-12-14 05:00:00,2930,2071.845731707317,2631.9746417996876,2476.5743492063493
2017-12-14 06:00:00,5808,4163.973699940228,2600.541349350835,5105.704698412698
2017-12-14 07:00:00,6252,4748.809753160746,2612.021256443736,5687.379198412698
2017-12-14 08:00:00,5573,4611.336930455635,2871.9605739771964,5375.346960317463
2017-12-14 09:00:00,5360,4385.760351317441,2960.6530658968954,3909.982506493506
2017-12-14 10:00:00,4607,4183.411445783133,3114.878896185505,4336.506571428572
2017-12-14 11:00:00,4881,4475.547449967721,3224.3402558917633,4589.251345238096
2017-12-14 12:00:00,5058,4725.081841432225,3329.9908141692968,4824.621797619048
2017-12-14 13:00:00,5019,4727.435270805812,3434.6886720896473,4810.764226190477
2017-12-14 14:00:00,5430,4949.716550412175,3534.8135682955267,5150.786277777778
2017-12-14 15:00:00,5897,5246.461338531514,3982.1334522243715,5785.055999999999
2017-12-14 15:00:00,5897,5246.461338531514,3629.03172228688,5846.741880952381
2017-12-14 16:00:00,6757,5661.568824638592,3728.0133780641413,6176.429142857144
2017-12-14 17:00:00,6042,5329.677461139896,3819.945051198258,5985.444309523811
2017-12-14 18:00:00,4672,4277.991792929293,3914.3537452610476,4328.066357142858
2017-12-14 19:00:00,3397,3279.4859154929577,4008.190819109527,3367.6026904761907
2017-12-14 20:00:00,3055,2836.232469993683,4113.460297244188,2771.839904761904
2017-12-14 21:00:00,3558,2674.197988686361,4211.489252664268,2829.2433571428555
2017-12-14 22:00:00,3433,2201.658125,4523.574904163266,2115.014821428571
2017-12-14 23:00:00,1680,1464.7486338797814,4394.018818432447,1408.0829880952383
2017-12-15 00:00:00,803,840.2307692307693,2276.0591518941364,792.0177142857142
2017-12-15 01:00:00,490,520.4200244200244,2335.0398388749563,495.357738095238
2017-12-15 02:00:00,358,391.66360856269114,2466.210320519769,343.72175396825384
2017-12-15 03:00:00,387,371.06679035250465,2563.09603551123,380.7800238095239
2017-12-15 04:00:00,836,696.3011904761905,2658.838510074075,734.8790476190476
2017-12-15 05:00:00,2773,2071.845731707317,2757.248545637027,2167.4744920634917
2017-12-15 06:00:00,5506,4163.973699940228,3067.8098765645354,4960.57342857143
2017-12-15 07:00:00,6307,4748.809753160746,3157.073988698544,5427.538501082251
2017-12-15 08:00:00,5600,4611.336930455635,3242.527299403826,5108.491261904763
2017-12-15 09:00:00,5222,4385.760351317441,3334.4589725379424,4670.687
2017-12-15 10:00:00,4949,4183.411445783133,3180.907284011334,4642.620714285716
2017-12-15 11:00:00,5342,4475.547449967721,3503.091559296459,4723.833416666668
2017-12-15 12:00:00,5368,4725.081841432225,3326.69840719635,5014.893988095238
2017-12-15 13:00:00,5386,4727.435270805812,3519.758620853922,5133.811333333333
2017-12-15 14:00:00,5672,4949.716550412175,3534.569802465562,5012.947460317459
2017-12-15 15:00:00,6048,5246.461338531514,3952.7380363453603,5544.107285714285
2017-12-15 16:00:00,6669,5661.568824638592,4050.004831479694,5156.665511904762
2017-12-15 17:00:00,5666,5329.677461139896,4143.07974504243,5113.304
2017-12-15 18:00:00,4776,4277.991792929293,4018.668241240391,4192.448888888889
2017-12-15 19:00:00,3550,3279.4859154929577,4113.076935303181,3129.300988095239
2017-12-15 19:00:00,3550,3279.4859154929577,4023.1902589944693,2920.877595238095
2017-12-15 20:00:00,2849,2836.232469993683,4196.434305222661,2671.8126666666667
2017-12-15 20:00:00,2849,2836.232469993683,4106.547628913951,2614.5381666666667
2017-12-15 21:00:00,2866,2674.197988686361,4296.368661357105,2741.8012222222223
2017-12-15 21:00:00,2866,2674.197988686361,4206.481985048394,2607.07669047619
2017-12-15 22:00:00,2554,2201.658125,4302.224459611238,2202.817
2017-12-15 22:00:00,2554,2201.658125,4392.1111359199485,2361.007380952381
2017-12-15 23:00:00,1814,1464.7486338797814,4499.476554840408,1505.9685952380955
2017-12-15 23:00:00,1814,1464.7486338797814,4409.589878531697,1530.4670952380957
2017-12-16 00:00:00,1275,840.2307692307693,1033.4763171579098,981.0217896825399
2017-12-16 00:00:00,1275,840.2307692307693,1123.3629934666212,917.2533452380953
2017-12-16 01:00:00,817,520.4200244200244,1219.1054680294649,616.0227857142856
2017-12-16 01:00:00,817,520.4200244200244,1129.2187917207536,623.1796666666665
2017-12-16 02:00:00,646,391.66360856269114,1342.8005697949125,454.41183333333333
2017-12-16 02:00:00,646,391.66360856269114,1432.687246103624,534.5041666666666
2017-12-16 03:00:00,413,371.06679035250465,1319.3699603463863,343.02365476190477
2017-12-16 03:00:00,413,371.06679035250465,1409.2566366550975,343.7463333333333
2017-12-16 04:00:00,441,696.3011904761905,1712.3869047965904,381.2506547619047
2017-12-16 05:00:00,798,2071.845731707317,1400.4883522153536,588.5011666666668
2017-12-16 06:00:00,1294,4163.973699940228,1480.9876210632915,1055.9170833333335
2017-12-16 07:00:00,1812,4748.809753160746,2081.2510184235325,1472.7429999999995
2017-12-16 08:00:00,2603,4611.336930455635,1870.7636397415097,1828.9180476190477
2017-12-16 09:00:00,3440,4385.760351317441,1964.029093375681,2871.623119047619
2017-12-16 10:00:00,3960,4183.411445783133,2064.535069724433,3337.6729603174595
2017-12-16 11:00:00,4303,4475.547449967721,2140.092742920214,3910.888999999999
2017-12-16 11:00:00,4303,4475.547449967721,2583.081149166417,3969.8944404761905
2017-12-16 12:00:00,4806,4725.081841432225,2714.823251025538,4345.924595238095
2017-12-16 12:00:00,4806,4725.081841432225,2271.834844779335,4531.294761904762
2017-12-16 13:00:00,4743,4727.435270805812,2780.0917603637567,4311.0266190476195
2017-12-16 13:00:00,4743,4727.435270805812,2337.103354117554,4535.292261904761
2017-12-16 14:00:00,4893,4949.716550412175,2914.501423222987,4581.388333333332
2017-12-16 15:00:00,5448,5246.461338531514,3004.718235714178,4557.207273809524
2017-12-16 16:00:00,6122,5661.568824638592,3100.6512503484573,4655.29530952381
2017-12-16 16:00:00,6122,5661.568824638592,2657.6628441022544,4960.996976190476
2017-12-16 17:00:00,5088,5329.677461139896,3193.9167039826284,4685.88773809524
2017-12-16 18:00:00,4600,4277.991792929293,3146.612803186738,4028.03036904762
2017-12-16 19:00:00,3512,3279.4859154929577,3115.9416710236314,3358.6327698412706
2017-12-16 20:00:00,3143,2836.232469993683,3320.758605811718,2709.2556785714287
2017-12-16 21:00:00,3003,2674.197988686361,2961.691176900406,2731.304071428572
2017-12-16 22:00:00,3020,2201.658125,3379.5421258540573,2937.3767222222227
2017-12-16 23:00:00,2166,1464.7486338797814,3128.596456810807,1913.433746031746
2017-12-17 00:00:00,1230,840.2307692307693,1335.4128256634117,1128.880880952381
2017-12-17 01:00:00,759,520.4200244200244,1428.487739226147,763.3026666666665
2017-12-17 02:00:00,557,391.66360856269114,1170.6826276111879,581.3367619047618
2017-12-17 03:00:00,391,371.06679035250465,1400.5241069741596,332.4699761904761
2017-12-17 04:00:00,320,696.3011904761905,1464.0777556694525,296.954761904762
2017-12-17 05:00:00,501,2071.845731707317,1599.059038742991,427.2942619047618
2017-12-17 06:00:00,931,4163.973699940228,1497.8442242533586,850.0302976190478
2017-12-17 07:00:00,1283,4748.809753160746,1800.642611654804,885.9096666666668
2017-12-17 08:00:00,1994,4611.336930455635,1894.8607656461572,1196.0764285714286
2017-12-17 08:00:00,1994,4611.336930455635,2008.7167648617537,1228.8640714285714
2017-12-17 09:00:00,3246,4385.760351317441,1999.5586235665087,1999.2073571428568
2017-12-17 09:00:00,3246,4385.760351317441,2442.5470298127116,2113.5944761904752
2017-12-17 09:00:00,3246,4385.760351317441,2113.4146227821057,2124.7639761904757
2017-12-17 10:00:00,4399,4183.411445783133,2102.7321609153687,2808.033523809524
2017-12-17 10:00:00,4399,4183.411445783133,2545.720567161572,2847.7119047619053
2017-12-17 10:00:00,4399,4183.411445783133,2216.5881601309657,2941.728023809524
2017-12-17 11:00:00,3996,4475.547449967721,2208.763799335775,3172.9261428571417
2017-12-17 11:00:00,3996,4475.547449967721,2651.7522055819777,3156.8167976190475
2017-12-17 12:00:00,4084,4725.081841432225,2315.1765178990527,2698.9779285714276
2017-12-17 13:00:00,3977,4727.435270805812,2300.3202116651614,3270.1927023809526
2017-12-17 13:00:00,3977,4727.435270805812,2743.3086179113643,3460.850154761905
2017-12-17 14:00:00,4015,4949.716550412175,2513.520909596448,2438.0112857142853
2017-12-17 14:00:00,4015,4949.716550412175,2603.407585905159,2525.969452380952
2017-12-17 15:00:00,4255,5246.461338531514,2707.724363682637,2472.9566190476185
2017-12-17 15:00:00,4255,5246.461338531514,3060.826093620129,2467.1517023809524
2017-12-17 15:00:00,4255,5246.461338531514,2617.837687373926,2343.2117857142857
2017-12-17 16:00:00,4493,5661.568824638592,2709.388280365171,2255.265714285714
2017-12-17 16:00:00,4493,5661.568824638592,3152.3766866113738,2419.598107142857
2017-12-17 17:00:00,4183,5329.677461139896,2803.79697442796,2090.9385476190478
2017-12-17 17:00:00,4183,5329.677461139896,3246.785380674163,2368.2845476190473
2017-12-17 18:00:00,3558,4277.991792929293,2895.53810749064,2040.4972976190477
2017-12-17 18:00:00,3558,4277.991792929293,3338.526513736843,2255.0422499999995
2017-12-17 19:00:00,2892,3279.4859154929577,2981.753578481668,2309.1302500000006
2017-12-17 19:00:00,2892,3279.4859154929577,3424.7419847278707,2414.8292500000002
2017-12-17 20:00:00,2486,2836.232469993683,3517.8168982906045,2228.977559523809
2017-12-17 20:00:00,2486,2836.232469993683,3074.828492044402,2280.274607142857
2017-12-17 21:00:00,2061,2674.197988686361,3610.8918118533397,1805.1531904761903
2017-12-17 21:00:00,2061,2674.197988686361,3167.903405607137,1831.639761904762
2017-12-17 22:00:00,1692,2201.658125,3259.644538669818,1483.192023809524
2017-12-17 22:00:00,1692,2201.658125,3702.6329449160207,1445.0203333333336
2017-12-17 23:00:00,979,1464.7486338797814,3358.0545742327695,944.496001082251
2017-12-17 23:00:00,979,1464.7486338797814,3801.042980478973,980.3481071428572
2017-12-18 00:00:00,530,840.2307692307693,1889.4408175235872,525.7065714285714
2017-12-18 00:00:00,530,840.2307692307693,2332.42922376979,535.314119047619
2017-12-18 01:00:00,310,520.4200244200244,1895.2045224733981,342.22325000000006
2017-12-18 01:00:00,310,520.4200244200244,2338.192928719601,335.6546071428573
2017-12-18 02:00:00,260,391.66360856269114,2194.573188588991,263.52245238095236
2017-12-18 02:00:00,260,391.66360856269114,2637.561594835194,268.7750714285714
2017-12-18 03:00:00,332,371.06679035250465,2697.8760623160683,396.18459523809526
2017-12-18 03:00:00,332,371.06679035250465,2254.8876560698654,339.5600714285715
2017-12-18 04:00:00,905,696.3011904761905,2269.743154774854,787.0870119047619
2017-12-18 05:00:00,2852,2071.845731707317,2442.3712636953887,2611.7814761904756
2017-12-18 06:00:00,5448,4163.973699940228,2457.226762400377,5298.308619047619
2017-12-18 07:00:00,6198,4748.809753160746,2462.990467350188,5447.965857142858
2017-12-18 08:00:00,5039,4611.336930455635,2722.929784883648,4868.090702380953
2017-12-18 09:00:00,4901,4385.760351317441,2823.8168413752733,4880.263011904763
2017-12-18 10:00:00,4496,4183.411445783133,3421.4121580529577,3892.5936190476186
2017-12-18 10:00:00,4496,4183.411445783133,2978.423751806755,4076.440761904762
2017-12-18 11:00:00,4542,4475.547449967721,2897.7872650322447,4428.427335858584
2017-12-18 12:00:00,4860,4725.081841432225,3491.9658263117126,4692.070392857143
2017-12-18 13:00:00,4802,4727.435270805812,3630.7579108139785,4736.967214285713
2017-12-18 14:00:00,5185,4949.716550412175,3732.7882077342206,5193.700499999999
2017-12-18 15:00:00,5859,5246.461338531514,3384.391022823343,5438.3324523809515
2017-12-18 16:00:00,6502,5661.568824638592,3936.4677214318335,6302.883952380952
2017-12-18 17:00:00,6009,5329.677461139896,4033.7345165661673,5963.734047619047
2017-12-18 18:00:00,4434,4277.991792929293,4133.4783326291745,4143.2940714285705
2017-12-18 19:00:00,3065,3279.4859154929577,4203.700883824738,2850.056702380951
2017-12-18 20:00:00,2397,2836.232469993683,4349.924031113021,2403.784666666666
2017-12-18 21:00:00,2125,2674.197988686361,4410.238498593895,2079.0653333333335
2017-12-18 22:00:00,1560,2201.658125,4069.831550478155,1893.6908214285709
2017-12-18 23:00:00,1062,1464.7486338797814,4162.144303755144,1781.5410714285715
2017-12-19 00:00:00,591,840.2307692307693,2024.5590098588912,686.5341666666666
2017-12-19 01:00:00,371,520.4200244200244,2117.252843278754,367.2053174603175
2017-12-19 02:00:00,278,391.66360856269114,2544.8213358756584,300.70796825396815
2017-12-19 03:00:00,359,371.06679035250465,2652.758375010427,360.93485714285714
2017-12-19 04:00:00,869,696.3011904761905,2360.7912574155944,837.2802539682541
2017-12-19 05:00:00,2977,2071.845731707317,2490.8862780297477,2812.644896825396
2017-12-19 06:00:00,5784,4163.973699940228,2571.3855468776856,5573.25238095238
2017-12-19 07:00:00,6291,4748.809753160746,2938.823485198105,5811.3917619047625
2017-12-19 08:00:00,5791,4611.336930455635,3071.831705465074,5605.246309523809
2017-12-19 09:00:00,5121,4385.760351317441,3244.4598143856088,5038.574928571428
2017-12-19 10:00:00,4727,4183.411445783133,3274.558518805504,4380.352202380953
2017-12-19 11:00:00,4976,4475.547449967721,3453.474450083438,4540.47619047619
2017-12-19 12:00:00,5123,4725.081841432225,3555.6952870751174,4852.49301984127
2017-12-19 13:00:00,4997,4727.435270805812,3646.4837197806164,4843.038888888889
2017-12-19 14:00:00,5385,4949.716550412175,3744.32213512926,5190.002023809524
2017-12-19 15:00:00,5847,5246.461338531514,3825.7741043343785,5630.175238095238
2017-12-19 16:00:00,6677,5661.568824638592,3918.086857611368,6027.875761904762
2017-12-19 17:00:00,5962,5329.677461139896,3994.7753250305786,5795.594750000001
2017-12-19 18:00:00,4381,4277.991792929293,3987.909255591825,4191.8614166666675
2017-12-19 19:00:00,3323,3279.4859154929577,3744.340519660824,3217.2506388888905
2017-12-19 20:00:00,2794,2836.232469993683,4227.127208145446,2536.682714285714
2017-12-19 21:00:00,2461,2674.197988686361,4317.534560708073,2458.386880952381
2017-12-19 22:00:00,1911,2201.658125,3983.987055164039,2523.8330119047628
2017-12-19 23:00:00,1146,1464.7486338797814,4063.1525435119224,1346.4774920634923
2017-12-20 00:00:00,635,840.2307692307693,1945.5739571164843,654.2246666666667
2017-12-20 01:00:00,418,520.4200244200244,2031.9799681789473,408.5635555555555
2017-12-20 02:00:00,306,391.66360856269114,2122.006240598702,327.58880952380946
2017-12-20 03:00:00,379,371.06679035250465,2205.554150589619,436.040865079365
2017-12-20 04:00:00,905,696.3011904761905,2702.1961346153257,776.6802489177487
2017-12-20 05:00:00,2952,2071.845731707317,2785.172424391936,2426.3933095238094
2017-12-20 06:00:00,5834,4163.973699940228,2874.2459964545073,5407.820857142858
2017-12-20 07:00:00,6546,4748.809753160746,2965.41550930288,5810.181988095238
2017-12-20 08:00:00,5694,4611.336930455635,3091.631949090348,5471.182464285716
2017-12-20 09:00:00,5372,4385.760351317441,3183.1825420815912,4590.32788095238
2017-12-20 10:00:00,4902,4183.411445783133,3284.0695985732164,4117.540523809524
2017-12-20 11:00:00,5092,4475.547449967721,3380.955313564678,4243.012785714285
2017-12-20 12:00:00,5090,4725.081841432225,3477.8410285561395,4729.006119047619
2017-12-20 13:00:00,4769,4727.435270805812,3350.9525038254283,4713.122869047619
2017-12-20 14:00:00,5026,4949.716550412175,3435.453114173529,5099.51371031746
2017-12-20 14:00:00,5026,4949.716550412175,3788.5548441110204,5345.368746031748
2017-12-20 15:00:00,5549,5246.461338531514,3525.479386593282,5727.34613095238
2017-12-20 15:00:00,5549,5246.461338531514,3435.592710284571,5618.042166666663
2017-12-20 15:00:00,5549,5246.461338531514,3878.5811165307737,5661.1533095238065
2017-12-20 16:00:00,6372,5661.568824638592,3624.270502299107,5521.710999999999
2017-12-20 17:00:00,5634,5329.677461139896,3720.2035169333867,5432.599056277058
2017-12-20 18:00:00,4366,4277.991792929293,3817.0892319248483,4338.2761190476185
2017-12-20 19:00:00,3259,3279.4859154929577,4134.319465352629,2972.4281428571426
2017-12-20 20:00:00,2648,2836.232469993683,4230.6335601297815,2484.5986031746033
2017-12-20 21:00:00,2533,2674.197988686361,4328.4719754784255,2449.9845476190476
2017-12-20 22:00:00,1915,2201.658125,4418.87932804105,1782.9819642857142
2017-12-20 23:00:00,1204,1464.7486338797814,4513.2880221038395,1341.5003214285714
2017-12-21 00:00:00,621,840.2307692307693,2401.8067179943655,720.3441190476188
2017-12-21 01:00:00,393,520.4200244200244,2497.7397326286446,399.36499999999995
2017-12-21 02:00:00,281,391.66360856269114,2592.3389667628703,326.4371984126985
2017-12-21 03:00:00,382,371.06679035250465,2689.224681754332,409.40864285714287
2017-12-21 04:00:00,901,696.3011904761905,2784.967156317175,746.9776904761902
2017-12-21 05:00:00,2863,2071.845731707317,2879.3758503799645,2376.584634920635
2017-12-21 06:00:00,5512,4163.973699940228,2976.261565371426,5434.65061904762
2017-12-21 07:00:00,5878,4748.809753160746,3070.670259434215,6095.567107142857
2017-12-21 08:00:00,5310,4611.336930455635,3165.0789534970045,5755.302369047618
2017-12-21 09:00:00,4975,4385.760351317441,3222.916400049207,4706.251714285713
2017-12-21 10:00:00,4792,4183.411445783133,3321.32643561216,4309.017238095238
2017-12-21 11:00:00,4936,4475.547449967721,3205.4892350247555,4626.775892857144
2017-12-21 12:00:00,5140,4725.081841432225,3337.8029570981857,4793.609797619048
2017-12-21 13:00:00,5137,4727.435270805812,3235.444902179935,4838.624940476192
2017-12-21 14:00:00,5493,4949.716550412175,3509.1031048568107,5140.802944444445
2017-12-21 15:00:00,5903,5246.461338531514,3605.988819848272,5808.385547619047
2017-12-21 16:00:00,6551,5661.568824638592,3735.825520993031,6239.726404761907
2017-12-21 17:00:00,5926,5329.677461139896,3827.5666540557113,6068.358214285715
2017-12-21 18:00:00,4535,4277.991792929293,3923.3091286185545,4331.398071428572
2017-12-21 19:00:00,3242,3279.4859154929577,4201.30055353564,3145.846666666668
2017-12-21 20:00:00,2884,2836.232469993683,4328.469693680289,2647.5143730158725
2017-12-21 21:00:00,2773,2674.197988686361,4383.067959018073,3189.732928571427
2017-12-21 22:00:00,2294,2201.658125,4175.101918358071,2188.4823095238094
2017-12-21 23:00:00,1450,1464.7486338797814,4150.979130179975,1455.1395833333333
2017-12-22 00:00:00,771,840.2307692307693,2259.4821656791755,776.591261904762
2017-12-22 01:00:00,474,520.4200244200244,2452.204193095369,535.7665238095237
2017-12-22 02:00:00,329,391.66360856269114,2658.92652859782,341.05953571428574
2017-12-22 03:00:00,382,371.06679035250465,2705.5221109352797,408.4064047619049
2017-12-22 04:00:00,767,696.3011904761905,2613.871053215101,749.7157857142857
2017-12-22 05:00:00,2429,2071.845731707317,2704.278405777726,2087.3100634920634
2017-12-22 06:00:00,4378,4163.973699940228,2804.0222218407334,5061.1109841269845
2017-12-22 07:00:00,4955,4748.809753160746,3119.91867476846,5338.7935198412715
2017-12-22 08:00:00,4509,4611.336930455635,3210.8976475453946,4994.099150793653
2017-12-22 09:00:00,4515,4385.760351317441,3085.5334433861735,4055.534952380951
2017-12-22 10:00:00,4593,4183.411445783133,3175.7502558773645,4578.29511904762
2017-12-22 11:00:00,5139,4475.547449967721,3166.419611715127,4397.485333333334
2017-12-22 12:00:00,5447,4725.081841432225,3490.5092877146153,4998.427817460319
2017-12-22 13:00:00,5349,4727.435270805812,3267.763549243942,5190.130392857143
2017-12-22 14:00:00,5581,4949.716550412175,3378.9397695931284,5316.467214285713
2017-12-22 15:00:00,5510,5246.461338531514,3492.402470799551,5150.491642857142
2017-12-22 16:00:00,5346,5661.568824638592,3918.637182896401,5268.100107142856
2017-12-22 17:00:00,4871,5329.677461139896,4085.7396297452833,5342.962595238096
2017-12-22 18:00:00,4105,4277.991792929293,4078.1114000207845,4494.934915584417
2017-12-22 19:00:00,3464,3279.4859154929577,4280.070233737327,3480.2673095238097
2017-12-22 20:00:00,2972,2836.232469993683,4375.81270830017,3066.8393452380933
2017-12-22 21:00:00,3096,2674.197988686361,4467.553841362851,2997.195091269841
2017-12-22 22:00:00,2584,2201.658125,4344.666658132302,2378.1308809523807
2017-12-22 23:00:00,1779,1464.7486338797814,4425.928087265985,1604.2115952380952
2017-12-23 00:00:00,1141,840.2307692307693,1141.9309197596074,953.6871468253969
2017-12-23 01:00:00,698,520.4200244200244,1013.659415126016,633.5788095238095
2017-12-23 03:00:00,391,371.06679035250465,1382.6665660176743,344.4835912698412
2017-12-23 04:00:00,359,696.3011904761905,1472.5022983659912,383.5018452380954
2017-12-23 05:00:00,596,2071.845731707317,1441.8311662028848,697.7684523809523
2017-12-23 06:00:00,1016,4163.973699940228,1413.5164964531891,1131.4012857142857
2017-12-23 07:00:00,1390,4748.809753160746,1484.6793018007465,1706.5499642857146
2017-12-23 08:00:00,2008,4611.336930455635,1581.3203470470048,2560.5764523809517
2017-12-23 09:00:00,2819,4385.760351317441,1677.4439017527206,3203.3930753968248
2017-12-23 10:00:00,3375,4183.411445783133,1782.767509561148,3878.99003968254
2017-12-23 11:00:00,4002,4475.547449967721,1919.421969809036,4051.2780119047616
2017-12-23 12:00:00,4175,4725.081841432225,2037.838712872803,4533.229404761906
2017-12-23 13:00:00,4475,4727.435270805812,2435.436112153931,4624.036738095238
2017-12-23 14:00:00,4305,4949.716550412175,2263.4303347855935,4417.992
2017-12-23 15:00:00,4107,5246.461338531514,2369.6525132774354,4439.845642857143
2017-12-23 16:00:00,4144,5661.568824638592,2454.9694135850477,4465.989821428572
2017-12-23 17:00:00,3994,5329.677461139896,2544.5604761881614,4424.784075757575
2017-12-23 18:00:00,3532,4277.991792929293,2899.2863593961147,4007.598190476191
2017-12-23 19:00:00,2949,3279.4859154929577,3140.60687960258,3107.212361111112
2017-12-23 20:00:00,2420,2836.232469993683,3194.633524726056,3188.2047380952367
2017-12-23 21:00:00,2449,2674.197988686361,2878.8062458256018,2742.932642857143
2017-12-23 22:00:00,2372,2201.658125,3308.851759351178,2911.6740714285716
2017-12-23 23:00:00,1840,1464.7486338797814,3476.5258264143695,1769.9528452380953
2017-12-24 00:00:00,1147,840.2307692307693,1393.2320066722823,1113.4704761904766
2017-12-24 01:00:00,963,520.4200244200244,1488.9744812351269,734.5327976190476
2017-12-24 02:00:00,861,391.66360856269114,1588.908837369569,548.7104444444443
2017-12-24 03:00:00,374,371.06679035250465,1558.8093254207718,342.17247619047606
2017-12-24 04:00:00,303,696.3011904761905,1728.5793332697635,305.1717142857144
2017-12-24 05:00:00,529,2071.845731707317,1868.895738343519,446.78409523809523
2017-12-24 06:00:00,839,4163.973699940228,1963.6855125491816,720.6131190476191
2017-12-24 07:00:00,964,4748.809753160746,2062.0955481121337,903.2219285714289
2017-12-24 08:00:00,1477,4611.336930455635,1933.4921627384954,1234.9714047619048
2017-12-24 09:00:00,2250,4385.760351317441,2249.579155737658,2136.294714285714
2017-12-24 10:00:00,2929,4183.411445783133,2345.5121703719374,2810.8503333333338
2017-12-24 11:00:00,3200,4475.547449967721,2231.199290356024,3174.6503690476184
2017-12-24 12:00:00,3698,4725.081841432225,2333.229587276266,2991.593857142858
2017-12-24 13:00:00,3400,4727.435270805812,2441.166626411036,3445.2476428571435
2017-12-24 13:00:00,3400,4727.435270805812,2794.2683563485275,3431.021607142858
2017-12-24 14:00:00,3694,4949.716550412175,2541.100982545478,3484.7865714285726
2017-12-24 14:00:00,3694,4949.716550412175,2565.0703054523633,3490.171238095239
2017-12-24 15:00:00,3851,5246.461338531514,2524.3392755972236,3908.4311071428574
2017-12-24 16:00:00,3529,5661.568824638592,2507.2123403885053,4075.73844047619
2017-12-24 17:00:00,3196,5329.677461139896,2578.6198154812646,3707.913642857143
2017-12-24 18:00:00,2549,4277.991792929293,2847.8672984275095,3086.5277828282815
2017-12-24 19:00:00,2339,3279.4859154929577,2921.8882048466103,2588.8072738095234
2017-12-24 20:00:00,2460,2836.232469993683,2998.576672265822,2341.7624642857145
2017-12-24 21:00:00,2576,2674.197988686361,3067.07191661327,1952.5851666666667
2017-12-24 21:00:00,2576,2674.197988686361,2977.1852403045586,1970.1549523809517
2017-12-24 22:00:00,2300,2201.658125,3065.922049317606,1581.4326190476195
2017-12-24 23:00:00,1565,1464.7486338797814,3015.8858114241684,1127.7764365079363
2017-12-25 00:00:00,1092,840.2307692307693,1635.1965670107966,539.2507857142856
2017-12-25 01:00:00,666,520.4200244200244,1710.5512539299525,338.7601865079365
2017-12-25 02:00:00,487,391.66360856269114,2018.8470053154551,291.49994444444445
2017-12-25 03:00:00,349,371.06679035250465,2114.5894798782997,345.9458333333334
2017-12-25 04:00:00,339,696.3011904761905,2308.835827865984,645.6309523809524
2017-12-25 05:00:00,520,2071.845731707317,2478.0342155006665,1882.4443293650797
2017-12-25 06:00:00,798,4163.973699940228,2394.0047606379403,4641.977499999999
2017-12-25 06:00:00,798,4163.973699940228,2304.118084329229,4555.779976190475
2017-12-25 07:00:00,942,4748.809753160746,2390.9051755345654,4428.211333333333
2017-12-25 07:00:00,942,4748.809753160746,2833.8935817807683,4569.568738095239
2017-12-25 08:00:00,1260,4611.336930455635,2801.6981290461713,4406.33530952381
2017-12-25 08:00:00,1260,4611.336930455635,2448.5963991086796,4459.396738095239
2017-12-25 09:00:00,1760,4385.760351317441,2827.592505689279,4574.788238095238
2017-12-25 10:00:00,2292,4183.411445783133,2913.8079766803057,4151.158666666667
2017-12-25 11:00:00,2653,4475.547449967721,3004.4729648757725,4239.1058571428575
2017-12-25 12:00:00,2957,4725.081841432225,3106.8172463774836,4384.174067460317
2017-12-25 13:00:00,2983,4727.435270805812,3204.151137073222,4525.342761904761
2017-12-25 14:00:00,2850,4949.716550412175,3221.6741967783187,4732.8293571428585
2017-12-25 15:00:00,2732,5246.461338531514,3318.55991176978,5088.4376190476205
2017-12-25 16:00:00,3045,5661.568824638592,3410.301044832461,5420.8691984127
2017-12-25 17:00:00,3134,5329.677461139896,3490.0381533946525,5213.21146031746
2017-12-25 18:00:00,3172,4277.991792929293,3587.114408457551,3612.4531309523813
2017-12-25 19:00:00,3100,3279.4859154929577,3354.596996669857,2779.8786428571416
2017-12-25 20:00:00,2875,2836.232469993683,3442.527328303811,2297.2720238095235
2017-12-25 21:00:00,2404,2674.197988686361,3532.553600723565,2041.8296002886002
2017-12-25 22:00:00,1798,2201.658125,3613.297539316705,1617.757916666667
2017-12-25 23:00:00,1147,1464.7486338797814,3704.085972022204,1073.9400714285716
2017-12-26 00:00:00,539,840.2307692307693,1577.7425423406949,615.9484285714288
2017-12-26 01:00:00,326,520.4200244200244,1669.4836754033756,374.02503571428554
2017-12-26 02:00:00,213,391.66360856269114,1753.0315853942936,320.21221428571425
2017-12-26 03:00:00,261,371.06679035250465,1844.7727184569746,307.1130238095237
2017-12-26 04:00:00,507,696.3011904761905,1939.1814125197639,809.7150079365081
2017-12-26 05:00:00,1761,2071.845731707317,2026.730664010845,2383.825976190476
2017-12-26 06:00:00,3029,4163.973699940228,2114.2799155019266,4866.115261904762
2017-12-26 07:00:00,3203,4748.809753160746,2215.1128423197842,5198.023922077922
2017-12-26 08:00:00,2982,4611.336930455635,2594.6089348144606,4712.496904761905
2017-12-26 09:00:00,3013,4385.760351317441,2400.9357189761486,4381.549440476191
2017-12-26 10:00:00,3396,4183.411445783133,2514.53483058024,4213.122619047619
2017-12-26 11:00:00,3983,4475.547449967721,2627.9975317866624,4270.670833333333
2017-12-26 12:00:00,4197,4725.081841432225,2735.226540309453,4536.525142857144
2017-12-26 13:00:00,4487,4727.435270805812,2846.021680515767,4552.017047619049
2017-12-26 14:00:00,4828,4949.716550412175,2952.624939150481,4782.567607142859
2017-12-26 15:00:00,5172,5246.461338531514,3057.8944172851416,5189.422666666666
2017-12-26 16:00:00,5282,5661.568824638592,3166.1584068890165,5678.939999999999
2017-12-26 17:00:00,4561,5329.677461139896,3251.8022576657345,5324.248214285713
2017-12-26 18:00:00,3598,4277.991792929293,3335.159627585216,4135.376285714287
2017-12-26 19:00:00,2846,3279.4859154929577,3407.7103431065943,3278.5221706349203
2017-12-26 20:00:00,2369,2836.232469993683,3492.728443995237,2836.3266428571424
2017-12-26 21:00:00,2031,2674.197988686361,3598.5695423442057,2704.937619047619
2017-12-26 22:00:00,1882,2201.658125,3668.452696865475,2131.062151515151
2017-12-26 23:00:00,1065,1464.7486338797814,3757.3357288566103,1204.4610714285714
2017-12-27 00:00:00,586,840.2307692307693,1630.6112190322287,613.2880357142858
2017-12-27 01:00:00,378,520.4200244200244,1714.5402091660196,364.1281785714286
2017-12-27 02:00:00,272,391.66360856269114,1804.7570216572096,305.0117499999999
2017-12-27 03:00:00,330,371.06679035250465,1891.7346529339823,361.1541904761904
2017-12-27 04:00:00,712,696.3011904761905,1974.7109427105918,655.2403650793648
2017-12-27 05:00:00,2287,2071.845731707317,2064.546675058909,2043.7558095238087
2017-12-27 06:00:00,4250,4163.973699940228,2562.52243958467,4463.618813492064
2017-12-27 07:00:00,4453,4748.809753160746,2253.6910136535935,4701.144824314575
2017-12-27 08:00:00,4124,4611.336930455635,2346.5753871448924,4379.467610028861
2017-12-27 09:00:00,3950,4385.760351317441,2434.750388524049,4415.865321428572
2017-12-27 10:00:00,3858,4183.411445783133,2958.2038732660635,4305.700777777777
2017-12-27 11:00:00,4401,4475.547449967721,2701.6350762647567,4386.515142857143
2017-12-27 12:00:00,4752,4725.081841432225,2830.1504431146495,4646.576547619047
2017-12-27 13:00:00,4836,4727.435270805812,3222.984340609869,4443.374904761904
2017-12-27 14:00:00,5250,4949.716550412175,3343.687564530871,5101.037658730158
2017-12-27 15:00:00,5398,5246.461338531514,3493.0822309413634,5366.836547619048
2017-12-27 16:00:00,5997,5661.568824638592,3581.203102646754,5978.739722222223
2017-12-27 17:00:00,5397,5329.677461139896,3344.738479032664,5623.8125
2017-12-27 18:00:00,4295,4277.991792929293,3825.946717272028,4129.180738095236
2017-12-27 19:00:00,2941,3279.4859154929577,3923.7851326206714,3089.402476190477
2017-12-27 20:00:00,2482,2836.232469993683,3927.398767110916,2603.9260238095235
2017-12-27 21:00:00,2971,2674.197988686361,4022.3790813880146,2413.508547619047
2017-12-27 22:00:00,3074,2201.658125,3789.725259202651,1980.8224848484854
2017-12-27 23:00:00,1310,1464.7486338797814,3898.4244586231653,1145.7958214285711
2017-12-28 00:00:00,732,840.2307692307693,1893.2800721826509,581.4249126984128
2017-12-28 01:00:00,412,520.4200244200244,2067.8135818175506,363.8634047619048
2017-12-28 02:00:00,288,391.66360856269114,2204.509725534017,295.14716666666664
2017-12-28 03:00:00,373,371.06679035250465,2300.25220009686,350.7496785714286
2017-12-28 03:00:00,373,371.06679035250465,2653.3539300343523,367.45117857142856
2017-12-28 04:00:00,743,696.3011904761905,2398.28115551694,843.812523809524
2017-12-28 04:00:00,743,696.3011904761905,2751.3828854544317,851.8391190476193
2017-12-28 05:00:00,2217,2071.845731707317,2491.7371492225475,2443.0281428571425
2017-12-28 05:00:00,2217,2071.845731707317,2401.8504729138363,2439.2875317460316
2017-12-28 05:00:00,2217,2071.845731707317,2844.838879160039,2425.9789285714282
2017-12-28 06:00:00,3997,4163.973699940228,2583.6688223566644,4774.6761428571435
2017-12-28 06:00:00,3997,4163.973699940228,2493.7821460479536,4677.694952380953
2017-12-28 06:00:00,3997,4163.973699940228,2936.770552294156,4739.981642857143
2017-12-28 07:00:00,3699,4748.809753160746,2683.98425863398,4939.959285714286
2017-12-28 07:00:00,3699,4748.809753160746,2594.097582325269,4902.139531746032
2017-12-28 07:00:00,3699,4748.809753160746,3037.0859885714717,4870.08230952381
2017-12-28 08:00:00,2745,4611.336930455635,2777.630792411024,4837.031119047619
2017-12-28 08:00:00,2745,4611.336930455635,2687.7441161023125,4778.333198412699
2017-12-28 09:00:00,3529,4385.760351317441,2876.2313680454126,4472.197978354977
2017-12-28 09:00:00,3529,4385.760351317441,2786.3446917367014,4416.725506132756
2017-12-28 09:00:00,3529,4385.760351317441,3229.3330979829047,4398.389756132756
2017-12-28 10:00:00,3562,4183.411445783133,2980.3576057514547,4274.2499960317455
2017-12-28 10:00:00,3562,4183.411445783133,2890.4709294427435,4216.606718253969
2017-12-28 10:00:00,3562,4183.411445783133,3333.4593356889463,4213.093051587302
2017-12-28 11:00:00,3433,4475.547449967721,3047.9125959469097,4483.062583333333
2017-12-28 11:00:00,3433,4475.547449967721,2958.0259196381985,4361.053452380953
2017-12-28 11:00:00,3433,4475.547449967721,3401.014325884402,4519.622202380952
2017-12-28 12:00:00,3994,4725.081841432225,3189.3722414492845,4796.930777777779
2017-12-28 12:00:00,3994,4725.081841432225,3542.473971386776,4785.424111111111
2017-12-28 13:00:00,3931,4727.435270805812,3297.309280584053,4874.806142857144
2017-12-28 13:00:00,3931,4727.435270805812,3650.4110105215445,4858.0330476190475
2017-12-28 14:00:00,4308,4949.716550412175,3395.9098562184417,5173.703357142857
2017-12-28 14:00:00,4308,4949.716550412175,3749.0115861559334,5239.498035714286
2017-12-28 15:00:00,4515,5246.461338531514,3846.468921361704,5390.524761904762
2017-12-28 15:00:00,4515,5246.461338531514,3493.367191424212,5432.548428571428
2017-12-28 16:00:00,5141,5661.568824638592,3595.206948273018,4960.521226190477
2017-12-28 16:00:00,5141,5661.568824638592,3948.3086782105097,5138.45255952381
2017-12-28 17:00:00,4520,5329.677461139896,3685.995380978517,4515.715345238095
2017-12-28 17:00:00,4520,5329.677461139896,4039.0971109160087,4700.2490119047625
2017-12-28 18:00:00,3764,4277.991792929293,3782.500015827106,2886.4645476190476
2017-12-28 19:00:00,2849,3279.4859154929577,3874.6222290326596,2928.048166666667
2017-12-28 20:00:00,2299,2836.232469993683,3962.3620205951775,2540.291166666666
2017-12-28 21:00:00,2180,2674.197988686361,4060.009895872384,2670.276142857142
2017-12-28 22:00:00,1916,2201.658125,4145.653746649103,2235.1361547619044
2017-12-28 22:00:00,1916,2201.658125,4055.767070340391,2222.6086428571425
2017-12-28 23:00:00,1177,1464.7486338797814,4221.008433568259,1244.9110714285719
2017-12-29 00:00:00,741,840.2307692307693,2059.2369968047806,682.9650000000001
2017-12-29 01:00:00,437,520.4200244200244,2129.066021652283,453.439988095238
2017-12-29 02:00:00,358,391.66360856269114,2013.386013615896,375.96625
2017-12-29 03:00:00,383,371.06679035250465,2385.777993793661,364.59664285714285
2017-12-29 04:00:00,694,696.3011904761905,2180.481833597733,714.9480238095239
2017-12-29 05:00:00,2207,2071.845731707317,2609.003026551819,2159.99738888889
2017-12-29 06:00:00,3875,4163.973699940228,2361.6776188658587,4981.757216450216
2017-12-29 07:00:00,4148,4748.809753160746,2893.938150044971,4739.062952380951
2017-12-29 08:00:00,3897,4611.336930455635,2997.1116873938313,4609.157202380951
2017-12-29 09:00:00,3845,4385.760351317441,2643.3793804827355,4885.3175
2017-12-29 10:00:00,4109,4183.411445783133,3319.638987377764,4410.809273809526
2017-12-29 11:00:00,4345,4475.547449967721,3066.281073503279,4802.112753968254
2017-12-29 12:00:00,4496,4725.081841432225,3171.7410917093757,4913.5269761904765
2017-12-29 13:00:00,4474,4727.435270805812,3271.1038276295094,4939.34311904762
2017-12-29 14:00:00,4750,4949.716550412175,3372.943584478315,5186.165119047619
2017-12-29 14:00:00,4750,4949.716550412175,3726.045314415807,5206.270436507935
2017-12-29 15:00:00,4767,5246.461338531514,3476.1171218271766,5598.316095238095
2017-12-29 15:00:00,4767,5246.461338531514,3829.218851764668,5510.619547619047
2017-12-29 16:00:00,4859,5661.568824638592,3569.954195675656,4813.604666666667
2017-12-29 16:00:00,4859,5661.568824638592,3923.055925613148,4938.698166666668
2017-12-29 17:00:00,4564,5329.677461139896,3664.3628897384456,4458.341571428572
2017-12-29 17:00:00,4564,5329.677461139896,4017.4646196759372,4624.142904761905
2017-12-29 18:00:00,3929,4277.991792929293,4112.4449339530365,3397.206082251081
2017-12-29 18:00:00,3929,4277.991792929293,3759.3432040155444,3215.310333333333
2017-12-29 19:00:00,3016,3279.4859154929577,3852.227577506842,2881.3612857142857
2017-12-29 20:00:00,2470,2836.232469993683,3935.2038672834524,2594.3797619047614
2017-12-29 21:00:00,2554,2674.197988686361,4121.2569921993745,2935.2781904761914
2017-12-29 22:00:00,3725,2201.658125,3872.9788841562327,2594.7948452380947
2017-12-29 23:00:00,1684,1464.7486338797814,3949.667351575443,1689.660674603174
2017-12-30 00:00:00,1092,840.2307692307693,666.0512642119388,1116.6779523809525
2017-12-30 01:00:00,666,520.4200244200244,738.54785005955,698.6737857142856
2017-12-30 02:00:00,487,391.66360856269114,819.2376589789233,496.1404999999998
2017-12-30 03:00:00,349,371.06679035250465,901.6423285412238,350.0344404761903
2017-12-30 04:00:00,339,696.3011904761905,981.7605172462881,419.8764761904762
2017-12-30 05:00:00,601,2071.845731707317,1064.355726880025,759.7495793650795
2017-12-30 06:00:00,1006,4163.973699940228,1146.7603964423256,1144.132753968254
2017-12-30 07:00:00,1216,4748.809753160746,1238.8284799741123,1580.9024761904761
2017-12-30 08:00:00,1681,4611.336930455635,1322.757470107903,2591.995119047619
2017-12-30 09:00:00,2412,4385.760351317441,1414.498603170584,3026.1485
2017-12-30 10:00:00,3188,4183.411445783133,1521.101861805298,3302.8015238095236
2017-12-30 11:00:00,3716,4475.547449967721,1635.5172633689024,3752.3193571428565
2017-12-30 12:00:00,4160,4725.081841432225,1743.0732223607986,4502.3839761904765
2017-12-30 13:00:00,4197,4727.435270805812,1844.5860287404985,4431.213238095238
2017-12-30 14:00:00,4003,4949.716550412175,1969.4270045593344,4555.663726190476
2017-12-30 15:00:00,3831,5246.461338531514,2058.3641662242367,4459.0729880952385
2017-12-30 16:00:00,4288,5661.568824638592,2487.075899249759,4642.563654761904
2017-12-30 17:00:00,4376,5329.677461139896,2578.8170323124396,4530.5570595238105
2017-12-30 18:00:00,4514,4277.991792929293,2321.011920697481,4114.018000000001
2017-12-30 19:00:00,3380,3279.4859154929577,2747.0560927228944,3082.602761904763
2017-12-30 20:00:00,2597,2836.232469993683,2845.656668357283,2800.6533253968246
2017-12-30 21:00:00,2271,2674.197988686361,3030.098261706871,3049.295380952381
2017-12-30 22:00:00,2352,2201.658125,2708.9358608062003,2781.666357142857
2017-12-30 23:00:00,2680,1464.7486338797814,2807.7269765120245,1771.3527777777772
2017-12-31 00:00:00,1000,840.2307692307693,687.8619092593508,1087.9361666666668
2017-12-31 01:00:00,711,520.4200244200244,779.6030423220309,695.7912460317457
2017-12-31 02:00:00,519,391.66360856269114,872.4874158133298,494.57153571428563
2017-12-31 03:00:00,303,371.06679035250465,956.0353258042487,339.18585714285706
2017-12-31 04:00:00,285,696.3011904761905,1043.3940372238935,284.0198412698412
2017-12-31 05:00:00,457,2071.845731707317,1121.797365286031,456.92798809523816
2017-12-31 06:00:00,808,4163.973699940228,1200.2006933481684,776.976809523809
2017-12-31 07:00:00,959,4748.809753160746,1281.5985328795205,1023.0239523809524
2017-12-31 08:00:00,1319,4611.336930455635,1360.9545612988397,1567.4479285714292
2017-12-31 09:00:00,2384,4385.760351317441,1442.2701201062887,2262.769869047619
2017-12-31 10:00:00,3504,4183.411445783133,1555.8692317103807,2948.591238095238
2017-12-31 11:00:00,3404,4475.547449967721,1654.3333969470996,3367.9293928571424
2017-12-31 12:00:00,3438,4725.081841432225,1791.5594774092965,3329.6870634920638
2017-12-31 13:00:00,3212,4727.435270805812,1906.5464991872097,3439.984753968254
2017-12-31 14:00:00,3410,4949.716550412175,2009.5836261384009,3521.2311349206348
2017-12-31 15:00:00,3635,5246.461338531514,2118.854445773224,3623.4941904761918
2017-12-31 16:00:00,3802,5661.568824638592,2223.361763622139,3680.9687380952387
2017-12-31 17:00:00,3513,5329.677461139896,2309.005614398857,3484.253063492063
2017-12-31 18:00:00,3350,4277.991792929293,2391.927774501699,2996.200253968254
2017-12-31 19:00:00,2995,3279.4859154929577,2456.6663470941876,2599.501309523809
2017-12-31 20:00:00,2731,2836.232469993683,2559.2141345549726,2222.7077420634914
2017-12-31 21:00:00,2483,2674.197988686361,2650.193107331908,2214.0963690476187
2017-12-31 22:00:00,2041,2201.658125,2733.41406685372,1966.9514404761912
2017-12-31 23:00:00,1580,1464.7486338797814,2826.8700605593276,1329.1053293650793
2018-01-01 00:00:00,1478,840.2307692307693,1650.0964892960483,533.3308571428571
2018-01-01 01:00:00,1408,520.4200244200244,1739.1700613586204,305.4988571428571
2018-01-01 02:00:00,931,391.66360856269114,1829.3868738498104,229.4460833333333
2018-01-01 03:00:00,585,371.06679035250465,1921.1280069124907,287.54309523809536
2018-01-01 04:00:00,381,696.3011904761905,2010.0110389036265,788.3627380952381
2018-01-01 05:00:00,434,2071.845731707317,2097.5602903947074,2254.6236785714295
2018-01-01 06:00:00,686,4163.973699940228,2193.493305028988,4794.6404999999995
2018-01-01 07:00:00,677,4748.809753160746,2280.47093630576,4998.66214177489
2018-01-01 08:00:00,811,4611.336930455635,2378.0646819092,4909.053964285714
2018-01-01 09:00:00,1122,4385.760351317441,2463.00050207394,3541.110488095239
2018-01-01 10:00:00,1738,4183.411445783133,2585.609126709306,3438.900488095238
2018-01-01 11:00:00,2421,4475.547449967721,2713.171793202017,3908.917682539682
2018-01-01 12:00:00,2908,4725.081841432225,2833.1128568372746,4160.7604880952385
2018-01-01 13:00:00,2985,4727.435270805812,2952.2917601867866,4311.211333333333
2018-01-01 14:00:00,3214,4949.716550412175,3084.373258720203,4494.936571428571
2018-01-01 15:00:00,3410,5246.461338531514,3182.4563438140494,4874.0412857142865
2018-01-01 16:00:00,3290,5661.568824638592,3292.2446539894145,5019.41307142857
2018-01-01 17:00:00,3079,5329.677461139896,3365.3669897251016,4931.789285714284
2018-01-01 18:00:00,2891,4277.991792929293,3444.2878083277815,3558.5644999999995
2018-01-01 19:00:00,2199,3279.4859154929577,3519.125004706395,2540.806107142857
2018-01-01 20:00:00,1738,2836.232469993683,3605.857966237965,2076.3698095238105
2018-01-01 21:00:00,1555,2674.197988686361,3677.646521473597,1846.436226190476
2018-01-01 22:00:00,1213,2201.658125,3768.434954179096,1314.9583452380957
2018-01-01 23:00:00,830,1464.7486338797814,3852.74502445576,891.3302380952383
2018-01-02 00:00:00,477,840.2307692307693,1739.92993984623,526.374523809524
2018-01-02 01:00:00,279,520.4200244200244,1767.479008156508,321.5745714285715
2018-01-02 02:00:00,205,391.66360856269114,1923.4122059715917,338.73619047619036
2018-01-02 03:00:00,299,371.06679035250465,2017.8209000343809,307.0705793650795
2018-01-02 04:00:00,729,696.3011904761905,2109.5620330970614,894.017031746032
2018-01-02 05:00:00,2544,2071.845731707317,2198.445065088197,2370.4977380952387
2018-01-02 06:00:00,4801,4163.973699940228,2291.9010587938046,5216.458464285714
2018-01-02 07:00:00,5696,4748.809753160746,2386.8272433971365,5286.579178571428
2018-01-02 08:00:00,4901,4611.336930455635,2473.668464276239,5093.643353174603
2018-01-02 09:00:00,4189,4385.760351317441,2573.602820410682,4112.45511111111
2018-01-02 10:00:00,4065,4183.411445783133,2709.9303301894643,3995.093047619049
2018-01-02 11:00:00,4172,4475.547449967721,3274.2140395750685,4034.383261904762
2018-01-02 12:00:00,4448,4725.081841432225,3414.9239709968865,4338.930583333334
2018-01-02 13:00:00,4537,4727.435270805812,3596.39703150089,3751.6324404761895
2018-01-02 14:00:00,4698,4949.716550412175,3711.3840532788035,4437.625095238096
2018-01-02 15:00:00,5232,5246.461338531514,3365.8449694394694,4580.878507936508
2018-01-02 16:00:00,5618,5661.568824638592,3599.6877903026048,5620.512873015874
2018-01-02 16:00:00,5618,5661.568824638592,3689.574466611316,5641.3462896825395
2018-01-02 17:00:00,5178,5329.677461139896,3785.507481245596,5054.563952380952
2018-01-02 17:00:00,5178,5329.677461139896,3695.6208049368847,5303.421071428573
2018-01-02 18:00:00,3625,4277.991792929293,3881.4404958798755,4106.273761904762
2018-01-02 18:00:00,3625,4277.991792929293,4234.542225817368,4164.380928571429
2018-01-02 19:00:00,2669,3279.4859154929577,3987.6626743717175,2789.3726428571426
2018-01-02 19:00:00,2669,3279.4859154929577,3897.775998063006,2556.371214285715
2018-01-02 20:00:00,2056,2836.232469993683,4086.2632500061063,2666.1375952380954
2018-01-02 21:00:00,2834,2674.197988686361,4185.244905783367,2317.9874999999997
2018-01-02 22:00:00,2785,2201.658125,4268.411735631413,1509.7055476190476
2018-01-02 23:00:00,1118,1464.7486338797814,4354.055586408132,1042.390357142857
2018-01-03 00:00:00,599,840.2307692307693,2225.4256758693864,638.7699047619047
2018-01-03 01:00:00,353,520.4200244200244,2655.215873226088,386.61339285714274
2018-01-03 01:00:00,353,520.4200244200244,2302.1141432885966,366.44284523809523
2018-01-03 02:00:00,283,391.66360856269114,2734.381361573971,299.4286468253969
2018-01-03 03:00:00,358,371.06679035250465,2557.9962930520223,364.4854047619048
2018-01-03 04:00:00,811,696.3011904761905,2307.0506240087702,827.1342619047618
2018-01-03 05:00:00,2739,2071.845731707317,2379.5472098563823,2582.3527142857142
2018-01-03 06:00:00,5225,4163.973699940228,2465.9532209188446,5414.068285714283
2018-01-03 07:00:00,6017,4748.809753160746,2882.4703893724422,5774.247920634921
2018-01-03 08:00:00,5398,4611.336930455635,2641.9502945844233,5418.390499999998
2018-01-03 09:00:00,5142,4385.760351317441,2723.4563934633084,4686.118642857143
2018-01-03 10:00:00,4092,4183.411445783133,2843.152787353363,4156.595992063492
2018-01-03 11:00:00,4328,4475.547449967721,3265.82136776669,4125.1254285714285
2018-01-03 12:00:00,4600,4725.081841432225,3380.42730940173,4246.661154761905
2018-01-03 13:00:00,4591,4727.435270805812,3487.0305680364445,4220.015916666665
2018-01-03 14:00:00,4983,4949.716550412175,3544.554596537982,4720.0526190476185
2018-01-03 15:00:00,5589,5246.461338531514,3360.544794669156,5061.856583333334
2018-01-03 16:00:00,6317,5661.568824638592,3454.953488731945,6067.58388095238
2018-01-03 17:00:00,5951,5329.677461139896,3529.9270955082293,5920.914880952383
2018-01-03 18:00:00,4350,4277.991792929293,3601.0899008557863,4009.416428571429
2018-01-03 19:00:00,3144,3279.4859154929577,3685.971591346759,2909.108138888889
2018-01-03 20:00:00,2319,2836.232469993683,3763.231678980278,2343.180261904762
2018-01-03 21:00:00,2105,2674.197988686361,3846.2079687568876,2413.21730952381
2018-01-03 22:00:00,1517,2201.658125,3920.09246477832,1602.2485000000004
2018-01-03 23:00:00,991,1464.7486338797814,4012.405218055309,959.5647023809523
2018-01-04 00:00:00,529,840.2307692307693,1883.775307516564,511.56089285714296
2018-01-04 01:00:00,343,520.4200244200244,2433.9466054106915,391.68538095238097
2018-01-04 02:00:00,247,391.66360856269114,2540.549864045406,315.8950476190477
2018-01-04 03:00:00,325,371.06679035250465,2521.31113616848,340.56791666666663
2018-01-04 04:00:00,827,696.3011904761905,2603.525265659344,791.2395476190477
2018-01-04 05:00:00,2757,2071.845731707317,2353.9133771161473,2546.159888888889
2018-01-04 06:00:00,5323,4163.973699940228,2437.270747035629,5308.518880952382
2018-01-04 07:00:00,6420,4748.809753160746,2877.224344275895,6030.658095238098
2018-01-04 08:00:00,4478,4611.336930455635,3074.2291361350926,5247.6656904761885
2018-01-04 09:00:00,4885,4385.760351317441,3192.2647990559867,4440.5805
2018-01-04 10:00:00,4259,4183.411445783133,3261.534649894369,4291.613761904763
2018-01-04 11:00:00,4446,4475.547449967721,3398.421333682272,4238.702234126984
2018-01-04 12:00:00,4738,4725.081841432225,3395.5690519488703,4353.094412698412
2018-01-04 13:00:00,4656,4727.435270805812,3506.3641921551834,4490.455928571428
2018-01-04 14:00:00,5094,4949.716550412175,3612.2052905041533,4877.311071428571
2018-01-04 15:00:00,5442,5246.461338531514,3713.092346995777,5281.022468253969
2018-01-04 16:00:00,6450,5661.568824638592,3813.7888634159654,6259.919404761906
2018-01-04 17:00:00,5993,5329.677461139896,3896.7651531925753,5751.028547619047
2018-01-04 18:00:00,4377,4277.991792929293,3974.5968610404034,4089.527547619046
2018-01-04 19:00:00,3071,3279.4859154929577,4016.306063612726,2877.1194880952376
2018-01-04 20:00:00,2646,2836.232469993683,3803.7152510284504,2939.0210476190473
2018-01-04 21:00:00,3933,2674.197988686361,3882.8807393763336,3281.6077575757577
2018-01-04 22:00:00,2422,2201.658125,3949.143632540312,2013.6558492063496
2018-01-04 23:00:00,1185,1464.7486338797814,4027.1658804595772,1122.8874285714287
2018-01-05 00:00:00,630,840.2307692307693,1900.2508305637589,660.5426904761905
2018-01-05 01:00:00,379,520.4200244200244,1978.0825384115872,437.8564642857142
2018-01-05 02:00:00,301,391.66360856269114,2076.3020339031036,312.7981904761905
2018-01-05 03:00:00,335,371.06679035250465,2165.1850658942385,353.9017857142858
2018-01-05 04:00:00,813,696.3011904761905,2244.7316343849943,765.9895396825399
2018-01-05 05:00:00,2629,2071.845731707317,2351.334893019709,2488.9785674603177
2018-01-05 06:00:00,5002,4163.973699940228,2443.6476462966984,5286.992404761906
2018-01-05 07:00:00,5906,4748.809753160746,2544.0994929716835,5503.776333333333
2018-01-05 08:00:00,4742,4611.336930455635,2627.2663228197293,5316.820880952381
2018-01-05 09:00:00,4704,4385.760351317441,3094.0471256212504,4496.502531746033
2018-01-05 10:00:00,4279,4183.411445783133,2852.85794473252,4398.16125
2018-01-05 11:00:00,4566,4475.547449967721,2973.1800885106504,4561.8788888888885
2018-01-05 12:00:00,4989,4725.081841432225,3418.3323973534634,4346.749325396825
2018-01-05 13:00:00,4968,4727.435270805812,3543.227502846066,4380.5001587301595
2018-01-05 14:00:00,5315,4949.716550412175,3320.8628445182644,5102.745952380953
2018-01-05 15:00:00,5867,5246.461338531514,3756.243480044058,5398.642738095239
2018-01-05 16:00:00,6504,5661.568824638592,3519.9693965014053,5866.082892857143
2018-01-05 17:00:00,6185,5329.677461139896,3936.2960248835657,5542.0315
2018-01-05 18:00:00,4611,4277.991792929293,4015.080433088576,4370.781666666667
2018-01-05 19:00:00,3652,3279.4859154929577,4082.4324370074064,3329.420833333333
2018-01-05 20:00:00,2880,2836.232469993683,3813.766541320577,2779.5750909090916
2018-01-05 21:00:00,2815,2674.197988686361,3891.925199637511,2987.237924242424
2018-01-05 22:00:00,2978,2201.658125,3963.332674730271,2484.2537142857136
2018-01-05 23:00:00,1805,1464.7486338797814,4041.1643825780993,1614.5437539682541
2018-01-06 00:00:00,1003,840.2307692307693,762.3117970005037,1065.4337857142857
2018-01-06 01:00:00,673,520.4200244200244,772.7122588815118,732.0494523809523
2018-01-06 02:00:00,483,391.66360856269114,870.3601341587182,604.4620357142858
2018-01-06 03:00:00,319,371.06679035250465,1021.3392901164575,430.60370238095237
2018-01-06 04:00:00,383,696.3011904761905,1111.9371827505202,488.756761904762
2018-01-06 05:00:00,694,2071.845731707317,1206.3458768133096,796.3484603174605
2018-01-06 06:00:00,1129,4163.973699940228,1299.4207903760448,1237.1409761904763
2018-01-06 07:00:00,1728,4748.809753160746,1405.398299122683,1746.0960952380954
2018-01-06 08:00:00,2487,4611.336930455635,1885.0816971081078,2546.194202380953
2018-01-06 09:00:00,3046,4385.760351317441,1536.1750344555885,3147.455023809525
2018-01-06 10:00:00,3593,4183.411445783133,1730.7412302149323,3470.9179047619027
2018-01-06 11:00:00,4092,4475.547449967721,2211.597147597284,4227.060059523808
2018-01-06 12:00:00,4506,4725.081841432225,2350.7827584476117,4483.895321428571
2018-01-06 13:00:00,4501,4727.435270805812,2188.9297345391665,4742.819413419914
2018-01-06 14:00:00,4857,4949.716550412175,2753.010457648146,4786.672583333335
2018-01-06 15:00:00,4519,5246.461338531514,2824.3762492723286,4610.403785714286
2018-01-06 16:00:00,4486,5661.568824638592,2846.091190549024,4256.703916666666
2018-01-06 17:00:00,4536,5329.677461139896,2601.8144240060456,4084.6915000000004
2018-01-06 18:00:00,3801,4277.991792929293,3144.3641190427193,3860.76123809524
2018-01-06 19:00:00,3174,3279.4859154929577,3237.8201127483267,3203.373960317459
2018-01-06 20:00:00,2556,2836.232469993683,3339.850409668569,2859.0889285714284
2018-01-06 21:00:00,2463,2674.197988686361,3436.7361246600312,2821.308095238095
2018-01-06 22:00:00,2801,2201.658125,3503.528954569741,2807.0878690476193
2018-01-06 23:00:00,2089,1464.7486338797814,3414.3549177782343,1917.8478373015873
2018-01-07 00:00:00,1053,840.2307692307693,1272.399648444135,1271.236738095238
2018-01-07 01:00:00,648,520.4200244200244,1377.8596666502312,726.6418571428569
2018-01-07 02:00:00,540,391.66360856269114,1730.7084472314168,575.6411666666668
2018-01-07 03:00:00,313,371.06679035250465,1717.9480817833264,529.3652579365079
2018-01-07 04:00:00,260,696.3011904761905,1816.7391974891505,322.9636031746032
2018-01-07 05:00:00,442,2071.845731707317,1915.1492330521035,487.72908333333334
2018-01-07 06:00:00,769,4163.973699940228,2087.015181686894,839.6633253968254
2018-01-07 07:00:00,1024,4748.809753160746,2230.7613080465044,1083.0185
2018-01-07 08:00:00,1695,4611.336930455635,2295.6487372418514,1640.0878571428566
2018-01-07 09:00:00,2516,4385.760351317441,1985.5376604844869,2588.611166666666
2018-01-07 10:00:00,3256,4183.411445783133,2510.37957508277,3322.2356785714273
2018-01-07 11:00:00,3670,4475.547449967721,2211.129282397277,3530.439750000001
2018-01-07 12:00:00,4070,4725.081841432225,2747.403601281741,3675.0305833333346
2018-01-07 13:00:00,4065,4727.435270805812,2864.67710391689,3870.047369047619
2018-01-07 14:00:00,4409,4949.716550412175,2968.041181337187,3969.9750595238093
2018-01-07 15:00:00,4082,5246.461338531514,3070.833638543175,3938.651416666667
2018-01-07 16:00:00,4050,5661.568824638592,3093.8823603199253,4132.5869999999995
2018-01-07 17:00:00,4099,5329.677461139896,3269.3685703120063,3641.486071428571
2018-01-07 18:00:00,3388,4277.991792929293,3352.7259402314885,3248.715571428571
2018-01-07 19:00:00,2780,3279.4859154929577,3444.4670732941686,2373.8571111111114
2018-01-07 20:00:00,2261,2836.232469993683,3547.06899042872,2083.7702301587306
2018-01-07 21:00:00,1800,2674.197988686361,3657.864130635034,1957.5831190476185
2018-01-07 22:00:00,1433,2201.658125,3682.056092840403,1383.2494603174603
2018-01-07 23:00:00,1073,1464.7486338797814,3859.8287836897193,875.7583333333334
2018-01-08 00:00:00,455,840.2307692307693,2422.8322326337793,521.052880952381
2018-01-08 01:00:00,289,520.4200244200244,2160.8352394472204,350.7687738095237
2018-01-08 02:00:00,220,391.66360856269114,2236.380466437814,277.45075
2018-01-08 03:00:00,361,371.06679035250465,2261.2619737479827,364.10461111111107
2018-01-08 04:00:00,820,696.3011904761905,2354.5274273821537,838.0178095238095
2018-01-08 05:00:00,2809,2071.845731707317,2516.748447554636,2413.314678571429
2018-01-08 06:00:00,5189,4163.973699940228,2599.9152774026825,5102.686142857144
2018-01-08 07:00:00,6048,4748.809753160746,2702.463064863467,4719.265166666667
2018-01-08 08:00:00,5751,4611.336930455635,2785.112404170971,5061.963380952381
2018-01-08 09:00:00,4728,4385.760351317441,3207.345774767657,4603.044583333334
2018-01-08 10:00:00,4138,4183.411445783133,2988.982457940019,4174.128464285714
2018-01-08 11:00:00,4324,4475.547449967721,3536.6891811106625,4364.929738095238
2018-01-08 12:00:00,4512,4725.081841432225,3225.43486392468,4551.714940476191
2018-01-08 13:00:00,4786,4727.435270805812,3636.1253984611476,4872.3210238095235
2018-01-08 14:00:00,4880,4949.716550412175,3452.360266337525,4957.68886904762
2018-01-08 15:00:00,5406,5246.461338531514,3893.266563934972,5335.55851190476
2018-01-08 16:00:00,6458,5661.568824638592,3993.772540283724,5956.949059523809
2018-01-08 17:00:00,5732,5329.677461139896,4065.6975059170272,5427.507357142858
2018-01-08 18:00:00,4446,4277.991792929293,4118.187384263822,3795.659285714285
2018-01-08 19:00:00,2836,3279.4859154929577,4129.02909526346,2742.4978095238093
2018-01-08 20:00:00,2416,2836.232469993683,4248.508970458448,2213.8479801587296
2018-01-08 21:00:00,2076,2674.197988686361,4005.7565244869593,1906.5465000000002
2018-01-08 22:00:00,1481,2201.658125,4092.734155763732,1460.3796428571432
2018-01-08 23:00:00,948,1464.7486338797814,4179.521246969067,927.1758571428575
2018-01-09 00:00:00,560,840.2307692307693,2075.8520857884814,523.6237738095238
2018-01-09 01:00:00,342,520.4200244200244,2580.1156726716426,347.41480952380954
2018-01-09 02:00:00,239,391.66360856269114,2692.244593378011,258.19754761904767
2018-01-09 03:00:00,334,371.06679035250465,2724.820318726578,350.32025396825395
2018-01-09 04:00:00,832,696.3011904761905,2831.9951975756007,837.7465476190476
2018-01-09 05:00:00,2972,2071.845731707317,2739.537662476328,2692.064559523809
2018-01-09 06:00:00,5674,4163.973699940228,3124.754910202831,5198.18975
2018-01-09 07:00:00,6229,4748.809753160746,3142.277969907928,6082.739654761905
2018-01-09 08:00:00,5965,4611.336930455635,3321.765521400172,5609.4922380952385
2018-01-09 09:00:00,5124,4385.760351317441,3455.7941041165286,4955.487833333334
2018-01-09 10:00:00,4348,4183.411445783133,3532.685557812364,4346.152134920634
2018-01-09 11:00:00,4473,4475.547449967721,3565.2612831609317,4555.791511904761
2018-01-09 12:00:00,5034,4725.081841432225,3685.0118067247527,4775.532547619048
2018-01-09 13:00:00,4784,4727.435270805812,3795.8069469310667,4759.98315873016
2018-01-09 14:00:00,5065,4949.716550412175,3917.081791066379,5141.530583333331
2018-01-09 15:00:00,5589,5246.461338531514,4096.18826241575,5729.3923015873015
2018-01-09 16:00:00,6559,5661.568824638592,4183.165893692522,6424.857924603172
2018-01-09 17:00:00,6104,5329.677461139896,4270.90568525504,6080.24242857143
2018-01-09 18:00:00,4405,4277.991792929293,4348.927933174305,4614.9637936507925
2018-01-09 19:00:00,3001,3279.4859154929577,4432.475843165223,3284.8210674603165
2018-01-09 20:00:00,2604,2836.232469993683,4520.025094656305,2845.5779761904764
2018-01-09 21:00:00,2931,2674.197988686361,4608.90812664744,2944.235809523809
2018-01-09 22:00:00,3488,2201.658125,4288.126805889641,2411.7161865079356
2018-01-09 23:00:00,1125,1464.7486338797814,4378.343618380832,1053.0364761904762
2018-01-10 00:00:00,583,840.2307692307693,2253.333969199376,610.3231071428573
2018-01-10 01:00:00,327,520.4200244200244,2342.2170011905127,417.6672142857141
2018-01-10 02:00:00,270,391.66360856269114,2429.9567927530297,366.258369047619
2018-01-10 03:00:00,336,371.06679035250465,3097.2610162905503,408.93211904761915
2018-01-10 03:00:00,336,371.06679035250465,2654.2726100443474,410.44695238095244
2018-01-10 04:00:00,887,696.3011904761905,2553.248335626151,872.4936345598845
2018-01-10 04:00:00,887,696.3011904761905,2996.2367418723543,879.5805155122654
2018-01-10 05:00:00,2944,2071.845731707317,3093.8846171495616,2686.5490515873016
2018-01-10 05:00:00,2944,2071.845731707317,2650.896210903358,2687.087051587302
2018-01-10 06:00:00,5614,4163.973699940228,2836.6174550792343,5564.648876623379
2018-01-10 06:00:00,5614,4163.973699940228,3279.605861325437,5533.263281385282
2018-01-10 07:00:00,6228,4748.809753160746,3043.339790581685,6158.4514285714295
2018-01-10 07:00:00,6228,4748.809753160746,3486.328196827888,6076.50292857143
2018-01-10 08:00:00,5842,4611.336930455635,3141.5592860732004,5651.578690476192
2018-01-10 08:00:00,5842,4611.336930455635,3584.5476923194037,5642.60611904762
2018-01-10 09:00:00,5145,4385.760351317441,3235.96798013599,5139.332476190476
2018-01-10 09:00:00,5145,4385.760351317441,3678.956386382193,4777.2827301587295
2018-01-10 10:00:00,4552,4183.411445783133,3332.8536951274514,4332.070190476192
2018-01-10 10:00:00,4552,4183.411445783133,3775.8421013736543,4359.789023809524
2018-01-10 11:00:00,4623,4475.547449967721,3429.92995019035,4528.3400833333335
2018-01-10 12:00:00,4911,4725.081841432225,3533.865647824956,4812.8607619047625
2018-01-10 13:00:00,4926,4727.435270805812,3629.6081223877995,4822.294095238096
2018-01-10 14:00:00,5315,4949.716550412175,4135.959637257858,5178.351333333334
2018-01-10 14:00:00,5315,4949.716550412175,3692.9712310116547,5168.884916666666
2018-01-10 15:00:00,5681,5246.461338531514,4264.4625579025615,5760.190523809521
2018-01-10 15:00:00,5681,5246.461338531514,3821.4741516563586,5777.325797619047
2018-01-10 16:00:00,6602,5661.568824638592,3912.2625843618575,6598.522749999999
2018-01-10 16:00:00,6602,5661.568824638592,4355.25099060806,6631.650654761904
2018-01-10 17:00:00,6128,5329.677461139896,4010.100999710501,6061.681285714287
2018-01-10 17:00:00,6128,5329.677461139896,4453.089405956704,6019.494476190477
2018-01-10 18:00:00,4520,4277.991792929293,4094.6016100586016,4546.867250000001
2018-01-10 18:00:00,4520,4277.991792929293,4103.4997294119285,4590.152678571429
2018-01-10 19:00:00,2986,3279.4859154929577,4186.533283192719,3160.2419166666673
2018-01-10 20:00:00,2642,2836.232469993683,4289.840096608836,2748.7245357142847
2018-01-10 20:00:00,2642,2836.232469993683,4280.941977255508,2770.7362261904755
2018-01-10 20:00:00,2642,2836.232469993683,4394.797976471104,2752.713702380952
2018-01-10 21:00:00,2342,2674.197988686361,4382.91501017157,2872.4907261904755
2018-01-10 21:00:00,2342,2674.197988686361,4374.016890818243,2867.241202380951
2018-01-10 21:00:00,2342,2674.197988686361,4487.872890033839,2682.7763095238097
2018-01-10 22:00:00,1596,2201.658125,4475.989923734304,1883.267579365079
2018-01-10 22:00:00,1596,2201.658125,4467.091804380977,1902.69026984127
2018-01-10 22:00:00,1596,2201.658125,4580.947803596574,1911.2551746031747
2018-01-10 23:00:00,1115,1464.7486338797814,4570.398617797094,990.5781190476192
2018-01-10 23:00:00,1115,1464.7486338797814,4561.500498443766,991.4290000000002
2018-01-10 23:00:00,1115,1464.7486338797814,4675.3564976593625,993.2491190476193
2018-01-11 00:00:00,568,840.2307692307693,2450.9146306872926,624.0847142857143
2018-01-11 00:00:00,568,840.2307692307693,2442.0165113339654,621.7159047619049
2018-01-11 00:00:00,568,840.2307692307693,2555.872510549562,578.6565714285715
2018-01-11 01:00:00,352,520.4200244200244,2543.7990041785915,378.41483333333343
2018-01-11 01:00:00,352,520.4200244200244,2534.9008848252643,376.6435952380952
2018-01-11 02:00:00,291,391.66360856269114,2623.3455726693464,308.3599166666667
2018-01-11 02:00:00,291,391.66360856269114,2614.447453316019,301.32172619047617
2018-01-11 02:00:00,291,391.66360856269114,2728.3034525316157,310.2469166666667
2018-01-11 03:00:00,391,371.06679035250465,2679.131896234741,454.96661904761896
2018-01-11 03:00:00,391,371.06679035250465,2688.030015588068,446.848857142857
2018-01-11 04:00:00,855,696.3011904761905,2739.757733649119,895.2260357142856
2018-01-11 04:00:00,855,696.3011904761905,2730.8596142957917,902.7750357142854
2018-01-11 04:00:00,855,696.3011904761905,2820.746290604503,891.6422023809522
2018-01-11 05:00:00,2869,2071.845731707317,2799.735938786113,2584.0717380952374
2018-01-11 05:00:00,2869,2071.845731707317,2889.622615094824,2565.03807142857
2018-01-11 06:00:00,4869,4163.973699940228,2865.5636221334526,4941.255603174603
2018-01-11 06:00:00,4869,4163.973699940228,3308.5520283796554,4942.397174603174
2018-01-11 06:00:00,4869,4163.973699940228,2955.450298442164,4820.855222222222
2018-01-11 07:00:00,4601,4748.809753160746,3001.652354431562,6109.937083333334
2018-01-11 07:00:00,4601,4748.809753160746,2911.7656781228507,6183.06630952381
2018-01-11 08:00:00,4475,4611.336930455635,2985.7865845419515,5452.045873015873
2018-01-11 08:00:00,4475,4611.336930455635,3075.6732608506627,5384.216182539683
2018-01-11 09:00:00,4021,4385.760351317441,3142.263104483748,4850.633857142857
2018-01-11 09:00:00,4021,4385.760351317441,3052.376428175037,4900.886904761905
2018-01-11 10:00:00,3559,4183.411445783133,3220.4758924744488,4235.260678571428
2018-01-11 10:00:00,3559,4183.411445783133,3130.5892161657375,4234.81180952381
2018-01-11 11:00:00,3524,4475.547449967721,3312.0264854656934,4422.763595238095
2018-01-11 11:00:00,3524,4475.547449967721,3222.139809156982,4454.408809523809
2018-01-11 12:00:00,3587,4725.081841432225,3397.6703362424123,4672.797071428573
2018-01-11 12:00:00,3587,4725.081841432225,3307.783659933701,4666.633777777778
2018-01-11 13:00:00,3293,4727.435270805812,3393.427510710418,4683.582349206349
2018-01-11 13:00:00,3293,4727.435270805812,3483.3141870191293,4667.910226190478
2018-01-11 14:00:00,3557,4949.716550412175,3483.4537831301723,5117.706416666666
2018-01-11 14:00:00,3557,4949.716550412175,3573.3404594388835,5072.93855952381
2018-01-11 15:00:00,4081,5246.461338531514,3661.8424112871467,5425.582873015874
2018-01-11 15:00:00,4081,5246.461338531514,3571.9557349784354,5417.165373015874
2018-01-11 16:00:00,4269,5661.568824638592,3751.8686837069,6288.930095238096
2018-01-11 17:00:00,4178,5329.677461139896,3850.659799412725,5652.775571428571
2018-01-11 17:00:00,4178,5329.677461139896,4203.761529350217,5853.128857142856
2018-01-11 18:00:00,3130,4277.991792929293,3913.8323679651444,4069.3425476190478
2018-01-11 19:00:00,2480,3279.4859154929577,4147.317524463525,2931.090273809524
2018-01-11 20:00:00,2251,2836.232469993683,3908.8933704613046,2837.9783809523815
2018-01-11 21:00:00,2081,2674.197988686361,3987.1061584520066,2920.1683571428566
2018-01-11 22:00:00,1450,2201.658125,4063.658215473548,1900.234523809524
2018-01-11 23:00:00,949,1464.7486338797814,4132.725080035304,1200.5427857142859
2018-01-12 00:00:00,566,840.2307692307693,1992.8533052818161,631.7504166666666
2018-01-12 01:00:00,335,520.4200244200244,2071.066093272517,378.733
2018-01-12 02:00:00,272,391.66360856269114,2144.8964596201827,304.2938095238096
2018-01-12 03:00:00,353,371.06679035250465,2215.8687248963024,355.74516666666676
2018-01-12 04:00:00,828,696.3011904761905,2298.654474601476,776.9841904761904
2018-01-12 05:00:00,2728,2071.845731707317,2378.3915831636677,2355.8435674603174
2018-01-12 06:00:00,4791,4163.973699940228,2461.1773328688414,5129.185071428574
2018-01-12 07:00:00,5517,4748.809753160746,2552.864336257755,5540.137833333333
2018-01-12 08:00:00,4240,4611.336930455635,2638.508187034473,5316.987047619048
2018-01-12 09:00:00,4565,4385.760351317441,2731.392560525772,4571.612476190477
2018-01-12 10:00:00,3988,4183.411445783133,2843.3309411607033,4379.924583333333
2018-01-12 11:00:00,4440,4475.547449967721,2961.176064010161,4577.498888888888
2018-01-12 12:00:00,4958,4725.081841432225,3089.3103507171813,4899.2718412698405
2018-01-12 13:00:00,4928,4727.435270805812,3213.0622157811654,4934.865507936507
2018-01-12 14:00:00,5078,4949.716550412175,3329.3830180591326,5074.739952380953
2018-01-12 15:00:00,5560,5246.461338531514,3432.74709547943,5299.786313492064
2018-01-12 16:00:00,5841,5661.568824638592,3530.0680202875305,6033.964595238096
2018-01-12 17:00:00,5779,5329.677461139896,3616.2834912785574,5794.319166666667
2018-01-12 18:00:00,4677,4277.991792929293,3702.0637524529457,4314.277166666668
2018-01-12 19:00:00,3348,3279.4859154929577,3779.3238400864648,3350.8235
2018-01-12 20:00:00,2690,2836.232469993683,3854.678527005621,2965.2952142857143
2018-01-12 21:00:00,2573,2674.197988686361,3948.5156008541016,3175.9080833333337
2018-01-12 22:00:00,2440,2201.658125,4011.539312803663,2483.8317142857136
2018-01-12 23:00:00,1654,1464.7486338797814,4109.377728152305,1614.5437539682541
2018-01-13 00:00:00,1032,840.2307692307693,837.7656652892911,1062.881119047619
2018-01-13 01:00:00,601,520.4200244200244,930.8405788520258,735.1839761904762
2018-01-13 02:00:00,467,391.66360856269114,1008.8628267712907,610.8112023809524
2018-01-13 03:00:00,361,371.06679035250465,1092.4107367622091,431.56050000000005
2018-01-13 04:00:00,388,696.3011904761905,1167.7654236813655,488.756761904762
2018-01-13 05:00:00,647,2071.845731707317,1253.9808946723924,796.3484603174605
2018-01-13 06:00:00,1175,4163.973699940228,1344.7693273778914,1237.1409761904763
2018-01-13 07:00:00,1720,4748.809753160746,1435.5036304096234,1746.0960952380954
2018-01-13 08:00:00,2582,4611.336930455635,1519.242080471978,2456.092535714286
2018-01-13 09:00:00,3473,4385.760351317441,1620.1291369636026,3173.0951507936497
2018-01-13 10:00:00,3916,4183.411445783133,1748.6445038134957,3530.562523809522
2018-01-13 11:00:00,4155,4475.547449967721,1863.8761953366115,4322.251535714285
2018-01-13 12:00:00,4379,4725.081841432225,2009.6765790134436,4643.557095238097
2018-01-13 13:00:00,4595,4727.435270805812,2116.715047464797,4599.057333333333
2018-01-13 14:00:00,4212,4949.716550412175,2227.5101876711105,4605.2451666666675
2018-01-13 15:00:00,3941,5246.461338531514,2332.7796658057714,4600.33830952381
2018-01-13 16:00:00,3601,5661.568824638592,2444.4733766954996,4557.767404761906
2018-01-13 17:00:00,3374,5329.677461139896,2529.9266874007817,4322.482333333334
2018-01-13 18:00:00,3141,4277.991792929293,2596.5165310338666,3837.3559523809527
2018-01-13 19:00:00,3479,3279.4859154929577,2649.006409380663,3138.0998095238097
2018-01-13 20:00:00,3429,2836.232469993683,2716.603083044696,2644.668757575758
2018-01-13 21:00:00,4055,2674.197988686361,2801.0495637190297,2882.8954242424243
2018-01-13 22:00:00,2990,2201.658125,2877.60162074057,2506.8071269841275
2018-01-13 23:00:00,1872,1464.7486338797814,2955.4333285883986,1860.2572261904766
2018-01-14 00:00:00,1210,840.2307692307693,837.2831219786522,1045.6213809523806
2018-01-14 01:00:00,756,520.4200244200244,938.1701784702764,703.9486428571429
2018-01-14 02:00:00,494,391.66360856269114,1036.3896739617921,547.889369047619
2018-01-14 03:00:00,313,371.06679035250465,1137.0861903819807,382.5228293650795
2018-01-14 04:00:00,271,696.3011904761905,1236.0678461592415,363.74592460317467
2018-01-14 05:00:00,474,2071.845731707317,1320.7589965787781,496.39616666666666
2018-01-14 06:00:00,735,4163.973699940228,1770.049057319424,874.4948333333336
2018-01-14 07:00:00,1296,4748.809753160746,2011.0686056804145,1143.6136666666666
2018-01-14 08:00:00,1880,4611.336930455635,2138.440732101689,1606.0553452380948
2018-01-14 09:00:00,2567,4385.760351317441,2036.894036872009,2598.5601984126974
2018-01-14 10:00:00,3338,4183.411445783133,2155.3107799357767,3092.3929025974026
2018-01-14 10:00:00,3338,4183.411445783133,2065.424103627066,3037.747664502165
2018-01-14 11:00:00,3771,4475.547449967721,2283.8261467856687,3712.0685000000008
2018-01-14 11:00:00,3771,4475.547449967721,2193.9394704769575,3457.209666666666
2018-01-14 12:00:00,4175,4725.081841432225,2403.767210420927,3904.045916666668
2018-01-14 12:00:00,4175,4725.081841432225,2756.868940358419,3691.820666666667
2018-01-14 13:00:00,4567,4727.435270805812,2523.136653841876,4052.950559523811
2018-01-14 13:00:00,4567,4727.435270805812,2876.2383837793677,3737.9181666666664
2018-01-14 14:00:00,3873,4949.716550412175,2540.043776239315,3709.765226190476
2018-01-14 14:00:00,3873,4949.716550412175,2629.930452548026,3975.5052261904766
2018-01-14 15:00:00,3383,5246.461338531514,2732.722909754014,3990.5063928571435
2018-01-14 15:00:00,3383,5246.461338531514,2756.692232660899,3886.705226190477
2018-01-14 16:00:00,2769,5661.568824638592,2830.9424052455297,3951.2152261904766
2018-01-14 16:00:00,2769,5661.568824638592,2741.0557289368185,3635.816892857142
2018-01-14 16:00:00,2769,5661.568824638592,2854.911728152415,3840.5603928571427
2018-01-14 17:00:00,2357,5329.677461139896,2935.4497230944453,3677.287047619049
2018-01-14 17:00:00,2357,5329.677461139896,2845.563046785734,3498.671571428573
2018-01-14 17:00:00,2357,5329.677461139896,2959.4190460013306,3624.6517142857156
2018-01-14 18:00:00,1935,4277.991792929293,2942.067681634323,3205.4583344155853
2018-01-14 18:00:00,1935,4277.991792929293,3031.954357943034,3266.2151439393942
2018-01-14 19:00:00,1800,3279.4859154929577,3052.1006615548913,2314.553920634921
2018-01-14 19:00:00,1800,3279.4859154929577,3141.9873378636025,2517.8417539682537
2018-01-14 20:00:00,2218,2836.232469993683,3237.1581922121363,2267.028714285714
2018-01-14 20:00:00,2218,2836.232469993683,3147.271515903425,2168.141166666667
2018-01-14 21:00:00,2264,2674.197988686361,3319.372321703001,2049.640833333333
2018-01-14 21:00:00,2264,2674.197988686361,3229.48564539429,1981.4048095238097
2018-01-14 22:00:00,2292,2201.658125,3403.682391979665,1761.5983214285716
2018-01-14 22:00:00,2292,2201.658125,3313.795715670954,1749.8478690476195
2018-01-14 22:00:00,2292,2201.658125,3756.784121917157,1752.0848214285718
2018-01-14 23:00:00,979,1464.7486338797814,3483.991120756166,1082.4440238095237
2018-01-14 23:00:00,979,1464.7486338797814,3394.1044444474546,1133.4790714285716
2018-01-15 00:00:00,600,840.2307692307693,2480.9832754955723,596.2909761904763
2018-01-15 00:00:00,600,840.2307692307693,2037.9948692493695,622.8736984126986
2018-01-15 00:00:00,600,840.2307692307693,2127.8815455580807,657.5934047619047
2018-01-15 01:00:00,341,520.4200244200244,2210.8578353346898,415.3899166666667
2018-01-15 01:00:00,341,520.4200244200244,2120.9711590259785,385.1438928571429
2018-01-15 02:00:00,269,391.66360856269114,2290.0233236825725,412.2466507936508
2018-01-15 02:00:00,269,391.66360856269114,2200.136647373861,293.05676190476186
2018-01-15 03:00:00,347,371.06679035250465,2378.144195387963,379.68776190476194
2018-01-15 03:00:00,347,371.06679035250465,2731.2459253254547,417.2124285714285
2018-01-15 04:00:00,775,696.3011904761905,2458.6434642359,845.0218928571427
2018-01-15 04:00:00,775,696.3011904761905,2368.7567879271883,850.0579761904759
2018-01-15 04:00:00,775,696.3011904761905,2811.7451941733916,842.3148214285711
2018-01-15 05:00:00,2183,2071.845731707317,2449.0655167036894,2387.6884960317466
2018-01-15 05:00:00,2183,2071.845731707317,2538.9521930124,2321.51882936508
2018-01-15 05:00:00,2183,2071.845731707317,2892.0539229498922,2363.096940476191
2018-01-15 06:00:00,3637,4163.973699940228,2975.030212726502,5012.848035714287
2018-01-15 06:00:00,3637,4163.973699940228,2621.9284827890106,4960.494321428572
2018-01-15 07:00:00,3651,4748.809753160746,2707.5723335657276,5499.217214285717
2018-01-15 07:00:00,3651,4748.809753160746,2617.6856572570164,5512.349452380953
2018-01-15 07:00:00,3651,4748.809753160746,3060.6740635032193,5559.435452380954
2018-01-15 08:00:00,3231,4611.336930455635,2790.548623342338,4753.853464285715
2018-01-15 08:00:00,3231,4611.336930455635,2700.6619470336263,4753.269083333334
2018-01-15 09:00:00,3410,4385.760351317441,2870.8573521188387,4347.1036904761895
2018-01-15 09:00:00,3410,4385.760351317441,3223.9590820563303,4405.428904761904
2018-01-15 10:00:00,3307,4183.411445783133,3319.7015566191735,3945.950178571429
2018-01-15 10:00:00,3307,4183.411445783133,2966.599826681682,3932.83313095238
2018-01-15 11:00:00,3638,4475.547449967721,3385.351146100266,4150.222428571429
2018-01-15 11:00:00,3638,4475.547449967721,3032.249416162774,4149.162500000002
2018-01-15 12:00:00,3970,4725.081841432225,3487.190902949072,4437.755059523808
2018-01-15 12:00:00,3970,4725.081841432225,3134.0891730115804,4420.172559523809
2018-01-15 13:00:00,4207,4727.435270805812,3268.8799160136828,4383.349571428571
2018-01-15 13:00:00,4207,4727.435270805812,3621.981645951175,4440.5768809523815
2018-01-15 14:00:00,4440,4949.716550412175,3725.3457233714716,4531.718642857141
2018-01-15 15:00:00,4414,5246.461338531514,3433.8922414149088,5213.22480952381
2018-01-15 15:00:00,4414,5246.461338531514,3786.993971352401,5287.62242857143
2018-01-15 16:00:00,4800,5661.568824638592,3524.680674120408,5149.530142857142
2018-01-15 16:00:00,4800,5661.568824638592,3877.7824040579,5127.430345238095
2018-01-15 17:00:00,4437,5329.677461139896,3609.562364611381,4669.742261904761
2018-01-15 18:00:00,3528,4277.991792929293,3732.5396231844306,3755.9711269841255
2018-01-15 19:00:00,2611,3279.4859154929577,3829.8064183187657,2511.2619047619046
2018-01-15 20:00:00,2162,2836.232469993683,3910.8773073810107,2197.3795000000005
2018-01-15 21:00:00,1977,2674.197988686361,4005.095461372364,1849.7821230158731
2018-01-15 22:00:00,1430,2201.658125,3980.3310714237846,1397.4047023809526
2018-01-15 23:00:00,888,1464.7486338797814,4152.95918034432,984.7389166666667
2018-01-16 00:00:00,494,840.2307692307693,1952.2071372337912,516.5607857142855
2018-01-16 01:00:00,321,520.4200244200244,1956.6370616835472,332.20266666666663
2018-01-16 02:00:00,255,391.66360856269114,2021.5403427613019,254.4705833333333
2018-01-16 03:00:00,354,371.06679035250465,2131.5450245942743,330.97479365079374
2018-01-16 04:00:00,872,696.3011904761905,2261.518136136702,801.8562380952383
2018-01-16 05:00:00,2836,2071.845731707317,2489.8943776906863,2301.9576428571427
2018-01-16 06:00:00,5254,4163.973699940228,2622.0175596926806,4860.3844285714285
2018-01-16 07:00:00,5568,4748.809753160746,2712.6154523267433,5266.39584920635
2018-01-16 08:00:00,5066,4611.336930455635,2769.119118378891,5452.557055555555
2018-01-16 09:00:00,5045,4385.760351317441,2616.2496060602944,4172.1857500000015
2018-01-16 09:00:00,5045,4385.760351317441,2706.1362823690056,4189.493821428573
2018-01-16 10:00:00,4302,4183.411445783133,2992.0307330863843,3824.017734126984
2018-01-16 11:00:00,4332,4475.547449967721,2944.1005627199693,3971.4372023809533
2018-01-16 11:00:00,4332,4475.547449967721,2854.213886411258,3847.4107619047613
2018-01-16 12:00:00,4602,4725.081841432225,2983.1569699613374,4535.591416666667
2018-01-16 13:00:00,4608,4727.435270805812,3096.810211239196,4515.253726190476
2018-01-16 14:00:00,4625,4949.716550412175,3213.076883843397,4728.571130952381
2018-01-16 15:00:00,5424,5246.461338531514,3317.584201692311,5149.286055555555
2018-01-16 16:00:00,6186,5661.568824638592,3407.0929835715233,5789.175309523811
2018-01-16 17:00:00,5809,5329.677461139896,3499.732687317619,5462.618988095239
2018-01-16 18:00:00,4066,4277.991792929293,3569.752252236557,3682.259357142857
2018-01-16 19:00:00,2924,3279.4859154929577,3640.915057584115,2745.1139801587306
2018-01-16 20:00:00,2574,2836.232469993683,3728.4643090751956,2162.948523809524
2018-01-16 21:00:00,2330,2674.197988686361,3807.1123068825364,2156.0865952380946
2018-01-16 22:00:00,1522,2201.658125,3898.472359802344,1546.506746031746
2018-01-16 23:00:00,977,1464.7486338797814,3982.5918900075712,908.0639206349207
2018-01-17 00:00:00,491,840.2307692307693,1865.2038436835699,477.9658571428569
2018-01-17 01:00:00,303,520.4200244200244,1955.2301161033238,318.7487142857143
2018-01-17 02:00:00,245,391.66360856269114,2049.638810166113,256.45723809523804
2018-01-17 03:00:00,346,371.06679035250465,2145.3812847289564,312.06610714285705
2018-01-17 04:00:00,882,696.3011904761905,2244.9345607205264,823.0825476190477
2018-01-17 05:00:00,2856,2071.845731707317,2346.774317569333,2554.3063333333334
2018-01-17 06:00:00,5351,4163.973699940228,2452.615415918302,5428.245999999998
2018-01-17 07:00:00,5684,4748.809753160746,2560.361914981634,5614.70927777778
2018-01-17 08:00:00,5345,4611.336930455635,2997.4574111503553,5638.814714285712
2018-01-17 09:00:00,4847,4385.760351317441,3118.922795357104,4514.338738095238
2018-01-17 10:00:00,4412,4183.411445783133,3336.327821065177,4107.149976190477
2018-01-17 11:00:00,4497,4475.547449967721,3056.703155737626,4471.513095238097
2018-01-17 12:00:00,4653,4725.081841432225,3194.173905945026,4726.112007936507
2018-01-17 13:00:00,4917,4727.435270805812,3606.9603812672935,4662.200412698412
2018-01-17 14:00:00,5147,4949.716550412175,3436.1519740013414,5139.769345238094
2018-01-17 15:00:00,3271,5246.461338531514,3563.333560351179,5619.270523809523
2018-01-17 16:00:00,5287,5661.568824638592,3681.6961737411802,6393.470666666666
2018-01-17 17:00:00,5676,5329.677461139896,3765.2440837320983,6085.849722222222
2018-01-17 18:00:00,4207,4277.991792929293,3861.1770983663782,4288.9986645021645
2018-01-17 19:00:00,3080,3279.4859154929577,3955.395252357731,3243.843738095237
2018-01-17 20:00:00,2777,2836.232469993683,4047.136385420412,2788.7496547619044
2018-01-17 21:00:00,2278,2674.197988686361,4147.070741554854,2611.868714285714
2018-01-17 22:00:00,1706,2201.658125,4228.195760290868,1900.5020238095242
2018-01-17 23:00:00,2597,1464.7486338797814,4313.0774507818405,997.5029523809525
2018-01-18 00:00:00,756,840.2307692307693,2193.5934636720385,579.4274642857142
2018-01-18 01:00:00,352,520.4200244200244,2275.2359729485943,406.7025
2018-01-18 03:00:00,366,371.06679035250465,2457.574998645337,410.7102142857144
2018-01-18 04:00:00,883,696.3011904761905,2543.9810097078,857.3499166666667
2018-01-18 05:00:00,2952,2071.845731707317,2650.393728271078,2566.9913333333325
2018-01-18 06:00:00,5369,4163.973699940228,2751.8524049770117,5316.58176984127
2018-01-18 07:00:00,5848,4748.809753160746,2835.40031496793,5162.430908730158
2018-01-18 08:00:00,5751,4611.336930455635,3254.7755844930725,5597.957333333333
2018-01-18 09:00:00,5143,4385.760351317441,3302.9631494942305,4773.984904761905
2018-01-18 10:00:00,4479,4183.411445783133,3156.108661555489,4264.122809523809
2018-01-18 11:00:00,4706,4475.547449967721,3308.250997263487,4758.067166666667
2018-01-18 12:00:00,4872,4725.081841432225,3442.292026185033,4930.377416666666
2018-01-18 13:00:00,4878,4727.435270805812,3552.9507559936765,5047.72951984127
2018-01-18 14:00:00,5056,4949.716550412175,4084.2710330207956,5477.773357142856
2018-01-18 15:00:00,5834,5246.461338531514,4191.44591186982,5783.907333333334
2018-01-18 16:00:00,6527,5661.568824638592,4279.56678357521,6215.966166666667
2018-01-18 17:00:00,6039,5329.677461139896,4347.2998676369125,6074.682452380954
2018-01-18 18:00:00,4502,4277.991792929293,4416.36673219867,4549.536345238095
2018-01-18 19:00:00,3289,3279.4859154929577,4515.717021913615,2845.16969047619
2018-01-18 20:00:00,3096,2836.232469993683,4589.928468404154,2896.7566507936504
2018-01-18 21:00:00,2753,2674.197988686361,4682.812841895451,3044.8154841269843
2018-01-18 22:00:00,1797,2201.658125,4329.2710750557935,2117.792857142857
2018-01-18 23:00:00,1188,1464.7486338797814,4350.341780937235,1258.854904761905
2018-01-19 00:00:00,589,840.2307692307693,2229.9050934702527,647.8042857142855
2018-01-19 01:00:00,333,520.4200244200244,2335.5556517477853,398.81025
2018-01-19 02:00:00,283,391.66360856269114,2423.676523453176,335.82661904761903
2018-01-19 03:00:00,373,371.06679035250465,2519.418998016019,413.8430833333334
2018-01-19 04:00:00,886,696.3011904761905,2676.6859763311572,801.9252619047621
2018-01-19 05:00:00,2795,2071.845731707317,2710.5228669988337,2483.674876623376
2018-01-19 06:00:00,5340,4163.973699940228,2802.073459990079,5174.760523809525
2018-01-19 07:00:00,6309,4748.809753160746,3414.5314219222446,6174.611595238093
2018-01-19 08:00:00,5673,4611.336930455635,3508.940115985034,5697.010619047621
2018-01-19 09:00:00,4948,4385.760351317441,3160.161850931283,4863.849119047619
2018-01-19 10:00:00,4463,4183.411445783133,3717.7642116114275,4459.8065502830505
2018-01-19 11:00:00,4936,4475.547449967721,3835.41879438945,4875.961523809523
2018-01-19 12:00:00,5218,4725.081841432225,3948.6909555244347,5057.511142857143
2018-01-19 13:00:00,5101,4727.435270805812,4034.3472525063426,5051.829095238096
2018-01-19 14:00:00,5302,4949.716550412175,4154.288316141599,5497.003373015872
2018-01-19 15:00:00,5810,5246.461338531514,4255.1753726332245,5828.091619047619
2018-01-19 16:00:00,6305,5661.568824638592,4276.89031390992,6488.604023809523
2018-01-19 17:00:00,5657,5329.677461139896,4361.772004400893,5855.853119047621
2018-01-19 18:00:00,4503,4277.991792929293,4509.058283820397,4761.953698412699
2018-01-19 19:00:00,3516,3279.4859154929577,4578.125148382154,3392.137749999999
2018-01-19 20:00:00,3094,2836.232469993683,4674.058163016434,2773.997865079365
2018-01-19 21:00:00,3370,2674.197988686361,4771.134418079332,2889.952341269841
2018-01-19 22:00:00,2819,2201.658125,4459.689560821914,2631.013463369962
2018-01-19 23:00:00,1892,1464.7486338797814,4538.092888884052,1920.5234675324673
2018-01-20 00:00:00,1179,840.2307692307693,1250.094379877512,1183.3085476190472
2018-01-20 01:00:00,759,520.4200244200244,1340.3111923687015,792.9281666666668
2018-01-20 02:00:00,528,391.66360856269114,1336.8022290348576,606.8353690476192
2018-01-20 03:00:00,366,371.06679035250465,1397.866410596289,520.5462142857142
2018-01-20 04:00:00,399,696.3011904761905,1580.789274373643,404.1014047619048
2018-01-20 05:00:00,703,2071.845731707317,1552.0055057204554,677.4357261904761
2018-01-20 05:00:00,703,2071.845731707317,1665.861504936052,638.9736904761902
2018-01-20 05:00:00,703,2071.845731707317,1994.9939119666583,688.7216904761904
2018-01-20 06:00:00,1307,4163.973699940228,2082.1620833148672,1176.7867619047624
2018-01-20 06:00:00,1307,4163.973699940228,1753.0296762842609,1167.0021428571433
2018-01-20 06:00:00,1307,4163.973699940228,1639.1736770686641,1174.2950952380954
2018-01-20 07:00:00,1888,4748.809753160746,1918.1670017457561,1678.14938095238
2018-01-20 08:00:00,2838,4611.336930455635,2324.1406710536307,2481.482166666666
2018-01-20 09:00:00,3381,4385.760351317441,2438.74661268867,3234.7277857142867
2018-01-20 10:00:00,4033,4183.411445783133,2166.997885506734,3711.823869047619
2018-01-20 11:00:00,4425,4475.547449967721,2692.538165174038,4190.547976190476
2018-01-20 12:00:00,4886,4725.081841432225,2851.336957177118,5079.594428571429
2018-01-20 13:00:00,4693,4727.435270805812,2926.8946303728994,5126.950166666666
2018-01-20 14:00:00,4986,4949.716550412175,3030.8303280075056,5031.909166666666
2018-01-20 15:00:00,4811,5246.461338531514,3142.5781685710012,4932.831071428571
2018-01-20 16:00:00,4757,5661.568824638592,3274.129730358686,4920.345428571428
2018-01-20 17:00:00,4754,5329.677461139896,3365.4897832784945,4409.822250000001
2018-01-20 18:00:00,4530,4277.991792929293,2990.2264482950936,4126.25580952381
2018-01-20 19:00:00,3900,3279.4859154929577,3068.058156142922,3139.2881904761903
2018-01-20 20:00:00,3497,2836.232469993683,3564.5096000971926,2674.04125
2018-01-20 21:00:00,3742,2674.197988686361,3650.5345310167836,2760.1350595238096
2018-01-20 22:00:00,3608,2201.658125,3323.2748478301487,3302.5895
2018-01-20 23:00:00,3427,1464.7486338797814,3445.9472676822406,2450.8120238095244
2018-01-21 00:00:00,1830,840.2307692307693,1312.1089799979895,1299.5299999999997
2018-01-21 01:00:00,1254,520.4200244200244,1423.5395356353374,802.1060238095238
2018-01-21 02:00:00,788,391.66360856269114,1511.660407340727,661.2327261904762
2018-01-21 03:00:00,367,371.06679035250465,1609.6893627608065,519.3461626984126
2018-01-21 04:00:00,433,696.3011904761905,1615.2625276391816,408.47666269841267
2018-01-21 05:00:00,582,2071.845731707317,1788.9797473145686,499.28269047619057
2018-01-21 06:00:00,1070,4163.973699940228,1789.2177901927269,842.3359999999999
2018-01-21 07:00:00,1343,4748.809753160746,2090.1107768798083,1206.6995476190473
2018-01-21 08:00:00,2056,4611.336930455635,2158.4279273610096,2249.308134920635
2018-01-21 09:00:00,2804,4385.760351317441,2563.067816168829,2613.2666666666664
2018-01-21 10:00:00,3355,4183.411445783133,2668.3372943034888,3035.9057770562754
2018-01-21 11:00:00,3686,4475.547449967721,2777.6081139383127,3667.8394404761893
2018-01-21 12:00:00,4247,4725.081841432225,2913.7326374404693,4283.548928571429
2018-01-21 13:00:00,4403,4727.435270805812,3015.7629343607114,4365.124333333334
2018-01-21 14:00:00,4464,4949.716550412175,3113.982429852228,4345.074428571429
2018-01-21 15:00:00,4261,5246.461338531514,3205.723562914908,4304.968797619048
2018-01-21 16:00:00,4236,5661.568824638592,3297.464695977589,4278.469186507938
2018-01-21 17:00:00,3791,5329.677461139896,3390.9206896831965,4006.844091269841
2018-01-21 18:00:00,2398,4277.991792929293,3478.088861031405,3589.3806111111126
2018-01-21 19:00:00,1992,3279.4859154929577,3572.307015022758,2617.764956349207
2018-01-21 20:00:00,2566,2836.232469993683,3665.3819285854934,2385.115142857142
2018-01-21 21:00:00,2433,2674.197988686361,3758.2663020767923,2609.3968571428572
2018-01-21 22:00:00,1481,2201.658125,3735.2167727711385,1457.067888888889
2018-01-21 23:00:00,848,1464.7486338797814,3829.625466833928,846.0114047619048
2018-01-22 00:00:00,486,840.2307692307693,2471.9915710643522,532.6342976190477
2018-01-22 01:00:00,337,520.4200244200244,2226.9526442356278,348.0537777777778
2018-01-22 02:00:00,254,391.66360856269114,2313.739735440963,258.00538888888883
2018-01-22 03:00:00,325,371.06679035250465,2737.306886537705,314.3945335497835
2018-01-22 04:00:00,897,696.3011904761905,2909.9349954582412,754.3422023809524
2018-01-22 05:00:00,2797,2071.845731707317,2812.1866554521,2324.488547619048
2018-01-22 05:00:00,2797,2071.845731707317,2722.2999791433886,2319.276904761905
2018-01-22 06:00:00,5109,4163.973699940228,2905.261569014835,5343.900761904763
2018-01-22 06:00:00,5109,4163.973699940228,2815.374892706124,5373.117547619049
2018-01-22 07:00:00,5250,4748.809753160746,2994.906761291716,5826.838666666666
2018-01-22 08:00:00,4429,4611.336930455635,3082.8370929256694,5383.0226111111115
2018-01-22 09:00:00,3794,4385.760351317441,3172.863365345424,4353.794154761904
2018-01-22 10:00:00,3351,4183.411445783133,3176.0516025994475,4040.7142857142844
2018-01-22 10:00:00,3351,4183.411445783133,3265.9382789081587,4010.9864523809506
2018-01-22 11:00:00,3240,4475.547449967721,3357.679411970839,3825.115238095237
2018-01-22 11:00:00,3240,4475.547449967721,3267.7927356621276,4037.7664999999997
2018-01-22 11:00:00,3240,4475.547449967721,3381.648734877724,3955.2760238095234
2018-01-22 12:00:00,3143,4725.081841432225,3447.8962244620293,3806.830285714286
2018-01-22 12:00:00,3143,4725.081841432225,3358.009548153318,3958.03461111111
2018-01-22 12:00:00,3143,4725.081841432225,3471.8655473689146,3923.5417619047616
2018-01-22 13:00:00,3066,4727.435270805812,3542.3049185248187,3805.0252857142855
2018-01-22 13:00:00,3066,4727.435270805812,3566.274241431704,3915.3452619047616
2018-01-22 13:00:00,3066,4727.435270805812,3452.4182422161075,3953.695833333333
2018-01-22 14:00:00,2846,4949.716550412175,3634.0460515874993,4291.709535714286
2018-01-22 14:00:00,2846,4949.716550412175,3658.0153744943846,4288.715309523811
2018-01-22 15:00:00,2132,5246.461338531514,3748.6132671284468,4547.1549246031755
2018-01-22 15:00:00,2132,5246.461338531514,3724.6439442215615,4614.583448412699
2018-01-22 16:00:00,1488,5661.568824638592,3806.476993569553,5848.625103174604
2018-01-22 16:00:00,1488,5661.568824638592,3830.4463164764384,5820.552773809523
2018-01-22 17:00:00,1379,5329.677461139896,3898.218126632234,4880.707059523811
2018-01-22 17:00:00,1379,5329.677461139896,3922.1874495391194,4859.348345238096
2018-01-22 18:00:00,1086,4277.991792929293,3983.099817123207,3961.8445317460305
2018-01-22 18:00:00,1086,4277.991792929293,4007.069140030092,4048.6166904761894
2018-01-22 18:00:00,1086,4277.991792929293,3893.2131408144955,4075.797
2018-01-22 19:00:00,1291,3279.4859154929577,4080.1760721861046,2370.7382337662343
2018-01-22 19:00:00,1291,3279.4859154929577,3990.2893958773934,2313.335495670996
2018-01-22 20:00:00,889,2836.232469993683,4174.584766248894,2242.6896746031753
2018-01-22 20:00:00,889,2836.232469993683,4084.6980899401824,2244.6732698412698
2018-01-22 20:00:00,889,2836.232469993683,4198.554089155779,2184.3203412698417
2018-01-22 21:00:00,1246,2674.197988686361,4267.850219883065,1834.9920396825391
2018-01-22 21:00:00,1246,2674.197988686361,4177.963543574354,1849.6693015873016
2018-01-22 22:00:00,1631,2201.658125,4363.402154374472,1720.3392619047618
2018-01-22 22:00:00,1631,2201.658125,4273.515478065761,1733.2495
2018-01-22 23:00:00,570,1464.7486338797814,4453.809506937098,1310.4746825396826
2018-01-22 23:00:00,570,1464.7486338797814,4363.922830628387,1277.7998492063493
2018-01-23 00:00:00,446,840.2307692307693,2331.2768786843153,553.8610595238097
2018-01-23 01:00:00,245,520.4200244200244,2417.8734298182158,333.3929523809524
2018-01-23 02:00:00,211,391.66360856269114,2510.7578033095147,291.0204365079365
2018-01-23 03:00:00,282,371.06679035250465,2767.9132648786344,406.46015873015887
2018-01-23 04:00:00,705,696.3011904761905,2421.285589966899,844.9117579365077
2018-01-23 05:00:00,2008,2071.845731707317,2502.165938957709,2490.2521190476186
2018-01-23 06:00:00,3674,4163.973699940228,3002.6187244121425,4791.473095238096
2018-01-23 07:00:00,3788,4748.809753160746,3126.7392234138115,5331.934023809524
2018-01-23 08:00:00,3196,4611.336930455635,3219.242516762237,4228.260853174604
2018-01-23 09:00:00,3337,4385.760351317441,3276.889423243003,4313.831547619047
2018-01-23 10:00:00,3237,4183.411445783133,3291.7449219479913,4044.7946428571427
2018-01-23 11:00:00,3299,4475.547449967721,3397.5860202969598,4000.4907619047613
2018-01-23 12:00:00,3506,4725.081841432225,3168.361919397451,4360.81238095238
2018-01-23 13:00:00,3670,4727.435270805812,3620.319541138206,4446.208702380951
2018-01-23 14:00:00,4001,4949.716550412175,3400.8129838819495,4945.529749999999
2018-01-23 15:00:00,4287,5246.461338531514,3844.958462693815,5547.595103174604
2018-01-23 16:00:00,5068,5661.568824638592,3616.8776022229235,6197.733238095238
2018-01-23 17:00:00,4650,5329.677461139896,4157.958759105932,5780.928642857142
2018-01-23 18:00:00,3467,4277.991792929293,4092.553551523589,4439.579378787878
2018-01-23 19:00:00,2652,3279.4859154929577,4229.931747228403,3049.066436507937
2018-01-23 20:00:00,2279,2836.232469993683,4305.667514290432,2513.591988095238
2018-01-23 21:00:00,2175,2674.197988686361,3976.8835105323074,2708.0088571428573
2018-01-23 22:00:00,1412,2201.658125,4078.1516471668047,1719.2704761904758
2018-01-23 23:00:00,979,1464.7486338797814,4164.748198300704,996.1992857142858
2018-01-24 00:00:00,512,840.2307692307693,2041.0723296193034,575.553857142857
2018-01-24 01:00:00,350,520.4200244200244,2116.8080966813322,366.4125714285713
2018-01-24 02:00:00,235,391.66360856269114,2566.7672435226896,301.1030357142856
2018-01-24 03:00:00,373,371.06679035250465,2262.372888590864,350.8935952380952
2018-01-24 04:00:00,893,696.3011904761905,2452.97555944314,823.8871706349206
2018-01-24 05:00:00,2915,2071.845731707317,2587.7663024452427,2402.609047619048
2018-01-24 06:00:00,5445,4163.973699940228,3001.171034539133,4923.427476190477
2018-01-24 07:00:00,5866,4748.809753160746,3132.3539623891343,5674.949297619048
2018-01-24 08:00:00,5625,4611.336930455635,3024.32890473062,4971.333380952383
2018-01-24 09:00:00,5153,4385.760351317441,3043.9035881281684,4652.857654761904
2018-01-24 10:00:00,4359,4183.411445783133,3154.508188263046,4185.106964285713
2018-01-24 11:00:00,4510,4475.547449967721,3277.497893041285,4258.953869047617
2018-01-24 12:00:00,4704,4725.081841432225,3389.6268137476522,4574.141369047618
2018-01-24 13:00:00,4672,4727.435270805812,3462.135845800453,4481.339416666667
2018-01-24 14:00:00,4878,4949.716550412175,3596.354968588246,4986.468194444444
2018-01-24 15:00:00,5570,5246.461338531514,4140.420971397511,5571.748547619048
2018-01-24 16:00:00,6395,5661.568824638592,4111.027837316635,6492.489952380953
2018-01-24 17:00:00,5836,5329.677461139896,3893.871556134339,6168.353571428571
2018-01-24 18:00:00,4270,4277.991792929293,3985.4221491255835,4401.4263452380965
2018-01-24 19:00:00,3104,3279.4859154929577,4076.972742116828,3045.1259999999993
2018-01-24 20:00:00,2720,2836.232469993683,4165.2841538936555,2653.37969047619
2018-01-24 21:00:00,2567,2674.197988686361,4256.834746884899,2281.305214285714
2018-01-24 22:00:00,2254,2201.658125,4351.243440947688,1621.9641309523813
2018-01-24 23:00:00,1074,1464.7486338797814,4444.508894581859,968.7004523809522
2018-01-24 23:00:00,1074,1464.7486338797814,4887.497300828062,973.2734285714286
2018-01-25 00:00:00,578,840.2307692307693,2327.883008543603,541.4535714285712
2018-01-25 00:00:00,578,840.2307692307693,2770.871414789806,558.6971428571427
2018-01-25 01:00:00,345,520.4200244200244,2423.625483106446,360.19386904761916
2018-01-25 02:00:00,265,391.66360856269114,2519.1774175978535,288.24870238095235
2018-01-25 03:00:00,398,371.06679035250465,2613.586111660643,391.77311904761905
2018-01-25 04:00:00,929,696.3011904761905,2711.996147223596,872.0647063492061
2018-01-25 05:00:00,2932,2071.845731707317,2805.071060786331,2709.855202380952
2018-01-25 06:00:00,5498,4163.973699940228,2896.812193849011,5158.669234126984
2018-01-25 06:00:00,5498,4163.973699940228,3010.6681930646073,5220.2335555555555
2018-01-25 07:00:00,5702,4748.809753160746,2991.2208879118,6187.395619047618
2018-01-25 07:00:00,5702,4748.809753160746,3105.0768871273967,6112.240261904762
2018-01-25 08:00:00,5616,4611.336930455635,3200.81936169024,5589.933904761905
2018-01-25 08:00:00,5616,4611.336930455635,3086.9633624746434,5597.390928571429
2018-01-25 09:00:00,5177,4385.760351317441,3185.18285796616,4781.391059523809
2018-01-25 09:00:00,5177,4385.760351317441,3299.0388571817566,4726.699369047618
2018-01-25 10:00:00,4525,4183.411445783133,3280.7347924575674,4246.1060595238105
2018-01-25 10:00:00,4525,4183.411445783133,3394.590791673164,4239.037142857143
2018-01-25 11:00:00,4529,4475.547449967721,3471.508525257903,4491.185190476191
2018-01-25 11:00:00,4529,4475.547449967721,3381.6218489491916,4517.470857142857
2018-01-25 12:00:00,4646,4725.081841432225,3569.7280207494186,4782.028817460318
2018-01-25 12:00:00,4646,4725.081841432225,3479.8413444407074,4767.391658730159
2018-01-25 13:00:00,4866,4727.435270805812,3575.5838190035506,4788.330396825398
2018-01-25 14:00:00,5152,4949.716550412175,3668.658732566286,5378.475119047618
2018-01-25 15:00:00,5720,5246.461338531514,3765.7349876291837,5759.901285714284
2018-01-25 15:00:00,5720,5246.461338531514,3855.6216639378945,5735.273119047618
2018-01-25 16:00:00,6669,5661.568824638592,3860.143681691973,6567.602345238095
2018-01-25 17:00:00,5883,5329.677461139896,3954.361835683326,6153.476119047618
2018-01-25 17:00:00,5883,5329.677461139896,4397.350241929529,6178.86280952381
2018-01-25 18:00:00,4449,4277.991792929293,4048.961069817551,4381.549916666667
2018-01-25 18:00:00,4449,4277.991792929293,4491.949476063754,4434.063035714285
2018-01-25 18:00:00,4449,4277.991792929293,4138.847746126263,4462.8341190476185
2018-01-25 19:00:00,3637,3279.4859154929577,4143.179223808905,3145.7081428571423
2018-01-25 19:00:00,3637,3279.4859154929577,4586.167630055108,3233.6762619047618
2018-01-25 19:00:00,3637,3279.4859154929577,4233.0659001176155,3185.159476190476
2018-01-25 20:00:00,3009,2836.232469993683,4331.475935680569,2693.7834999999995
2018-01-25 20:00:00,3009,2836.232469993683,4241.589259371857,2780.991523809523
2018-01-25 21:00:00,2817,2674.197988686361,4307.429388924385,2951.80619047619
2018-01-25 21:00:00,2817,2674.197988686361,4750.417795170588,2887.367738095237
2018-01-25 21:00:00,2817,2674.197988686361,4397.316065233096,2851.5198333333324
2018-01-25 22:00:00,2047,2201.658125,4408.697525558882,1941.6988571428565
2018-01-25 22:00:00,2047,2201.658125,4851.685931805086,2054.008857142857
2018-01-25 23:00:00,1216,1464.7486338797814,4426.220585263979,1358.644595238095
2018-01-25 23:00:00,1216,1464.7486338797814,4869.208991510182,1327.110095238095
2018-01-26 00:00:00,893,840.2307692307693,2223.426731041417,642.6329523809521
2018-01-26 00:00:00,893,840.2307692307693,2666.41513728762,759.7268246753246
2018-01-26 01:00:00,553,520.4200244200244,2763.4913923505187,383.9514880952381
2018-01-26 01:00:00,553,520.4200244200244,2320.502986104316,401.02975
2018-01-26 02:00:00,421,391.66360856269114,2413.5778996670506,333.88995238095237
2018-01-26 02:00:00,421,391.66360856269114,2856.5663059132535,334.51911904761903
2018-01-26 03:00:00,480,371.06679035250465,2517.513597301657,411.7955833333334
2018-01-26 04:00:00,986,696.3011904761905,2692.5008022603724,797.2075952380957
2018-01-26 05:00:00,2821,2071.845731707317,2820.8256290388294,2612.7447619047625
2018-01-26 06:00:00,5179,4163.973699940228,2913.900542601564,5343.399556277057
2018-01-26 07:00:00,6059,4748.809753160746,3361.6662827707187,6012.028940476192
2018-01-26 08:00:00,5953,4611.336930455635,3553.538938906324,5429.595090909092
2018-01-26 09:00:00,4939,4385.760351317441,3254.0981061493944,4985.251690476191
2018-01-26 10:00:00,4693,4183.411445783133,3366.4175669271985,4689.400988095237
2018-01-26 11:00:00,5029,4475.547449967721,3775.202700749304,5026.09229076479
2018-01-26 12:00:00,5401,4725.081841432225,3882.3775795983265,5220.202761904762
2018-01-26 13:00:00,5380,4727.435270805812,3982.1213956613337,5202.364166666667
2018-01-26 14:00:00,5464,4949.716550412175,4076.5300897241227,5528.740158730158
2018-01-26 15:00:00,5810,5246.461338531514,4288.13880499171,5859.123428571428
2018-01-26 16:00:00,6561,5661.568824638592,3963.3561427337477,6217.808833333333
2018-01-26 17:00:00,5829,5329.677461139896,4460.3792069023275,5777.390333333333
2018-01-26 18:00:00,4811,4277.991792929293,4530.20823174983,4696.533753968254
2018-01-26 19:00:00,3638,3279.4859154929577,4191.706684348453,3526.8669444444427
2018-01-26 20:00:00,3465,2836.232469993683,4686.443267659795,2728.750917027417
2018-01-26 21:00:00,3215,2674.197988686361,4784.650316946123,2786.1816746031745
2018-01-26 22:00:00,2637,2201.658125,4873.723889008695,2468.9729999999995
2018-01-26 23:00:00,1841,1464.7486338797814,4969.466363571539,1877.6206230158725
2018-01-27 00:00:00,1121,840.2307692307693,1706.4286039231579,1128.573464285714
2018-01-27 01:00:00,672,520.4200244200244,1788.6427334140226,778.8642261904762
2018-01-27 02:00:00,476,391.66360856269114,1749.2067579648449,593.84025
2018-01-27 03:00:00,373,371.06679035250465,1819.4168629552205,501.9879523809523
2018-01-27 04:00:00,449,696.3011904761905,1565.0414726261158,409.02047619047624
2018-01-27 05:00:00,753,2071.845731707317,1648.5893826170345,657.4042857142856
2018-01-27 06:00:00,1378,4163.973699940228,1732.137292607953,1151.9795793650796
2018-01-27 07:00:00,2158,4748.809753160746,1817.9175537823403,1612.7004404761894
2018-01-27 08:00:00,2848,4611.336930455635,1906.991125844912,2651.590285714286
2018-01-27 09:00:00,3629,4385.760351317441,1998.5417188361566,3137.4835238095234
2018-01-27 10:00:00,4325,4183.411445783133,2101.5788457873477,3683.8934880952384
2018-01-27 11:00:00,4896,4475.547449967721,2517.795042395468,4097.9674047619055
2018-01-27 12:00:00,5344,4725.081841432225,2342.2231333436075,4447.6610714285725
2018-01-27 13:00:00,5304,4727.435270805812,2857.3475042986393,4911.913261904762
2018-01-27 14:00:00,5132,4949.716550412175,2992.7098675150514,4922.505285714286
2018-01-27 15:00:00,5407,5246.461338531514,2971.5657389237613,4637.072162698413
2018-01-27 16:00:00,5460,5661.568824638592,2745.526689564903,4499.550341269843
2018-01-27 17:00:00,5182,5329.677461139896,2824.6921779127856,4488.6556590909095
2018-01-27 18:00:00,5052,4277.991792929293,2882.952388076439,4226.606190476191
2018-01-27 19:00:00,4090,3279.4859154929577,2965.3029279649727,3185.1771666666664
2018-01-27 20:00:00,3584,2836.232469993683,3037.9900538840207,2822.0043690476186
2018-01-27 21:00:00,3350,2674.197988686361,3113.535280874613,2776.298333333333
2018-01-27 22:00:00,3070,2201.658125,3181.5130346815185,3422.2734126984124
2018-01-27 23:00:00,2033,1464.7486338797814,3708.247903788977,1803.3170357142862
2018-01-28 00:00:00,1260,840.2307692307693,1596.385519536629,1139.7113253968257
2018-01-28 01:00:00,791,520.4200244200244,1691.9374540280364,762.5408798701297
2018-01-28 02:00:00,653,391.66360856269114,1562.1908282257803,587.8708571428572
2018-01-28 03:00:00,444,371.06679035250465,1614.5026127063288,346.4664365079366
2018-01-28 04:00:00,395,696.3011904761905,1741.4812127795424,308.9858333333334
2018-01-28 05:00:00,643,2071.845731707317,2054.7101047071606,469.6805952380953
2018-01-28 06:00:00,1058,4163.973699940228,1913.531074618724,740.9931587301587
2018-01-28 07:00:00,1666,4748.809753160746,2011.7505701102396,1053.011261904762
2018-01-28 08:00:00,2314,4611.336930455635,2097.394420886958,1611.9731190476186
2018-01-28 09:00:00,3024,4385.760351317441,2181.5139510921854,2714.9889047619045
2018-01-28 10:00:00,3564,4183.411445783133,2279.5429065122644,3042.889235930736
2018-01-28 11:00:00,4065,4475.547449967721,2388.0515658613426,3747.8038333333343
2018-01-28 12:00:00,4506,4725.081841432225,2814.4244881373797,3663.568928571429
2018-01-28 12:00:00,4506,4725.081841432225,2461.3227581998876,3896.4299166666674
2018-01-28 13:00:00,4784,4727.435270805812,2597.447281702044,3932.479750000001
2018-01-28 14:00:00,4895,4949.716550412175,2699.2870385508504,3884.8842500000005
2018-01-28 15:00:00,4801,5246.461338531514,2796.172753542312,3855.5715833333343
2018-01-28 16:00:00,4716,5661.568824638592,2890.5814476051014,3750.125416666668
2018-01-28 17:00:00,4535,5329.677461139896,2974.8915178817656,3543.7530714285735
2018-01-28 18:00:00,3849,4277.991792929293,3063.012389587156,3217.978501082251
2018-01-28 19:00:00,3221,3279.4859154929577,3257.4492776462766,2616.4925317460315
2018-01-28 20:00:00,2554,2836.232469993683,3344.2363688516134,2083.533230158731
2018-01-28 21:00:00,2082,2674.197988686361,3424.73563769955,1919.45948015873
2018-01-28 22:00:00,1433,2201.658125,3169.4075470132634,1456.1856190476194
2018-01-28 23:00:00,877,1464.7486338797814,3243.428453432365,1128.6360476190475
2018-01-29 00:00:00,482,840.2307692307693,1882.1742963054999,569.5156547619048
2018-01-29 01:00:00,335,520.4200244200244,1962.2924850105642,365.659
2018-01-29 02:00:00,230,391.66360856269114,2049.8417365016458,248.37076190476185
2018-01-29 03:00:00,353,371.06679035250465,2133.3896464925638,347.63303571428565
2018-01-29 04:00:00,888,696.3011904761905,2219.795657555027,858.2295476190475
2018-01-29 05:00:00,2837,2071.845731707317,2304.6773480459997,2473.11778968254
2018-01-29 06:00:00,5488,4163.973699940228,2380.222575036592,5068.777702380954
2018-01-29 07:00:00,6362,4748.809753160746,2459.3880633844747,5059.463714285714
2018-01-29 08:00:00,5438,4611.336930455635,2544.2697538754473,5351.436238095238
2018-01-29 09:00:00,4715,4385.760351317441,2930.380619196629,4379.328761904763
2018-01-29 10:00:00,4287,4183.411445783133,2759.3275421854737,4024.5793809523807
2018-01-29 11:00:00,4409,4475.547449967721,2882.888867178021,4075.277345238095
2018-01-29 12:00:00,4725,4725.081841432225,3002.6393907418433,4296.491333333334
2018-01-29 13:00:00,4578,4727.435270805812,3103.390036835798,4366.724166666667
2018-01-29 14:00:00,5030,4949.716550412175,3216.85273804222,4445.964202380952
2018-01-29 15:00:00,5527,5246.461338531514,3338.0734525037647,4807.990833333334
2018-01-29 16:00:00,6285,5661.568824638592,3435.775457454739,5581.784892857144
2018-01-29 17:00:00,6023,5329.677461139896,3537.9421647726513,5245.255023809524
2018-01-29 18:00:00,4286,4277.991792929293,3612.534691406062,3837.643142857143
2018-01-29 19:00:00,3448,3279.4859154929577,3664.8881593551882,2661.5906904761905
2018-01-29 20:00:00,2957,2836.232469993683,3739.0996058457263,2178.885607142857
2018-01-29 21:00:00,2657,2674.197988686361,3818.4015045912793,1926.3811785714286
2018-01-29 22:00:00,1955,2201.658125,3887.14141868393,1372.1068333333335
2018-01-29 23:00:00,1185,1464.7486338797814,3967.640687531867,890.1797301587304
2018-01-30 00:00:00,588,840.2307692307693,1840.5350975646134,485.97809523809514
2018-01-30 01:00:00,330,520.4200244200244,1925.9884082698945,323.1210000000001
2018-01-30 02:00:00,249,391.66360856269114,2010.2984785465583,258.8423333333333
2018-01-30 03:00:00,371,371.06679035250465,2097.0855697518946,324.51376984126983
2018-01-30 04:00:00,910,696.3011904761905,2186.540221957339,848.3465476190478
2018-01-30 05:00:00,2876,2071.845731707317,2275.8043340913478,2481.804952380952
2018-01-30 06:00:00,5585,4163.973699940228,2385.6467739404798,5182.459904761904
2018-01-30 07:00:00,6405,4748.809753160746,2509.75142105974,5211.5009206349205
2018-01-30 08:00:00,5489,4611.336930455635,2649.442076245421,5145.51755952381
2018-01-30 09:00:00,4462,4385.760351317441,3133.031669308573,4198.533833333335
2018-01-30 10:00:00,4388,4183.411445783133,3265.9294578015006,3310.605857142857
2018-01-30 11:00:00,4432,4475.547449967721,3391.9678037227213,3970.740785714286
2018-01-30 12:00:00,4783,4725.081841432225,3547.1463343685114,4162.51219047619
2018-01-30 13:00:00,4801,4727.435270805812,3676.042781361277,4172.161309523809
2018-01-30 14:00:00,5195,4949.716550412175,3342.6982620938684,4617.507309523809
2018-01-30 15:00:00,5701,5246.461338531514,3905.4452047027935,5428.886166666666
2018-01-30 16:00:00,6838,5661.568824638592,3563.7169222921866,6188.196047619049
2018-01-30 17:00:00,5944,5329.677461139896,3677.941783784355,5813.687103174603
2018-01-30 18:00:00,4589,4277.991792929293,3786.8315232763052,4181.789807359308
2018-01-30 19:00:00,3090,3279.4859154929577,3887.7185797679304,3006.4231904761914
2018-01-30 20:00:00,2885,2836.232469993683,3989.177256473863,2709.354619047619
2018-01-30 21:00:00,2490,2674.197988686361,4540.491794796609,2475.7983571428576
2018-01-30 22:00:00,2261,2201.658125,4195.524331171584,2418.1721904761903
2018-01-30 23:00:00,1430,1464.7486338797814,4712.9351829838515,1042.6397142857145
2018-01-31 00:00:00,628,840.2307692307693,2525.1398647309934,614.0762023809524
2018-01-31 01:00:00,381,520.4200244200244,2705.9611967232913,434.02790476190467
2018-01-31 03:00:00,376,371.06679035250465,2707.3850525658477,447.43149999999986
2018-01-31 03:00:00,376,371.06679035250465,2731.354375472733,446.59585714285714
2018-01-31 03:00:00,376,371.06679035250465,2617.4983762571364,453.1953809523808
2018-01-31 04:00:00,982,696.3011904761905,2803.1275271286913,956.2800432900431
2018-01-31 04:00:00,982,696.3011904761905,2713.24085081998,967.3086861471857
2018-01-31 05:00:00,2534,2071.845731707317,2781.1769211583073,2690.1419761904754
2018-01-31 05:00:00,2534,2071.845731707317,2871.0635974670186,2669.881857142857
2018-01-31 06:00:00,5081,4163.973699940228,2762.6241121452126,5336.7689956709955
2018-01-31 07:00:00,5675,4748.809753160746,2839.3125795644237,5572.632960317461
2018-01-31 08:00:00,5155,4611.336930455635,2898.090280268619,5569.408404761907
2018-01-31 09:00:00,5210,4385.760351317441,2966.9666047589394,5062.465821428571
2018-01-31 10:00:00,4379,4183.411445783133,3071.80087307696,4286.610690476191
2018-01-31 11:00:00,4546,4475.547449967721,3190.3798581245674,4373.852817460316
2018-01-31 12:00:00,4885,4725.081841432225,3271.9142550910487,4644.617138888889
2018-01-31 13:00:00,5021,4727.435270805812,3377.18373322571,4798.160698412699
2018-01-31 14:00:00,5212,4949.716550412175,3488.550493646332,5146.919142857142
2018-01-31 15:00:00,5941,5246.461338531514,3585.0551284949215,5644.070999999999
2018-01-31 16:00:00,6818,5661.568824638592,4101.703820021442,6468.947571428573
2018-01-31 17:00:00,6351,5329.677461139896,4223.537838165876,6219.5468571428555
2018-01-31 18:00:00,4559,4277.991792929293,4323.281654228881,4484.701892857142
2018-01-31 19:00:00,3400,3279.4859154929577,4186.103965640608,3105.983666666667
2018-01-31 20:00:00,2856,2836.232469993683,4265.2694539884915,2900.393857142857
2018-01-31 20:00:00,2856,2836.232469993683,4175.38277767978,2729.4370238095235
2018-01-31 21:00:00,2564,2674.197988686361,4322.713374192632,2290.3839523809515
2018-01-31 21:00:00,2564,2674.197988686361,4232.826697883921,2282.7804999999994
2018-01-31 22:00:00,1739,2201.658125,4358.245186181595,1552.6608452380951
2018-01-31 22:00:00,1739,2201.658125,4711.346916119088,1591.0170119047614
2018-01-31 23:00:00,1402,1464.7486338797814,4558.305202198772,1053.1698571428572
2018-02-01 00:00:00,716,840.2307692307693,2416.299926627742,582.7471666666668
2018-02-01 01:00:00,363,520.4200244200244,2484.156455199477,363.68316666666675
2018-02-01 02:00:00,285,391.66360856269114,2468.021017821748,299.73949999999996
2018-02-01 03:00:00,362,371.06679035250465,2210.215906206789,329.1464523809523
2018-02-01 04:00:00,936,696.3011904761905,2289.5719346261085,847.6694761904758
2018-02-01 05:00:00,2861,2071.845731707317,2712.5674655085404,2571.0146190476194
2018-02-01 06:00:00,5410,4163.973699940228,2792.495114142169,5375.538976190478
2018-02-01 07:00:00,6303,4748.809753160746,2549.3615880278076,6083.905206349207
2018-02-01 08:00:00,5332,4611.336930455635,2634.6243586616524,5919.207321428572
2018-02-01 09:00:00,5000,4385.760351317441,2742.1261879797826,5015.873976190478
2018-02-01 10:00:00,4438,4183.411445783133,2843.2579142166096,4420.390214285714
2018-02-01 11:00:00,4717,4475.547449967721,2957.101695565905,4601.619071428572
2018-02-01 12:00:00,4843,4725.081841432225,3062.561713772001,4809.240178571428
2018-02-01 13:00:00,5099,4727.435270805812,3172.213613549697,4908.861801587303
2018-02-01 14:00:00,5402,4949.716550412175,3286.629015113301,5268.90530952381
2018-02-01 15:00:00,5961,5246.461338531514,3390.374172676471,5715.379773809524
2018-02-01 16:00:00,6636,5661.568824638592,3497.3585114540574,6472.523563492065
2018-02-01 17:00:00,6375,5329.677461139896,3584.33614273083,5942.646333333333
2018-02-01 18:00:00,4723,4277.991792929293,3668.7826234051636,4499.157027777778
2018-02-01 19:00:00,3595,3279.4859154929577,3742.476579355159,3261.0679603174603
2018-02-01 20:00:00,3133,2836.232469993683,3826.0244893460776,3055.913880952381
2018-02-01 21:00:00,2807,2674.197988686361,4242.541657799675,3054.7852619047626
2018-02-01 22:00:00,2165,2201.658125,3986.451406827643,2233.5201904761907
2018-02-01 23:00:00,1483,1464.7486338797814,4072.476337747234,1202.371392857143
2018-02-02 00:00:00,926,840.2307692307693,1944.4180474227974,648.9778333333334
2018-02-02 01:00:00,521,520.4200244200244,2016.5335531275362,390.23702380952386
2018-02-02 02:00:00,422,391.66360856269114,2100.8436234042,321.5063333333334
2018-02-02 03:00:00,439,371.06679035250465,2180.199651823519,362.0242023809525
2018-02-02 04:00:00,922,696.3011904761905,2256.1259589569845,817.5553571428574
2018-02-02 05:00:00,2731,2071.845731707317,2348.438712233974,2500.2050595238093
2018-02-02 06:00:00,5041,4163.973699940228,2442.847406296763,5159.275178571429
2018-02-02 07:00:00,5843,4748.809753160746,2530.9682780021535,6001.369611111111
2018-02-02 08:00:00,5149,4611.336930455635,2628.0445330650514,5575.605666666666
2018-02-02 09:00:00,4963,4385.760351317441,2722.2626870564045,4811.271880952382
2018-02-02 10:00:00,4379,4183.411445783133,3161.343692236885,4201.290452380953
2018-02-02 11:00:00,4932,4475.547449967721,3007.683891400203,4948.781
2018-02-02 12:00:00,5104,4725.081841432225,3552.7230535707376,4665.930392857145
2018-02-02 13:00:00,5378,4727.435270805812,3669.043855848706,4670.512416666668
2018-02-02 14:00:00,5487,4949.716550412175,3703.1439017687635,5084.859281746033
2018-02-02 15:00:00,6080,5246.461338531514,3889.4908958327146,5691.006261904761
2018-02-02 16:00:00,6646,5661.568824638592,4027.330279977799,6098.842880952384
2018-02-02 17:00:00,5891,5329.677461139896,3901.203915532833,5584.278857142856
2018-02-02 18:00:00,4691,4277.991792929293,3998.0896305242945,4499.764059523808
2018-02-02 19:00:00,3790,3279.4859154929577,4092.498324587084,3496.136916666666
2018-02-02 20:00:00,3216,2836.232469993683,4184.811077864073,2955.543488095238
2018-02-02 21:00:00,3818,2674.197988686361,4283.2211134270265,2999.444011904762
2018-02-02 22:00:00,3788,2201.658125,4386.013570633014,2706.660261904762
2018-02-02 23:00:00,2020,1464.7486338797814,4487.091167196074,1650.0063333333333
2018-02-03 00:00:00,1368,840.2307692307693,1223.672327404822,1308.2846904761902
2018-02-03 01:00:00,926,520.4200244200244,1323.6066835392642,871.926785714286
2018-02-03 02:00:00,631,391.66360856269114,1636.6450353954456,594.1695952380952
2018-02-03 03:00:00,471,371.06679035250465,1736.579391529889,395.5169285714286
2018-02-03 04:00:00,519,696.3011904761905,1832.3218660927323,406.08462698412694
2018-02-03 05:00:00,783,2071.845731707317,1928.064340655576,704.666857142857
2018-02-03 06:00:00,1320,4163.973699940228,1910.1593932787039,1155.288178571429
2018-02-03 07:00:00,1839,4748.809753160746,1896.9182904877077,1903.5986904761908
2018-02-03 08:00:00,2552,4611.336930455635,1988.6594235503887,2863.0462023809523
2018-02-03 08:00:00,2552,4611.336930455635,1898.7727472416777,2792.5733452380955
2018-02-03 08:00:00,2552,4611.336930455635,2341.7611534878806,2883.4606309523806
2018-02-03 09:00:00,3168,4385.760351317441,2092.4045811135584,3417.693182539682
2018-02-03 09:00:00,3168,4385.760351317441,2002.5179048048474,3505.2011190476182
2018-02-03 10:00:00,3572,4183.411445783133,2105.119821939399,3820.064904761904
2018-02-03 10:00:00,3572,4183.411445783133,2195.0064982481103,3871.316488095237
2018-02-03 11:00:00,3838,4475.547449967721,2311.1367604546413,4238.201309523811
2018-02-03 11:00:00,3838,4475.547449967721,2221.2500841459296,4263.591833333335
2018-02-03 12:00:00,3924,4725.081841432225,2413.738677589193,4379.026000000002
2018-02-03 12:00:00,3924,4725.081841432225,2323.8520012804815,4391.6206666666685
2018-02-03 13:00:00,3562,4727.435270805812,2509.481152152036,4354.492059523811
2018-02-03 13:00:00,3562,4727.435270805812,2419.5944758433247,4370.7653928571435
2018-02-03 14:00:00,3572,4949.716550412175,2602.556065714771,4340.91767857143
2018-02-03 14:00:00,3572,4949.716550412175,2626.5253886216565,4338.127678571429
2018-02-03 15:00:00,3716,5246.461338531514,2608.4118639689036,4304.416761904763
2018-02-03 15:00:00,3716,5246.461338531514,2698.298540277615,4300.81742857143
2018-02-03 16:00:00,3752,5661.568824638592,3139.1400617776235,4312.272261904762
2018-02-03 16:00:00,3752,5661.568824638592,2696.1516555314206,4311.264761904761
2018-02-03 16:00:00,3752,5661.568824638592,2786.038331840132,4319.799095238096
2018-02-03 17:00:00,3652,5329.677461139896,2872.2538028311587,4261.703095238096
2018-02-03 17:00:00,3652,5329.677461139896,2782.3671265224475,4218.832761904763
2018-02-03 18:00:00,3763,4277.991792929293,2958.4692738221856,4165.256646825398
2018-02-03 19:00:00,3301,3279.4859154929577,3053.640128170721,3317.1070238095235
2018-02-03 20:00:00,2632,2836.232469993683,3137.7596583759478,2503.167904761905
2018-02-03 21:00:00,2454,2674.197988686361,3218.640007366758,2793.724476190476
2018-02-03 21:00:00,2454,2674.197988686361,3128.7533310580466,2796.547119047619
2018-02-03 22:00:00,2892,2201.658125,3307.523039357893,3112.0789523809526
2018-02-03 22:00:00,2892,2201.658125,3217.636363049182,3045.8250238095234
2018-02-03 23:00:00,2935,1464.7486338797814,3742.457818643377,1787.6448611111111
2018-02-03 23:00:00,2935,1464.7486338797814,3299.469412397174,1879.735015873016
2018-02-03 23:00:00,2935,1464.7486338797814,3389.356088705885,1864.7613253968252
2018-02-04 00:00:00,1536,840.2307692307693,1219.772509013517,1111.3742619047616
2018-02-04 00:00:00,1536,840.2307692307693,1129.885832704806,1128.7901666666664
2018-02-04 00:00:00,1536,840.2307692307693,1572.8742389510087,1123.6384999999996
2018-02-04 01:00:00,986,520.4200244200244,1218.2415615749808,738.0442261904764
2018-02-04 01:00:00,986,520.4200244200244,1128.3548852662695,745.023511904762
2018-02-04 01:00:00,986,520.4200244200244,1571.3432915124727,738.7900119047621
2018-02-04 02:00:00,670,391.66360856269114,1551.1935467469434,605.4225714285715
2018-02-04 03:00:00,520,371.06679035250465,1691.8915516460206,360.9400238095239
2018-02-04 04:00:00,524,696.3011904761905,1320.4390180913463,297.20987698412705
2018-02-04 05:00:00,648,2071.845731707317,1407.416649368119,459.2785079365079
2018-02-04 06:00:00,1046,4163.973699940228,1490.2023990732919,752.3808571428573
2018-02-04 07:00:00,1320,4748.809753160746,1561.9368246351576,1018.6671904761903
2018-02-04 08:00:00,1857,4611.336930455635,1629.6699086968604,1692.9523809523805
2018-02-04 09:00:00,2449,4385.760351317441,1710.7407977591067,2507.0040000000004
2018-02-04 10:00:00,3225,4183.411445783133,1809.1508333220593,3360.7746666666667
2018-02-04 11:00:00,3452,4475.547449967721,1924.1378550999718,3534.0107738095244
2018-02-04 12:00:00,3735,4725.081841432225,2420.3982393003575,3585.152119047619
2018-02-04 13:00:00,3801,4727.435270805812,2152.3970380128712,3922.6018095238105
2018-02-04 14:00:00,3686,4949.716550412175,2263.382718290621,3969.684337301589
2018-02-04 15:00:00,3508,5246.461338531514,2752.1579100312233,3712.2777500000007
2018-02-04 16:00:00,3630,5661.568824638592,2478.6310466720834,4037.288714285715
2018-02-04 17:00:00,2975,5329.677461139896,2565.4722675511857,3539.2405277777784
2018-02-04 18:00:00,2052,4277.991792929293,2651.44306879701,3048.124793650795
2018-02-04 19:00:00,1720,3279.4859154929577,2719.0397424610433,2422.2707738095232
2018-02-04 20:00:00,1855,2836.232469993683,2808.440264992721,2120.0171071428576
2018-02-04 21:00:00,2438,2674.197988686361,2891.470684443097,2161.2888571428575
2018-02-04 22:00:00,2382,2201.658125,2993.446851689573,1633.1151309523807
2018-02-04 23:00:00,1321,1464.7486338797814,3078.328542180546,1781.2689166666664
2018-02-05 00:00:00,836,840.2307692307693,1721.837886839588,523.9552402597403
2018-02-05 01:00:00,505,520.4200244200244,1797.6277835753835,308.433261904762
2018-02-05 02:00:00,411,391.66360856269114,1880.0324531376841,307.04302380952373
2018-02-05 03:00:00,429,371.06679035250465,1979.3410593840513,352.2576547619048
2018-02-05 04:00:00,925,696.3011904761905,2065.9917401917173,853.3540793650791
2018-02-05 05:00:00,2657,2071.845731707317,2173.6841095812833,2582.904666666667
2018-02-05 06:00:00,4846,4163.973699940228,2272.529354960875,5028.114297619047
2018-02-05 07:00:00,6026,4748.809753160746,2377.9893731669713,5843.318098124099
2018-02-05 08:00:00,6048,4611.336930455635,2484.40209173025,5018.514948412699
2018-02-05 09:00:00,4893,4385.760351317441,2591.1958904364005,4781.20580952381
2018-02-05 10:00:00,4124,4183.411445783133,2714.1855952146393,4145.774321428572
2018-02-05 11:00:00,4470,4475.547449967721,3258.8436772423024,4159.056619047619
2018-02-05 12:00:00,4450,4725.081841432225,3168.919926370239,4504.851484126983
2018-02-05 13:00:00,4303,4727.435270805812,3326.0038577303926,4398.272738095239
2018-02-05 14:00:00,4884,4949.716550412175,3401.942611069046,4634.634702380951
2018-02-05 15:00:00,5441,5246.461338531514,3775.0444216403066,5301.307238095237
2018-02-05 15:00:00,5441,5246.461338531514,3421.942691702815,5253.064571428571
2018-02-05 16:00:00,6091,5661.568824638592,3472.2261974897724,6252.813488095238
2018-02-05 16:00:00,6091,5661.568824638592,3825.327927427264,6244.241821428573
2018-02-05 17:00:00,5912,5329.677461139896,3518.3042892866893,5834.806428571428
2018-02-05 18:00:00,4263,4277.991792929293,3565.677883792301,4178.769321428573
2018-02-05 19:00:00,3098,3279.4859154929577,3630.933946925331,2708.491761904761
2018-02-05 20:00:00,2587,2836.232469993683,3720.9602193450855,2410.531142857142
2018-02-05 21:00:00,2136,2674.197988686361,3805.597240090855,2233.416547619048
2018-02-05 22:00:00,1459,2201.658125,3870.716892826216,1581.8883214285715
2018-02-05 23:00:00,887,1464.7486338797814,3942.832398530954,916.5694206349206
2018-02-06 00:00:00,468,840.2307692307693,1812.6781674207186,507.677738095238
2018-02-06 01:00:00,334,520.4200244200244,1884.2220529111485,309.2025952380953
2018-02-06 02:00:00,237,391.66360856269114,1963.387541259031,273.31997619047615
2018-02-06 03:00:00,339,371.06679035250465,2043.8868101069681,373.67544047619054
2018-02-06 04:00:00,850,696.3011904761905,2118.0982565975064,881.9774841269841
2018-02-06 05:00:00,2801,2071.845731707317,2199.931305945498,2546.8118928571434
2018-02-06 06:00:00,5434,4163.973699940228,2271.284651364491,4977.4290238095255
2018-02-06 07:00:00,6067,4748.809753160746,2284.9242944599164,5794.262880952383
2018-02-06 08:00:00,5009,4611.336930455635,2386.1383014206467,5147.405130952381
2018-02-06 09:00:00,5190,4385.760351317441,2564.745767736654,4779.171071428572
2018-02-06 10:00:00,4290,4183.411445783133,2712.3151417301797,4261.93819047619
2018-02-06 11:00:00,4309,4475.547449967721,2860.100887381312,4280.64344047619
2018-02-06 12:00:00,4741,4725.081841432225,2983.6363807876896,4657.354452380951
2018-02-06 13:00:00,4621,4727.435270805812,3396.476985783724,4539.485202380953
2018-02-06 14:00:00,4987,4949.716550412175,3217.094275303136,4866.2430476190475
2018-02-06 15:00:00,5710,5246.461338531514,3325.548804978448,5226.011011904761
2018-02-06 16:00:00,6770,5661.568824638592,3416.337237683947,6212.825777777779
2018-02-06 17:00:00,6207,5329.677461139896,3825.858553168166,6075.798857142858
2018-02-06 18:00:00,4612,4277.991792929293,3989.72181880263,4527.9228095238095
2018-02-06 19:00:00,3217,3279.4859154929577,4123.940941590425,2922.486845238096
2018-02-06 20:00:00,2634,2836.232469993683,4215.300994510233,2595.2853769841277
2018-02-06 21:00:00,2407,2674.197988686361,4309.7096885730225,2549.1792380952375
2018-02-06 22:00:00,1652,2201.658125,4183.964404270929,1699.0030952380953
2018-02-06 23:00:00,1120,1464.7486338797814,4276.848777762227,1126.153238095238
2018-02-07 00:00:00,549,840.2307692307693,2160.222891723971,589.661119047619
2018-02-07 01:00:00,346,520.4200244200244,2164.554369406612,310.93178571428575
2018-02-07 01:00:00,346,520.4200244200244,2254.441045715323,306.6380238095238
2018-02-07 02:00:00,259,391.66360856269114,2347.706499349494,264.8988095238095
2018-02-07 02:00:00,259,391.66360856269114,2257.8198230407834,267.2500238095238
2018-02-07 03:00:00,337,371.06679035250465,2443.2584338409015,349.4086587301587
2018-02-07 03:00:00,337,371.06679035250465,2353.3717575321907,353.738238095238
2018-02-07 04:00:00,865,696.3011904761905,2537.857667975128,840.1117976190476
2018-02-07 04:00:00,865,696.3011904761905,2447.970991666417,851.1520595238094
2018-02-07 05:00:00,2776,2071.845731707317,2590.9316127414213,2527.1097619047614
2018-02-07 05:00:00,2776,2071.845731707317,2501.04493643271,2549.5199999999995
2018-02-07 06:00:00,4899,4163.973699940228,2646.660672302636,5315.157976190476
2018-02-07 07:00:00,4967,4748.809753160746,2539.9077495361607,6243.450107142858
2018-02-07 07:00:00,4967,4748.809753160746,2450.02107322745,6243.213892857144
2018-02-07 08:00:00,4915,4611.336930455635,2524.3689301156573,5663.832357142859
2018-02-07 08:00:00,4915,4611.336930455635,2614.2556064243686,5729.341246031749
2018-02-07 09:00:00,5343,4385.760351317441,2737.62639134548,4815.005952380953
2018-02-07 09:00:00,5343,4385.760351317441,2647.7397150367688,4711.083285714287
2018-02-07 10:00:00,4364,4183.411445783133,2878.5809925125013,4272.828341269842
2018-02-07 11:00:00,4466,4475.547449967721,2996.209743704352,4596.134726190475
2018-02-07 12:00:00,4697,4725.081841432225,3440.028272047111,4604.344523809524
2018-02-07 13:00:00,4833,4727.435270805812,3552.3477328249155,4650.773154761904
2018-02-07 14:00:00,5095,4949.716550412175,3660.475312031121,4728.772678571429
2018-02-07 15:00:00,5658,5246.461338531514,3716.093939818295,4741.012476190475
2018-02-07 16:00:00,6531,5661.568824638592,3810.6931739525216,5974.233142857143
2018-02-07 17:00:00,6117,5329.677461139896,3891.001902729022,5932.397583333333
2018-02-07 18:00:00,4394,4277.991792929293,4000.192614066448,4519.194238095237
2018-02-07 19:00:00,3307,3279.4859154929577,4068.49731834246,3110.3511464646463
2018-02-07 20:00:00,3037,2836.232469993683,4145.947946047416,2619.961285714286
2018-02-07 21:00:00,2463,2674.197988686361,3908.1495419332723,2388.386880952381
2018-02-07 22:00:00,1653,2201.658125,4420.415811816758,1900.1673809523813
2018-02-07 23:00:00,973,1464.7486338797814,4557.111955533224,1516.0104285714287
2018-02-08 00:00:00,573,840.2307692307693,2413.8229056990695,582.7471666666668
2018-02-08 01:00:00,315,520.4200244200244,2545.183927415319,338.84998809523825
2018-02-08 02:00:00,233,391.66360856269114,2627.5885969776186,270.89673809523816
2018-02-08 03:00:00,340,371.06679035250465,2715.137848468701,355.58866666666677
2018-02-08 04:00:00,882,696.3011904761905,2675.701873019523,765.3936666666667
2018-02-08 05:00:00,2830,2071.845731707317,2423.584665460058,2562.749333333333
2018-02-08 06:00:00,5449,4163.973699940228,2523.1379414516286,5384.604452380951
2018-02-08 07:00:00,5954,4748.809753160746,2600.016948942275,6336.201273809524
2018-02-08 08:00:00,5395,4611.336930455635,2777.5449700463887,5819.818781746032
2018-02-08 09:00:00,5192,4385.760351317441,2807.599357372936,4718.8055952380955
2018-02-08 09:00:00,5192,4385.760351317441,2897.4860336816473,4751.636761904762
2018-02-08 10:00:00,4477,4183.411445783133,2946.9755082946986,4254.083658730159
2018-02-08 10:00:00,4477,4183.411445783133,3389.9639145409014,4332.051515873016
2018-02-08 11:00:00,4686,4475.547449967721,3466.037425533168,4390.38763095238
2018-02-08 12:00:00,4896,4725.081841432225,3360.489388803326,4822.4857142857145
2018-02-08 13:00:00,4907,4727.435270805812,3698.1074098747936,4822.297845238096
2018-02-08 14:00:00,4988,4949.716550412175,3805.472828795254,5257.333392857143
2018-02-08 15:00:00,5852,5246.461338531514,3900.8342232152245,4875.786726190475
2018-02-08 16:00:00,6883,5661.568824638592,3990.2888754206697,6287.202428571428
2018-02-08 17:00:00,6278,5329.677461139896,4109.836412707866,6173.951142857142
2018-02-08 18:00:00,4550,4277.991792929293,4197.7667443418195,4646.858666666666
2018-02-08 19:00:00,3494,3279.4859154929577,4284.3632954757195,3312.1650000000013
2018-02-08 20:00:00,3094,2836.232469993683,4376.1044285384,2935.6809523809516
2018-02-08 21:00:00,3530,2674.197988686361,4465.749620815281,2850.5765714285717
2018-02-08 22:00:00,3197,2201.658125,4552.727252092054,2500.993523809524
2018-02-08 23:00:00,1305,1464.7486338797814,4421.646845789743,1257.6099761904761
2018-02-08 23:00:00,1305,1464.7486338797814,4774.748575727234,1240.3919285714285
2018-02-09 00:00:00,660,840.2307692307693,2300.638538108451,774.3972142857144
2018-02-09 01:00:00,389,520.4200244200244,2392.9512913854405,456.71240476190474
2018-02-09 02:00:00,287,391.66360856269114,2452.6941386520057,332.0477261904762
2018-02-09 03:00:00,340,371.06679035250465,2564.810613153186,354.7606904761904
2018-02-09 04:00:00,826,696.3011904761905,2425.706622535319,863.4853571428575
2018-02-09 05:00:00,2651,2071.845731707317,2493.2491665255857,2501.7783888888885
2018-02-09 06:00:00,5319,4163.973699940228,2567.2700729446874,5166.79025
2018-02-09 07:00:00,6499,4748.809753160746,2979.595359826685,5983.481190476192
2018-02-09 08:00:00,5467,4611.336930455635,3012.1586389700637,5199.053440476191
2018-02-09 09:00:00,4975,4385.760351317441,2838.247460887363,4954.490571428572
2018-02-09 10:00:00,4513,4183.411445783133,2952.281782308095,4561.252464285714
2018-02-09 11:00:00,4913,4475.547449967721,3055.318909259286,5017.751666666668
2018-02-09 12:00:00,5335,4725.081841432225,3168.7816104657086,5174.477738095238
2018-02-09 13:00:00,5340,4727.435270805812,3283.5780921721853,5240.161519841269
2018-02-09 14:00:00,5429,4949.716550412175,3391.5151313069537,5466.714952380954
2018-02-09 15:00:00,5861,5246.461338531514,3786.0097597713325,5679.380928571429
2018-02-09 16:00:00,6347,5661.568824638592,3882.895474762794,5911.527547619048
2018-02-09 17:00:00,5833,5329.677461139896,3968.5393255395124,5517.719916666665
2018-02-09 18:00:00,5021,4277.991792929293,4169.668336878101,4674.217952380951
2018-02-09 19:00:00,3804,3279.4859154929577,4158.610385867749,3602.613452380953
2018-02-09 20:00:00,3095,2836.232469993683,4250.542059001866,2812.1454285714285
2018-02-09 21:00:00,3092,2674.197988686361,4322.848104778041,2872.5045714285716
2018-02-09 22:00:00,2485,2201.658125,4098.959125878749,3032.215178571429
2018-02-09 23:00:00,2126,1464.7486338797814,4190.890799012866,1814.981111111111
2018-02-10 00:00:00,1102,840.2307692307693,917.5638755069235,1115.8012142857144
2018-02-10 01:00:00,603,520.4200244200244,1009.3050085696045,697.1506785714286
2018-02-10 02:00:00,438,391.66360856269114,1105.4285632753204,515.228738095238
2018-02-10 03:00:00,330,371.06679035250465,1190.5007938377294,363.1755873015872
2018-02-10 04:00:00,389,696.3011904761905,1281.098686471792,373.78561904761904
2018-02-10 05:00:00,688,2071.845731707317,1365.5992968198925,684.4776547619047
2018-02-10 06:00:00,1164,4163.973699940228,1442.2877642391031,1213.1398531746026
2018-02-10 07:00:00,1911,4748.809753160746,1529.592345984981,1816.2612976190476
2018-02-10 08:00:00,3115,4611.336930455635,1606.8524336185005,2599.1913015873015
2018-02-10 09:00:00,3653,4385.760351317441,1707.7936197838917,3462.5737936507935
2018-02-10 10:00:00,4161,4183.411445783133,1830.5927844906946,3740.163738095237
2018-02-10 11:00:00,4514,4475.547449967721,1956.4405903404781,4405.915190476191
2018-02-10 12:00:00,5237,4725.081841432225,2092.1964799049515,4891.051916666667
2018-02-10 13:00:00,4925,4727.435270805812,2198.4186583967935,4805.606202380953
2018-02-10 14:00:00,5173,4949.716550412175,2311.881359603216,4119.524833333331
2018-02-10 15:00:00,5030,5246.461338531514,2422.67649980953,4155.262857142856
2018-02-10 16:00:00,4841,5661.568824638592,2532.2742699134587,4107.541714285715
2018-02-10 17:00:00,4808,5329.677461139896,2899.0041776219,3812.57355952381
2018-02-10 18:00:00,4803,4277.991792929293,2973.215624112438,3554.310071428574
2018-02-10 19:00:00,4346,3279.4859154929577,3031.9933248166335,3199.649857142857
2018-02-10 20:00:00,3448,2836.232469993683,2817.17016104889,2792.206809523809
2018-02-10 21:00:00,3962,2674.197988686361,2909.809864794984,2879.621404761904
2018-02-10 22:00:00,4180,2201.658125,2960.067391958312,2613.733000360751
2018-02-10 23:00:00,2459,1464.7486338797814,3047.235563306521,1918.6171428571436
2018-02-11 00:00:00,1367,840.2307692307693,926.417795696665,1167.3505714285716
2018-02-11 01:00:00,761,520.4200244200244,1014.5386674020551,751.6243333333332
2018-02-11 02:00:00,488,391.66360856269114,1102.4689990360089,597.4271666666666
2018-02-11 03:00:00,302,371.06679035250465,1191.9236512414539,390.48714285714266
2018-02-11 04:00:00,254,696.3011904761905,1284.9985648041888,370.81072619047615
2018-02-11 05:00:00,431,2071.845731707317,1378.073478366924,551.0973412698413
2018-02-11 06:00:00,789,4163.973699940228,1461.0497681435331,779.8123571428571
2018-02-11 07:00:00,1607,4748.809753160746,1558.2624336041008,978.5394047619051
2018-02-11 08:00:00,2817,4611.336930455635,1921.181539883816,1630.8010357142855
2018-02-11 09:00:00,3358,4385.760351317441,1780.9959544453466,2481.0711111111113
2018-02-11 10:00:00,3869,4183.411445783133,1917.5140042955645,3115.263761904762
2018-02-11 11:00:00,4223,4475.547449967721,2048.696932145566,3436.24607936508
2018-02-11 12:00:00,4950,4725.081841432225,2177.021758924023,3775.5969523809513
2018-02-11 13:00:00,4637,4727.435270805812,2304.77496548817,3895.8756944444444
2018-02-11 14:00:00,4886,4949.716550412175,2439.959234838334,4054.4719563492067
2018-02-11 15:00:00,4629,5246.461338531514,2555.708416901992,4172.133142857143
2018-02-11 16:00:00,4678,5661.568824638592,2662.3116755367064,3919.9087142857134
2018-02-11 17:00:00,4276,5329.677461139896,2746.104255272828,3492.9824166666663
2018-02-11 18:00:00,3846,4277.991792929293,2823.9359631206567,3064.629488095238
2018-02-11 19:00:00,2903,3279.4859154929577,2893.002827682414,2689.0214087301592
2018-02-11 20:00:00,2435,2836.232469993683,2956.734570243954,2381.122452380952
2018-02-11 21:00:00,1902,2674.197988686361,3044.9918523470133,2073.1257023809526
2018-02-11 22:00:00,1372,2201.658125,3117.7331079398273,1683.3149642857147
2018-02-11 23:00:00,865,1464.7486338797814,3203.1864186451094,1489.237333333333
2018-02-12 00:00:00,502,840.2307692307693,1834.31065866079,546.5918928571427
2018-02-12 01:00:00,286,520.4200244200244,1905.85454415122,332.2668928571428
2018-02-12 02:00:00,230,391.66360856269114,1992.8321754279925,240.6312063492063
2018-02-12 03:00:00,311,371.06679035250465,2066.6625417756572,314.2328809523809
2018-02-12 04:00:00,809,696.3011904761905,2147.7334308379036,835.7069642857139
2018-02-12 05:00:00,2735,2071.845731707317,2216.0381351139154,2655.993166666667
2018-02-12 06:00:00,5454,4163.973699940228,2303.7779266764333,4946.463964285714
2018-02-12 07:00:00,6107,4748.809753160746,2719.1518547014125,5301.646761904761
2018-02-12 08:00:00,5876,4611.336930455635,2888.9218625504036,4921.968460317461
2018-02-12 09:00:00,4941,4385.760351317441,2995.5251211851178,4510.850928571428
2018-02-12 10:00:00,4307,4183.411445783133,3115.8472649632486,3995.20244047619
2018-02-12 11:00:00,4367,4475.547449967721,3233.5018477412696,4208.284976190476
2018-02-12 12:00:00,4545,4725.081841432225,3386.2033574583884,4242.3827896825405
2018-02-12 13:00:00,4561,4727.435270805812,3500.8092990934288,4174.087444444446
2018-02-12 14:00:00,4998,4949.716550412175,2917.708608006019,4824.730976190475
2018-02-12 15:00:00,5525,5246.461338531514,3684.6850915668506,5261.683559523811
2018-02-12 16:00:00,6459,5661.568824638592,3914.7090982023574,6246.635821428571
2018-02-12 17:00:00,5852,5329.677461139896,3877.503821192592,5811.921857142857
2018-02-12 18:00:00,4245,4277.991792929293,3963.71929218362,4158.539214285715
2018-02-12 19:00:00,3034,3279.4859154929577,4028.213195030904,2831.783059523809
2018-02-12 20:00:00,2498,2836.232469993683,3694.802099884541,2435.167809523809
2018-02-12 21:00:00,2055,2674.197988686361,3773.9675882324236,2203.454658730159
2018-02-12 22:00:00,1440,2201.658125,3853.949366539819,1547.9836785714288
2018-02-12 23:00:00,934,1464.7486338797814,3934.639175459192,915.9394206349206
2018-02-13 00:00:00,498,840.2307692307693,1835.3524359216422,496.8924523809523
2018-02-13 01:00:00,300,520.4200244200244,1943.86109527072,332.87808333333334
2018-02-13 02:00:00,225,391.66360856269114,2470.2273304404944,243.39187698412698
2018-02-13 03:00:00,368,371.06679035250465,2619.308578800322,400.23604761904755
2018-02-13 04:00:00,885,696.3011904761905,2729.34155872089,773.5702460317459
2018-02-13 05:00:00,2885,2071.845731707317,2615.790838990723,2553.8865
2018-02-13 06:00:00,5675,4163.973699940228,2722.394097625437,5284.836202380953
2018-02-13 07:00:00,6585,4748.809753160746,3002.8625434711944,5983.3735
2018-02-13 08:00:00,5915,4611.336930455635,3019.051822676237,5504.436841269843
2018-02-13 09:00:00,5060,4385.760351317441,3247.495726322429,5006.237476190477
2018-02-13 10:00:00,4423,4183.411445783133,3339.8209258046077,4171.672773809525
2018-02-13 11:00:00,4722,4475.547449967721,3505.669700450832,4413.754722222223
2018-02-13 12:00:00,4825,4725.081841432225,3503.389038931739,4756.463333333332
2018-02-13 13:00:00,4762,4727.435270805812,3637.430067853286,4756.027100649349
2018-02-13 14:00:00,5007,4949.716550412175,3417.1613503112835,5077.430559523808
2018-02-13 15:00:00,5647,5246.461338531514,3535.1428835584124,5572.793595238095
2018-02-13 16:00:00,6587,5661.568824638592,3637.7448006929626,6467.17111904762
2018-02-13 17:00:00,6308,5329.677461139896,3720.3400103267004,5943.609214285713
2018-02-13 18:00:00,4917,4277.991792929293,3790.413704919406,4688.158380952384
2018-02-13 19:00:00,3424,3279.4859154929577,3874.8601855937395,3167.8132142857135
2018-02-13 20:00:00,2979,2836.232469993683,3957.836475370348,2780.774345238096
2018-02-13 21:00:00,3680,2674.197988686361,4041.9560055755755,2637.4207301587303
2018-02-13 22:00:00,2908,2201.658125,4120.9850835257885,2518.1481222943717
2018-02-13 23:00:00,1107,1464.7486338797814,4588.473916939289,1128.2571031746033
2018-02-14 00:00:00,597,840.2307692307693,2026.7636838690296,612.688261904762
2018-02-14 01:00:00,345,520.4200244200244,2117.3615765030927,379.06776190476194
2018-02-14 02:00:00,283,391.66360856269114,2200.3378662797013,280.88646825396825
2018-02-14 03:00:00,348,371.06679035250465,2727.636342802569,342.47170238095237
2018-02-14 03:00:00,348,371.06679035250465,2284.6479365563655,330.54786904761903
2018-02-14 04:00:00,882,696.3011904761905,2822.0450368653583,845.1441587301588
2018-02-14 04:00:00,882,696.3011904761905,2379.056630619155,842.3768968253968
2018-02-14 05:00:00,2837,2071.845731707317,2905.021326641967,2634.9402619047614
2018-02-14 05:00:00,2837,2071.845731707317,2462.0329203957644,2611.9992023809523
2018-02-14 06:00:00,5402,4163.973699940228,2555.107833958499,5653.562690476192
2018-02-14 07:00:00,5826,4748.809753160746,3104.073748951341,6407.543809523809
2018-02-14 07:00:00,5826,4748.809753160746,2661.085342705138,6474.399047619047
2018-02-14 08:00:00,5572,4611.336930455635,2738.9711802267334,5718.227817460318
2018-02-14 09:00:00,5194,4385.760351317441,2856.435222933318,4840.215714285714
2018-02-14 10:00:00,4766,4183.411445783133,2997.3356944265724,4204.367761904763
2018-02-14 11:00:00,4842,4475.547449967721,3217.8078467848054,4717.591821428572
2018-02-14 12:00:00,4975,4725.081841432225,3338.565200379575,4934.323738095238
2018-02-14 13:00:00,5027,4727.435270805812,3847.2106892233223,4935.8468095238095
2018-02-14 14:00:00,5221,4949.716550412175,3584.735150007489,5257.676833333334
2018-02-14 15:00:00,5696,5246.461338531514,3692.4816490708217,5590.411785714286
2018-02-14 16:00:00,6660,5661.568824638592,3806.2713007463503,6323.609761904762
2018-02-14 17:00:00,6154,5329.677461139896,3890.254420553908,6173.546464285715
2018-02-14 18:00:00,4607,4277.991792929293,3972.7955005138774,4607.737273809524
2018-02-14 19:00:00,3268,3279.4859154929577,4032.1989511061497,3272.6526190476184
2018-02-14 20:00:00,2775,2836.232469993683,4126.744055566608,2893.628749999999
2018-02-14 21:00:00,2493,2674.197988686361,4209.583934945548,2747.629214285714
2018-02-14 22:00:00,1772,2201.658125,4302.658848508283,1897.8699841269843
2018-02-14 23:00:00,1122,1464.7486338797814,4397.448622713944,1072.2093650793652
2018-02-15 00:00:00,639,840.2307692307693,2286.157858675906,636.3553412698411
2018-02-15 01:00:00,353,520.4200244200244,2372.1827895954966,379.5077142857143
2018-02-15 02:00:00,253,391.66360856269114,2875.4936761214744,291.9608333333334
2018-02-15 03:00:00,353,371.06679035250465,2543.2799510774967,384.97114285714275
2018-02-15 04:00:00,889,696.3011904761905,3032.8719524600588,900.0798852813853
2018-02-15 05:00:00,2862,2071.845731707317,2705.040649059116,2705.832630952381
2018-02-15 06:00:00,5454,4163.973699940228,2781.729116478326,5690.724011904761
2018-02-15 07:00:00,6174,4748.809753160746,3215.9665115755024,6698.110007936505
2018-02-15 08:00:00,5488,4611.336930455635,2969.4032641752865,6072.339476190476
2018-02-15 09:00:00,5630,4385.760351317441,3086.8673068818725,5074.941761904763
2018-02-15 10:00:00,4508,4183.411445783133,3213.858353160274,4553.655892857143
2018-02-15 11:00:00,4644,4475.547449967721,3748.036731258938,4752.458452380954
2018-02-15 12:00:00,5034,4725.081841432225,3879.207212903751,4623.044642857142
2018-02-15 13:00:00,4960,4727.435270805812,3965.9943041090864,4667.879464285714
2018-02-15 14:00:00,5248,4949.716550412175,4053.3530155287312,5204.17398015873
2018-02-15 15:00:00,5844,5246.461338531514,4145.094148591412,5838.974992063492
2018-02-15 16:00:00,6807,5661.568824638592,4231.500159653875,6373.5108928571435
2018-02-15 17:00:00,6262,5329.677461139896,4318.096710787775,5449.947952380951
2018-02-15 18:00:00,4982,4277.991792929293,4399.73922006433,4432.544404761906
2018-02-15 19:00:00,3463,3279.4859154929577,4479.095248483651,3386.9980992063497
2018-02-15 20:00:00,3144,2836.232469993683,4561.309377974513,2723.0841904761896
2018-02-15 21:00:00,3916,2674.197988686361,4409.65064395708,2832.8037380952364
2018-02-15 22:00:00,2674,2201.658125,4456.436766365974,2478.9929523809524
2018-02-15 23:00:00,1179,1464.7486338797814,4333.869017670284,1252.010142857143
2018-02-15 23:00:00,1179,1464.7486338797814,4686.970747607775,1247.5196904761908
2018-02-16 00:00:00,674,840.2307692307693,2154.774286288507,671.4482499999999
2018-02-16 01:00:00,387,520.4200244200244,2199.4520217064146,410.7471428571429
2018-02-16 02:00:00,273,391.66360856269114,2253.2756805532654,350.0458928571428
2018-02-16 03:00:00,369,371.06679035250465,2315.8641826861867,365.6230238095239
2018-02-16 04:00:00,831,696.3011904761905,2387.408068176617,835.5971785714287
2018-02-16 05:00:00,2676,2071.845731707317,2461.4289745957176,2497.435353174603
2018-02-16 06:00:00,5122,4163.973699940228,2546.501205158127,5240.971416666666
2018-02-16 07:00:00,6444,4748.809753160746,2631.1923555776634,6242.720666666665
2018-02-16 08:00:00,5589,4611.336930455635,2733.549602967012,5699.014095238095
2018-02-16 09:00:00,4764,4385.760351317441,2845.4879836019436,4961.901404761906
2018-02-16 10:00:00,4646,4183.411445783133,2960.910215196497,4586.160130952381
2018-02-16 11:00:00,4947,4475.547449967721,3091.3309827607522,5101.455023809524
2018-02-16 12:00:00,5337,4725.081841432225,3231.605704365931,5095.460273809524
2018-02-16 13:00:00,5333,4727.435270805812,3348.4981268582073,5262.6453769841255
2018-02-16 14:00:00,5224,4949.716550412175,3463.104068493247,5333.170083333333
2018-02-16 15:00:00,5921,5246.461338531514,3855.366345774158,5764.27255952381
2018-02-16 16:00:00,6371,5661.568824638592,3668.9336526504258,6310.759912698416
2018-02-16 17:00:00,5731,5329.677461139896,4177.389121105185,5444.986964285712
2018-02-16 18:00:00,4896,4277.991792929293,4256.745149524505,4783.205464285715
2018-02-16 19:00:00,3687,3279.4859154929577,4334.767397443769,3528.949821428571
2018-02-16 20:00:00,3027,2836.232469993683,4418.69638757756,2760.6441666666674
2018-02-16 21:00:00,2903,2674.197988686361,4516.915883069076,2490.576452380953
2018-02-16 22:00:00,2591,2201.658125,4202.612924740113,2751.9105000000004
2018-02-16 23:00:00,1725,1464.7486338797814,4313.408064946427,1864.0137380952383
2018-02-17 00:00:00,1068,840.2307692307693,1052.8473262267194,1190.917738095238
2018-02-17 01:00:00,661,520.4200244200244,1568.1622372531856,726.3044285714286
2018-02-17 02:00:00,538,391.66360856269114,1267.387623996202,621.5120476190477
2018-02-17 03:00:00,352,371.06679035250465,1369.6084609878812,389.88252777777774
2018-02-17 04:00:00,386,696.3011904761905,1887.9720131573295,389.1216428571429
2018-02-17 05:00:00,627,2071.845731707317,1576.146075757039,692.2125396825396
2018-02-17 06:00:00,1226,4163.973699940228,2017.8145336402306,1174.7611428571429
2018-02-17 07:00:00,1831,4748.809753160746,2012.0044936352522,1817.1973650793661
2018-02-17 08:00:00,2826,4611.336930455635,2107.7469681980956,2926.5007976190477
2018-02-17 08:00:00,2826,4611.336930455635,2017.8602918893846,2827.935940476191
2018-02-17 09:00:00,3514,4385.760351317441,2097.0825435358042,3161.883452380952
2018-02-17 09:00:00,3514,4385.760351317441,2007.195867227093,3202.6042142857145
2018-02-17 10:00:00,3977,4183.411445783133,2286.4781787427373,3978.9161428571415
2018-02-17 11:00:00,4526,4475.547449967721,2500.0367360376995,4389.05792857143
2018-02-17 12:00:00,4933,4725.081841432225,2774.130148531214,4930.137373015874
2018-02-17 13:00:00,4792,4727.435270805812,2773.945427797921,4778.782904761905
2018-02-17 14:00:00,4881,4949.716550412175,2555.582110970284,4809.801285714287
2018-02-17 15:00:00,4912,5246.461338531514,3070.325401782442,4856.912595238096
2018-02-17 16:00:00,5935,5661.568824638592,3096.6133047736093,4928.932476190475
2018-02-17 17:00:00,4550,5329.677461139896,2841.47575415876,4669.6018214285705
2018-02-17 18:00:00,4284,4277.991792929293,2919.3074620065886,4339.546785714286
2018-02-17 19:00:00,3489,3279.4859154929577,2979.9905634251477,3710.114
2018-02-17 20:00:00,2947,2836.232469993683,3048.4858077725953,3160.5775119047635
2018-02-17 21:00:00,3089,2674.197988686361,3132.932288446929,3337.7423333333336
2018-02-17 22:00:00,2945,2201.658125,3193.86005961069,3473.6284841269835
2018-02-17 23:00:00,1858,1464.7486338797814,3247.493178386105,1866.7221349206347
2018-02-18 00:00:00,1169,840.2307692307693,1109.3362642755428,1182.6687619047618
2018-02-18 01:00:00,733,520.4200244200244,1183.5477107660809,845.5219404761905
2018-02-18 02:00:00,593,391.66360856269114,1556.7018512295908,607.0984166666667
2018-02-18 03:00:00,302,371.06679035250465,1370.840778320169,398.339119047619
2018-02-18 04:00:00,284,696.3011904761905,1928.63367907175,336.5550714285715
2018-02-18 05:00:00,444,2071.845731707317,2049.717983135625,470.92307936507933
2018-02-18 06:00:00,742,4163.973699940228,1713.3248227252363,826.0492698412697
2018-02-18 07:00:00,1210,4748.809753160746,2269.4028628338892,1072.8880238095235
2018-02-18 08:00:00,1889,4611.336930455635,2369.9088391826413,1679.3389761904757
2018-02-18 09:00:00,2567,4385.760351317441,2482.0377598890095,2579.5415714285714
2018-02-18 10:00:00,3505,4183.411445783133,2731.877933953895,3146.4296428571424
2018-02-18 11:00:00,3826,4475.547449967721,2731.827970874214,3722.0336666666653
2018-02-18 12:00:00,4279,4725.081841432225,2865.4879196528873,4410.641428571428
2018-02-18 13:00:00,4388,4727.435270805812,2967.7212028497547,4577.441797619048
2018-02-18 14:00:00,4263,4949.716550412175,3120.4227125668735,4421.296952380953
2018-02-18 15:00:00,4343,5246.461338531514,2783.457931942175,4669.8145
2018-02-18 16:00:00,4424,5661.568824638592,3330.9616688361934,4463.960857142857
2018-02-18 17:00:00,4136,5329.677461139896,3425.370362898983,4219.014619047619
2018-02-18 18:00:00,3587,4277.991792929293,3057.7286307730346,3744.8513611111116
2018-02-18 19:00:00,3038,3279.4859154929577,3543.128750583998,3273.160170634921
2018-02-18 20:00:00,2522,2836.232469993683,3206.72314396842,2689.286642857143
2018-02-18 21:00:00,2044,2674.197988686361,3688.8840825649663,2359.9999999999995
2018-02-18 22:00:00,1637,2201.658125,3342.7609323061342,1652.486095238096
2018-02-18 23:00:00,1152,1464.7486338797814,3413.733197582256,1048.8989523809519
2018-02-19 00:00:00,623,840.2307692307693,2330.0812464274927,577.2641984126986
2018-02-19 01:00:00,360,520.4200244200244,2146.0972761448365,357.2221666666666
2018-02-19 02:00:00,281,391.66360856269114,2629.81083340047,263.23470238095234
2018-02-19 03:00:00,340,371.06679035250465,2523.2976501082567,324.07238095238097
2018-02-19 04:00:00,781,696.3011904761905,2611.418521813647,823.8356309523812
2018-02-19 05:00:00,2432,2071.845731707317,2693.0610310902025,2613.105900793651
2018-02-19 06:00:00,4228,4163.973699940228,2776.0373208668125,4913.572571428572
2018-02-19 07:00:00,4740,4748.809753160746,2857.870370214803,5564.6331666666665
2018-02-19 08:00:00,3905,4611.336930455635,3162.7154989992223,4477.673071428571
2018-02-19 09:00:00,3344,4385.760351317441,2945.3686777454914,4401.535595238095
2018-02-19 09:00:00,3344,4385.760351317441,3035.2553540542026,4391.091571428569
2018-02-19 09:00:00,3344,4385.760351317441,2954.2667970988186,4455.363976190475
2018-02-19 09:00:00,3344,4385.760351317441,3388.3570839916943,4453.768976190475
2018-02-19 10:00:00,3226,4183.411445783133,3134.8086300457726,3834.2624805194796
2018-02-19 10:00:00,3226,4183.411445783133,3044.9219537370614,4014.6045995670997
2018-02-19 11:00:00,3239,4475.547449967721,3234.1713659659063,3951.4457142857136
2018-02-19 11:00:00,3239,4475.547449967721,3144.284689657195,4112.088857142856
2018-02-19 12:00:00,3484,4725.081841432225,3332.390861457422,4197.246071428573
2018-02-19 12:00:00,3484,4725.081841432225,3242.5041851487103,4248.1035833333335
2018-02-19 13:00:00,3450,4727.435270805812,3430.6103569489387,4211.41155952381
2018-02-19 13:00:00,3450,4727.435270805812,3340.7236806402275,4329.0237380952385
2018-02-19 14:00:00,3490,4949.716550412175,3526.5433715832182,4416.185785714284
2018-02-19 14:00:00,3490,4949.716550412175,3436.656695274507,4711.4336706349195
2018-02-19 14:00:00,3490,4949.716550412175,3879.64510152071,4694.334432539681
2018-02-19 15:00:00,3426,5246.461338531514,3587.238919206965,5283.447154761906
2018-02-19 15:00:00,3426,5246.461338531514,3497.3522428982537,5335.269797619047
2018-02-19 16:00:00,3682,5661.568824638592,3629.6659649716844,6069.555916666667
2018-02-19 16:00:00,3682,5661.568824638592,3719.5526412803956,6117.219115079364
2018-02-19 17:00:00,3585,5329.677461139896,3717.024676391329,5933.977690476191
2018-02-19 17:00:00,3585,5329.677461139896,3806.9113527000404,5805.444666666665
2018-02-19 18:00:00,2659,4277.991792929293,3807.6225690253923,4243.147333333332
2018-02-19 18:00:00,2659,4277.991792929293,3897.509245334103,4154.278222222221
2018-02-19 19:00:00,2087,3279.4859154929577,3895.1718205164743,2648.8043412698403
2018-02-19 19:00:00,2087,3279.4859154929577,3985.0584968251856,2745.2971746031744
2018-02-19 20:00:00,1821,2836.232469993683,3986.912953579154,2419.645738095238
2018-02-19 20:00:00,1821,2836.232469993683,4076.799629887865,2483.3251071428567
2018-02-19 21:00:00,1593,2674.197988686361,4075.79598557029,2077.7626706349206
2018-02-19 21:00:00,1593,2674.197988686361,4165.682661879002,2090.1505753968254
2018-02-19 22:00:00,1354,2201.658125,4258.757575441737,1560.5888333333337
2018-02-19 22:00:00,1354,2201.658125,4168.870899133026,1545.7460714285712
2018-02-19 23:00:00,817,1464.7486338797814,4264.422833624432,953.6859047619047
2018-02-20 00:00:00,434,840.2307692307693,2241.6849653950503,604.0601071428573
2018-02-20 00:00:00,434,840.2307692307693,2151.798289086339,571.9385476190474
2018-02-20 01:00:00,269,520.4200244200244,2556.247637822722,350.0524523809524
2018-02-20 02:00:00,234,391.66360856269114,2650.6563318855115,273.5617857142857
2018-02-20 03:00:00,342,371.06679035250465,2435.977071631889,332.23838095238096
2018-02-20 03:00:00,342,371.06679035250465,2525.8637479405998,327.02329761904775
2018-02-20 04:00:00,825,696.3011904761905,2533.0533266947864,855.6981666666667
2018-02-20 04:00:00,825,696.3011904761905,2622.9400030034976,839.343904761905
2018-02-20 05:00:00,2690,2071.845731707317,2715.0622162090513,2528.388591269842
2018-02-20 05:00:00,2690,2071.845731707317,2625.1755399003396,2546.523357142857
2018-02-20 06:00:00,4705,4163.973699940228,2720.1558541774375,5260.972654761905
2018-02-20 06:00:00,4705,4163.973699940228,2810.0425304861487,5114.160313492062
2018-02-20 07:00:00,4844,4748.809753160746,2809.9915865257553,5612.043123015873
2018-02-20 07:00:00,4844,4748.809753160746,2899.878262834467,5707.743194444443
2018-02-20 08:00:00,4738,4611.336930455635,2901.7327195884354,4962.400583333333
2018-02-20 09:00:00,4707,4385.760351317441,2989.66305122239,4402.635583333334
2018-02-20 09:00:00,4707,4385.760351317441,3079.5497275311013,4283.904666666665
2018-02-20 10:00:00,4062,4183.411445783133,3167.861139307928,3984.0455595238095
2018-02-20 10:00:00,4062,4183.411445783133,3077.974462999217,4010.1142380952383
2018-02-20 10:00:00,4062,4183.411445783133,3086.872582352544,4161.277892857142
2018-02-20 11:00:00,4058,4475.547449967721,3177.3371989193506,4104.397047619047
2018-02-20 11:00:00,4058,4475.547449967721,3267.223875228062,4016.3802619047633
2018-02-20 12:00:00,4407,4725.081841432225,3365.4433707195776,4339.018214285714
2018-02-20 13:00:00,4439,4727.435270805812,3456.803423639386,4372.025952380952
2018-02-20 14:00:00,4786,4949.716550412175,3561.88236170261,4586.509821428571
2018-02-20 15:00:00,5620,5246.461338531514,3877.778814630336,5575.555642857142
2018-02-20 16:00:00,6471,5661.568824638592,3939.617602682701,6369.024523809524
2018-02-20 17:00:00,5888,5329.677461139896,3724.9826595224263,5481.932849206348
2018-02-20 18:00:00,4226,4277.991792929293,3818.4386532280337,4512.813095238095
2018-02-20 19:00:00,3012,3279.4859154929577,4092.416290439767,3125.300488095238
2018-02-20 20:00:00,2601,2836.232469993683,4164.912876287379,2776.4000833333334
2018-02-20 21:00:00,2591,2674.197988686361,3923.82116128505,2639.363801587302
2018-02-20 22:00:00,1592,2201.658125,4320.766832054472,1922.1973412698403
2018-02-20 23:00:00,965,1464.7486338797814,4074.3941247256935,1149.467619047619
2018-02-21 00:00:00,516,840.2307692307693,1951.2898762586012,551.1004999999999
2018-02-21 01:00:00,359,520.4200244200244,2313.202152507368,362.02307142857137
2018-02-21 02:00:00,237,391.66360856269114,2107.1438320256952,292.2914285714285
2018-02-21 03:00:00,354,371.06679035250465,2188.7863413022496,339.6574404761905
2018-02-21 04:00:00,886,696.3011904761905,2270.4288505788045,874.2450833333335
2018-02-21 05:00:00,2858,2071.845731707317,2354.738920855469,2772.938440476191
2018-02-21 06:00:00,5569,4163.973699940228,2444.0030329894767,5584.586809523808
2018-02-21 07:00:00,6045,4748.809753160746,2536.833276807009,6528.54661904762
2018-02-21 08:00:00,5638,4611.336930455635,2628.002789655381,5911.635630952382
2018-02-21 09:00:00,5062,4385.760351317441,2738.2804393211522,5175.669095238096
2018-02-21 10:00:00,4553,4183.411445783133,2869.4633671711535,4426.5857857142855
2018-02-21 11:00:00,4837,4475.547449967721,3008.8395180929165,4594.9606428571415
2018-02-21 12:00:00,5091,4725.081841432225,3146.69134844319,4824.07926984127
2018-02-21 13:00:00,4632,4727.435270805812,3598.83951025538,4724.544333333333
2018-02-21 14:00:00,5130,4949.716550412175,3368.2816288558165,5192.941468253968
2018-02-21 15:00:00,5364,5246.461338531514,3812.427107667682,5772.2384999999995
2018-02-21 16:00:00,6795,5661.568824638592,3907.979042159089,6287.524261904761
2018-02-21 17:00:00,6282,5329.677461139896,3669.227937687763,6143.235611111111
2018-02-21 18:00:00,4583,4277.991792929293,3758.6825898932084,4482.968916666666
2018-02-21 19:00:00,3356,3279.4859154929577,4141.855245845448,3253.446360750361
2018-02-21 20:00:00,2959,2836.232469993683,4210.731570335768,2793.2943809523813
2018-02-21 21:00:00,2471,2674.197988686361,3960.5480615782635,2586.6022380952386
2018-02-21 22:00:00,1749,2201.658125,4024.2798041398028,2098.5527619047616
2018-02-21 23:00:00,1029,1464.7486338797814,4115.449316988174,1163.1851031746037
2018-02-22 00:00:00,528,840.2307692307693,1981.6748245206484,578.3850952380951
2018-02-22 01:00:00,338,520.4200244200244,2057.220051511241,353.4149523809524
2018-02-22 02:00:00,245,391.66360856269114,2138.8625607877957,288.50195238095233
2018-02-22 03:00:00,339,371.06679035250465,2215.551028207007,330.44597619047613
2018-02-22 04:00:00,853,696.3011904761905,2309.959722269796,851.853476190476
2018-02-22 05:00:00,2854,2071.845731707317,2404.1778762611484,2694.304809523809
2018-02-22 06:00:00,5466,4163.973699940228,2518.974357967625,5586.848345238096
2018-02-22 07:00:00,6559,4748.809753160746,2647.680264888954,6451.56755952381
2018-02-22 08:00:00,5837,4611.336930455635,3177.857301487456,5471.779373015875
2018-02-22 09:00:00,5428,4385.760351317441,3304.8483477658574,4970.558082251083
2018-02-22 10:00:00,4827,4183.411445783133,3484.9876277698067,4411.706464285714
2018-02-22 11:00:00,5108,4475.547449967721,3621.696217691462,4646.429511904762
2018-02-22 12:00:00,4980,4725.081841432225,3734.2062185407026,4675.039543650794
2018-02-22 13:00:00,5174,4727.435270805812,3850.3364807472335,4711.472603174603
2018-02-22 14:00:00,5353,4949.716550412175,3968.9437638824375,5436.979119047619
2018-02-22 15:00:00,6263,5246.461338531514,4081.072684588805,5851.1670555555565
2018-02-22 16:00:00,6902,5661.568824638592,4179.2921800803215,6887.77647619048
2018-02-22 17:00:00,5900,5329.677461139896,4054.8806762782824,5354.319595238094
2018-02-22 18:00:00,4514,4277.991792929293,4146.24072919809,4786.140642857143
2018-02-22 19:00:00,3048,3279.4859154929577,4232.83728033199,3225.581714285715
2018-02-22 20:00:00,2736,2836.232469993683,4220.210691656797,2805.606476190475
2018-02-22 20:00:00,2736,2836.232469993683,4310.097367965509,2793.8836428571417
2018-02-22 21:00:00,2247,2674.197988686361,4401.457420885317,2883.3864047619045
2018-02-22 21:00:00,2247,2674.197988686361,4311.570744576606,2878.781071428571
2018-02-22 22:00:00,1905,2201.658125,4495.866114948107,2462.7675238095235
2018-02-22 22:00:00,1905,2201.658125,4405.979438639395,2338.8061904761907
2018-02-22 23:00:00,1372,1464.7486338797814,4593.323450153876,1307.6676666666667
2018-02-22 23:00:00,1372,1464.7486338797814,4617.292773060763,1286.9260476190475
2018-02-22 23:00:00,1372,1464.7486338797814,4503.436773845166,1295.9182142857144
2018-02-23 00:00:00,632,840.2307692307693,2474.7921634012573,746.8500595238091
2018-02-23 00:00:00,632,840.2307692307693,2384.9054870925465,720.6981666666666
2018-02-23 00:00:00,632,840.2307692307693,2498.761486308143,708.3096666666668
2018-02-23 01:00:00,390,520.4200244200244,2567.8670769639925,459.82873809523807
2018-02-23 01:00:00,390,520.4200244200244,2591.8363998708783,411.30790873015883
2018-02-23 01:00:00,390,520.4200244200244,2477.9804006552813,428.7804642857144
2018-02-23 02:00:00,309,391.66360856269114,2662.275771026782,337.9926666666667
2018-02-23 02:00:00,309,391.66360856269114,2572.3890947180707,326.00280952380956
2018-02-23 03:00:00,368,371.06679035250465,2756.6844650895714,346.6642976190477
2018-02-23 03:00:00,368,371.06679035250465,2666.79778878086,343.05261904761915
2018-02-23 04:00:00,830,696.3011904761905,2766.7321449153023,769.7984761904761
2018-02-23 04:00:00,830,696.3011904761905,2856.6188212240136,783.642738095238
2018-02-23 05:00:00,2451,2071.845731707317,2859.8070584780376,2406.6863571428567
2018-02-23 05:00:00,2451,2071.845731707317,2949.693734786749,2402.2482142857143
2018-02-23 06:00:00,4627,4163.973699940228,3048.103770349702,4867.688880952382
2018-02-23 06:00:00,4627,4163.973699940228,2958.2170940409906,4885.413071428572
2018-02-23 07:00:00,5240,4748.809753160746,3052.6257881037795,5435.887178571428
2018-02-23 07:00:00,5240,4748.809753160746,3142.5124644124908,5404.982083333332
2018-02-23 08:00:00,4595,4611.336930455635,3144.3669211664596,5484.257071428571
2018-02-23 09:00:00,4413,4385.760351317441,3242.586416657975,4904.61363095238
2018-02-23 10:00:00,4140,4183.411445783133,3301.7576437102325,4503.525714285716
2018-02-23 11:00:00,4183,4475.547449967721,3447.9807909985147,4965.937261904762
2018-02-23 12:00:00,4732,4725.081841432225,3823.4804950817647,5206.216630952381
2018-02-23 13:00:00,4786,4727.435270805812,3843.4805757155336,4892.467952380952
2018-02-23 14:00:00,5131,4949.716550412175,3620.353757101987,5417.792785714288
2018-02-23 15:00:00,5631,5246.461338531514,4007.798402923223,5880.189559523809
2018-02-23 16:00:00,6368,5661.568824638592,3820.358879768543,6296.86235064935
2018-02-23 17:00:00,5681,5329.677461139896,4191.090128977147,5767.148952380953
2018-02-23 18:00:00,4876,4277.991792929293,3986.692539464634,4819.003523809524
2018-02-23 19:00:00,3751,3279.4859154929577,4042.993219240157,3666.573603174603
2018-02-23 20:00:00,3124,2836.232469993683,4112.82224408766,3169.4345357142847
2018-02-23 21:00:00,3015,2674.197988686361,4113.695702396852,3114.289047619047
2018-02-23 22:00:00,2528,2201.658125,4180.720755846576,2661.1523809523815
2018-02-23 23:00:00,2105,1464.7486338797814,4361.738218909566,1854.518642857143
2018-02-23 23:00:00,2105,1464.7486338797814,4247.88221969397,1852.0337380952383
2018-02-24 00:00:00,1043,840.2307692307693,1068.5951279742453,1226.215869047619
2018-02-24 00:00:00,1043,840.2307692307693,954.7391287586488,1218.1992023809523
2018-02-24 01:00:00,712,520.4200244200244,1456.695775780483,934.3200714285715
2018-02-24 01:00:00,712,520.4200244200244,1013.7073695342801,929.9525714285716
2018-02-24 02:00:00,490,391.66360856269114,1074.9620911671486,554.783
2018-02-24 02:00:00,490,391.66360856269114,1188.8180903827454,546.6396666666667
2018-02-24 02:00:00,490,391.66360856269114,1517.950497413352,564.5633333333333
2018-02-24 03:00:00,425,371.06679035250465,1220.0983001270858,370.6365396825396
2018-02-24 03:00:00,425,371.06679035250465,1333.9542993426826,366.8590119047619
2018-02-24 03:00:00,425,371.06679035250465,1663.086706373289,372.84830158730153
2018-02-24 04:00:00,404,696.3011904761905,1213.2863603620985,376.76826190476197
2018-02-24 04:00:00,404,696.3011904761905,1327.1423595776953,369.0217380952381
2018-02-24 05:00:00,676,2071.845731707317,1291.8802284956728,683.2306666666667
2018-02-24 05:00:00,676,2071.845731707317,1405.7362277112695,651.9098928571426
2018-02-24 05:00:00,676,2071.845731707317,1734.8686347418761,683.4298571428573
2018-02-24 06:00:00,1119,4163.973699940228,1375.8092186294639,1209.168448412698
2018-02-24 06:00:00,1119,4163.973699940228,1818.797624875667,1213.0509484126978
2018-02-24 06:00:00,1119,4163.973699940228,1489.6652178450606,1206.3663928571427
2018-02-24 07:00:00,1836,4748.809753160746,1802.1811488897586,1894.2745595238093
2018-02-24 07:00:00,1836,4748.809753160746,1778.2118259828733,1917.5157976190478
2018-02-24 07:00:00,1836,4748.809753160746,1688.3251496741618,1913.0028928571428
2018-02-24 07:00:00,1836,4748.809753160746,2131.3135559203647,1906.5105595238094
2018-02-24 08:00:00,3018,4611.336930455635,1693.7645377796377,2517.866468253968
2018-02-24 08:00:00,3018,4611.336930455635,2046.8662677171296,2532.6953015873014
2018-02-24 08:00:00,3018,4611.336930455635,1717.7338606865233,2497.5617777777775
2018-02-24 08:00:00,3018,4611.336930455635,1603.8778614709267,2470.0322063492063
2018-02-24 09:00:00,3753,4385.760351317441,1913.3575975778322,3386.977119047619
2018-02-24 09:00:00,3753,4385.760351317441,2027.2135967934287,3377.931785714286
2018-02-24 09:00:00,3753,4385.760351317441,2003.2442738865432,3298.2944682539687
2018-02-24 10:00:00,4373,4183.411445783133,1904.3517314581954,3868.9713214285694
2018-02-24 10:00:00,4373,4183.411445783133,1994.238407766907,3908.6578214285696
2018-02-24 11:00:00,4487,4475.547449967721,2252.3081157900515,4479.267992063492
2018-02-24 12:00:00,4938,4725.081841432225,2340.44143370063,4816.1788809523805
2018-02-24 12:00:00,4938,4725.081841432225,2783.4298399468335,4797.631642857142
2018-02-24 13:00:00,4744,4727.435270805812,2917.470868868379,4727.433047619048
2018-02-24 13:00:00,4744,4727.435270805812,2474.482462622176,4767.215452380953
2018-02-24 14:00:00,4831,4949.716550412175,3061.7886154422995,4749.926130952383
2018-02-24 15:00:00,3660,5246.461338531514,3163.6283722911053,4712.7380357142865
2018-02-24 15:00:00,3660,5246.461338531514,2720.6399660449024,4724.328869047619
2018-02-24 15:00:00,3660,5246.461338531514,2810.5266423536136,4709.36275
2018-02-24 16:00:00,3247,5661.568824638592,2901.1245349876763,4687.205261904764
2018-02-24 16:00:00,3247,5661.568824638592,2925.0938578945616,4696.793547619048
2018-02-24 17:00:00,2709,5329.677461139896,2995.5332290504657,4676.7332380952375
2018-02-24 17:00:00,2709,5329.677461139896,3019.502551957351,4637.782571428571
2018-02-24 18:00:00,2677,4277.991792929293,3098.897306470762,4178.224706349207
2018-02-24 18:00:00,2677,4277.991792929293,3122.8666293776473,4196.580468253968
2018-02-24 19:00:00,2338,3279.4859154929577,3193.306000533551,3538.115611111111
2018-02-24 19:00:00,2338,3279.4859154929577,3103.41932422484,3460.8467698412696
2018-02-24 19:00:00,2338,3279.4859154929577,3217.2753234404363,3511.833333333334
2018-02-24 20:00:00,1520,2836.232469993683,3317.9718398606256,3206.1120714285707
2018-02-24 20:00:00,1520,2836.232469993683,3294.0025169537403,3217.9021904761903
2018-02-24 21:00:00,1686,2674.197988686361,3390.888231945202,3416.583166666666
2018-02-24 21:00:00,1686,2674.197988686361,3301.0015556364906,3362.897309523808
2018-02-24 21:00:00,1686,2674.197988686361,3414.857554852087,3364.1637380952375
2018-02-24 22:00:00,1786,2201.658125,3484.153685579373,3882.026583333332
2018-02-24 22:00:00,1786,2201.658125,3394.2670092706617,3428.860309523809
2018-02-24 23:00:00,1162,1464.7486338797814,3578.9434597850345,2346.199214285715
2018-02-24 23:00:00,1162,1464.7486338797814,3489.0567834763233,2320.5362142857143
2018-02-25 00:00:00,779,840.2307692307693,1432.5933226027103,1292.5490476190475
2018-02-25 00:00:00,779,840.2307692307693,1342.7066462939993,1334.7638333333334
2018-02-25 01:00:00,510,520.4200244200244,1489.2750825211056,808.2838333333333
2018-02-25 01:00:00,510,520.4200244200244,1399.3884062123943,806.7795000000001
2018-02-25 02:00:00,381,391.66360856269114,1487.1281977749127,611.7259285714285
2018-02-25 02:00:00,381,391.66360856269114,1930.1166040211158,620.0656190476191
2018-02-25 02:00:00,381,391.66360856269114,1577.014874083624,608.0284285714285
2018-02-25 03:00:00,254,371.06679035250465,1994.9915870112736,379.7599206349207
2018-02-25 03:00:00,254,371.06679035250465,1552.0031807650707,378.9471111111112
2018-02-25 03:00:00,254,371.06679035250465,1641.8898570737817,372.06215873015867
2018-02-25 04:00:00,251,696.3011904761905,1638.2186517560976,343.8023571428572
2018-02-25 05:00:00,407,2071.845731707317,1727.101683747234,457.2048095238097
2018-02-25 06:00:00,723,4163.973699940228,1824.559018953004,738.4255992063493
2018-02-25 07:00:00,947,4748.809753160746,2234.152949618168,1075.2733571428566
2018-02-25 08:00:00,1343,4611.336930455635,2312.746817751742,1721.5577380952375
2018-02-25 09:00:00,2014,4385.760351317441,1960.3482913407006,2651.336666666666
2018-02-25 10:00:00,2598,4183.411445783133,2093.0272416745966,3484.4346865079356
2018-02-25 11:00:00,3073,4475.547449967721,2296.278172422615,3893.488805555556
2018-02-25 12:00:00,3719,4725.081841432225,2636.373214422755,4273.956249999999
2018-02-25 13:00:00,3840,4727.435270805812,2844.0606964875756,4241.7576071428575
2018-02-25 14:00:00,3865,4949.716550412175,3116.181612705323,3732.689714285714
2018-02-25 15:00:00,3974,5246.461338531514,3094.2195414104644,4245.4823809523805
2018-02-25 16:00:00,4262,5661.568824638592,3164.632632677465,4240.781023809524
2018-02-25 17:00:00,4131,5329.677461139896,2846.5188729197744,3801.8028452380954
2018-02-25 18:00:00,3759,4277.991792929293,2943.7315383803425,3063.892904761905
2018-02-25 19:00:00,2950,3279.4859154929577,3021.9443263710427,2876.9003452380957
2018-02-25 20:00:00,2604,2836.232469993683,3096.7273930758906,2294.7835595238093
2018-02-25 21:00:00,2507,2674.197988686361,3177.9888222095733,2217.372904761904
2018-02-25 22:00:00,3097,2201.658125,3240.821994087698,1590.0317222222227
2018-02-25 23:00:00,1239,1464.7486338797814,3322.6550434356886,1319.615380952381
2018-02-26 00:00:00,517,840.2307692307693,1955.1130639514247,585.6310833333333
2018-02-26 01:00:00,348,520.4200244200244,2035.9934129422338,391.7053571428571
2018-02-26 02:00:00,267,391.66360856269114,2106.965678218354,285.4679761904763
2018-02-26 03:00:00,336,371.06679035250465,2126.5120635283065,344.33505952380955
2018-02-26 04:00:00,902,696.3011904761905,2283.2074216291353,836.5640714285711
2018-02-26 05:00:00,2665,2071.845731707317,2368.6607323344165,2600.728809523809
2018-02-26 06:00:00,5186,4163.973699940228,2463.069426397206,4893.637666666666
2018-02-26 07:00:00,6034,4748.809753160746,2565.6713435317574,6151.072928571429
2018-02-26 08:00:00,5602,4611.336930455635,2675.459653707124,5401.41413095238
2018-02-26 09:00:00,5033,4385.760351317441,2788.5954044444397,4644.978071428572
2018-02-26 10:00:00,4472,4183.411445783133,3260.258761840533,4092.1002023809533
2018-02-26 11:00:00,4371,4475.547449967721,3090.0219747888896,4414.78242857143
2018-02-26 12:00:00,4532,4725.081841432225,3233.590007282253,4840.686891774892
2018-02-26 13:00:00,4602,4727.435270805812,3366.1067156323084,4908.270796536798
2018-02-26 14:00:00,4875,4949.716550412175,3818.2548774444986,5074.129178571428
2018-02-26 15:00:00,5389,5246.461338531514,3924.0959757934684,5597.32123015873
2018-02-26 16:00:00,6370,5661.568824638592,3692.9664741795955,6303.039380952379
2018-02-26 17:00:00,5920,5329.677461139896,3792.6561605688357,6096.368666666667
2018-02-26 18:00:00,4442,4277.991792929293,3851.1069108039255,4296.065452380953
2018-02-26 19:00:00,3086,3279.4859154929577,3925.645307763569,2900.9226428571437
2018-02-26 20:00:00,2642,2836.232469993683,4011.6702386831594,2529.027928571429
2018-02-26 21:00:00,2197,2674.197988686361,4090.1276964190647,2222.907547619047
2018-02-26 22:00:00,1528,2201.658125,4172.341825909928,1905.8666666666663
2018-02-26 23:00:00,1008,1464.7486338797814,4247.696512829084,1006.0488809523812
2018-02-27 00:00:00,529,840.2307692307693,2024.5786661795598,551.0979841269842
2018-02-27 01:00:00,329,520.4200244200244,2113.461698170695,335.50129761904753
2018-02-27 02:00:00,255,391.66360856269114,2180.432621946653,256.31057142857145
2018-02-27 03:00:00,370,371.06679035250465,2277.6994170809876,329.95392857142855
2018-02-27 04:00:00,878,696.3011904761905,2477.580347216175,830.646226190476
2018-02-27 04:00:00,878,696.3011904761905,2363.724348000578,833.0155595238093
2018-02-27 05:00:00,2884,2071.845731707317,2753.8936646879697,2601.7035555555562
2018-02-27 05:00:00,2884,2071.845731707317,2640.037665472373,2582.69657936508
2018-02-27 05:00:00,2884,2071.845731707317,3083.026071718576,2598.4093888888897
2018-02-27 06:00:00,5418,4163.973699940228,2723.013955248983,5244.008369047619
2018-02-27 06:00:00,5418,4163.973699940228,2836.8699544645797,5241.706869047619
2018-02-27 07:00:00,6318,4748.809753160746,2581.7857257577207,6532.836738095238
2018-02-27 07:00:00,6318,4748.809753160746,2695.641724973317,6496.463785714284
2018-02-27 08:00:00,5876,4611.336930455635,2874.294949301604,5378.751694444443
2018-02-27 08:00:00,5876,4611.336930455635,2988.1509485172005,5581.395861111111
2018-02-27 09:00:00,5093,4385.760351317441,3450.9557505316693,4870.259761904761
2018-02-27 09:00:00,5093,4385.760351317441,3007.9673442854664,4841.877714285714
2018-02-27 09:00:00,5093,4385.760351317441,3121.823343501063,4974.355547619048
2018-02-27 10:00:00,4349,4183.411445783133,2974.3818089505426,4157.194892857144
2018-02-27 10:00:00,4349,4183.411445783133,3088.2378081661395,4273.542154761905
2018-02-27 11:00:00,4607,4475.547449967721,3604.762983802913,4537.357702380952
2018-02-27 12:00:00,4901,4725.081841432225,3311.2288932605097,4855.484976190474
2018-02-27 13:00:00,4912,4727.435270805812,3442.602361181947,4861.71438095238
2018-02-27 14:00:00,5221,4949.716550412175,3975.25641870912,5211.7890793650795
2018-02-27 15:00:00,5755,5246.461338531514,3671.0520841662824,5770.62611111111
2018-02-27 16:00:00,6445,5661.568824638592,4101.097597691859,6494.505126984129
2018-02-27 17:00:00,6202,5329.677461139896,4191.314410183049,6271.379130952381
2018-02-27 18:00:00,4430,4277.991792929293,4285.342024102965,4603.3529285714285
2018-02-27 19:00:00,3376,3279.4859154929577,4465.579289675767,3250.4878571428562
2018-02-27 20:00:00,2891,2836.232469993683,4532.359673380288,2960.3543809523812
2018-02-27 21:00:00,3376,2674.197988686361,4490.82775714531,2678.532119047619
2018-02-27 22:00:00,3003,2201.658125,4218.922680244063,2252.750726190476
2018-02-27 23:00:00,1151,1464.7486338797814,4287.799004734385,1032.0851746031744
2018-02-28 00:00:00,602,840.2307692307693,2158.216393838457,606.3489166666667
2018-02-28 01:00:00,340,520.4200244200244,2243.6697045437395,361.8720476190476
2018-02-28 02:00:00,294,391.66360856269114,2323.787893248804,292.34501190476186
2018-02-28 03:00:00,378,371.06679035250465,2329.0437732010305,366.0726904761905
2018-02-28 04:00:00,887,696.3011904761905,2415.8308644063663,843.8076269841267
2018-02-28 05:00:00,2873,2071.845731707317,2503.7611960403206,2671.0899880952384
2018-02-28 06:00:00,5649,4163.973699940228,2586.7374858169296,5388.115619047619
2018-02-28 07:00:00,6351,4748.809753160746,2668.7069455625906,6467.783547619046
2018-02-28 08:00:00,6007,4611.336930455635,2763.11563962538,5923.0777976190475
2018-02-28 09:00:00,5230,4385.760351317441,2908.207992690234,4932.902499999999
2018-02-28 10:00:00,4561,4183.411445783133,3129.169484538873,4435.7794523809525
2018-02-28 11:00:00,4860,4475.547449967721,3697.835615567513,4794.465249999999
2018-02-28 12:00:00,4936,4725.081841432225,3806.9158951309,4880.235249999999
2018-02-28 13:00:00,5036,4727.435270805812,3928.000199194775,4877.691630952381
2018-02-28 14:00:00,5255,4949.716550412175,4043.93992132987,5298.542
2018-02-28 15:00:00,5729,5246.461338531514,4150.73372003602,5844.686614718614
2018-02-28 16:00:00,6563,5661.568824638592,3838.526702492857,6624.594071428573
2018-02-28 17:00:00,6316,5329.677461139896,4328.499784018291,6188.6635952380975
2018-02-28 18:00:00,4877,4277.991792929293,3997.619839474368,4633.544579365081
2018-02-28 19:00:00,3267,3279.4859154929577,4472.921335499206,3310.036476190476
2018-02-28 20:00:00,2939,2836.232469993683,4574.93918621426,2920.4367261904767
2018-02-28 21:00:00,2629,2674.197988686361,4662.48843770534,2997.1979523809528
2018-02-28 22:00:00,1780,2201.658125,4754.610650910894,1998.0589841269848
2018-02-28 23:00:00,1102,1464.7486338797814,4847.68556447363,1139.4574047619046
2018-03-01 00:00:00,600,840.2307692307693,2714.6351525776586,584.6418690476191
2018-03-01 01:00:00,369,520.4200244200244,2796.4682019256497,377.7581666666667
2018-03-01 02:00:00,283,391.66360856269114,2842.8732441916727,277.79127380952383
2018-03-01 03:00:00,385,371.06679035250465,2959.1816002644505,361.6580129870129
2018-03-01 04:00:00,919,696.3011904761905,2919.555084743837,833.6232460317462
2018-03-01 05:00:00,2872,2071.845731707317,2654.890530557171,2741.194857142858
2018-03-01 06:00:00,5703,4163.973699940228,2721.2898341188193,5611.128904761905
2018-03-01 07:00:00,6275,4748.809753160746,2801.59856289532,6678.091000000001
2018-03-01 08:00:00,5728,4611.336930455635,2888.5220644983256,6022.23869047619
2018-03-01 09:00:00,5419,4385.760351317441,3005.0875365214956,5069.521496031746
2018-03-01 10:00:00,4555,4183.411445783133,3143.129906943205,4574.268880952381
2018-03-01 11:00:00,4875,4475.547449967721,3266.119611721444,4836.5806785714285
2018-03-01 12:00:00,5080,4725.081841432225,3392.1579576426648,4999.207002164502
2018-03-01 13:00:00,5210,4727.435270805812,3506.9544393491415,5018.073714285714
2018-03-01 14:00:00,5328,4949.716550412175,3621.3698409127455,5454.773049783548
2018-03-01 15:00:00,5952,5246.461338531514,3728.354179690332,5756.8147698412695
2018-03-01 16:00:00,6565,5661.568824638592,3838.5235700085705,6248.179357142854
2018-03-01 17:00:00,6236,5329.677461139896,3931.5984835713057,5901.627273809523
2018-03-01 18:00:00,4800,4277.991792929293,4009.8112715620064,4545.481075396827
2018-03-01 19:00:00,3709,3279.4859154929577,4066.547161154169,3358.4250912698403
2018-03-01 20:00:00,3169,2836.232469993683,4142.80041875674,3106.410654761905
2018-03-01 21:00:00,2981,2674.197988686361,4201.060628920392,3164.7513452380967
2018-03-01 22:00:00,2166,2201.658125,4270.69911369646,2407.752178571429
2018-03-01 23:00:00,1266,1464.7486338797814,4343.386239615506,1366.9031349206343
2018-03-02 00:00:00,644,840.2307692307693,2200.4658237190365,740.9083333333334
2018-03-02 01:00:00,416,520.4200244200244,2274.6772702095745,456.83583730158733
2018-03-02 02:00:00,295,391.66360856269114,2291.3655544479816,356.2323809523808
2018-03-02 03:00:00,364,371.06679035250465,2358.5270182953755,358.01975000000004
2018-03-02 04:00:00,846,696.3011904761905,2431.023604142987,748.6746904761906
2018-03-02 04:00:00,846,696.3011904761905,2874.01201038919,748.2783571428573
2018-03-02 05:00:00,2670,2071.845731707317,2507.7120715621977,2393.750952380952
2018-03-02 05:00:00,2670,2071.845731707317,2621.568070777794,2416.872119047619
2018-03-02 06:00:00,5165,4163.973699940228,2570.6816538379926,5148.484718253968
2018-03-02 06:00:00,5165,4163.973699940228,3013.6700600841955,5205.44532142857
2018-03-02 07:00:00,6497,4748.809753160746,2668.710609258072,6033.01580952381
2018-03-02 08:00:00,5636,4611.336930455635,2938.9390906490935,5543.552999999999
2018-03-02 09:00:00,4945,4385.760351317441,3072.7895794992032,4845.457833333333
2018-03-02 10:00:00,4858,4183.411445783133,3049.6837480932777,4624.024333333333
2018-03-02 11:00:00,5171,4475.547449967721,3358.020243771565,4892.540297619047
2018-03-02 12:00:00,5391,4725.081841432225,3776.3784980403516,5471.329357142859
2018-03-02 13:00:00,5390,4727.435270805812,3953.672642860394,5185.494888888887
2018-03-02 14:00:00,5692,4949.716550412175,3667.188534961135,5675.039523809524
2018-03-02 15:00:00,6057,5246.461338531514,4067.018285425732,5865.151428571429
2018-03-02 16:00:00,6730,5661.568824638592,4174.193164274755,6510.439535714286
2018-03-02 17:00:00,6070,5329.677461139896,4423.897447624418,5814.032404761906
2018-03-02 18:00:00,4954,4277.991792929293,4511.446699115501,4763.66742063492
2018-03-02 19:00:00,3996,3279.4859154929577,4594.994609106419,3538.54186904762
2018-03-02 20:00:00,3551,2836.232469993683,4685.401961669046,3046.6820357142865
2018-03-02 21:00:00,3238,2674.197988686361,4772.379592945817,3073.032071428571
2018-03-02 22:00:00,2453,2201.658125,4870.027468223025,2726.4908333333337
2018-03-02 23:00:00,1798,1464.7486338797814,4958.9105002141605,2130.8259404761907
2018-03-03 00:00:00,1516,840.2307692307693,1688.8227579226364,1365.6947857142854
2018-03-03 01:00:00,751,520.4200244200244,1662.9151275454378,837.1797738095238
2018-03-03 02:00:00,497,391.66360856269114,1410.6356780021329,582.5914285714284
2018-03-03 03:00:00,365,371.06679035250465,1835.3460695274925,393.10188095238095
2018-03-03 04:00:00,457,696.3011904761905,2016.16740151979,420.15535714285727
2018-03-03 05:00:00,686,2071.845731707317,2115.9112175827972,659.251380952381
2018-03-03 06:00:00,1174,4163.973699940228,2211.653692145641,1096.7522976190473
2018-03-03 07:00:00,2050,4748.809753160746,2225.1754103505746,1959.2422857142851
2018-03-03 08:00:00,3029,4611.336930455635,2408.664303342982,2544.3900357142847
2018-03-03 09:00:00,3911,4385.760351317441,2516.791882549186,3812.773833333333
2018-03-03 10:00:00,4598,4183.411445783133,2552.0351688978617,4226.7326984126985
2018-03-03 11:00:00,4766,4475.547449967721,2328.3367300700065,4532.6102619047615
2018-03-03 12:00:00,5023,4725.081841432225,2840.6029999534926,4884.771880952382
2018-03-03 13:00:00,5240,4727.435270805812,2952.9224607312967,4612.062047619047
2018-03-03 14:00:00,5040,4949.716550412175,2644.7167846882962,4747.949071428572
2018-03-03 15:00:00,4945,5246.461338531514,3079.9068801426533,4577.468452380952
2018-03-03 16:00:00,4855,5661.568824638592,3174.3155742054428,4621.00819047619
2018-03-03 17:00:00,4837,5329.677461139896,3345.4193625544885,4602.00875
2018-03-03 18:00:00,4396,4277.991792929293,3352.0816381877144,4267.948865079364
2018-03-03 19:00:00,3817,3279.4859154929577,3434.2957676785786,3530.8617063492065
2018-03-03 20:00:00,3169,2836.232469993683,3635.111360966503,3050.3709642857143
2018-03-03 21:00:00,3632,2674.197988686361,3690.281246518596,2972.642480158731
2018-03-03 22:00:00,3148,2201.658125,3816.307146234628,3417.7325238095254
2018-03-03 23:00:00,1934,1464.7486338797814,3905.5712583686363,2022.7075833333333
2018-03-04 00:00:00,1216,840.2307692307693,1785.1345709016537,1169.6345238095237
2018-03-04 01:00:00,756,520.4200244200244,1866.7770801782083,871.0084285714286
2018-03-04 02:00:00,543,391.66360856269114,1666.8846729822085,594.3972023809525
2018-03-04 03:00:00,351,371.06679035250465,2047.2107051605885,346.8614761904762
2018-03-04 04:00:00,299,696.3011904761905,1833.6174213314025,272.3194047619047
2018-03-04 04:00:00,299,696.3011904761905,1845.6034373216607,272.8555952380952
2018-03-04 05:00:00,431,2071.845731707317,1934.105389169924,477.18353571428565
2018-03-04 06:00:00,733,4163.973699940228,2019.1776197323338,772.6948463203463
2018-03-04 06:00:00,733,4163.973699940228,2007.1916037420756,782.9265129870131
2018-03-04 06:00:00,733,4163.973699940228,1644.7217329218072,790.1770844155844
2018-03-04 07:00:00,1149,4748.809753160746,1733.9858450558147,1193.2337301587304
2018-03-04 07:00:00,1149,4748.809753160746,2108.4417318663413,1112.578634920635
2018-03-04 08:00:00,1840,4611.336930455635,2194.6572028573682,1869.5661825396826
2018-03-04 08:00:00,1840,4611.336930455635,1820.2013160468416,1943.3836904761906
2018-03-04 08:00:00,1840,4611.336930455635,2263.6597438224944,1922.5530238095241
2018-03-04 09:00:00,2434,4385.760351317441,2290.399677420213,2376.7948333333334
2018-03-04 10:00:00,3193,4183.411445783133,2455.7163131624907,3361.3019285714277
2018-03-04 10:00:00,3193,4183.411445783133,2386.713772197365,3366.028714285713
2018-03-04 11:00:00,3594,4475.547449967721,2483.5994871888265,3595.621642857143
2018-03-04 11:00:00,3594,4475.547449967721,2471.6134711985683,3600.4133095238094
2018-03-04 12:00:00,4241,4725.081841432225,2595.7284078951943,4163.571515873016
2018-03-04 12:00:00,4241,4725.081841432225,2664.7309488603205,4185.258373015873
2018-03-04 13:00:00,4328,4727.435270805812,2957.0128791351303,4500.269928571428
2018-03-04 14:00:00,4341,4949.716550412175,3095.423883494523,4422.344535714287
2018-03-04 15:00:00,4226,5246.461338531514,3194.977159486094,4259.599440476191
2018-03-04 16:00:00,4537,5661.568824638592,3262.151069538676,4451.487333333333
2018-03-04 17:00:00,4093,5329.677461139896,3361.1327253159375,4247.63669047619
2018-03-04 18:00:00,3910,4277.991792929293,3444.1090150925475,3616.9853611111134
2018-03-04 19:00:00,2945,3279.4859154929577,3246.6936288252186,3132.6704047619046
2018-03-04 20:00:00,3258,2836.232469993683,3627.7818212893444,2662.417202380952
2018-03-04 21:00:00,3017,2674.197988686361,3749.2347592909036,2460.8948809523804
2018-03-04 22:00:00,1747,2201.658125,3554.4869340236846,2682.320595238096
2018-03-04 23:00:00,1138,1464.7486338797814,3648.3240078721656,1196.186404761905
2018-03-04 23:00:00,1138,1464.7486338797814,3636.3379918819073,1279.1895952380958
2018-03-05 00:00:00,703,840.2307692307693,2279.448247887846,626.1025238095237
2018-03-05 00:00:00,703,840.2307692307693,2348.4507888529715,664.3233571428569
2018-03-05 01:00:00,471,520.4200244200244,2368.7123600218547,368.01050793650785
2018-03-05 01:00:00,471,520.4200244200244,2437.7149009869804,369.9527380952381
2018-03-05 02:00:00,391,391.66360856269114,2452.6413501556453,262.86759523809513
2018-03-05 02:00:00,391,391.66360856269114,2521.643891120771,259.0268333333333
2018-03-05 03:00:00,486,371.06679035250465,2168.5928159077453,337.10007142857137
2018-03-05 03:00:00,486,371.06679035250465,2543.048702718272,336.79423809523803
2018-03-05 03:00:00,486,371.06679035250465,2612.051243683398,333.75032142857134
2018-03-05 04:00:00,976,696.3011904761905,2638.791177281116,783.5127857142854
2018-03-05 05:00:00,2704,2071.845731707317,2802.202412309031,2615.6693095238093
2018-03-05 06:00:00,4879,4163.973699940228,2899.4692074433647,5460.500726190475
2018-03-05 07:00:00,5062,4748.809753160746,2994.06844157759,6700.780238095239
2018-03-05 08:00:00,4211,4611.336930455635,3084.666334211653,5868.285095238094
2018-03-05 09:00:00,3780,4385.760351317441,3176.407467274334,4826.846571428571
2018-03-05 10:00:00,3586,4183.411445783133,3203.9095611577973,4306.684607142858
2018-03-05 10:00:00,3586,4183.411445783133,3272.912102122923,4283.173095238095
2018-03-05 10:00:00,3586,4183.411445783133,3626.0138320604146,4311.119845238096
2018-03-05 11:00:00,3611,4475.547449967721,3362.7478344712404,4429.557904761904
2018-03-05 11:00:00,3611,4475.547449967721,2919.289406695588,4385.030626984127
2018-03-05 11:00:00,3611,4475.547449967721,3272.861158162529,4429.800904761903
2018-03-05 12:00:00,3719,4725.081841432225,3468.588932820209,4772.8707142857165
2018-03-05 12:00:00,3719,4725.081841432225,3399.586391855083,4770.014214285716
2018-03-05 13:00:00,3682,4727.435270805812,3778.5786435334085,4763.298750000002
2018-03-05 14:00:00,3928,4949.716550412175,3873.3684177390714,5165.528476190476
2018-03-05 15:00:00,4151,5246.461338531514,4083.195176802327,5566.658964285712
2018-03-05 15:00:00,4151,5246.461338531514,3649.1048899094512,5538.26088095238
2018-03-05 15:00:00,4151,5246.461338531514,3730.0934468648347,5557.982214285713
2018-03-05 15:00:00,4151,5246.461338531514,3640.206770556124,5556.56463095238
2018-03-05 16:00:00,3260,5661.568824638592,3710.035795403627,5543.96969047619
2018-03-05 16:00:00,3260,5661.568824638592,3823.8917946192237,5519.634523809523
2018-03-05 16:00:00,3260,5661.568824638592,3799.922471712338,5566.305023809522
2018-03-05 17:00:00,1953,5329.677461139896,3882.3271412746376,5584.124563492065
2018-03-05 17:00:00,1953,5329.677461139896,3906.2964641815233,5413.169992063494
2018-03-05 18:00:00,1389,4277.991792929293,3973.6871941944464,4069.3651746031737
2018-03-05 18:00:00,1389,4277.991792929293,3883.8005178857347,4137.502785714285
2018-03-05 18:00:00,1389,4277.991792929293,3997.6565171013317,4160.300285714285
2018-03-05 19:00:00,1117,3279.4859154929577,4062.7607662570176,2817.142130952381
2018-03-05 19:00:00,1117,3279.4859154929577,3972.8740899483064,2831.1960595238093
2018-03-05 20:00:00,844,2836.232469993683,4150.119477676662,2400.2228333333337
2018-03-05 20:00:00,844,2836.232469993683,4060.232801367951,2335.9058214285715
2018-03-05 21:00:00,753,2674.197988686361,4152.1644745020685,2067.7453690476195
2018-03-05 21:00:00,753,2674.197988686361,4242.051150810779,2104.1657500000015
2018-03-05 22:00:00,694,2201.658125,4336.459844873569,1672.877476190476
2018-03-05 22:00:00,694,2201.658125,4246.573168564858,1656.5231428571426
2018-03-05 23:00:00,599,1464.7486338797814,4434.869880436522,1238.688119047619
2018-03-05 23:00:00,599,1464.7486338797814,4344.9832041278105,1164.835619047619
2018-03-06 00:00:00,308,840.2307692307693,2320.721015326938,594.2862380952381
2018-03-06 00:00:00,308,840.2307692307693,2230.8343390182263,605.6696428571428
2018-03-06 01:00:00,242,520.4200244200244,2415.1297093897274,360.82833333333343
2018-03-06 01:00:00,242,520.4200244200244,2325.2430330810157,347.7518571428572
2018-03-06 02:00:00,231,391.66360856269114,2418.317946643751,274.75211904761903
2018-03-06 02:00:00,231,391.66360856269114,2508.204622952462,279.40014285714284
2018-03-06 03:00:00,335,371.06679035250465,2511.2023201350485,337.67147619047626
2018-03-06 03:00:00,335,371.06679035250465,2601.08899644376,335.86495238095245
2018-03-06 04:00:00,807,696.3011904761905,2694.354450077932,821.6503333333334
2018-03-06 04:00:00,807,696.3011904761905,2604.467773769221,832.1108690476191
2018-03-06 05:00:00,2537,2071.845731707317,2789.9063845693386,2671.286285714286
2018-03-06 05:00:00,2537,2071.845731707317,2700.0197082606273,2680.082523809524
2018-03-06 06:00:00,4601,4163.973699940228,2885.648859132183,5593.059428571428
2018-03-06 06:00:00,4601,4163.973699940228,2795.762182823472,5479.919404761904
2018-03-06 07:00:00,4848,4748.809753160746,2976.246751766245,6456.980301587301
2018-03-06 07:00:00,4848,4748.809753160746,2886.3600754575336,6416.701134920633
2018-03-06 08:00:00,4623,4611.336930455635,3075.990567829252,5227.607527777778
2018-03-06 08:00:00,4623,4611.336930455635,2986.103891520541,5678.519726190475
2018-03-06 09:00:00,4085,4385.760351317441,3171.9235824635316,4916.7164047619035
2018-03-06 10:00:00,3602,4183.411445783133,3267.6660570263753,4138.125952380953
2018-03-06 11:00:00,3781,4475.547449967721,3370.458514232363,4232.357047619048
2018-03-06 11:00:00,3781,4475.547449967721,3280.571837923652,4505.016095238096
2018-03-06 11:00:00,3781,4475.547449967721,3301.455973267237,4532.709761904763
2018-03-06 12:00:00,4037,4725.081841432225,3489.065797367567,4795.281523809524
2018-03-06 13:00:00,4166,4727.435270805812,3580.806930430247,4810.197892857143
2018-03-06 14:00:00,4671,4949.716550412175,3906.2303869297893,5219.809634920634
2018-03-06 15:00:00,5260,5246.461338531514,3998.7336802782165,5720.125634920635
2018-03-06 16:00:00,6420,5661.568824638592,4085.5207714835515,6605.898190476189
2018-03-06 17:00:00,5874,5329.677461139896,4174.78488361756,6011.07998917749
2018-03-06 18:00:00,4400,4277.991792929293,4147.162392597435,4582.279904761904
2018-03-06 19:00:00,3188,3279.4859154929577,3877.1627164105516,3209.3992857142857
2018-03-06 20:00:00,2600,2836.232469993683,3964.0862180135573,2933.031547619047
2018-03-06 21:00:00,3415,2674.197988686361,4030.349111177536,2847.9112857142864
2018-03-06 22:00:00,2587,2201.658125,4097.129494882058,2522.154324675325
2018-03-06 23:00:00,1144,1464.7486338797814,4175.342282872758,1344.0181190476192
2018-03-07 00:00:00,591,840.2307692307693,2067.100159977701,732.6430476190477
2018-03-07 01:00:00,376,520.4200244200244,2158.8412930403815,387.5272142857142
2018-03-07 02:00:00,247,391.66360856269114,2604.6085583101394,310.46848015873013
2018-03-07 03:00:00,378,371.06679035250465,2886.638077925025,387.6326666666667
2018-03-07 04:00:00,921,696.3011904761905,2397.1637135865003,796.9607976190475
2018-03-07 04:00:00,921,696.3011904761905,2511.0197128020973,799.5487976190477
2018-03-07 05:00:00,2875,2071.845731707317,2470.4224597198563,2364.9022499999996
2018-03-07 06:00:00,5670,4163.973699940228,2687.052878936996,5332.241761904766
2018-03-07 07:00:00,6121,4748.809753160746,2767.933227927806,5936.895506493506
2018-03-07 08:00:00,5896,4611.336930455635,2851.3030440524767,5703.59688095238
2018-03-07 09:00:00,5343,4385.760351317441,2951.23740018692,4680.788857142857
2018-03-07 10:00:00,4619,4183.411445783133,2965.4574834608743,4428.574920634919
2018-03-07 11:00:00,4819,4475.547449967721,3436.0880322023895,4599.506416666666
2018-03-07 12:00:00,4879,4725.081841432225,3552.027754337484,4806.435999999999
2018-03-07 13:00:00,5093,4727.435270805812,3629.5584903398367,4876.741011904762
2018-03-07 14:00:00,5160,4949.716550412175,3727.39690568848,5280.4128571428555
2018-03-07 15:00:00,5886,5246.461338531514,3838.0015058233566,5885.190571428573
2018-03-07 16:00:00,6849,5661.568824638592,3932.410199886146,6435.336404761905
2018-03-07 17:00:00,5951,5329.677461139896,4016.7202701628103,6197.36942857143
2018-03-07 18:00:00,4637,4277.991792929293,3825.851025722277,4776.094261904762
2018-03-07 19:00:00,3367,3279.4859154929577,3888.8747376718384,3322.4194761904755
2018-03-07 20:00:00,3297,2836.232469993683,3959.411793131319,2958.8614007936512
2018-03-07 21:00:00,2451,2674.197988686361,4018.3800339069503,2513.398833333333
2018-03-07 22:00:00,1790,2201.658125,4088.26318842822,1876.697273809524
2018-03-07 23:00:00,1352,1464.7486338797814,4170.2867778476475,1275.3561904761905
2018-03-08 00:00:00,545,840.2307692307693,2049.659550309229,594.2713809523809
2018-03-08 01:00:00,368,520.4200244200244,2133.2074603001474,361.36715079365086
2018-03-08 02:00:00,260,391.66360856269114,2219.422931291175,292.9149365079365
2018-03-08 03:00:00,344,371.06679035250465,2302.780301210656,365.5134642857143
2018-03-08 04:00:00,887,696.3011904761905,2397.1889952734446,840.3991904761903
2018-03-08 05:00:00,2788,2071.845731707317,2490.2639088361802,2726.674511904762
2018-03-08 06:00:00,5661,4163.973699940228,2575.145599327153,5486.000884920636
2018-03-08 07:00:00,6280,4748.809753160746,2650.500286246309,6519.270154761904
2018-03-08 08:00:00,6042,4611.336930455635,2761.6223769217295,5855.251988095237
2018-03-08 09:00:00,5221,4385.760351317441,2902.7133884864197,5267.823059523811
2018-03-08 10:00:00,4669,4183.411445783133,3036.8085470817323,4583.627928571428
2018-03-08 11:00:00,4922,4475.547449967721,3176.3752380749324,4809.26219047619
2018-03-08 12:00:00,4946,4725.081841432225,3304.2648550367485,4780.882166666666
2018-03-08 13:00:00,5117,4727.435270805812,3420.5856573147166,5114.2066428571425
2018-03-08 14:00:00,5349,4949.716550412175,3530.0470170209755,5422.188785714285
2018-03-08 15:00:00,5983,5246.461338531514,3624.890920900404,5956.023404761904
2018-03-08 16:00:00,6738,5661.568824638592,3717.9658344631393,6597.8533690476215
2018-03-08 17:00:00,6200,5329.677461139896,3805.51508595422,6226.932095238098
2018-03-08 18:00:00,5136,4277.991792929293,3889.062995945139,4735.696428571429
2018-03-08 19:00:00,3509,3279.4859154929577,3958.892020792642,3425.0942261904765
2018-03-08 20:00:00,3565,2836.232469993683,4019.0035019968914,3356.3591428571426
2018-03-08 21:00:00,2951,2674.197988686361,4421.230165092763,3136.143242063492
2018-03-08 22:00:00,2759,2201.658125,4622.807918666433,2021.3318744588746
2018-03-08 23:00:00,2179,1464.7486338797814,4715.882832229168,1659.9990714285711
2018-03-09 00:00:00,665,840.2307692307693,2600.40018661953,734.773785714286
2018-03-09 01:00:00,415,520.4200244200244,2706.4318250399356,456.4927301587301
2018-03-09 02:00:00,300,391.66360856269114,2795.5053971025072,324.41358333333335
2018-03-09 03:00:00,389,371.06679035250465,2892.5816521654046,387.8990238095237
2018-03-09 04:00:00,839,696.3011904761905,2966.6025585845064,693.1419166666665
2018-03-09 05:00:00,2711,2071.845731707317,3018.723802993619,2012.0721190476188
2018-03-09 06:00:00,5349,4163.973699940228,2607.646427696641,4722.973654761905
2018-03-09 07:00:00,6520,4748.809753160746,2701.6199119427906,5499.142202380952
2018-03-09 08:00:00,5947,4611.336930455635,3225.3522567821337,5573.411071428572
2018-03-09 08:00:00,5947,4611.336930455635,2782.3638505359304,5556.272404761903
2018-03-09 09:00:00,5174,4385.760351317441,2922.3116216720027,5002.623325396825
2018-03-09 10:00:00,4876,4183.411445783133,3508.1059001258236,4649.564523809524
2018-03-09 10:00:00,4876,4183.411445783133,3065.1174938796207,4636.2936666666665
2018-03-09 11:00:00,5160,4475.547449967721,3270.781650339586,5157.376690476191
2018-03-09 12:00:00,5257,4725.081841432225,3394.724055475007,5532.104190476192
2018-03-09 13:00:00,5602,4727.435270805812,3514.284038967392,5412.399714285712
2018-03-09 14:00:00,5763,4949.716550412175,3614.9805553875794,5725.203190476192
2018-03-09 15:00:00,6001,5246.461338531514,3714.914911522023,5910.36338095238
2018-03-09 16:00:00,6641,5661.568824638592,3821.518170156737,6270.622731601732
2018-03-09 17:00:00,6062,5329.677461139896,3914.5930837194724,5956.660793650794
2018-03-09 18:00:00,5207,4277.991792929293,4331.11025217307,4671.9755
2018-03-09 19:00:00,3864,3279.4859154929577,4384.743370948483,3761.8085357142845
2018-03-09 20:00:00,3377,2836.232469993683,4113.409914261545,3190.1340952380956
2018-03-09 21:00:00,3118,2674.197988686361,4188.383521037829,3386.6940119047626
2018-03-09 22:00:00,2649,2201.658125,4266.215228885658,2661.682055555555
2018-03-09 23:00:00,2989,1464.7486338797814,4340.426675376196,2118.435880952381
2018-03-10 00:00:00,1175,840.2307692307693,1076.2456752991975,1227.0367142857142
2018-03-10 01:00:00,685,520.4200244200244,1584.7011437539572,716.8214523809527
2018-03-10 03:00:00,358,371.06679035250465,1814.4722010331584,389.28140476190464
2018-03-10 04:00:00,404,696.3011904761905,1917.074118167709,390.84030952380965
2018-03-10 05:00:00,696,2071.845731707317,2022.34359630237,692.3541190476191
2018-03-10 06:00:00,1242,4163.973699940228,2124.7549733654846,1242.7508214285713
2018-03-10 07:00:00,1911,4748.809753160746,2225.0704096428,1983.2701825396825
2018-03-10 08:00:00,3100,4611.336930455635,2329.958807634588,2911.445226190476
2018-03-10 09:00:00,4057,4385.760351317441,2223.267530476128,3562.6292261904764
2018-03-10 10:00:00,4476,4183.411445783133,2297.1103430289822,4204.919261904763
2018-03-10 11:00:00,4732,4475.547449967721,2449.621312674664,4681.709873015873
2018-03-10 12:00:00,5312,4725.081841432225,2561.9407734524684,4967.818
2018-03-10 13:00:00,4990,4727.435270805812,2858.9862055131866,4935.352285714287
2018-03-10 14:00:00,5404,4949.716550412175,2694.331265327718,5020.584464285713
2018-03-10 15:00:00,5548,5246.461338531514,3087.4234822923327,5125.156952380954
2018-03-10 16:00:00,5194,5661.568824638592,3187.7389185696484,5092.8388095238115
2018-03-10 17:00:00,5142,5329.677461139896,3277.5746509179653,4730.059452380951
2018-03-10 18:00:00,4776,4277.991792929293,3375.9846864809183,4358.111416666665
2018-03-10 19:00:00,4004,3279.4859154929577,3459.5325964718368,3758.369642857144
2018-03-10 20:00:00,3223,2836.232469993683,3552.6075100345706,2931.7604523809528
2018-03-10 21:00:00,3602,2674.197988686361,3641.109461882834,3000.7193174603176
2018-03-10 22:00:00,4040,2201.658125,3731.3262743740243,3178.2935952380953
2018-03-10 23:00:00,2433,1464.7486338797814,3820.9714666509053,2279.418630952381
2018-03-11 00:00:00,1662,840.2307692307693,1483.6199820334577,1443.9484047619046
2018-03-11 00:00:00,1662,840.2307692307693,1393.7333057247465,1438.9882499999999
2018-03-11 01:00:00,975,520.4200244200244,1579.7435367391736,825.5186785714286
2018-03-11 01:00:00,975,520.4200244200244,1489.8568604304623,825.7723809523809
2018-03-11 03:00:00,420,371.06679035250465,1760.1771617215534,387.92692857142856
2018-03-11 03:00:00,420,371.06679035250465,1670.2904854128424,392.13357142857143
2018-03-11 03:00:00,420,371.06679035250465,1679.1886047661696,389.66651190476193
2018-03-11 04:00:00,419,696.3011904761905,1764.6991794756316,343.8400357142857
2018-03-11 04:00:00,419,696.3011904761905,1785.5833148192169,348.23977380952385
2018-03-11 04:00:00,419,696.3011904761905,1854.5858557843428,356.3354166666666
2018-03-11 05:00:00,490,2071.845731707317,1938.3243058466976,442.55340476190474
2018-03-11 05:00:00,490,2071.845731707317,1848.4376295379864,446.53114285714287
2018-03-11 05:00:00,490,2071.845731707317,1869.3217648815717,440.2424642857141
2018-03-11 06:00:00,740,4163.973699940228,2033.876240338105,749.8400108225106
2018-03-11 06:00:00,740,4163.973699940228,1943.9895640293937,755.0294632034631
2018-03-11 06:00:00,740,4163.973699940228,1964.873699372979,742.1217012987013
2018-03-11 07:00:00,1039,4748.809753160746,2091.5231468188713,1128.4548333333335
2018-03-11 07:00:00,1039,4748.809753160746,2001.6364705101598,1119.6196666666665
2018-03-11 07:00:00,1039,4748.809753160746,2022.520605853745,1102.6688571428572
2018-03-11 08:00:00,1607,4611.336930455635,2222.8841685351194,1772.1260396825394
2018-03-11 08:00:00,1607,4611.336930455635,2132.997492226408,1734.8577063492057
2018-03-11 09:00:00,2559,4385.760351317441,2231.4075277893617,2253.623571428571
2018-03-11 10:00:00,3400,4183.411445783133,2335.343225423967,3037.985598484848
2018-03-11 11:00:00,3810,4475.547449967721,2438.5167627728274,3522.951952380953
2018-03-11 12:00:00,4339,4725.081841432225,2990.013828368108,3186.917023809523
2018-03-11 12:00:00,4339,4725.081841432225,2547.025422121905,4016.1505714285713
2018-03-11 13:00:00,4840,4727.435270805812,2648.484098827839,3919.825515873016
2018-03-11 14:00:00,4749,4949.716550412175,2756.421137962607,4176.3561666666665
2018-03-11 15:00:00,4396,5246.461338531514,3292.4844577715453,4001.4938809523815
2018-03-11 16:00:00,4242,5661.568824638592,2942.5709650880776,4151.432507936507
2018-03-11 16:00:00,4242,5661.568824638592,3385.5593713342805,4056.580246031746
2018-03-11 17:00:00,4068,5329.677461139896,3032.978317650703,3989.928246031746
2018-03-11 18:00:00,3571,4277.991792929293,3126.0532312134383,3383.74728968254
2018-03-11 19:00:00,2939,3279.4859154929577,3663.4503315224306,2749.0138174603176
2018-03-11 19:00:00,2939,3279.4859154929577,3220.4619252762277,2712.4935952380956
2018-03-11 20:00:00,2546,2836.232469993683,3750.9995830135126,2294.186547619048
2018-03-11 20:00:00,2546,2836.232469993683,3308.0111767673097,2322.9100238095243
2018-03-11 21:00:00,2118,2674.197988686361,3395.3698881869545,2623.5003333333334
2018-03-11 22:00:00,1523,2201.658125,3798.485456423283,2469.3941071428567
2018-03-11 23:00:00,1000,1464.7486338797814,3885.4630877000554,1023.8494404761905
2018-03-12 00:00:00,528,840.2307692307693,2354.8133760000255,622.5510317460318
2018-03-12 01:00:00,360,520.4200244200244,2143.801013661007,331.39313708513697
2018-03-12 02:00:00,228,391.66360856269114,2219.1557005801633,279.8898095238095
2018-03-12 03:00:00,356,371.06679035250465,2231.461563175534,332.54150793650797
2018-03-12 04:00:00,851,696.3011904761905,2372.3420953471477,804.3682619047619
2018-03-12 05:00:00,2742,2071.845731707317,2460.4629670525383,2645.5978095238097
2018-03-12 06:00:00,5331,4163.973699940228,2544.7730373292025,5525.69261904762
2018-03-12 07:00:00,6336,4748.809753160746,2622.795285248467,6504.466416666665
2018-03-12 08:00:00,5668,4611.336930455635,2711.8688573110385,5101.883865079365
2018-03-12 09:00:00,4693,4385.760351317441,2812.9464538741,4413.280904761906
2018-03-12 10:00:00,4213,4183.411445783133,2957.222516979441,4019.33512049062
2018-03-12 11:00:00,4265,4475.547449967721,3091.6446260438606,4360.223333333334
2018-03-12 12:00:00,4666,4725.081841432225,3206.495237424104,4837.003725108225
2018-03-12 13:00:00,4748,4727.435270805812,3336.34438477405,4896.670296536798
2018-03-12 14:00:00,4554,4949.716550412175,3458.8988797356496,5006.085607142859
2018-03-12 15:00:00,5784,5246.461338531514,3564.168357870311,5662.124809523808
2018-03-12 16:00:00,6655,5661.568824638592,3660.291912576027,6320.009547619048
2018-03-12 17:00:00,6001,5329.677461139896,3750.753394812419,6144.038321428572
2018-03-12 18:00:00,4388,4277.991792929293,3843.637768303718,4307.5221190476195
2018-03-12 19:00:00,3346,3279.4859154929577,3934.7531514783236,3107.988932539682
2018-03-12 20:00:00,2806,2836.232469993683,4282.2385119716955,2614.039738095239
2018-03-12 21:00:00,2301,2674.197988686361,4358.926979390906,2301.992999999999
2018-03-12 22:00:00,2592,2201.658125,4145.437596123215,1765.297222222222
2018-03-12 23:00:00,2003,1464.7486338797814,4232.79630754286,1258.3381904761902
2018-03-13 00:00:00,666,840.2307692307693,2103.9758569326787,602.3164404761903
2018-03-13 01:00:00,414,520.4200244200244,2185.8089062806707,329.3306547619047
2018-03-13 02:00:00,301,391.66360856269114,2269.9284364858977,271.15049999999997
2018-03-13 03:00:00,380,371.06679035250465,2352.9047262625068,334.65798412698416
2018-03-13 04:00:00,865,696.3011904761905,2428.2594131816627,785.0494166666668
2018-03-13 05:00:00,2872,2071.845731707317,2518.6667657442895,2622.639833333333
2018-03-13 06:00:00,5420,4163.973699940228,2600.690355163718,5647.413634920635
2018-03-13 07:00:00,6404,4748.809753160746,2682.904484654581,6563.3907023809525
2018-03-13 08:00:00,5880,4611.336930455635,3055.4870049037827,5759.43973015873
2018-03-13 09:00:00,5093,4385.760351317441,2862.1948692083433,5147.75982936508
2018-03-13 10:00:00,4410,4183.411445783133,3284.8894282452998,4277.9990595238105
2018-03-13 11:00:00,4591,4475.547449967721,3115.033721336529,4675.393809523809
2018-03-13 12:00:00,4749,4725.081841432225,3570.039984220265,4836.179749999998
2018-03-13 13:00:00,5062,4727.435270805812,3343.864524463738,4953.280595238095
2018-03-13 14:00:00,5187,4949.716550412175,3870.230759633512,5220.9363968253965
2018-03-13 15:00:00,5895,5246.461338531514,3556.499421518858,5734.492634920635
2018-03-13 16:00:00,6366,5661.568824638592,3665.1986209393717,6574.484583333335
2018-03-13 17:00:00,5413,5329.677461139896,3774.796391043301,6280.068654761907
2018-03-13 18:00:00,4470,4277.991792929293,3862.9713924224575,4475.8212738095235
2018-03-13 19:00:00,3436,3279.4859154929577,3947.85308291343,3179.2901388888886
2018-03-13 20:00:00,2933,2836.232469993683,4020.540208832478,2885.699833333334
2018-03-13 21:00:00,2736,2674.197988686361,4095.513815608762,2747.2721190476195
2018-03-13 22:00:00,3761,2201.658125,4177.156324885316,2683.8550714285725
2018-03-13 23:00:00,1287,1464.7486338797814,4260.132614661926,1271.3888095238094
2018-03-14 00:00:00,665,840.2307692307693,2128.2635229087637,630.668107142857
2018-03-14 01:00:00,340,520.4200244200244,2213.716833614045,360.5863095238094
2018-03-14 02:00:00,285,391.66360856269114,2301.6471652479995,284.70201839826836
2018-03-14 03:00:00,378,371.06679035250465,2388.4342564533345,355.45623809523806
2018-03-14 04:00:00,903,696.3011904761905,2474.649727444362,815.341777777778
2018-03-14 05:00:00,2785,2071.845731707317,2554.1962959351176,2684.283380952381
2018-03-14 06:00:00,5526,4163.973699940228,2638.696906283218,5516.661956349206
2018-03-14 07:00:00,6542,4748.809753160746,2729.29479891728,6567.754071428572
2018-03-14 08:00:00,5854,4611.336930455635,2835.1358972662492,6000.938321789322
2018-03-14 09:00:00,5312,4385.760351317441,3236.2994282309005,5104.316964285713
2018-03-14 10:00:00,4511,4183.411445783133,3087.21258910869,4491.087797619048
2018-03-14 11:00:00,4825,4475.547449967721,3228.8752208876895,4818.175178571428
2018-03-14 12:00:00,4908,4725.081841432225,3359.105448380509,4986.688809523808
2018-03-14 13:00:00,5044,4727.435270805812,3475.426250658476,4988.937011904763
2018-03-14 14:00:00,5251,4949.716550412175,3590.794352579262,5371.716833333334
2018-03-14 15:00:00,5906,5246.461338531514,3703.1138133570666,5753.495515873015
2018-03-14 16:00:00,6789,5661.568824638592,3817.7197549921066,6576.4582619047615
2018-03-14 17:00:00,6137,5329.677461139896,4250.432829517792,6303.418583333333
2018-03-14 18:00:00,4718,4277.991792929293,4011.681725046466,4619.4005793650795
2018-03-14 19:00:00,3426,3279.4859154929577,4103.749808578254,3250.043932539681
2018-03-14 20:00:00,3115,2836.232469993683,4162.581638956214,2899.860435786435
2018-03-14 21:00:00,2507,2674.197988686361,4224.0269006605195,2908.676547619049
2018-03-14 22:00:00,1810,2201.658125,4293.855925508022,1948.6746904761906
2018-03-14 23:00:00,1094,1464.7486338797814,4369.401152498614,1077.7452142857144
2018-03-15 00:00:00,577,840.2307692307693,2241.342862174178,604.2835079365079
2018-03-15 01:00:00,354,520.4200244200244,2340.3245179514383,359.2218095238095
2018-03-15 02:00:00,259,391.66360856269114,2417.9656857278305,288.2507564935065
2018-03-15 04:00:00,910,696.3011904761905,2516.8680994571023,817.4488571428572
2018-03-15 05:00:00,2797,2071.845731707317,2604.4173509481834,2653.157571428572
2018-03-15 06:00:00,4965,4163.973699940228,2759.7789285489575,5567.244630952379
2018-03-15 07:00:00,6537,4748.809753160746,2838.3727966825318,6397.284357142858
2018-03-15 08:00:00,5907,4611.336930455635,2931.2571701738307,5927.525742424242
2018-03-15 09:00:00,5177,4385.760351317441,3047.904922920904,5152.217436507935
2018-03-15 10:00:00,4675,4183.411445783133,3151.894750229276,4566.3798809523805
2018-03-15 11:00:00,4905,4475.547449967721,3267.208722476295,4861.963773809524
2018-03-15 12:00:00,5113,4725.081841432225,3379.337643182663,5067.689391774891
2018-03-15 13:00:00,5165,4727.435270805812,3490.323323460413,5098.425738095239
2018-03-15 14:00:00,5448,4949.716550412175,3588.9780287685685,5537.307095238094
2018-03-15 15:00:00,5960,5246.461338531514,3702.0055201583514,5809.761571428569
2018-03-15 16:00:00,6586,5661.568824638592,3798.183204537835,6451.851380952381
2018-03-15 17:00:00,6279,5329.677461139896,3905.6850338559643,6106.59988095238
2018-03-15 18:00:00,4771,4277.991792929293,3990.376184275501,4492.448972222222
2018-03-15 19:00:00,3503,3279.4859154929577,4064.2606802969326,3358.4250912698403
2018-03-15 20:00:00,3093,2836.232469993683,4143.562579042486,3106.2506547619046
2018-03-15 21:00:00,2685,2674.197988686361,4222.346987247496,3188.9974166666666
2018-03-15 22:00:00,2157,2201.658125,4670.073782905383,2485.2885357142864
2018-03-15 23:00:00,1205,1464.7486338797814,4750.954131896193,1426.607587301587
2018-03-16 00:00:00,661,840.2307692307693,2631.279604714955,821.2851818181817
2018-03-16 01:00:00,386,520.4200244200244,2713.6842742772556,433.449761904762
2018-03-16 02:00:00,287,391.66360856269114,2777.034936695923,339.7916785714284
2018-03-16 04:00:00,793,696.3011904761905,2951.942899606649,749.0487857142857
2018-03-16 05:00:00,2731,2071.845731707317,3047.4948340980563,2291.8725
2018-03-16 06:00:00,4997,4163.973699940228,3128.3751830888664,5009.073261904761
2018-03-16 07:00:00,6242,4748.809753160746,3210.5893125797306,5989.078440476189
2018-03-16 08:00:00,5574,4611.336930455635,3262.0290246829436,5581.928904761906
2018-03-16 09:00:00,4900,4385.760351317441,3038.902206069397,4920.679992063492
2018-03-16 10:00:00,4578,4183.411445783133,3513.153016168202,4407.920821428572
2018-03-16 11:00:00,5056,4475.547449967721,3298.9815809121633,5035.9735714285725
2018-03-16 12:00:00,5381,4725.081841432225,3831.254558296464,5332.644642857141
2018-03-16 13:00:00,5398,4727.435270805812,3535.0529067539514,5394.599174603174
2018-03-16 14:00:00,5594,4949.716550412175,4068.46912456687,5581.619996031747
2018-03-16 15:00:00,5999,5246.461338531514,4181.931825773292,5937.120083333334
2018-03-16 16:00:00,6607,5661.568824638592,4287.201303907954,6417.180047619048
2018-03-16 17:00:00,6023,5329.677461139896,3966.991603364463,5966.14207936508
2018-03-16 18:00:00,4952,4277.991792929293,4055.4935552127263,4767.228492063492
2018-03-16 19:00:00,4004,3279.4859154929577,4138.850925132208,3548.2896269841267
2018-03-16 20:00:00,3503,2836.232469993683,4208.679949979711,2979.3920436507933
2018-03-16 21:00:00,3111,2674.197988686361,4278.508974827214,3168.2265
2018-03-16 22:00:00,3079,2201.658125,4351.386640817697,2651.14469047619
2018-03-16 23:00:00,1903,1464.7486338797814,4448.462895880596,1747.1883571428575
2018-03-17 00:00:00,1125,840.2307692307693,1191.5224185181783,1162.7195476190473
2018-03-17 01:00:00,621,520.4200244200244,1275.4514086519694,749.7343333333333
2018-03-17 02:00:00,498,391.66360856269114,1356.141217571342,557.7448333333334
2018-03-17 03:00:00,386,371.06679035250465,1437.0215665621522,392.5313492063492
2018-03-17 04:00:00,391,696.3011904761905,1501.3249293380013,390.256119047619
2018-03-17 05:00:00,681,2071.845731707317,1586.3971599004103,661.8666904761906
2018-03-17 06:00:00,1167,4163.973699940228,1664.8004879625473,1248.7106071428568
2018-03-17 07:00:00,1895,4748.809753160746,1755.5347909942802,1976.4095357142858
2018-03-17 08:00:00,3095,4611.336930455635,1839.8448612709433,2988.67375
2018-03-17 09:00:00,3956,4385.760351317441,1965.692667120728,3656.1325757575764
2018-03-17 10:00:00,4651,4183.411445783133,2109.886449502166,4250.800023809524
2018-03-17 11:00:00,5278,4475.547449967721,2256.122042995638,4802.403416666665
2018-03-17 12:00:00,5798,4725.081841432225,2391.1157722743656,5056.8173809523805
2018-03-17 13:00:00,5686,4727.435270805812,2518.6784387670755,5095.230976190478
2018-03-17 14:00:00,5616,4949.716550412175,2631.9505999020616,4803.424035714286
2018-03-17 15:00:00,5217,5246.461338531514,2748.0808621085935,4601.463952380953
2018-03-17 16:00:00,4708,5661.568824638592,2863.775914498485,4722.708952380953
2018-03-17 17:00:00,4954,5329.677461139896,2946.4252538059886,4572.620333333332
2018-03-17 18:00:00,4595,4277.991792929293,3055.6419437670443,4100.025468253967
2018-03-17 19:00:00,3918,3279.4859154929577,3143.000655186689,3472.7977777777774
2018-03-17 20:00:00,3534,2836.232469993683,3180.247327818579,3119.104119047619
2018-03-17 21:00:00,3351,2674.197988686361,3233.172415982015,3508.417452380951
2018-03-17 22:00:00,3739,2201.658125,3285.2812141859395,3353.151428571428
2018-03-17 23:00:00,2596,1464.7486338797814,3361.016981247968,2183.216642857143
2018-03-18 00:00:00,1642,840.2307692307693,1219.239805780116,1387.894849206349
2018-03-18 01:00:00,1075,520.4200244200244,1293.260712199218,947.1039642857141
2018-03-18 02:00:00,719,391.66360856269114,1377.3802424044447,765.4670952380953
2018-03-18 03:00:00,417,371.06679035250465,1460.3565321810552,394.9050873015874
2018-03-18 04:00:00,321,696.3011904761905,1545.8098428863361,378.4766190476191
2018-03-18 05:00:00,439,2071.845731707317,1636.407735520399,562.2030079365079
2018-03-18 06:00:00,761,4163.973699940228,1725.6718476544079,930.7968412698413
2018-03-18 07:00:00,1020,4748.809753160746,2154.574120751366,1100.524
2018-03-18 08:00:00,1840,4611.336930455635,2326.058989243283,1706.941976190476
2018-03-18 09:00:00,2776,4385.760351317441,2501.4347674613255,2411.259142857143
2018-03-18 10:00:00,3658,4183.411445783133,2601.1910297295203,3195.8451461038967
2018-03-18 11:00:00,4175,4475.547449967721,2768.373584875799,3709.485999999999
2018-03-18 12:00:00,4575,4725.081841432225,2894.0308506541473,4172.748301587302
2018-03-18 13:00:00,4713,4727.435270805812,3011.304353289296,4298.3211190476195
2018-03-18 14:00:00,4783,4949.716550412175,3118.288692066883,4421.606785714286
2018-03-18 15:00:00,4797,5246.461338531514,3216.5081875583996,4311.40988095238
2018-03-18 16:00:00,4727,5661.568824638592,3307.1060801924614,4200.634642857143
2018-03-18 17:00:00,4649,5329.677461139896,3368.7543281733915,4250.79069047619
2018-03-18 18:00:00,3868,4277.991792929293,3498.5910293181496,3586.069194444445
2018-03-18 19:00:00,3174,3279.4859154929577,3576.613277237414,3120.7602222222213
2018-03-18 20:00:00,2692,2836.232469993683,3658.827406728278,2572.734761904762
2018-03-18 21:00:00,2068,2674.197988686361,3749.8063795052135,2460.8948809523804
2018-03-18 22:00:00,1560,2201.658125,3838.1177912820403,2772.197071428572
2018-03-18 23:00:00,966,1464.7486338797814,3929.85892434472,1394.7908452380955
2018-03-19 00:00:00,540,840.2307692307693,2533.9389204216313,678.0175317460318
2018-03-19 01:00:00,293,520.4200244200244,2762.2480664142104,362.0000793650793
2018-03-19 02:00:00,254,391.66360856269114,2713.2293049753935,267.5253095238094
2018-03-19 03:00:00,348,371.06679035250465,2729.609124251872,324.29204761904754
2018-03-19 04:00:00,819,696.3011904761905,2928.3287767539964,786.1626666666667
2018-03-19 05:00:00,2788,2071.845731707317,3010.1618261019876,2447.647452380952
2018-03-19 06:00:00,5370,4163.973699940228,3103.2367396647223,5349.615619047619
2018-03-19 07:00:00,6710,4748.809753160746,3184.117088655533,6668.575416666667
2018-03-19 08:00:00,5983,4611.336930455635,2824.859119672783,5884.732869047619
2018-03-19 09:00:00,4958,4385.760351317441,3367.408814709457,4826.044511904763
2018-03-19 10:00:00,4320,4183.411445783133,3478.3944949872075,4145.762785714286
2018-03-19 11:00:00,4551,4475.547449967721,3551.2846071828803,4550.047523809522
2018-03-19 12:00:00,4636,4725.081841432225,3699.413155185526,4758.66036904762
2018-03-19 13:00:00,4712,4727.435270805812,3804.8731733916234,4793.827190476192
2018-03-19 14:00:00,4974,4949.716550412175,3886.528128873366,5143.82380952381
2018-03-19 15:00:00,5694,5246.461338531514,3576.0359719731296,5676.610309523809
2018-03-19 16:00:00,6470,5661.568824638592,4124.873489367202,6408.998845238097
2018-03-19 17:00:00,5955,5329.677461139896,4219.472723501429,5947.7217619047615
2018-03-19 18:00:00,4314,4277.991792929293,4304.92603420671,4310.380349206349
2018-03-19 19:00:00,3201,3279.4859154929577,4384.091522554592,3064.531742063493
2018-03-19 20:00:00,2582,2836.232469993683,4464.400251331093,2561.9176825396826
2018-03-19 21:00:00,2628,2674.197988686361,4543.565739678977,2047.5793809523814
2018-03-19 22:00:00,3231,2201.658125,4626.542029455586,1698.4230952380956
2018-03-19 23:00:00,1086,1464.7486338797814,4710.85209973225,1052.4533665223667
2018-03-20 00:00:00,556,840.2307692307693,2582.603269336377,648.6424047619047
2018-03-20 01:00:00,337,520.4200244200244,2673.20116197044,373.539761904762
2018-03-20 02:00:00,247,391.66360856269114,2752.3666503183226,268.5005238095238
2018-03-20 03:00:00,353,371.06679035250465,2730.650901512724,366.65969047619046
2018-03-20 04:00:00,885,696.3011904761905,2925.9408327289943,819.4011190476191
2018-03-20 05:00:00,2867,2071.845731707317,3017.8725058631117,2701.818488095238
2018-03-20 06:00:00,5619,4163.973699940228,2885.648859132183,5593.059428571428
2018-03-20 07:00:00,6426,4748.809753160746,2973.5791907661364,6485.846468253968
2018-03-20 08:00:00,5876,4611.336930455635,3055.602780185565,4783.899206349207
2018-03-20 09:00:00,5130,4385.760351317441,3156.1087565343164,4917.983761904761
2018-03-20 09:00:00,5130,4385.760351317441,3066.222080225605,5006.029095238096
2018-03-20 10:00:00,4406,4183.411445783133,3258.1390534545585,4192.9534523809525
2018-03-20 10:00:00,4406,4183.411445783133,3168.2523771458473,4221.878488095238
2018-03-20 10:00:00,4406,4183.411445783133,3611.2407833920506,4354.387988095237
2018-03-20 11:00:00,4427,4475.547449967721,3352.547747517348,4257.451571428573
2018-03-20 11:00:00,4427,4475.547449967721,3262.6610712086367,4526.329119047618
2018-03-20 12:00:00,4600,4725.081841432225,3452.291563580355,4406.022249999999
2018-03-20 12:00:00,4600,4725.081841432225,3362.404887271644,4580.18163095238
2018-03-20 13:00:00,4696,4727.435270805812,3560.4191427865594,4409.397880952381
2018-03-20 13:00:00,4696,4727.435270805812,3470.532466477848,4630.666726190477
2018-03-20 14:00:00,4958,4949.716550412175,3576.316300822637,4803.2774285714295
2018-03-20 14:00:00,4958,4949.716550412175,3657.304857778021,4400.277214285715
2018-03-20 14:00:00,4958,4949.716550412175,3588.3023168128952,4790.277095238096
2018-03-20 14:00:00,4958,4949.716550412175,3567.4181814693097,4738.578095238096
2018-03-20 14:00:00,4958,4949.716550412175,4010.4065877155126,4834.990095238096
2018-03-20 15:00:00,5690,5246.461338531514,3753.237872412302,5239.665873015872
2018-03-20 15:00:00,5690,5246.461338531514,3663.3511961035906,5492.5319682539675
2018-03-20 15:00:00,5690,5246.461338531514,4106.3396023497935,5487.320801587301
2018-03-20 15:00:00,5690,5246.461338531514,3684.2353314471757,5428.455944444443
2018-03-20 16:00:00,6609,5661.568824638592,3850.885747689508,6342.794809523809
2018-03-20 16:00:00,6609,5661.568824638592,4203.987477627,6329.745476190477
2018-03-20 17:00:00,6097,5329.677461139896,3945.294441752297,5674.814
2018-03-20 17:00:00,6097,5329.677461139896,4298.396171689788,5804.374154761905
2018-03-20 18:00:00,4569,4277.991792929293,4035.1301741006155,4654.201797619047
2018-03-20 19:00:00,3098,3279.4859154929577,4035.4603102830933,2757.3154999999997
2018-03-20 19:00:00,3098,3279.4859154929577,4125.346986591805,2740.6890476190483
2018-03-20 20:00:00,2741,2836.232469993683,4212.324617868578,2851.8921944444446
2018-03-20 20:00:00,2741,2836.232469993683,4122.437941559866,2726.646063492063
2018-03-20 20:00:00,2741,2836.232469993683,4565.426347806069,2793.1693888888894
2018-03-20 21:00:00,2517,2674.197988686361,4299.30224914535,2411.9151904761907
2018-03-20 21:00:00,2517,2674.197988686361,4209.415572836639,2317.6720238095245
2018-03-20 21:00:00,2517,2674.197988686361,4652.403979082842,2435.1018571428576
2018-03-20 22:00:00,1621,2201.658125,4274.918939339642,2696.259206349207
2018-03-20 22:00:00,1621,2201.658125,4628.0206692771335,2762.4105396825407
2018-03-20 23:00:00,1062,1464.7486338797814,4237.07726601813,1230.6676428571427
2018-03-21 00:00:00,578,840.2307692307693,2112.0676168366754,631.2573214285713
2018-03-21 01:00:00,335,520.4200244200244,2200.9506488278103,362.9755238095237
2018-03-21 02:00:00,261,391.66360856269114,2283.9269386044202,287.953185064935
2018-03-21 03:00:00,353,371.06679035250465,2302.5206235571904,398.66838095238097
2018-03-21 04:00:00,893,696.3011904761905,2560.93562051916,827.7931666666668
2018-03-21 05:00:00,2950,2071.845731707317,2648.675412081677,2561.907928571429
2018-03-21 06:00:00,5538,4163.973699940228,2772.986451154782,5191.896003968254
2018-03-21 07:00:00,6840,4748.809753160746,3186.962803462981,6454.84280952381
2018-03-21 08:00:00,6218,4611.336930455635,2951.3365815565503,5589.265398268397
2018-03-21 08:00:00,6218,4611.336930455635,3041.2232578652615,5088.748492063493
2018-03-21 09:00:00,5356,4385.760351317441,3095.6543281304707,4793.951409090908
2018-03-21 09:00:00,5356,4385.760351317441,3185.541004439182,4758.692099567098
2018-03-21 10:00:00,4551,4183.411445783133,3295.002364145441,4189.86075
2018-03-21 11:00:00,4807,4475.547449967721,3411.1326263519727,4376.98169047619
2018-03-21 12:00:00,4993,4725.081841432225,3754.8479297094027,4964.409666666666
2018-03-21 13:00:00,4879,4727.435270805812,3867.7390107015153,4965.598214285714
2018-03-21 14:00:00,5173,4949.716550412175,3859.361066896461,5323.9633690476185
2018-03-21 15:00:00,5863,5246.461338531514,4085.1374095425435,5707.577714285715
2018-03-21 16:00:00,6790,5661.568824638592,4152.311319595126,6671.008047619046
2018-03-21 17:00:00,6310,5329.677461139896,4282.1480207398845,6212.458166666667
2018-03-21 18:00:00,4591,4277.991792929293,4340.747627577833,4533.391904761905
2018-03-21 19:00:00,3493,3279.4859154929577,4465.249206722373,3402.388206349206
2018-03-21 20:00:00,2991,2836.232469993683,4551.845757856274,2934.0573762626273
2018-03-21 21:00:00,2592,2674.197988686361,4640.728789847409,2917.0795000000007
2018-03-21 22:00:00,1664,2201.658125,4732.8510030529615,1891.4060119047622
2018-03-21 23:00:00,1093,1464.7486338797814,4820.019174401171,1150.4357380952379
2018-03-22 00:00:00,609,840.2307692307693,2703.0122082200423,581.7212380952383
2018-03-22 01:00:00,346,520.4200244200244,2785.2263377109066,368.77280952380954
2018-03-22 02:00:00,228,391.66360856269114,2884.398533559604,289.0519285714286
2018-03-22 03:00:00,330,371.06679035250465,2977.473447122339,358.98903679653677
2018-03-22 04:00:00,868,696.3011904761905,3027.6892908170876,890.2090162337662
2018-03-22 05:00:00,2903,2071.845731707317,3157.5259919618456,2707.7041666666664
2018-03-22 06:00:00,5530,4163.973699940228,3254.7927870961807,5614.08039285714
2018-03-22 07:00:00,6833,4748.809753160746,3350.7258017304603,6530.73727922078
2018-03-22 08:00:00,6206,4611.336930455635,3438.084513150105,5127.22355952381
2018-03-22 09:00:00,5222,4385.760351317441,3672.1098612857754,4737.129845238096
2018-03-22 10:00:00,4573,4183.411445783133,3778.903659991926,4132.253583333332
2018-03-22 11:00:00,5059,4475.547449967721,3889.508260126804,4447.2212301587315
2018-03-22 12:00:00,5162,4725.081841432225,3870.023209760617,4602.539392857143
2018-03-22 13:00:00,5165,4727.435270805812,3946.152503170707,5090.307095238096
2018-03-22 14:00:00,5386,4949.716550412175,4086.087828101591,5602.019202380951
2018-03-22 15:00:00,5963,5246.461338531514,4074.470703082118,5781.307468253969
2018-03-22 16:00:00,6918,5661.568824638592,4292.625442870747,6513.435476190477
2018-03-22 17:00:00,6374,5329.677461139896,4389.701697933646,6187.064404761905
2018-03-22 18:00:00,4694,4277.991792929293,4327.671562280942,4610.170047619049
2018-03-22 19:00:00,3737,3279.4859154929577,4139.6604189119535,3430.592214285714
2018-03-22 20:00:00,3510,2836.232469993683,4196.396308504116,3081.1394444444445
2018-03-22 21:00:00,2896,2674.197988686361,4263.503642677742,3016.8709166666667
2018-03-22 22:00:00,2298,2201.658125,4319.667912055596,3173.4152103174606
2018-03-22 23:00:00,1235,1464.7486338797814,4393.688818474699,1366.182547619047
2018-03-23 00:00:00,645,840.2307692307693,2253.6265036497734,758.4234166666668
2018-03-23 01:00:00,379,520.4200244200244,2340.032514712236,433.2177619047619
2018-03-23 02:00:00,285,391.66360856269114,2426.4385257747003,338.60848809523804
2018-03-23 03:00:00,382,371.06679035250465,2449.7957125133785,344.6313333333333
2018-03-23 04:00:00,800,696.3011904761905,2594.6775861851543,732.8000476190477
2018-03-23 05:00:00,2744,2071.845731707317,2686.7997993907074,2269.29621031746
2018-03-23 06:00:00,5245,4163.973699940228,2785.0192948822246,4969.158166666667
2018-03-23 07:00:00,6407,4748.809753160746,2888.1928322310846,6302.223809523811
2018-03-23 08:00:00,5885,4611.336930455635,3404.2699035432966,5751.727285714288
2018-03-23 09:00:00,5294,4385.760351317441,3543.264974322188,5109.5775476190465
2018-03-23 10:00:00,4876,4183.411445783133,3256.2092462086193,4556.141988095238
2018-03-23 11:00:00,5230,4475.547449967721,3790.5781643787204,5264.47111904762
2018-03-23 12:00:00,5405,4725.081841432225,3934.1337506668947,5540.780499999999
2018-03-23 13:00:00,5369,4727.435270805812,4002.641441219531,5320.823944444443
2018-03-23 14:00:00,5525,4949.716550412175,4136.479483864452,5517.1050396825385
2018-03-23 15:00:00,6042,5246.461338531514,3788.272839025011,5758.062888888888
2018-03-23 16:00:00,6712,5661.568824638592,4339.587377347756,6430.3547499999995
2018-03-23 17:00:00,6248,5329.677461139896,4427.898789124582,5814.032404761906
2018-03-23 18:00:00,5041,4277.991792929293,4522.307483187372,4798.550587301586
2018-03-23 19:00:00,4067,3279.4859154929577,4491.44581095283,3621.292202380952
2018-03-23 20:00:00,3229,2836.232469993683,4578.232902158165,3092.9157460317456
2018-03-23 21:00:00,2915,2674.197988686361,4117.532030091354,3016.8698809523803
2018-03-23 22:00:00,2928,2201.658125,4871.361248723079,2710.0375
2018-03-23 23:00:00,2932,1464.7486338797814,4851.360360560408,2035.5929047619052
2018-03-24 00:00:00,1453,840.2307692307693,1693.5862597085443,1338.515119047619
2018-03-24 01:00:00,950,520.4200244200244,1748.9466853320746,870.8152500000002
2018-03-24 08:00:00,3049,4611.336930455635,2333.591515197067,2798.943285714286
2018-03-24 09:00:00,3912,4385.760351317441,2422.8556273310746,3726.7291428571425
2018-03-24 10:00:00,4466,4183.411445783133,2523.5521437512634,4288.41412121212
2018-03-24 11:00:00,6006,4475.547449967721,2634.72836410045,4727.918833333333
2018-03-24 12:00:00,6470,4725.081841432225,2325.9510678431398,4979.230678571428
2018-03-24 13:00:00,5148,4727.435270805812,2444.9394311212163,5058.136714285714
2018-03-24 14:00:00,4994,4949.716550412175,2558.402132327639,5056.865999999998
2018-03-24 15:00:00,5019,5246.461338531514,2665.005390962353,4947.592321428569
2018-03-24 16:00:00,4874,5661.568824638592,2768.9410885969587,5006.9925
2018-03-24 17:00:00,4787,5329.677461139896,2877.0686678031634,4699.347154761906
2018-03-24 18:00:00,4511,4277.991792929293,2976.050323580425,4316.222293650794
2018-03-24 19:00:00,3788,3279.4859154929577,3064.3617353572517,3522.2987857142857
2018-03-24 20:00:00,3044,2836.232469993683,3139.090672388332,3154.0630357142863
2018-03-24 21:00:00,3602,2674.197988686361,3510.7746219541186,2938.8860714285715
2018-03-24 22:00:00,4409,2201.658125,3580.9847269444936,3304.1373333333327
2018-03-24 23:00:00,2104,1464.7486338797814,3381.023688748783,2102.5480952380954
2018-03-25 00:00:00,1324,840.2307692307693,1260.0153810674906,1429.6994642857144
2018-03-25 01:00:00,795,520.4200244200244,1344.8970715584633,975.8271904761903
2018-03-25 02:00:00,658,391.66360856269114,1435.1138840496537,771.3044404761906
2018-03-25 03:00:00,340,371.06679035250465,1518.6617940405722,423.57955952380945
2018-03-25 04:00:00,274,696.3011904761905,1610.4029271032523,406.205380952381
2018-03-25 05:00:00,440,2071.845731707317,2035.3038587000483,498.2717261904763
2018-03-25 06:00:00,771,4163.973699940228,2239.1680931309534,825.3078809523806
2018-03-25 07:00:00,1158,4748.809753160746,2294.147438611611,1127.2641190476193
2018-03-25 08:00:00,1847,4611.336930455635,2384.3642511028006,2092.9200476190467
2018-03-25 09:00:00,2788,4385.760351317441,2071.585613345328,2707.3526428571427
2018-03-25 10:00:00,3617,4183.411445783133,2182.190213480206,3446.4029285714287
2018-03-25 11:00:00,3939,4475.547449967721,2300.6069565439725,3686.1838571428566
2018-03-25 12:00:00,4628,4725.081841432225,2750.468637498928,4165.563634920635
2018-03-25 13:00:00,4615,4727.435270805812,2870.6002412056214,4329.888976190476
2018-03-25 14:00:00,4447,4949.716550412175,2984.2534824834797,4429.468976190476
2018-03-25 15:00:00,4447,5246.461338531514,3210.0298251295635,4069.546476190477
2018-03-25 16:00:00,4540,5661.568824638592,3320.824965335878,4564.624936507937
2018-03-25 17:00:00,4345,5329.677461139896,3415.0431193272307,4171.533341269841
2018-03-25 18:00:00,3799,4277.991792929293,3502.2112906754396,3691.0368373015885
2018-03-25 19:00:00,2980,3279.4859154929577,3596.619984738229,3159.133738095238
2018-03-25 20:00:00,2784,2836.232469993683,3678.4530340862198,2752.1015714285713
2018-03-25 21:00:00,3967,2674.197988686361,3605.9431945045185,2346.797928571428
2018-03-25 22:00:00,1794,2201.658125,3858.3150388542913,2568.9233690476185
2018-03-25 23:00:00,984,1464.7486338797814,3951.3899524170256,1303.817535714286
2018-03-26 00:00:00,518,840.2307692307693,2595.2803772189404,558.6375714285715
2018-03-26 01:00:00,325,520.4200244200244,2685.878269853003,372.1036190476191
2018-03-26 02:00:00,248,391.66360856269114,2553.083002907765,289.8741428571428
2018-03-26 03:00:00,336,371.06679035250465,2626.722829183995,332.7208531746031
2018-03-26 03:00:00,336,371.06679035250465,2536.836152875284,338.9927698412698
2018-03-26 04:00:00,851,696.3011904761905,2881.809934486648,816.0433928571429
2018-03-26 05:00:00,2625,2071.845731707317,2769.6200600934176,2629.2862857142845
2018-03-26 05:00:00,2625,2071.845731707317,2679.7333837847063,2600.0239999999994
2018-03-26 06:00:00,5213,4163.973699940228,2865.553074727698,5470.957666666666
2018-03-26 06:00:00,5213,4163.973699940228,2796.5505337625723,5523.210833333333
2018-03-26 07:00:00,6382,4748.809753160746,2959.771228719051,6630.448750000001
2018-03-26 08:00:00,5654,4611.336930455635,3274.3339011467224,5539.0214365079355
2018-03-26 09:00:00,4843,4385.760351317441,3371.219616138184,4840.47736904762
2018-03-26 10:00:00,4129,4183.411445783133,3471.3445123440633,4148.5102857142865
2018-03-26 11:00:00,4370,4475.547449967721,3256.9835059240913,4508.403976190475
2018-03-26 12:00:00,4562,4725.081841432225,3572.6184683167035,4900.9758571428565
2018-03-26 13:00:00,4661,4727.435270805812,3783.1516052478805,4773.235416666668
2018-03-26 14:00:00,4992,4949.716550412175,3590.8808009093336,4960.696682539684
2018-03-26 14:00:00,4992,4949.716550412175,3659.8833418744593,4977.639777777778
2018-03-26 15:00:00,5494,5246.461338531514,3687.9570559722324,5465.763416666666
2018-03-26 16:00:00,6402,5661.568824638592,3780.0792691777856,6190.523369047619
2018-03-26 16:00:00,6402,5661.568824638592,3768.0932531875274,6244.292392857144
2018-03-26 17:00:00,5956,5329.677461139896,3868.962301168921,5837.5976666666675
2018-03-26 17:00:00,5956,5329.677461139896,3856.9762851786627,5926.940261904762
2018-03-26 17:00:00,5956,5329.677461139896,3937.9648421340466,5878.070523809524
2018-03-26 18:00:00,4041,4277.991792929293,3953.8439916598936,4258.184992063494
2018-03-26 18:00:00,4041,4277.991792929293,3932.959856316308,4278.4001349206355
2018-03-26 18:00:00,4041,4277.991792929293,3941.8579756696354,4274.1867896825415
2018-03-26 19:00:00,3000,3279.4859154929577,4045.3945846511383,2891.900214285714
2018-03-26 19:00:00,3000,3279.4859154929577,4024.510449307553,2884.823619047619
2018-03-26 19:00:00,3000,3279.4859154929577,4114.397125616264,2915.543190476191
2018-03-26 20:00:00,2500,2836.232469993683,4137.13571771382,2454.6122936507945
2018-03-26 20:00:00,2500,2836.232469993683,4116.251582370234,2434.216488095238
2018-03-26 20:00:00,2500,2836.232469993683,4125.1497017235615,2492.5819603174605
2018-03-26 21:00:00,2012,2674.197988686361,4297.879391741625,2230.315976190476
2018-03-26 21:00:00,2012,2674.197988686361,4216.890834786241,2216.7751190476183
2018-03-26 21:00:00,2012,2674.197988686361,4228.876850776499,2199.431642857142
2018-03-26 21:00:00,2012,2674.197988686361,4207.992715432913,2162.7166190476187
2018-03-26 22:00:00,1413,2201.658125,4323.285544839288,1456.0923571428568
2018-03-26 22:00:00,1413,2201.658125,4302.401409495703,1423.450642857143
2018-03-26 23:00:00,877,1464.7486338797814,4419.028019402132,1039.9075873015875
2018-03-26 23:00:00,877,1464.7486338797814,4398.143884058546,1008.8472301587302
2018-03-26 23:00:00,877,1464.7486338797814,4407.042003411873,1019.169753968254
2018-03-27 00:00:00,516,840.2307692307693,2281.327457948854,696.4482222222223
2018-03-27 00:00:00,516,840.2307692307693,2302.211593292439,620.690984126984
2018-03-27 00:00:00,516,840.2307692307693,2724.3158641950567,640.9045317460317
2018-03-27 00:00:00,516,840.2307692307693,2290.225577302181,737.2863571428571
2018-03-27 01:00:00,313,520.4200244200244,2385.968051865025,368.810380952381
2018-03-27 01:00:00,313,520.4200244200244,2820.0583387579,359.71011904761906
2018-03-27 01:00:00,313,520.4200244200244,2490.925931727294,359.3687142857143
2018-03-27 01:00:00,313,520.4200244200244,2377.0699325116975,358.28117460317463
2018-03-27 02:00:00,249,391.66360856269114,2468.620525502942,284.92564285714286
2018-03-27 03:00:00,344,371.06679035250465,2561.8859791371133,341.3428571428571
2018-03-27 04:00:00,879,696.3011904761905,2657.4379136285206,845.95176984127
2018-03-27 05:00:00,2781,2071.845731707317,2750.3222871198195,2734.5819285714283
2018-03-27 06:00:00,5421,4163.973699940228,2844.730981182609,5568.7994285714285
2018-03-27 07:00:00,6696,4748.809753160746,2937.615354673907,6548.816238095239
2018-03-27 07:00:00,6696,4748.809753160746,3380.60376092011,6527.02573809524
2018-03-27 08:00:00,5970,4611.336930455635,3475.012454982899,5940.518154761905
2018-03-27 08:00:00,5970,4611.336930455635,3032.024048736696,5916.491988095238
2018-03-27 09:00:00,5088,4385.760351317441,3571.3265497600523,4855.902638888888
2018-03-27 09:00:00,5088,4385.760351317441,3128.338143513849,4965.43386111111
2018-03-27 10:00:00,4388,4183.411445783133,3225.414398576747,4188.502218253969
2018-03-27 11:00:00,4466,4475.547449967721,3635.198869313348,4561.234571428571
2018-03-27 12:00:00,5025,4725.081841432225,3425.0925707741962,4818.1822142857145
2018-03-27 13:00:00,4793,4727.435270805812,3845.737825582668,4851.768249999999
2018-03-27 14:00:00,5374,4949.716550412175,3849.7449864209734,5244.727867604617
2018-03-27 15:00:00,5801,5246.461338531514,3920.7973599944917,5773.072499999998
2018-03-27 16:00:00,6868,5661.568824638592,4043.215444558421,6592.407626984126
2018-03-27 17:00:00,6139,5329.677461139896,3875.265138364014,6257.590297619048
2018-03-27 18:00:00,4715,4277.991792929293,3984.8629084679433,4699.904238095239
2018-03-27 19:00:00,3441,3279.4859154929577,4080.6053830307865,3411.0229087301586
2018-03-27 20:00:00,2952,2836.232469993683,4149.481707521108,2891.6268571428577
2018-03-27 21:00:00,2415,2674.197988686361,4202.352666010776,3157.043238095237
2018-03-27 22:00:00,2058,2201.658125,4267.281778674702,2903.3962261904758
2018-03-27 23:00:00,1060,1464.7486338797814,4346.447267022584,1261.814488095238
2018-03-28 00:00:00,600,840.2307692307693,2214.0065550551126,649.6228690476194
2018-03-28 01:00:00,380,520.4200244200244,2683.2102491115384,391.7479523809525
2018-03-28 02:00:00,263,391.66360856269114,2317.481930498855,299.2474761904763
2018-03-28 03:00:00,352,371.06679035250465,2401.792000775519,361.78583333333336
2018-03-28 04:00:00,859,696.3011904761905,2489.3412522666003,878.4981666666666
2018-03-28 05:00:00,2825,2071.845731707317,2585.464806972316,2671.5949285714287
2018-03-28 05:00:00,2825,2071.845731707317,3028.4532132185195,2680.3697500000003
2018-03-28 06:00:00,5355,4163.973699940228,2676.2532396778156,5601.543547619047
2018-03-28 07:00:00,6650,4748.809753160746,2777.0861664956738,6526.979345238097
2018-03-28 08:00:00,6014,4611.336930455635,2871.1679100893566,6028.945964285714
2018-03-28 09:00:00,5082,4385.760351317441,3087.1850256236094,5264.526904761904
2018-03-28 10:00:00,4655,4183.411445783133,3129.3418842177603,4658.131130952382
2018-03-28 11:00:00,4775,4475.547449967721,3758.3892785700764,4878.899464285715
2018-03-28 12:00:00,5066,4725.081841432225,3798.5866067760967,5060.683904761905
2018-03-28 13:00:00,5197,4727.435270805812,3989.1254824116477,5023.404357142858
2018-03-28 14:00:00,5484,4949.716550412175,4129.63242755684,5329.00123015873
2018-03-28 15:00:00,5938,5246.461338531514,4228.614083334101,5890.707845238093
2018-03-28 16:00:00,6988,5661.568824638592,4205.5645540284495,6675.5436190476175
2018-03-28 17:00:00,6540,5329.677461139896,4104.45744320013,6441.327511904761
2018-03-28 17:00:00,6540,5329.677461139896,4092.471427209872,6486.775928571426
2018-03-28 18:00:00,4918,4277.991792929293,4486.498336021437,4748.2028571428555
2018-03-28 19:00:00,3392,3279.4859154929577,4564.330043869266,3230.076619047619
2018-03-28 20:00:00,3105,2836.232469993683,4518.415705991253,2936.2454595959593
2018-03-28 21:00:00,2616,2674.197988686361,4664.368204910703,2843.5610357142864
2018-03-28 22:00:00,1736,2201.658125,4321.293695794853,1974.112238095238
2018-03-28 23:00:00,1132,1464.7486338797814,4395.124062142519,1114.4039615384615
2018-03-29 00:00:00,553,840.2307692307693,2245.153663602905,601.6548412698413
2018-03-29 01:00:00,354,520.4200244200244,2319.1745700220067,352.27211904761907
2018-03-29 03:00:00,353,371.06679035250465,2477.5055467177717,343.85704761904765
2018-03-29 04:00:00,859,696.3011904761905,2560.4818364943817,800.0329682539685
2018-03-29 05:00:00,2804,2071.845731707317,2640.7905652708823,2778.75861904762
2018-03-29 06:00:00,5405,4163.973699940228,2722.6236146188735,5611.128904761905
2018-03-29 07:00:00,6460,4748.809753160746,3142.570504358325,6428.599857142859
2018-03-29 08:00:00,6002,4611.336930455635,2907.766611713395,6026.867766233765
2018-03-29 09:00:00,4995,4385.760351317441,3301.172129422923,4904.982571428573
2018-03-29 10:00:00,4579,4183.411445783133,3411.967269629237,4480.306750000001
2018-03-29 11:00:00,5058,4475.547449967721,3243.0101334038814,4977.067773809524
2018-03-29 12:00:00,5252,4725.081841432225,3351.1918422838526,5055.432071428572
2018-03-29 13:00:00,5338,4727.435270805812,3463.130222918785,5074.417010822511
2018-03-29 14:00:00,5562,4949.716550412175,3874.7734578124346,5479.221793650794
2018-03-29 15:00:00,6040,5246.461338531514,3721.275898959592,4573.793760378509
2018-03-29 16:00:00,6573,5661.568824638592,4100.7461598680975,6477.5143333333335
2018-03-29 17:00:00,6034,5329.677461139896,4203.729157145522,6170.222496031746
2018-03-29 18:00:00,5050,4277.991792929293,4017.105923950354,4634.404210317461
2018-03-29 19:00:00,3656,3279.4859154929577,4099.891673655527,3500.727388888888
2018-03-29 20:00:00,3373,2836.232469993683,4182.24221354406,3022.3194880952387
2018-03-29 21:00:00,3584,2674.197988686361,4252.261778463,3066.913916666666
2018-03-29 22:00:00,3691,2201.658125,4310.712528698088,2640.748496031746
2018-03-29 23:00:00,1484,1464.7486338797814,4403.406362117951,1338.1015476190473
2018-03-30 00:00:00,817,840.2307692307693,2278.3967129364964,753.906
2018-03-30 01:00:00,413,520.4200244200244,2365.7554243561417,430.9147261904761
2018-03-30 02:00:00,329,391.66360856269114,2446.6357733469513,365.1349285714285
2018-03-30 03:00:00,359,371.06679035250465,2519.5134393374346,346.27380952380946
2018-03-30 04:00:00,749,696.3011904761905,2605.5383702570252,750.9655238095237
2018-03-30 05:00:00,2367,2071.845731707317,2690.420060747998,2273.09421031746
2018-03-30 06:00:00,4463,4163.973699940228,2779.8747129534427,4972.738166666667
2018-03-30 07:00:00,5449,4748.809753160746,3281.851818979367,6039.734916666669
2018-03-30 08:00:00,5227,4611.336930455635,3305.4721609704266,5657.083880952382
2018-03-30 09:00:00,4964,4385.760351317441,3512.3974827495026,5090.350214285714
2018-03-30 10:00:00,4892,4183.411445783133,3422.283191806003,4601.497532967033
2018-03-30 11:00:00,5350,4475.547449967721,3546.9877572271685,5244.111428571428
2018-03-30 12:00:00,5783,4725.081841432225,3701.59466765865,5481.944587301587
2018-03-30 13:00:00,5589,4727.435270805812,3797.5276822929304,5440.507182539681
2018-03-30 14:00:00,5713,4949.716550412175,3905.464721427699,5467.186194444443
2018-03-30 15:00:00,5936,5246.461338531514,3991.6801924187257,5950.034488095238
2018-03-30 15:00:00,5936,5246.461338531514,3922.6776514536,5939.697154761906
2018-03-30 16:00:00,6137,5661.568824638592,4077.5145832668804,6314.21121031746
2018-03-30 17:00:00,5289,5329.677461139896,4395.8880571232785,5784.433452380951
2018-03-30 18:00:00,4573,4277.991792929293,4481.531907899997,4645.834373015872
2018-03-30 19:00:00,3604,3279.4859154929577,4531.747751594746,3553.6955238095247
2018-03-30 20:00:00,3233,2836.232469993683,4201.820507408002,3057.0114484126984
2018-03-30 21:00:00,3024,2674.197988686361,4727.983756301153,2962.9668214285716
2018-03-30 22:00:00,2358,2201.658125,4781.819861353191,2677.539095238095
2018-03-30 23:00:00,1685,1464.7486338797814,4679.879639775452,1798.76725
2018-03-31 00:00:00,963,840.2307692307693,1398.1689531263112,1328.4743809523807
2018-03-31 00:00:00,963,840.2307692307693,1308.2822768175997,1325.867238095238
2018-03-31 01:00:00,580,520.4200244200244,1493.7208876177185,717.7121547619047
2018-03-31 01:00:00,580,520.4200244200244,1403.834211309007,718.7015952380951
2018-03-31 01:00:00,580,520.4200244200244,1517.6902105246038,719.5112380952381
2018-03-31 02:00:00,485,391.66360856269114,1593.6552437521605,603.8635119047622
2018-03-31 02:00:00,485,391.66360856269114,1503.7685674434492,598.0634047619047
2018-03-31 03:00:00,386,371.06679035250465,1611.7056065782187,410.09443290043293
2018-03-31 03:00:00,386,371.06679035250465,1701.59228288693,412.2330995670997
2018-03-31 04:00:00,352,696.3011904761905,1708.7818616411164,414.83764285714284
2018-03-31 04:00:00,352,696.3011904761905,1798.6685379498276,411.8274761904761
2018-03-31 05:00:00,588,2071.845731707317,1818.7395690472745,674.9011865079364
2018-03-31 05:00:00,588,2071.845731707317,1797.855433703689,677.4372936507935
2018-03-31 05:00:00,588,2071.845731707317,1887.7421100124002,672.7728769841268
2018-03-31 05:00:00,588,2071.845731707317,1911.7114329192855,642.5347817460316
2018-03-31 06:00:00,1045,4163.973699940228,1963.0967969315564,1264.2398928571424
2018-03-31 06:00:00,1045,4163.973699940228,1873.2101206228454,1261.6412738095237
2018-03-31 06:00:00,1045,4163.973699940228,1894.0942559664309,1262.923369047619
2018-03-31 07:00:00,1556,4748.809753160746,2035.783922850603,1979.7238373015875
2018-03-31 07:00:00,1556,4748.809753160746,1945.897246541892,1981.5206349206346
2018-03-31 08:00:00,2289,4611.336930455635,2117.807512270031,2979.635369047619
2018-03-31 09:00:00,3092,4385.760351317441,2200.021641760896,3512.7700595238093
2018-03-31 09:00:00,3092,4385.760351317441,2553.1233716983875,3441.8824404761904
2018-03-31 10:00:00,3629,4183.411445783133,2253.8577468129342,4237.157809523809
2018-03-31 11:00:00,4051,4475.547449967721,2521.9281221276933,4528.449063492063
2018-03-31 12:00:00,4348,4725.081841432225,2582.513757659849,5050.035785714286
2018-03-31 13:00:00,4337,4727.435270805812,2685.6872950087104,5022.47511904762
2018-03-31 14:00:00,4548,4949.716550412175,2453.033472823347,5019.554357142858
2018-03-31 15:00:00,4400,5246.461338531514,2836.4767771444194,5238.021559523809
2018-03-31 16:00:00,4222,5661.568824638592,2650.942654704103,5195.415595238094
2018-03-31 17:00:00,4155,5329.677461139896,3028.1522663415426,4645.962761904762
2018-03-31 18:00:00,3993,4277.991792929293,3106.7461344751164,4274.669547619047
2018-03-31 19:00:00,3333,3279.4859154929577,2900.8242243911127,3637.591071428571
2018-03-31 20:00:00,2910,2836.232469993683,2969.3194687385603,3373.84005952381
2018-03-31 21:00:00,2761,2674.197988686361,3037.8147130860098,3628.1739047619044
2018-03-31 22:00:00,2695,2201.658125,3105.7924668929154,3446.12540909091
2018-03-31 23:00:00,1771,1464.7486338797814,3178.0985126690894,2155.3230119047616
2018-04-01 00:00:00,1128,840.2307692307693,1036.8548777013566,1317.0621666666661
2018-04-01 01:00:00,652,520.4200244200244,1121.736568192329,873.4394999999997
2018-04-01 02:00:00,520,391.66360856269114,1209.2858196834113,635.5911785714287
2018-04-01 03:00:00,313,371.06679035250465,1302.3607332461465,387.7055714285715
2018-04-01 04:00:00,249,696.3011904761905,1395.4356468088804,337.3054642857143
2018-04-01 05:00:00,426,2071.845731707317,1481.6511177999087,467.19624206349215
2018-04-01 06:00:00,751,4163.973699940228,1573.2017107911522,742.5172301587304
2018-04-01 07:00:00,978,4748.809753160746,1675.1778780376283,1026.804976190476
2018-04-01 08:00:00,1718,4611.336930455635,1773.9689937434537,1719.8127142857138
2018-04-01 09:00:00,2444,4385.760351317441,1899.6262595218009,2609.57130952381
2018-04-01 10:00:00,3306,4183.411445783133,2022.806504371476,3393.9844761904756
2018-04-01 11:00:00,3641,4475.547449967721,2145.0340488639695,3552.4625753968257
2018-04-01 12:00:00,3964,4725.081841432225,2267.2615933564634,4184.066285714286
2018-04-01 13:00:00,4043,4727.435270805812,2390.2512981347027,4225.088976190478
2018-04-01 14:00:00,3996,4949.716550412175,2506.381560341233,4268.520559523811
2018-04-01 15:00:00,4102,5246.461338531514,2617.176700547547,4269.32161904762
2018-04-01 16:00:00,4679,5661.568824638592,3008.4862774712756,4079.8338571428567
2018-04-01 17:00:00,4569,5329.677461139896,2816.5279222758904,3753.878511904762
2018-04-01 18:00:00,4424,4277.991792929293,3247.9072163015207,3601.4556190476205
2018-04-01 19:00:00,3892,3279.4859154929577,3002.8682894727967,2897.012702380952
2018-04-01 20:00:00,3320,2836.232469993683,3094.7458329331466,2516.924214285715
2018-04-01 21:00:00,2545,2674.197988686361,3167.6234989236305,2107.482630952381
2018-04-01 22:00:00,1682,2201.658125,3245.8904165880986,1513.563
2018-04-01 23:00:00,952,1464.7486338797814,3321.2451035072545,1327.280928571429
2018-04-02 00:00:00,543,840.2307692307693,1955.0369045230445,652.5700303030304
2018-04-02 01:00:00,311,520.4200244200244,2045.0631769427978,336.5719642857143
2018-04-02 02:00:00,246,391.66360856269114,2124.80028550499,257.86669047619057
2018-04-02 03:00:00,352,371.06679035250465,2220.5427600678336,313.9455555555556
2018-04-02 04:00:00,807,696.3011904761905,2307.710931416042,787.2990909090909
2018-04-02 05:00:00,2683,2071.845731707317,2391.830461621269,2578.3505952380956
2018-04-02 06:00:00,5147,4163.973699940228,2484.714835112568,5301.8933809523805
2018-04-02 07:00:00,6148,4748.809753160746,2908.663066352182,6338.637678571427
2018-04-02 08:00:00,5557,4611.336930455635,3098.630321773424,4965.450940476189
2018-04-02 09:00:00,4776,4385.760351317441,3249.2483369099305,4880.07215873016
2018-04-02 10:00:00,4397,4183.411445783133,3370.523181045243,4334.444892857143
2018-04-02 11:00:00,4509,4475.547449967721,3526.654412048215,3935.195654761905
2018-04-02 12:00:00,4947,4725.081841432225,3198.4544747095883,5016.82562987013
2018-04-02 13:00:00,4895,4727.435270805812,3518.373170452707,4796.006857142857
2018-04-02 14:00:00,4750,4949.716550412175,3584.200853800047,4321.785428571429
2018-04-02 14:00:00,4750,4949.716550412175,3494.3141774913356,4555.885095238094
2018-04-02 14:00:00,4750,4949.716550412175,3608.170176706932,4402.615476190477
2018-04-02 15:00:00,4949,5246.461338531514,3670.4163247910737,4726.750785714286
2018-04-02 15:00:00,4949,5246.461338531514,3580.5296484823625,4892.006809523809
2018-04-02 16:00:00,6000,5661.568824638592,3770.350680925516,6139.5649126984135
2018-04-02 16:00:00,6000,5661.568824638592,3680.4640046168047,6087.342690476192
2018-04-02 17:00:00,5301,5329.677461139896,3869.9039569170873,5866.6042857142875
2018-04-02 17:00:00,5301,5329.677461139896,3780.0172806083756,6068.280071428572
2018-04-02 18:00:00,3893,4277.991792929293,3961.645089979767,4225.962436507935
2018-04-02 19:00:00,2521,3279.4859154929577,4054.720003542502,2938.1029880952383
2018-04-02 20:00:00,2159,2836.232469993683,4051.810958510563,2351.7419880952384
2018-04-02 20:00:00,2159,2836.232469993683,4141.697634819275,2428.877000000001
2018-04-02 21:00:00,2702,2674.197988686361,4140.312910358826,2095.74505952381
2018-04-02 21:00:00,2702,2674.197988686361,4230.199586667537,2142.669107142858
2018-04-02 22:00:00,2359,2201.658125,4327.466381801872,1908.2894761904765
2018-04-02 22:00:00,2359,2201.658125,4237.57970549316,1894.6937142857143
2018-04-02 23:00:00,1040,1464.7486338797814,4423.399396436152,1090.3528571428571
2018-04-03 00:00:00,552,840.2307692307693,2307.9167508265136,602.0165064935067
2018-04-03 01:00:00,346,520.4200244200244,2401.7538246749937,361.1605000000001
2018-04-03 02:00:00,277,391.66360856269114,2717.6502776027196,258.9675
2018-04-03 03:00:00,329,371.06679035250465,2587.7131117290273,337.9926666666667
2018-04-03 04:00:00,836,696.3011904761905,2676.786683791599,806.2225595238097
2018-04-03 04:00:00,836,696.3011904761905,2586.9000074828878,813.4280952380955
2018-04-03 05:00:00,2555,2071.845731707317,2682.6424820457323,2677.351920634921
2018-04-03 05:00:00,2555,2071.845731707317,2772.5291583544436,2669.867706349207
2018-04-03 06:00:00,4311,4163.973699940228,2864.270291417123,5575.783555555554
2018-04-03 06:00:00,4311,4163.973699940228,2774.383615108412,5527.236904761903
2018-04-03 07:00:00,4096,4748.809753160746,2954.4871039083137,6340.576325396825
2018-04-03 07:00:00,4096,4748.809753160746,2864.6004275996024,6316.067492063491
2018-04-03 08:00:00,4790,4611.336930455635,3050.4201185425936,5034.535396825398
2018-04-03 08:00:00,4790,4611.336930455635,2960.5334422338824,5491.887095238095
2018-04-03 09:00:00,3893,4385.760351317441,3152.831495605709,4983.863023809524
2018-04-03 09:00:00,3893,4385.760351317441,3062.9448192969976,5079.709428571428
2018-04-03 10:00:00,3403,4183.411445783133,3248.1928900256803,4231.246595238095
2018-04-03 10:00:00,3403,4183.411445783133,3158.306213716969,4293.9576547619035
2018-04-03 11:00:00,3587,4475.547449967721,3261.479751065829,4564.702476190475
2018-04-03 11:00:00,3587,4475.547449967721,3351.3664273745403,4314.820928571429
2018-04-03 12:00:00,3822,4725.081841432225,3451.110243437546,4437.494702380952
2018-04-03 12:00:00,3822,4725.081841432225,3361.223567128835,4614.900702380952
2018-04-03 12:00:00,3822,4725.081841432225,3475.079566344432,4670.561392857142
2018-04-03 13:00:00,3917,4727.435270805812,3545.5189375003356,4424.259952380952
2018-04-03 13:00:00,3917,4727.435270805812,3455.6322611916244,4621.801797619048
2018-04-03 13:00:00,3917,4727.435270805812,3569.488260407221,4672.677488095238
2018-04-03 14:00:00,4058,4949.716550412175,3639.927631563125,4375.226547619048
2018-04-03 14:00:00,4058,4949.716550412175,3663.8969544700103,4539.64480952381
2018-04-03 14:00:00,4058,4949.716550412175,3550.040955254414,4728.325904761905
2018-04-03 15:00:00,4689,5246.461338531514,3737.003886626024,5221.167039682539
2018-04-03 15:00:00,4689,5246.461338531514,3647.117210317312,5465.185373015872
2018-04-03 15:00:00,4689,5246.461338531514,3760.973209532909,4801.582690476191
2018-04-03 16:00:00,4930,5661.568824638592,3833.699061546049,6363.474452380951
2018-04-03 16:00:00,4930,5661.568824638592,3743.812385237338,6318.537619047619
2018-04-03 16:00:00,4930,5661.568824638592,4186.800791483541,6354.796785714287
2018-04-03 17:00:00,4207,5329.677461139896,3916.2942711797855,5272.651484126983
2018-04-03 17:00:00,4207,5329.677461139896,3826.4075948710743,5478.467531746029
2018-04-03 18:00:00,2887,4277.991792929293,3998.508400670649,4645.748571428571
2018-04-03 18:00:00,2887,4277.991792929293,3908.6217243619376,4622.9185
2018-04-03 18:00:00,2887,4277.991792929293,4022.4777235775346,4623.0400714285715
2018-04-03 19:00:00,1834,3279.4859154929577,4104.501312996963,2819.7544761904774
2018-04-03 19:00:00,1834,3279.4859154929577,3990.645313781366,2447.843619047619
2018-04-03 19:00:00,1834,3279.4859154929577,4080.531990090077,2536.9733571428574
2018-04-03 20:00:00,1703,2836.232469993683,4162.936659652378,2831.3240833333334
2018-04-03 20:00:00,1703,2836.232469993683,4073.049983343666,2719.4880555555555
2018-04-03 21:00:00,1450,2674.197988686361,4238.291346571534,2470.4009999999994
2018-04-03 21:00:00,1450,2674.197988686361,4148.404670262822,2383.3575476190476
2018-04-03 22:00:00,1511,2201.658125,4320.314935990962,1835.4251904761902
2018-04-03 22:00:00,1511,2201.658125,4230.42825968225,1796.5665238095237
2018-04-03 22:00:00,1511,2201.658125,4673.416665928454,1838.1723571428572
2018-04-03 23:00:00,1271,1464.7486338797814,4397.193943481609,1247.0604285714285
2018-04-03 23:00:00,1271,1464.7486338797814,4307.307267172897,1176.3540476190474
2018-04-03 23:00:00,1271,1464.7486338797814,4750.2956734191,1217.1949285714284
2018-04-04 00:00:00,501,840.2307692307693,2270.6599737286633,663.8685779220779
2018-04-04 00:00:00,501,840.2307692307693,2180.7732974199516,664.0591374458874
2018-04-04 00:00:00,501,840.2307692307693,2623.761703666155,657.7660541125541
2018-04-04 01:00:00,327,520.4200244200244,2358.2092252197444,335.8679523809523
2018-04-04 01:00:00,327,520.4200244200244,2268.3225489110328,334.7257380952381
2018-04-04 02:00:00,259,391.66360856269114,2439.8517344962993,270.4357063492063
2018-04-04 03:00:00,337,371.06679035250465,2324.9180348632503,343.65376190476195
2018-04-04 04:00:00,821,696.3011904761905,2388.8403174962273,726.9734444444449
2018-04-04 05:00:00,2580,2071.845731707317,2456.0017813436207,2323.732
2018-04-04 06:00:00,4551,4163.973699940228,2536.691590262994,5431.357515873016
2018-04-04 07:00:00,4979,4748.809753160746,2591.2515778094194,6571.253404761906
2018-04-04 08:00:00,4778,4611.336930455635,2680.325149871992,6052.610119047617
2018-04-04 09:00:00,5252,4385.760351317441,2805.982415650339,5169.637630952382
2018-04-04 10:00:00,4717,4183.411445783133,2939.832904500449,4461.968182539682
2018-04-04 11:00:00,4590,4475.547449967721,3079.2090554222123,4616.369230158732
2018-04-04 12:00:00,4749,4725.081841432225,3196.7272278025644,4907.641563492064
2018-04-04 13:00:00,4793,4727.435270805812,3709.129388401272,4964.421246031746
2018-04-04 14:00:00,4903,4949.716550412175,3445.129528613949,5265.499333333332
2018-04-04 15:00:00,5491,5246.461338531514,3548.547735708012,5787.488357142857
2018-04-04 16:00:00,6500,5661.568824638592,3983.547291090933,6603.391571428571
2018-04-04 17:00:00,5898,5329.677461139896,4076.622204653668,5962.492023809525
2018-04-04 18:00:00,4539,4277.991792929293,3833.29813846787,4669.746690476191
2018-04-04 19:00:00,3400,3279.4859154929577,3918.1798289588432,3385.4204365079354
2018-04-04 20:00:00,3022,2836.232469993683,4328.218634983605,2919.9563095238095
2018-04-04 21:00:00,2444,2674.197988686361,4403.573321902761,2581.1534285714283
2018-04-04 22:00:00,1885,2201.658125,4143.100649287693,1974.2273333333337
2018-04-04 23:00:00,1097,1464.7486338797814,4203.402670563379,1406.9952857142855
2018-04-05 00:00:00,640,840.2307692307693,2054.956592595256,644.0032857142858
2018-04-05 01:00:00,384,520.4200244200244,2131.4545199430304,365.1734841269842
2018-04-05 02:00:00,280,391.66360856269114,2200.5213845047865,285.41791269841264
2018-04-05 03:00:00,352,371.06679035250465,2287.3084757101233,362.3669642857143
2018-04-05 04:00:00,910,696.3011904761905,2367.617204486624,828.4193095238094
2018-04-05 05:00:00,2815,2071.845731707317,2457.0718566920686,2686.3061547619054
2018-04-05 06:00:00,5560,4163.973699940228,2543.8589478974054,5371.074642857143
2018-04-05 07:00:00,6297,4748.809753160746,2649.1922212487893,6282.479958874462
2018-04-05 08:00:00,5887,4611.336930455635,2746.077936240251,5715.249809523809
2018-04-05 09:00:00,5389,4385.760351317441,2892.221436429402,5152.420547619049
2018-04-05 09:00:00,5389,4385.760351317441,2802.3347601206906,5097.999690476191
2018-04-05 10:00:00,4663,4183.411445783133,3031.625885438761,4580.42769047619
2018-04-05 11:00:00,5078,4475.547449967721,3534.2671661815803,4834.610702380953
2018-04-05 12:00:00,5535,4725.081841432225,3332.0997554260302,5047.4932698412695
2018-04-05 13:00:00,5492,4727.435270805812,3453.755679704215,5119.8733571428575
2018-04-05 14:00:00,5535,4949.716550412175,3571.410262482236,5550.4717619047615
2018-04-05 15:00:00,5705,5246.461338531514,3682.20540268855,5716.24016125541
2018-04-05 16:00:00,6642,5661.568824638592,3788.8086613232645,6288.251547619047
2018-04-05 17:00:00,6476,5329.677461139896,4302.408711706805,5886.192000000001
2018-04-05 18:00:00,4992,4277.991792929293,4433.007573137308,4490.203488095238
2018-04-05 19:00:00,3322,3279.4859154929577,4284.778560405728,3184.179523809524
2018-04-05 20:00:00,3288,2836.232469993683,4357.656226396212,2899.295642857142
2018-04-05 21:00:00,2888,2674.197988686361,4436.631174672659,2784.560071428571
2018-04-05 22:00:00,2422,2201.658125,4633.926163803324,2010.0162698412698
2018-04-05 23:00:00,2390,1464.7486338797814,4498.082255715105,1642.5067500000002
2018-04-06 00:00:00,932,840.2307692307693,2479.0984256159136,684.6745119047617
2018-04-06 01:00:00,514,520.4200244200244,2350.2553007680117,439.4603095238097
2018-04-06 02:00:00,312,391.66360856269114,2424.8478274014224,342.6428214285714
2018-04-06 03:00:00,363,371.06679035250465,2467.648460192563,369.9950714285714
2018-04-06 04:00:00,879,696.3011904761905,2578.7963824541525,758.5579523809524
2018-04-06 05:00:00,2687,2071.845731707317,2829.970856701542,2193.512277777778
2018-04-06 06:00:00,5211,4163.973699940228,2952.7575752031557,4562.24619047619
2018-04-06 07:00:00,6253,4748.809753160746,3208.7697963436585,6050.709154761903
2018-04-06 08:00:00,5738,4611.336930455635,3325.7726506099734,5539.591452380951
2018-04-06 09:00:00,5067,4385.760351317441,3485.634574744275,4719.429738095238
2018-04-06 10:00:00,4748,4183.411445783133,3165.1085701553507,4260.892
2018-04-06 10:00:00,4748,4183.411445783133,3518.2103000928428,4353.046738095238
2018-04-06 11:00:00,5022,4475.547449967721,3586.2140325233786,4660.721738095239
2018-04-06 11:00:00,5022,4475.547449967721,3233.112302585887,4632.182238095239
2018-04-06 12:00:00,5409,4725.081841432225,3650.2028910353106,5298.280797619048
2018-04-06 13:00:00,5298,4727.435270805812,3372.2936060331344,5342.589130952381
2018-04-06 14:00:00,5363,4949.716550412175,3481.129215851319,5666.369559523808
2018-04-06 15:00:00,5786,5246.461338531514,3576.1095301284167,5863.980804112553
2018-04-06 16:00:00,6525,5661.568824638592,3681.188468191641,6401.941392857144
2018-04-06 17:00:00,5735,5329.677461139896,3774.2633817543756,5872.138015873015
2018-04-06 18:00:00,4863,4277.991792929293,3850.815438775917,4821.620797619047
2018-04-06 19:00:00,3923,3279.4859154929577,3941.9849516242884,3611.950696969696
2018-04-06 20:00:00,3193,2836.232469993683,4015.4342378290817,3243.6499642857148
2018-04-06 21:00:00,3031,2674.197988686361,4094.7902662484003,3254.023452380952
2018-04-06 22:00:00,2992,2201.658125,4181.005737239428,2670.0046666666667
2018-04-06 23:00:00,2205,1464.7486338797814,4263.029326658856,2393.4924047619047
2018-04-07 00:00:00,1196,840.2307692307693,1009.6808125661314,1274.3772738095238
2018-04-07 01:00:00,657,520.4200244200244,1101.6124857002485,917.8748571428571
2018-04-07 02:00:00,496,391.66360856269114,1404.6014131731301,579.5165714285713
2018-04-07 03:00:00,381,371.06679035250465,1384.2194448675857,400.0961666666666
2018-04-07 04:00:00,342,696.3011904761905,1386.1723483886706,372.5883174603174
2018-04-07 05:00:00,643,2071.845731707317,1449.9323890378073,741.0725000000003
2018-04-07 06:00:00,1221,4163.973699940228,1562.2235517280146,1270.334349206349
2018-04-07 07:00:00,1995,4748.809753160746,1627.3173728772053,2138.8331071428574
2018-04-07 08:00:00,3074,4611.336930455635,1724.0125477972308,2936.099785714285
2018-04-07 09:00:00,3960,4385.760351317441,1851.5752142899419,3795.3027186147187
2018-04-07 10:00:00,4304,4183.411445783133,1990.516155395066,4152.961535714287
2018-04-07 11:00:00,4771,4475.547449967721,2102.318125632328,4589.362230158731
2018-04-07 12:00:00,5298,4725.081841432225,2234.0185440228715,5000.447535714286
2018-04-07 13:00:00,5126,4727.435270805812,2352.6258271580746,4943.198916666667
2018-04-07 14:00:00,5237,4949.716550412175,2454.519713680648,5054.2144285714285
2018-04-07 15:00:00,4908,5246.461338531514,2570.5958462134113,5065.10926190476
2018-04-07 16:00:00,5118,5661.568824638592,2662.962729164168,5085.019333333334
2018-04-07 17:00:00,5441,5329.677461139896,2775.990220553951,4650.171706709956
2018-04-07 18:00:00,5019,4277.991792929293,2863.9746818616727,4202.242333333334
2018-04-07 19:00:00,3699,3279.4859154929577,2963.2832881080394,3749.0664365079365
2018-04-07 20:00:00,3079,2836.232469993683,3036.3514941699596,3432.3043452380957
2018-04-07 21:00:00,4104,2674.197988686361,3107.75896926272,3663.538333333334
2018-04-07 22:00:00,4107,2201.658125,3185.971757253421,3413.5739285714285
2018-04-07 23:00:00,2740,1464.7486338797814,3258.4683431010326,2055.4363571428567
2018-04-08 00:00:00,1578,840.2307692307693,1117.2627878474887,1273.4210952380954
2018-04-08 01:00:00,844,520.4200244200244,1182.8999311233922,869.3552619047616
2018-04-08 02:00:00,649,391.66360856269114,1251.7762556137125,655.8266666666668
2018-04-08 03:00:00,401,371.06679035250465,1336.0863258903767,400.17011904761915
2018-04-08 04:00:00,295,696.3011904761905,1417.7288351669315,340.5557142857144
2018-04-08 05:00:00,441,2071.845731707317,1502.038905443596,463.56807539682535
2018-04-08 06:00:00,976,4163.973699940228,1581.2043937914784,746.7978492063494
2018-04-08 07:00:00,1357,4748.809753160746,1674.2793073542134,1038.6037857142856
2018-04-08 08:00:00,1910,4611.336930455635,1791.5528099893622,1753.8574880952385
2018-04-08 09:00:00,2736,4385.760351317441,2397.361808742898,2482.7829523809514
2018-04-08 10:00:00,3401,4183.411445783133,2548.741984165151,3458.7056190476187
2018-04-08 11:00:00,3961,4475.547449967721,2648.688786504782,3653.5823690476177
2018-04-08 12:00:00,4483,4725.081841432225,2345.2466122476894,3974.740511904761
2018-04-08 13:00:00,4423,4727.435270805812,2864.753404845756,3947.9450952380944
2018-04-08 14:00:00,4272,4949.716550412175,2572.9058768586833,4193.674753968254
2018-04-08 15:00:00,4083,5246.461338531514,2665.9807904214185,4067.5522539682547
2018-04-08 16:00:00,4389,5661.568824638592,2865.3641564421737,3261.1448611111105
2018-04-08 16:00:00,4389,5661.568824638592,2955.250832750885,4162.0309841269855
2018-04-08 17:00:00,3687,5329.677461139896,3044.5149448848924,3218.2615238095236
2018-04-08 17:00:00,3687,5329.677461139896,2954.628268576181,2892.9466706349212
2018-04-08 18:00:00,3224,4277.991792929293,3134.3506772332094,2474.5994285714287
2018-04-08 18:00:00,3224,4277.991792929293,3044.464000924498,2376.233063492063
2018-04-08 18:00:00,3224,4277.991792929293,3158.3200001400946,2624.6649285714284
2018-04-08 19:00:00,2455,3279.4859154929577,3225.710730153018,2578.904154761905
2018-04-08 19:00:00,2455,3279.4859154929577,3135.824053844307,2375.5269285714294
2018-04-08 19:00:00,2455,3279.4859154929577,3578.81246009051,2593.7935952380953
2018-04-08 20:00:00,2145,2836.232469993683,3317.8329433585714,2211.331035714285
2018-04-08 20:00:00,2145,2836.232469993683,3227.94626704986,2152.0698690476192
2018-04-08 21:00:00,1799,2674.197988686361,3314.161738040887,2061.3309523809526
2018-04-08 21:00:00,1799,2674.197988686361,3404.0484143495983,2073.1756190476185
2018-04-08 22:00:00,1425,2201.658125,3491.5976658406794,1670.8037142857147
2018-04-08 22:00:00,1425,2201.658125,3401.710989531968,1612.2225238095236
2018-04-08 23:00:00,992,1464.7486338797814,3586.0063599034684,1367.6489047619045
2018-04-08 23:00:00,992,1464.7486338797814,3496.1196835947576,1238.428444444445
2018-04-09 00:00:00,427,840.2307692307693,2225.514363062349,629.1493517316017
2018-04-09 00:00:00,427,840.2307692307693,2135.627686753637,650.1957922077924
2018-04-09 01:00:00,315,520.4200244200244,2310.96767376763,346.97253571428575
2018-04-09 01:00:00,315,520.4200244200244,2221.0809974589183,332.7931785714284
2018-04-09 02:00:00,251,391.66360856269114,2309.3924092357456,267.62833333333333
2018-04-09 02:00:00,251,391.66360856269114,2399.279085544457,265.3032380952381
2018-04-09 03:00:00,339,371.06679035250465,2482.8269955353753,323.8368095238095
2018-04-09 03:00:00,339,371.06679035250465,2392.940319226664,326.2976428571428
2018-04-09 04:00:00,869,696.3011904761905,2478.9652501462547,794.992924242424
2018-04-09 05:00:00,2704,2071.845731707317,2355.8383274414437,2598.135214285715
2018-04-09 06:00:00,5192,4163.973699940228,2546.132533331792,4914.859309523809
2018-04-09 06:00:00,5192,4163.973699940228,2636.019209640503,5031.211047619047
2018-04-09 07:00:00,6110,4748.809753160746,2711.520119537747,6057.20539935065
2018-04-09 07:00:00,6110,4748.809753160746,2801.4067958464584,6154.399488095239
2018-04-09 08:00:00,5824,4611.336930455635,2838.879799753833,4702.820638888888
2018-04-09 08:00:00,5824,4611.336930455635,2928.7664760625444,4722.710138888888
2018-04-09 09:00:00,4933,4385.760351317441,2846.0340485022352,4759.80811904762
2018-04-09 09:00:00,4933,4385.760351317441,2756.147372193524,4734.655726190476
2018-04-09 10:00:00,4149,4183.411445783133,2892.28434190087,4250.943142857143
2018-04-09 10:00:00,4149,4183.411445783133,3335.272748147073,4256.99611904762
2018-04-09 11:00:00,4276,4475.547449967721,3429.0123561091514,4583.940450216449
2018-04-09 12:00:00,4516,4725.081841432225,3498.1593289683046,5120.4197738095245
2018-04-09 13:00:00,4633,4727.435270805812,3728.631511308089,4844.741702380953
2018-04-09 14:00:00,5093,4949.716550412175,3832.3766688712585,5141.199892857145
2018-04-09 15:00:00,5769,5246.461338531514,3963.356610444635,5592.535158730158
2018-04-09 16:00:00,6719,5661.568824638592,4025.576478639872,6427.5274761904775
2018-04-09 17:00:00,6244,5329.677461139896,4155.41317978463,5989.776023809524
2018-04-09 18:00:00,4640,4277.991792929293,4022.6179128393937,4067.9340476190478
2018-04-09 19:00:00,3073,3279.4859154929577,4333.369783838338,2933.289976190476
2018-04-09 20:00:00,2635,2836.232469993683,4382.251847033034,2566.21576984127
2018-04-09 21:00:00,2048,2674.197988686361,4466.371377238261,2289.109142857142
2018-04-09 22:00:00,1521,2201.658125,4586.681074811202,1531.728476190476
2018-04-09 23:00:00,983,1464.7486338797814,4678.04112773101,996.1752792207794
2018-04-10 00:00:00,530,840.2307692307693,2557.604440264027,544.7767341269841
2018-04-10 01:00:00,333,520.4200244200244,2644.2009913979273,356.28749206349215
2018-04-10 02:00:00,235,391.66360856269114,2736.7042847463526,252.357
2018-04-10 03:00:00,358,371.06679035250465,2831.112978809142,346.56433333333337
2018-04-10 04:00:00,905,696.3011904761905,2922.6635718003868,802.7237142857145
2018-04-10 05:00:00,2902,2071.845731707317,2790.2493849980215,2672.2795
2018-04-10 06:00:00,5806,4163.973699940228,2885.801319489429,5489.028238095238
2018-04-10 07:00:00,6708,4748.809753160746,2982.8775745523276,6284.2597857142855
2018-04-10 08:00:00,6190,4611.336930455635,3297.6307870514356,5505.434726190476
2018-04-10 09:00:00,5221,4385.760351317441,3397.565143185878,5233.076797619047
2018-04-10 10:00:00,4436,4183.411445783133,3274.487419883894,4380.439476190477
2018-04-10 11:00:00,4714,4475.547449967721,3612.1054409553617,4606.645059523809
2018-04-10 12:00:00,4850,4725.081841432225,3710.706016589749,4898.162130952382
2018-04-10 13:00:00,5099,4727.435270805812,3812.7363135099927,4886.53319047619
2018-04-10 14:00:00,5315,4949.716550412175,3870.47794691985,5241.986357142858
2018-04-10 15:00:00,5784,5246.461338531514,3804.6456119859204,5678.581900793651
2018-04-10 16:00:00,7013,5661.568824638592,4094.8316014749303,6549.9380833333325
2018-04-10 17:00:00,6304,5329.677461139896,4204.483501252626,6157.865000000002
2018-04-10 18:00:00,4606,4277.991792929293,4298.892195315416,4633.788333333333
2018-04-10 19:00:00,3190,3279.4859154929577,4394.634669878259,3288.9262698412695
2018-04-10 20:00:00,2829,2836.232469993683,4401.868565725795,2874.544880952381
2018-04-10 21:00:00,2337,2674.197988686361,4154.489028366067,2703.0720357142854
2018-04-10 22:00:00,1738,2201.658125,4229.89784495899,2408.8930238095236
2018-04-10 23:00:00,1007,1464.7486338797814,4253.2550316976685,1295.0331706349202
2018-04-11 00:00:00,562,840.2307692307693,2419.1775835578765,576.8359047619048
2018-04-11 01:00:00,344,520.4200244200244,2287.672096833876,380.97876190476194
2018-04-11 02:00:00,259,391.66360856269114,2291.1493209264518,278.8081190476191
2018-04-11 03:00:00,374,371.06679035250465,2377.9364121317876,352.47170238095237
2018-04-11 03:00:00,374,371.06679035250465,2491.792411347384,353.2452023809524
2018-04-11 04:00:00,886,696.3011904761905,2467.3910643372324,836.7179523809525
2018-04-11 04:00:00,886,696.3011904761905,2581.247063552829,835.3781746031749
2018-04-11 05:00:00,2843,2071.845731707317,2549.986273970969,2651.7026904761897
2018-04-11 06:00:00,5670,4163.973699940228,2643.442267676576,5627.291619047619
2018-04-11 07:00:00,6495,4748.809753160746,2917.2785642197,6164.17842063492
2018-04-11 07:00:00,6495,4748.809753160746,3031.1345634352965,6085.805170634921
2018-04-11 08:00:00,5887,4611.336930455635,2994.5510980584077,6152.856874458874
2018-04-11 09:00:00,5581,4385.760351317441,2956.9642212233216,5161.243293650795
2018-04-11 10:00:00,4791,4183.411445783133,3155.0067748258343,4641.758000000001
2018-04-11 11:00:00,5123,4475.547449967721,3691.2810937102977,4934.158333333333
2018-04-11 12:00:00,4964,4725.081841432225,3402.319964882366,5032.529476190477
2018-04-11 13:00:00,4982,4727.435270805812,3929.829440480759,4999.013047619048
2018-04-11 14:00:00,5169,4949.716550412175,4064.4296434114253,5310.44251190476
2018-04-11 15:00:00,5768,5246.461338531514,4138.272455964279,5901.523864718614
2018-04-11 16:00:00,6988,5661.568824638592,4276.302380180799,6679.163202380952
2018-04-11 17:00:00,6744,5329.677461139896,4370.711074243589,6322.100904761905
2018-04-11 18:00:00,4955,4277.991792929293,4458.831945948979,4621.218404761905
2018-04-11 19:00:00,3308,3279.4859154929577,4544.475796725697,3210.934904761904
2018-04-11 20:00:00,2804,2836.232469993683,4629.35748721667,2909.668047619048
2018-04-11 21:00:00,2418,2674.197988686361,4421.081316877471,2454.8935714285712
2018-04-11 21:00:00,2418,2674.197988686361,4409.095300887213,2465.501880952381
2018-04-11 22:00:00,1603,2201.658125,4502.723826154027,1921.1858690476188
2018-04-11 23:00:00,1099,1464.7486338797814,4584.00326379794,1118.8434047619048
2018-04-11 23:00:00,1099,1464.7486338797814,4595.9892797881985,1119.027404761905
2018-04-12 00:00:00,531,840.2307692307693,2471.3607107496155,627.4371309523812
2018-04-12 00:00:00,531,840.2307692307693,2459.374694759357,706.9221666666667
2018-04-12 01:00:00,310,520.4200244200244,2515.4792721584017,409.6849722222222
2018-04-12 02:00:00,291,391.66360856269114,2514.156873301533,284.59616666666665
2018-04-12 03:00:00,331,371.06679035250465,2700.9297653073495,346.7720833333333
2018-04-12 04:00:00,949,696.3011904761905,2645.996248855104,850.449626984127
2018-04-12 05:00:00,2857,2071.845731707317,2728.5914584888405,2739.400571428572
2018-04-12 06:00:00,5772,4163.973699940228,2788.656303135776,5665.398833333333
2018-04-12 07:00:00,6475,4748.809753160746,2828.63711264673,6619.463634920636
2018-04-12 08:00:00,6198,4611.336930455635,2948.9592564248596,6084.666535714287
2018-04-12 09:00:00,5391,4385.760351317441,3106.9417584684284,5252.192166666667
2018-04-12 10:00:00,4743,4183.411445783133,3664.793741982512,4698.939083333334
2018-04-12 11:00:00,4982,4475.547449967721,3786.449666260697,4994.621714285715
2018-04-12 12:00:00,5317,4725.081841432225,3930.3863326917435,5085.374551587303
2018-04-12 13:00:00,5322,4727.435270805812,4038.7044519693854,5199.452492063494
2018-04-12 14:00:00,5574,4949.716550412175,4140.544208818192,5401.3979404761885
2018-04-12 15:00:00,6252,5246.461338531514,4213.815401156737,6152.752166666665
2018-04-12 16:00:00,7213,5661.568824638592,4315.655158005543,6689.846380952381
2018-04-12 17:00:00,6811,5329.677461139896,4404.7287300681155,6454.280119047619
2018-04-12 18:00:00,5064,4277.991792929293,4074.2298656670628,4757.51755952381
2018-04-12 19:00:00,3697,3279.4859154929577,4602.870135488885,3587.425083333334
2018-04-12 20:00:00,3082,2836.232469993683,4675.557261407932,3164.474912698412
2018-04-12 21:00:00,2762,2674.197988686361,4757.390310755924,3015.1165079365073
2018-04-12 22:00:00,2053,2201.658125,4396.036400987376,2376.6937539682544
2018-04-12 23:00:00,1168,1464.7486338797814,4894.393245656009,1392.779575396825
2018-04-13 00:00:00,633,840.2307692307693,2354.574661796838,742.8851666666666
2018-04-13 01:00:00,387,520.4200244200244,2887.5973532616954,438.90357142857147
2018-04-13 02:00:00,306,391.66360856269114,2529.4826247075653,365.48998809523806
2018-04-13 03:00:00,356,371.06679035250465,2620.0805173416284,383.184261904762
2018-04-13 04:00:00,846,696.3011904761905,2707.8203089041453,824.2938095238096
2018-04-13 05:00:00,2721,2071.845731707317,3139.5806830726488,2549.605499999999
2018-04-13 06:00:00,5426,4163.973699940228,3307.82637035015,5467.332702380952
2018-04-13 07:00:00,6585,4748.809753160746,3036.5739908681103,6514.215404761902
2018-04-13 08:00:00,5894,4611.336930455635,3244.439566799179,5872.2693051948045
2018-04-13 09:00:00,5227,4385.760351317441,3219.6931853608294,5179.99015873016
2018-04-13 09:00:00,5227,4385.760351317441,3231.679201351087,5181.018801587303
2018-04-13 10:00:00,4853,4183.411445783133,3412.691073414822,4807.616285714285
2018-04-13 11:00:00,5233,4475.547449967721,3530.541758569323,5197.485761904761
2018-04-13 11:00:00,5233,4475.547449967721,3168.0718877490544,5200.261357142856
2018-04-13 12:00:00,5302,4725.081841432225,3630.0950345608926,5524.62188095238
2018-04-13 12:00:00,5302,4725.081841432225,3642.081050551151,5526.7551904761895
2018-04-13 13:00:00,5174,4727.435270805812,3803.396344793266,5454.534325396822
2018-04-13 13:00:00,5174,4727.435270805812,3734.3938038281403,5457.3464444444435
2018-04-13 13:00:00,5174,4727.435270805812,3713.509668484555,5457.621658730157
2018-04-13 14:00:00,5330,4949.716550412175,3833.9470798197103,5599.503634920634
2018-04-13 15:00:00,5953,5246.461338531514,3930.832794811172,5560.0444166666675
2018-04-13 16:00:00,6686,5661.568824638592,3644.4977797060355,6393.654523809525
2018-04-13 16:00:00,6686,5661.568824638592,4018.9536665165624,6136.874662698414
2018-04-13 16:00:00,6686,5661.568824638592,4006.967650526304,6412.356690476191
2018-04-13 17:00:00,5687,5329.677461139896,4084.7993583741327,5706.447876623377
2018-04-13 17:00:00,5687,5329.677461139896,4096.785374364391,5623.974281385283
2018-04-13 18:00:00,4167,4277.991792929293,4184.334625855473,4539.876380952381
2018-04-13 18:00:00,4167,4277.991792929293,4172.348609865215,4634.855412698412
2018-04-13 18:00:00,4167,4277.991792929293,4163.450490511887,4600.2714365079355
2018-04-13 19:00:00,2882,3279.4859154929577,4269.216316346446,3541.434567460318
2018-04-13 19:00:00,2882,3279.4859154929577,4338.218857311572,3478.4622936507926
2018-04-13 19:00:00,2882,3279.4859154929577,4257.230300356187,3546.96337049062
2018-04-13 20:00:00,2320,2836.232469993683,4419.0992063023805,3065.745928571429
2018-04-13 20:00:00,2320,2836.232469993683,4329.212529993669,3044.1619285714287
2018-04-13 20:00:00,2320,2836.232469993683,4338.110649346996,3115.0800952380955
2018-04-13 20:00:00,2320,2836.232469993683,4350.096665337254,3041.045404761905
2018-04-13 21:00:00,2158,2674.197988686361,4499.789015221754,2923.408619047619
2018-04-13 21:00:00,2158,2674.197988686361,4430.786474256629,2890.458380952381
2018-04-13 21:00:00,2158,2674.197988686361,4056.330587446102,2964.245785714286
2018-04-13 21:00:00,2158,2674.197988686361,4409.902338913043,2921.152535714286
2018-04-13 21:00:00,2158,2674.197988686361,4418.800458266371,2965.861785714286
2018-04-13 22:00:00,1773,2201.658125,4493.450248903962,2645.8949415584416
2018-04-13 22:00:00,1773,2201.658125,4514.334384247548,2673.5250238095236
2018-04-13 22:00:00,1773,2201.658125,4607.306248119558,2626.46037012987
2018-04-13 22:00:00,1773,2201.658125,4583.336925212673,2758.280989177489
2018-04-13 23:00:00,1143,1464.7486338797814,4670.124016418008,1975.5450357142859
2018-04-13 23:00:00,1143,1464.7486338797814,4580.237340109297,1949.624464285714
2018-04-13 23:00:00,1143,1464.7486338797814,4694.093339324894,1943.8767976190472
2018-04-14 00:00:00,625,840.2307692307693,1309.7685176749005,1185.0653134920635
2018-04-14 00:00:00,625,840.2307692307693,1399.655193983612,1203.0004444444444
2018-04-14 01:00:00,441,520.4200244200244,1491.967947260601,723.8375595238097
2018-04-14 01:00:00,441,520.4200244200244,1402.08127095189,726.7529166666667
2018-04-14 01:00:00,441,520.4200244200244,1422.9654062954755,727.1528928571429
2018-04-14 02:00:00,397,391.66360856269114,1578.7550384659378,589.2443452380953
2018-04-14 02:00:00,397,391.66360856269114,1488.8683621572263,582.7142380952381
2018-04-14 02:00:00,397,391.66360856269114,1509.7524975008118,580.4136785714286
2018-04-14 03:00:00,309,371.06679035250465,1674.6880531002173,409.03721861471865
2018-04-14 03:00:00,309,371.06679035250465,1584.801376791506,407.041051948052
2018-04-14 04:00:00,300,696.3011904761905,1679.2100708542953,390.0018571428571
2018-04-14 04:00:00,300,696.3011904761905,1769.0967471630065,400.949365079365
2018-04-14 04:00:00,300,696.3011904761905,2122.198477100498,404.082261904762
2018-04-14 05:00:00,540,2071.845731707317,1795.6461406892881,730.6496428571426
2018-04-14 06:00:00,986,4163.973699940228,1890.0548347520776,1409.3349285714285
2018-04-14 06:00:00,986,4163.973699940228,1959.057375717203,1401.176666666667
2018-04-14 07:00:00,1311,4748.809753160746,1977.7946263145946,2163.695392857143
2018-04-14 07:00:00,1311,4748.809753160746,2046.7971672797205,2156.019297619048
2018-04-14 08:00:00,1489,4611.336930455635,2138.5383003424013,3101.0680714285713
2018-04-14 08:00:00,1489,4611.336930455635,2069.5357593772756,3064.9891666666667
2018-04-14 08:00:00,1489,4611.336930455635,2048.65162403369,3006.3508095238094
2018-04-14 09:00:00,1755,4385.760351317441,2242.0541917400415,3588.224071428572
2018-04-14 09:00:00,1755,4385.760351317441,2128.198192524445,3658.1197380952385
2018-04-14 09:00:00,1755,4385.760351317441,2149.0823278680305,3676.958690476192
2018-04-14 09:00:00,1755,4385.760351317441,2218.084868833156,3653.8430476190483
2018-04-14 09:00:00,1755,4385.760351317441,2571.186598770648,3532.235809523809
2018-04-14 10:00:00,1978,4183.411445783133,2301.061158609766,4155.700369047618
2018-04-14 10:00:00,1978,4183.411445783133,2211.174482301055,4081.7350238095237
2018-04-14 10:00:00,1978,4183.411445783133,2232.0586176446404,4153.317059523808
2018-04-14 10:00:00,1978,4183.411445783133,2325.030481516652,4139.742892857142
2018-04-14 11:00:00,2153,4475.547449967721,2390.325270743775,4627.774583333333
2018-04-14 11:00:00,2153,4475.547449967721,2300.438594435064,4637.0686626984125
2018-04-14 11:00:00,2153,4475.547449967721,2321.3227297786493,4648.603329365079
2018-04-14 11:00:00,2153,4475.547449967721,2743.4270006812667,4629.123496031746
2018-04-14 12:00:00,2147,4725.081841432225,2483.400184306509,4960.296869047618
2018-04-14 12:00:00,2147,4725.081841432225,2393.5135079977977,4983.087488095238
2018-04-14 12:00:00,2147,4725.081841432225,2414.397643341383,4989.726892857143
2018-04-14 13:00:00,1987,4727.435270805812,2575.14131736919,4953.374333333332
2018-04-14 13:00:00,1987,4727.435270805812,2599.110640276075,4988.737119047619
2018-04-14 13:00:00,1987,4727.435270805812,2506.138776404064,4988.675452380952
2018-04-14 13:00:00,1987,4727.435270805812,2928.2430473066815,4964.428833333333
2018-04-14 14:00:00,1822,4949.716550412175,2671.809427452332,4678.368071428571
2018-04-14 14:00:00,1822,4949.716550412175,2695.778750359217,4709.312404761904
2018-04-14 15:00:00,1881,5246.461338531514,2759.76682392317,4931.589952380952
2018-04-14 15:00:00,1881,5246.461338531514,2783.736146830055,4947.077119047619
2018-04-14 16:00:00,1461,5661.568824638592,2848.8403959857415,4865.138380952381
2018-04-14 16:00:00,1461,5661.568824638592,2872.8097188926267,4862.049380952381
2018-04-14 16:00:00,1461,5661.568824638592,2405.3819682100884,4852.361880952381
2018-04-14 17:00:00,1478,5329.677461139896,2964.169771812435,4597.165761904761
2018-04-14 17:00:00,1478,5329.677461139896,2940.20044890555,4634.768928571428
2018-04-14 18:00:00,1068,4277.991792929293,3031.9415819682295,4307.559873015873
2018-04-14 18:00:00,1068,4277.991792929293,3055.9109048751147,4348.4671349206355
2018-04-14 19:00:00,881,3279.4859154929577,3121.3962341736747,3487.458920634921
2018-04-14 19:00:00,881,3279.4859154929577,3145.36555708056,3434.3809841269845
2018-04-14 19:00:00,881,3279.4859154929577,3031.5095578649634,3473.695428571429
2018-04-14 20:00:00,618,2836.232469993683,3210.660346307683,3134.406619047619
2018-04-14 20:00:00,618,2836.232469993683,3234.6296692145684,3158.6232619047623
2018-04-14 20:00:00,618,2836.232469993683,3120.773669998972,3127.9896428571433
2018-04-14 20:00:00,618,2836.232469993683,3563.7620762451747,3235.700650793651
2018-04-14 21:00:00,707,2674.197988686361,3210.2283222044166,3205.7156269841257
2018-04-14 21:00:00,707,2674.197988686361,3324.084321420013,3211.903079365079
2018-04-14 21:00:00,707,2674.197988686361,3300.114998513128,3208.1372460317452
2018-04-14 22:00:00,594,2201.658125,3393.189912075863,3562.6190119047615
2018-04-14 22:00:00,594,2201.658125,3417.1592349827483,3664.7771190476183
2018-04-14 22:00:00,594,2201.658125,3303.303235767152,3655.424619047618
2018-04-14 23:00:00,526,1464.7486338797814,3483.787804709925,2011.0251547619048
2018-04-14 23:00:00,526,1464.7486338797814,3393.9011284012136,2011.0066071428564
2018-04-14 23:00:00,526,1464.7486338797814,3507.75712761681,2065.036404761904
2018-04-15 00:00:00,353,840.2307692307693,1365.8281381716142,1218.8772142857142
2018-04-15 00:00:00,353,840.2307692307693,1275.941461862903,1238.645619047619
2018-04-15 00:00:00,353,840.2307692307693,1389.7974610784997,1225.1894523809524
2018-04-15 01:00:00,259,520.4200244200244,1485.349395569907,843.2313690476188
2018-04-15 01:00:00,259,520.4200244200244,1371.4933963543103,841.4185833333332
2018-04-15 01:00:00,259,520.4200244200244,1461.3800726630216,847.9049999999999
2018-04-15 02:00:00,198,391.66360856269114,1552.7401255828302,626.2705476190475
2018-04-15 02:00:00,198,391.66360856269114,1462.8534492741192,630.8655476190477
2018-04-15 02:00:00,198,391.66360856269114,1576.7094484897157,622.9880476190476
2018-04-15 03:00:00,151,371.06679035250465,1648.863680288546,359.5058214285715
2018-04-15 03:00:00,151,371.06679035250465,1558.977003979835,363.6244880952382
2018-04-15 03:00:00,151,371.06679035250465,1672.8330031954315,362.5193214285716
2018-04-15 04:00:00,175,696.3011904761905,1744.6061548513892,305.70673917748917
2018-04-15 04:00:00,175,696.3011904761905,1654.7194785426782,311.2923106060606
2018-04-15 04:00:00,175,696.3011904761905,1768.5754777582747,310.7124891774891
2018-04-15 05:00:00,301,2071.845731707317,1843.2067304857785,487.99176984126984
2018-04-15 05:00:00,301,2071.845731707317,1753.3200541770675,496.3264126984128
2018-04-15 05:00:00,301,2071.845731707317,1867.176053392664,500.00176984126995
2018-04-15 06:00:00,490,4163.973699940228,1946.9518880489481,809.5962965367964
2018-04-15 06:00:00,490,4163.973699940228,1970.9212109558337,841.9959761904761
2018-04-15 06:00:00,490,4163.973699940228,1857.065211740237,818.6934155844153
2018-04-15 07:00:00,634,4748.809753160746,2049.5538051835,1218.6445277777777
2018-04-15 07:00:00,634,4748.809753160746,2073.5231280903854,1229.7993055555555
2018-04-15 08:00:00,674,4611.336930455635,2146.630060246397,1833.511452380952
2018-04-15 08:00:00,674,4611.336930455635,2056.7433839376863,1746.4880595238092
2018-04-15 08:00:00,674,4611.336930455635,2499.731790183889,1765.1614285714284
2018-04-15 09:00:00,984,4385.760351317441,2245.2306358807855,2752.4997857142857
2018-04-15 09:00:00,984,4385.760351317441,2155.3439595720743,2458.7661904761903
2018-04-15 09:00:00,984,4385.760351317441,2598.332365818277,2576.6379047619043
2018-04-15 10:00:00,1494,4183.411445783133,2346.4987725152832,3438.497452380952
2018-04-15 10:00:00,1494,4183.411445783133,2256.6120962065716,3300.225369047619
2018-04-15 11:00:00,1794,4475.547449967721,2447.385829006907,3649.273595238096
2018-04-15 11:00:00,1794,4475.547449967721,2357.4991526981958,3445.8646190476193
2018-04-15 12:00:00,2037,4725.081841432225,2553.226927355877,4303.8130912698425
2018-04-15 13:00:00,2205,4727.435270805812,2649.922102275902,4284.202984126986
2018-04-15 13:00:00,2205,4727.435270805812,2560.035425967191,3674.0077142857144
2018-04-15 13:00:00,2205,4727.435270805812,3003.0238322133937,3601.362738095238
2018-04-15 14:00:00,2406,4949.716550412175,2661.1130225302522,3380.296047619047
2018-04-15 14:00:00,2406,4949.716550412175,2750.9996988389635,4221.623817460319
2018-04-15 15:00:00,2171,5246.461338531514,2838.9300304729168,4230.684055555558
2018-04-15 15:00:00,2171,5246.461338531514,2749.0433541642055,3452.9042142857147
2018-04-15 16:00:00,2109,5661.568824638592,2925.1455014639437,4333.33388888889
2018-04-15 16:00:00,2109,5661.568824638592,2949.114824370829,4142.966071428572
2018-04-15 17:00:00,1849,5329.677461139896,3020.3163558124784,3177.786357142857
2018-04-15 17:00:00,1849,5329.677461139896,2930.4296795037676,2930.8100873015874
2018-04-15 17:00:00,1849,5329.677461139896,3044.285678719364,3284.3283095238094
2018-04-15 18:00:00,1659,4277.991792929293,3022.170812566448,2578.8410277777775
2018-04-15 18:00:00,1659,4277.991792929293,3112.0574888751594,2670.298892857143
2018-04-15 18:00:00,1659,4277.991792929293,3136.026811782045,2824.4345595238096
2018-04-15 19:00:00,1417,3279.4859154929577,3218.240941272908,2563.4464047619044
2018-04-15 19:00:00,1417,3279.4859154929577,3194.2716183660227,2533.3933928571423
2018-04-15 20:00:00,1642,2836.232469993683,3286.3938315715773,2147.305535714285
2018-04-15 20:00:00,1642,2836.232469993683,3310.3631544784625,2134.8347023809515
2018-04-15 20:00:00,1642,2836.232469993683,3196.507155262866,2088.7192023809525
2018-04-15 21:00:00,2809,2674.197988686361,3375.2768635627126,2071.741119047618
2018-04-15 21:00:00,2809,2674.197988686361,3285.3901872540014,2050.2059523809526
2018-04-15 22:00:00,1203,2201.658125,3458.824773553631,1727.8303571428573
2018-04-15 22:00:00,1203,2201.658125,3368.93809724492,1664.159642857143
2018-04-15 23:00:00,706,1464.7486338797814,3551.899687116366,1340.4704047619045
2018-04-15 23:00:00,706,1464.7486338797814,3462.0130108076546,1234.9717063492067
2018-04-16 00:00:00,407,840.2307692307693,2198.2671328469532,622.606685064935
2018-04-16 00:00:00,407,840.2307692307693,2108.380456538242,639.3071255411256
2018-04-16 00:00:00,407,840.2307692307693,2551.368862784445,577.6229350649352
2018-04-16 01:00:00,272,520.4200244200244,2291.342046409688,348.9262023809525
2018-04-16 02:00:00,247,391.66360856269114,2226.072729542566,265.6999404761905
2018-04-16 03:00:00,357,371.06679035250465,2479.5878143209575,323.8368095238095
2018-04-16 04:00:00,779,696.3011904761905,2536.2820204445416,803.6093409090906
2018-04-16 05:00:00,2238,2071.845731707317,2671.2633035180806,2622.642555555556
2018-04-16 06:00:00,4364,4163.973699940228,2729.2912901417203,5542.119714285714
2018-04-16 07:00:00,4963,4748.809753160746,2743.575168632399,6402.363761904762
2018-04-16 08:00:00,4463,4611.336930455635,2953.1556052063943,5115.899543650792
2018-04-16 08:00:00,4463,4611.336930455635,2863.2689288976826,5212.751424603173
2018-04-16 09:00:00,4045,4385.760351317441,3379.1474473395588,4943.845396825397
2018-04-16 10:00:00,3626,4183.411445783133,2945.615622581402,4165.1607936507935
2018-04-16 11:00:00,3860,4475.547449967721,3281.7302243966087,4070.2003809523817
2018-04-16 12:00:00,4149,4725.081841432225,3392.5253646029228,4177.404384920633
2018-04-16 13:00:00,4110,4727.435270805812,3716.9961207452834,4137.187341269842
2018-04-16 14:00:00,4387,4949.716550412175,3819.9791180227085,4836.99509126984
2018-04-16 15:00:00,4942,5246.461338531514,3920.4850943714605,5403.365404761905
2018-04-16 16:00:00,5788,5661.568824638592,4026.5167327918653,6389.137583333335
2018-04-16 17:00:00,5567,5329.677461139896,4132.167291069399,6003.381642857143
2018-04-16 18:00:00,4061,4277.991792929293,4237.436769204059,4288.590253968256
2018-04-16 19:00:00,2979,3279.4859154929577,4302.133658327969,2938.2980714285713
2018-04-16 20:00:00,2556,2836.232469993683,4419.585254829365,2539.723626984127
2018-04-16 21:00:00,2100,2674.197988686361,4509.992607391992,1961.333166666667
2018-04-16 22:00:00,1489,2201.658125,4596.208078383019,1426.8826904761904
2018-04-16 23:00:00,978,1464.7486338797814,4687.758671374264,957.6263903318904
2018-04-17 00:00:00,524,840.2307692307693,2456.9137431819818,675.238365079365
2018-04-17 01:00:00,336,520.4200244200244,2201.014032281387,375.79711904761905
2018-04-17 02:00:00,271,391.66360856269114,2265.6984752001085,266.76614285714294
2018-04-17 03:00:00,347,371.06679035250465,2346.197744048045,325.37184126984135
2018-04-17 04:00:00,898,696.3011904761905,2436.986176753544,790.0926666666668
2018-04-17 05:00:00,2848,2071.845731707317,2515.198964744246,2700.1392539682543
2018-04-17 06:00:00,5516,4163.973699940228,2606.74955773549,5806.9285158730145
2018-04-17 07:00:00,6208,4748.809753160746,2685.1528857976277,6589.718999999999
2018-04-17 08:00:00,5892,4611.336930455635,2795.893896330175,6135.059404761903
2018-04-17 09:00:00,5677,4385.760351317441,2931.0781656803388,5281.055047619046
2018-04-17 10:00:00,4456,4183.411445783133,3063.78541410183,4468.684416666667
2018-04-17 11:00:00,4715,4475.547449967721,3165.2982204815307,4713.983166666666
2018-04-17 12:00:00,4962,4725.081841432225,3280.0947021880074,4926.932630952381
2018-04-17 13:00:00,4913,4727.435270805812,3401.1248765781165,4931.051833333332
2018-04-17 14:00:00,5220,4949.716550412175,3498.2552613147814,5266.445042207792
2018-04-17 15:00:00,5844,5246.461338531514,3611.1463423068944,5770.514190476189
2018-04-17 16:00:00,6657,5661.568824638592,3728.365715268277,6480.422428571429
2018-04-17 17:00:00,6277,5329.677461139896,3833.0635731886277,6284.3300039682545
2018-04-17 18:00:00,4827,4277.991792929293,4260.305115316427,4558.926690476191
2018-04-17 19:00:00,3481,3279.4859154929577,4350.33138773618,3338.2897579365085
2018-04-17 20:00:00,2877,2836.232469993683,4508.097371084681,2883.2665000000006
2018-04-17 21:00:00,3418,2674.197988686361,4580.7844970037295,2739.7363333333337
2018-04-17 22:00:00,3294,2201.658125,4239.424848530807,2479.3022380952375
2018-04-17 23:00:00,1297,1464.7486338797814,4328.307880521943,1202.7786547619044
2018-04-18 00:00:00,826,840.2307692307693,2661.537856100498,627.9504047619047
2018-04-18 01:00:00,594,520.4200244200244,2300.5650264748224,370.8272738095238
2018-04-18 02:00:00,431,391.66360856269114,2380.111594965577,277.6181731601731
2018-04-18 03:00:00,521,371.06679035250465,2458.514923027715,353.6769285714285
2018-04-18 04:00:00,975,696.3011904761905,2533.2979897325617,834.3946269841273
2018-04-18 05:00:00,2986,2071.845731707317,2621.03778129508,2689.7212142857143
2018-04-18 06:00:00,5943,4163.973699940228,2300.731300281506,5526.916464285714
2018-04-18 07:00:00,6871,4748.809753160746,2597.0513252541164,6181.837690476191
2018-04-18 08:00:00,6614,4611.336930455635,3366.8859098864937,5410.62475793651
2018-04-18 09:00:00,5378,4385.760351317441,3470.24998730679,5062.617738095238
2018-04-18 10:00:00,4751,4183.411445783133,3574.7573051557056,4404.047876984127
2018-04-18 11:00:00,4824,4475.547449967721,3452.25120206803,4554.149015873017
2018-04-18 11:00:00,4824,4475.547449967721,3805.352932005522,4574.916492063493
2018-04-18 12:00:00,5013,4725.081841432225,3549.3274571309275,4819.615904761904
2018-04-18 12:00:00,5013,4725.081841432225,3902.429187068419,4820.619960317459
2018-04-18 13:00:00,5017,4727.435270805812,4002.1730031314255,4828.832357142857
2018-04-18 14:00:00,5437,4949.716550412175,3977.352830765022,5330.220396825396
2018-04-18 15:00:00,5835,5246.461338531514,4077.096646828028,5814.065476190476
2018-04-18 16:00:00,7022,5661.568824638592,3962.4026866692425,6510.276797619046
2018-04-18 17:00:00,6459,5329.677461139896,4062.3370428036847,6278.6413571428575
2018-04-18 17:00:00,6459,5329.677461139896,3993.334501838559,6231.143857142858
2018-04-18 18:00:00,4663,4277.991792929293,4401.288844375207,4591.409047619046
2018-04-18 19:00:00,3393,3279.4859154929577,4501.0326604382135,3214.2219682539667
2018-04-18 20:00:00,3034,2836.232469993683,4557.345786418926,2854.693301587302
2018-04-18 21:00:00,2604,2674.197988686361,4643.751797481389,2554.5971428571434
2018-04-18 22:00:00,1726,2201.658125,4311.538072437411,2074.430380952381
2018-04-18 23:00:00,1085,1464.7486338797814,4392.4184214282195,1079.1603742368743
2018-04-19 00:00:00,561,840.2307692307693,2258.072308746385,630.2250952380953
2018-04-19 01:00:00,351,520.4200244200244,2323.709452022288,356.44621428571423
2018-04-19 02:00:00,275,391.66360856269114,2382.2966126550473,270.79653030303024
2018-04-19 03:00:00,361,371.06679035250465,2458.032379717076,332.5591547619048
2018-04-19 04:00:00,909,696.3011904761905,2535.4830074220317,785.1713809523807
2018-04-19 05:00:00,2885,2071.845731707317,2622.079558555932,2809.096380952382
2018-04-19 06:00:00,5715,4163.973699940228,2714.011231690049,5670.055523809527
2018-04-19 07:00:00,6461,4748.809753160746,2807.086145252783,6575.5801666666675
2018-04-19 08:00:00,6046,4611.336930455635,3329.0699587795225,5852.591285714285
2018-04-19 09:00:00,5842,4385.760351317441,3475.686632415867,5286.259595238095
2018-04-19 10:00:00,4882,4183.411445783133,3641.7383933387164,4675.12
2018-04-19 11:00:00,5035,4475.547449967721,3372.402891868727,5175.688238095238
2018-04-19 12:00:00,5027,4725.081841432225,3498.958728330489,5112.11071825397
2018-04-19 13:00:00,5110,4727.435270805812,3606.133607179513,5128.235408730159
2018-04-19 14:00:00,5444,4949.716550412175,3711.0220051713004,5523.118476190477
2018-04-19 15:00:00,6188,5246.461338531514,4097.758620380557,6244.5858333333335
2018-04-19 16:00:00,6851,5661.568824638592,3924.4190625121664,6685.542428571428
2018-04-19 17:00:00,6368,5329.677461139896,4019.3993767892644,6349.024642857144
2018-04-19 18:00:00,4978,4277.991792929293,4107.193298025548,4787.342952380954
2018-04-19 19:00:00,3676,3279.4859154929577,4205.739743986171,3447.3687857142863
2018-04-19 20:00:00,3471,2836.232469993683,4558.56022647976,3322.1353214285728
2018-04-19 21:00:00,3451,2674.197988686361,4608.382543826447,3161.7206309523813
2018-04-19 22:00:00,2148,2201.658125,4373.171592415015,2362.8442539682546
2018-04-19 23:00:00,1273,1464.7486338797814,4447.192498834117,1246.329567460317
2018-04-20 00:00:00,712,840.2307692307693,2302.5572222947203,821.3888015873014
2018-04-20 01:00:00,417,520.4200244200244,2371.4335467850406,437.87707142857136
2018-04-20 02:00:00,322,391.66360856269114,2450.7895752043605,366.9996904761903
2018-04-20 03:00:00,393,371.06679035250465,2531.6699241951696,374.58196428571426
2018-04-20 04:00:00,830,696.3011904761905,2624.3637576150327,779.6337380952382
2018-04-20 05:00:00,2691,2071.845731707317,2697.2414236055165,2357.1156666666666
2018-04-20 06:00:00,5492,4163.973699940228,2786.314995668088,5066.945761904762
2018-04-20 07:00:00,6626,4748.809753160746,3285.2434605510307,5686.838428571428
2018-04-20 08:00:00,6126,4611.336930455635,2987.898568579901,5653.808761904761
2018-04-20 09:00:00,5141,4385.760351317441,3548.180936465343,4928.472797619047
2018-04-20 10:00:00,4670,4183.411445783133,3690.7962686015235,4839.769261904762
2018-04-20 11:00:00,5200,4475.547449967721,3834.17376102345,5244.446984126984
2018-04-20 12:00:00,5433,4725.081841432225,3557.7882769103157,5517.316587301588
2018-04-20 13:00:00,5370,4727.435270805812,4082.249111365728,5376.598571428572
2018-04-20 14:00:00,5803,4949.716550412175,3775.5677558942175,5799.804206349207
2018-04-20 15:00:00,6383,5246.461338531514,3867.4994290283344,6239.681030303031
2018-04-20 16:00:00,6900,5661.568824638592,3980.771590163321,6339.794194444444
2018-04-20 17:00:00,6268,5329.677461139896,4493.037860046807,5654.450833333333
2018-04-20 18:00:00,4959,4277.991792929293,4586.112773609541,5010.821031746032
2018-04-20 19:00:00,4091,3279.4859154929577,4250.088247136836,3845.9482460317454
2018-04-20 20:00:00,3552,2836.232469993683,4769.773133601151,3340.6905833333335
2018-04-20 21:00:00,3538,2674.197988686361,4799.601189652212,3387.544388888888
2018-04-20 22:00:00,2842,2201.658125,4450.619938321835,2696.304238095238
2018-04-20 23:00:00,1977,1464.7486338797814,4517.78140216923,1961.8050508658011
2018-04-21 00:00:00,1291,840.2307692307693,1231.3072137341815,1342.9131309523807
2018-04-21 01:00:00,732,520.4200244200244,1306.8524407247737,756.9219166666669
2018-04-21 02:00:00,526,391.66360856269114,1384.874688644038,591.9465476190476
2018-04-21 03:00:00,386,371.06679035250465,1468.2320585635207,381.58467893217903
2018-04-21 04:00:00,369,696.3011904761905,1566.2610139836002,439.92242857142855
2018-04-21 05:00:00,683,2071.845731707317,1669.6250914038965,718.1472857142857
2018-04-21 06:00:00,1418,4163.973699940228,1758.3175833235969,1336.3265436507938
2018-04-21 07:00:00,2307,4748.809753160746,2264.1054907782463,2152.3412857142857
2018-04-21 08:00:00,3392,4611.336930455635,1957.8052154496088,3209.413333333333
2018-04-21 09:00:00,4153,4385.760351317441,2463.973683364684,3463.0911904761906
2018-04-21 10:00:00,4464,4183.411445783133,2240.3683187218626,4170.994285714286
2018-04-21 11:00:00,4985,4475.547449967721,2710.427247249069,4278.90063095238
2018-04-21 12:00:00,5263,4725.081841432225,2840.2763945990164,4554.729202380953
2018-04-21 13:00:00,5307,4727.435270805812,2952.4053153053833,4528.53761904762
2018-04-21 14:00:00,5296,4949.716550412175,3065.8680165118058,4685.781595238095
2018-04-21 15:00:00,5340,5246.461338531514,3180.6644982182834,4801.361452380951
2018-04-21 16:00:00,5027,5661.568824638592,3286.3150564958155,4797.195499999999
2018-04-21 17:00:00,5007,5329.677461139896,3051.3747534532167,4651.23169047619
2018-04-21 18:00:00,4541,4277.991792929293,3141.591565944407,4181.038904761906
2018-04-21 19:00:00,3892,3279.4859154929577,3573.3519401129097,3480.0170000000007
2018-04-21 20:00:00,3346,2836.232469993683,3641.2755642460497,2940.388619047619
2018-04-21 21:00:00,3199,2674.197988686361,3356.794842630005,3166.9210714285723
2018-04-21 22:00:00,3814,2201.658125,3395.1847556905127,3454.166892857143
2018-04-21 23:00:00,2760,1464.7486338797814,3454.3435365375803,2169.736166666667
2018-04-22 00:00:00,1447,840.2307692307693,1306.4690787837658,1477.168357142857
2018-04-22 01:00:00,945,520.4200244200244,1381.823765702922,841.1639761904762
2018-04-22 02:00:00,671,391.66360856269114,1455.6541320505876,696.7434047619047
2018-04-22 03:00:00,465,371.06679035250465,1546.0614846132135,405.5627976190477
2018-04-22 04:00:00,368,696.3011904761905,1626.7512935325874,399.3444523809525
2018-04-22 05:00:00,563,2071.845731707317,1650.2990203427019,535.0199047619049
2018-04-22 06:00:00,904,4163.973699940228,1736.5144913337288,911.2592380952385
2018-04-22 07:00:00,1289,4748.809753160746,1835.8230975800964,1151.7112142857145
2018-04-22 08:00:00,2200,4611.336930455635,2020.0103556415236,2065.146380952381
2018-04-22 09:00:00,3219,4385.760351317441,2179.202673992665,2870.490738095238
2018-04-22 10:00:00,4088,4183.411445783133,2352.494957630095,3627.209607142857
2018-04-22 11:00:00,4541,4475.547449967721,2494.5386695519674,3924.3654761904763
2018-04-22 12:00:00,4781,4725.081841432225,2921.4251101605237,4421.412690476191
2018-04-22 13:00:00,4761,4727.435270805812,3036.4121319384362,4385.922833333334
2018-04-22 14:00:00,4753,4949.716550412175,3141.6816100730966,4233.910857142856
2018-04-22 15:00:00,4866,5246.461338531514,3248.2848687078117,4478.241785714285
2018-04-22 16:00:00,4713,5661.568824638592,3356.22190784258,4530.477380952381
2018-04-22 17:00:00,4303,5329.677461139896,3456.1562639770236,4502.749214285714
2018-04-22 18:00:00,3787,4277.991792929293,3261.5303477815296,4181.837107142858
2018-04-22 19:00:00,3228,3279.4859154929577,3681.858317663852,3448.442547619048
2018-04-22 20:00:00,3139,2836.232469993683,3758.7373251545,3121.357166666665
2018-04-22 21:00:00,2412,2674.197988686361,3443.9607321800777,2487.087301587302
2018-04-22 22:00:00,1906,2201.658125,3492.639809098147,1661.312273809524
2018-04-22 23:00:00,1356,1464.7486338797814,3546.0823878021256,1027.1103095238095
2018-04-23 00:00:00,614,840.2307692307693,2164.4404430315726,567.3926071428571
2018-04-23 01:00:00,349,520.4200244200244,2237.127568950619,317.62247619047616
2018-04-23 02:00:00,259,391.66360856269114,2313.434956226957,247.34657142857145
2018-04-23 03:00:00,373,371.06679035250465,2324.9786585365837,297.85383333333334
2018-04-23 04:00:00,900,696.3011904761905,2479.1969957087404,790.1185079365076
2018-04-23 05:00:00,2864,2071.845731707317,2494.932579589966,2597.6599484126987
2018-04-23 06:00:00,5769,4163.973699940228,2581.910210866737,5629.180115079365
2018-04-23 07:00:00,6574,4748.809753160746,2682.41618721549,6771.486920634924
2018-04-23 08:00:00,5970,4611.336930455635,2805.596432065165,6033.574666666666
2018-04-23 09:00:00,5325,4385.760351317441,3032.2199963831276,4956.398444444443
2018-04-23 10:00:00,4547,4183.411445783133,3206.846060520612,4413.599373015874
2018-04-23 11:00:00,4577,4475.547449967721,3388.331567229804,4590.626603174603
2018-04-23 12:00:00,4739,4725.081841432225,3503.318589007718,4855.665357142856
2018-04-23 13:00:00,4803,4727.435270805812,3614.875889499777,4879.422404761905
2018-04-23 14:00:00,5243,4949.716550412175,3704.420290152237,5158.164142857143
2018-04-23 15:00:00,5852,5246.461338531514,3831.4494444449274,5617.437119047622
2018-04-23 16:00:00,6883,5661.568824638592,3944.974829261482,6330.902523809523
2018-04-23 17:00:00,6188,5329.677461139896,4043.765944967307,6100.388416666668
2018-04-23 18:00:00,4660,4277.991792929293,4424.160608145397,4356.388331168831
2018-04-23 19:00:00,3243,3279.4859154929577,4513.23418020797,3191.3727619047613
2018-04-23 20:00:00,2759,2836.232469993683,4577.347002912382,2812.818595238096
2018-04-23 21:00:00,2183,2674.197988686361,4586.012664828822,2670.995773809523
2018-04-23 22:00:00,1537,2201.658125,4358.994936489153,2009.4019206349212
2018-04-23 23:00:00,963,1464.7486338797814,4417.772637193348,1018.9791904761904
2018-04-24 00:00:00,530,840.2307692307693,2266.8495382965525,705.0349285714285
2018-04-24 01:00:00,330,520.4200244200244,2340.8704447156533,319.1234404761905
2018-04-24 02:00:00,248,391.66360856269114,2423.465654349391,251.29658333333322
2018-04-24 03:00:00,346,371.06679035250465,2501.4879022686555,331.44645238095245
2018-04-24 04:00:00,911,696.3011904761905,2593.610115474209,832.6822380952378
2018-04-24 05:00:00,2936,2071.845731707317,2956.665632151594,2737.3439523809525
2018-04-24 06:00:00,5886,4163.973699940228,2695.561170346461,5887.522774891775
2018-04-24 07:00:00,6535,4748.809753160746,3191.132529124495,6965.011063492062
2018-04-24 08:00:00,5905,4611.336930455635,2913.1501092589256,6228.581238095237
2018-04-24 09:00:00,5509,4385.760351317441,3619.219028684155,5029.866035714285
2018-04-24 10:00:00,4540,4183.411445783133,3716.2519475344175,4487.5233333333335
2018-04-24 11:00:00,4957,4475.547449967721,3850.102436384527,4624.633178571428
2018-04-24 12:00:00,4881,4725.081841432225,3957.086775162115,4902.844130952381
2018-04-24 13:00:00,4960,4727.435270805812,3979.7544167959923,4966.718428571428
2018-04-24 14:00:00,5353,4949.716550412175,4063.8739470012206,5357.587285714286
2018-04-24 15:00:00,6010,5246.461338531514,3852.7576841007067,5772.163392857141
2018-04-24 16:00:00,7149,5661.568824638592,3878.7006281125387,6618.887357142857
2018-04-24 17:00:00,6253,5329.677461139896,4379.970907045488,6249.481904761906
2018-04-24 18:00:00,4513,4277.991792929293,4471.712040108168,4660.429619047619
2018-04-24 19:00:00,3325,3279.4859154929577,4561.928852599358,3349.8829523809522
2018-04-24 20:00:00,3115,2836.232469993683,4570.115448804075,2961.854357142857
2018-04-24 21:00:00,2497,2674.197988686361,4567.619354803169,2834.384583333333
2018-04-24 22:00:00,1589,2201.658125,4348.794849535261,2808.489246031747
2018-04-24 23:00:00,988,1464.7486338797814,4438.440041812142,1217.091869047619
2018-04-25 00:00:00,532,840.2307692307693,2301.0452879873255,657.4454880952379
2018-04-25 01:00:00,310,520.4200244200244,2373.922953977809,389.1055357142857
2018-04-25 02:00:00,237,391.66360856269114,2458.8046444687816,300.0636904761904
2018-04-25 03:00:00,341,371.06679035250465,2520.8215263873954,344.9548333333334
2018-04-25 04:00:00,904,696.3011904761905,2588.5546104490986,852.6564841269844
2018-04-25 05:00:00,2917,2071.845731707317,2671.5309002257077,2751.168690476191
2018-04-25 06:00:00,5866,4163.973699940228,2754.6977300737535,5740.98646825397
2018-04-25 07:00:00,6303,4748.809753160746,2837.4834797789263,6755.263857142857
2018-04-25 08:00:00,5850,4611.336930455635,2968.802818026597,6157.0232380952375
2018-04-25 09:00:00,5455,4385.760351317441,3084.22504962115,5335.574380952381
2018-04-25 10:00:00,4524,4183.411445783133,3224.934981042967,4704.270607142857
2018-04-25 11:00:00,4891,4475.547449967721,3343.542264178171,4906.68875
2018-04-25 12:00:00,5067,4725.081841432225,3461.3873870276284,5040.0115000000005
2018-04-25 13:00:00,5020,4727.435270805812,3589.712213806085,5044.0780476190475
2018-04-25 14:00:00,5276,4949.716550412175,3711.36813808427,5391.246047619049
2018-04-25 15:00:00,6002,5246.461338531514,3836.780734117414,5840.094119047618
2018-04-25 16:00:00,6816,5661.568824638592,3936.9597599970602,6583.341452380951
2018-04-25 17:00:00,6420,5329.677461139896,4053.6075127441336,6417.136523809525
2018-04-25 18:00:00,4695,4277.991792929293,4478.562574014695,4724.015773809522
2018-04-25 19:00:00,3543,3279.4859154929577,4567.8266861487045,3463.7845
2018-04-25 20:00:00,3225,2836.232469993683,4642.419212782115,2987.815857142857
2018-04-25 21:00:00,2560,2674.197988686361,4771.604185415166,2623.771869047619
2018-04-25 22:00:00,1618,2201.658125,4422.813474156228,2166.419738095238
2018-04-25 23:00:00,1023,1464.7486338797814,4496.83438057533,1213.598595238095
2018-04-26 00:00:00,551,840.2307692307693,2357.1531458932777,1000.6837142857142
2018-04-26 01:00:00,358,520.4200244200244,2432.5078328124337,462.49050000000017
2018-04-26 02:00:00,255,391.66360856269114,2517.961143517715,294.71115476190477
2018-04-26 03:00:00,350,371.06679035250465,2599.794192865706,356.12484523809525
2018-04-26 04:00:00,899,696.3011904761905,2691.725865999823,887.1270476190476
2018-04-26 05:00:00,2953,2071.845731707317,2793.946702991502,2802.2538095238106
2018-04-26 06:00:00,5813,4163.973699940228,2881.6864945540196,5836.833777777779
2018-04-26 07:00:00,6493,4748.809753160746,2969.0452059736645,6738.006944444445
2018-04-26 08:00:00,5890,4611.336930455635,3092.0349107519037,6155.684702380954
2018-04-26 09:00:00,5495,4385.760351317441,3252.370469531664,5444.672452380953
2018-04-26 10:00:00,4675,4183.411445783133,3810.5568966313062,4708.347523809525
2018-04-26 11:00:00,5110,4475.547449967721,3519.8809071604474,5071.270333333335
2018-04-26 12:00:00,5078,4725.081841432225,4034.6241979726055,5092.825285714286
2018-04-26 13:00:00,5281,4727.435270805812,4033.363898902903,5159.013841269842
2018-04-26 14:00:00,5661,4949.716550412175,3868.217564106274,5518.295035714287
2018-04-26 15:00:00,6257,5246.461338531514,4256.669039958458,6046.67992857143
2018-04-26 16:00:00,7139,5661.568824638592,4356.793936164337,6758.773416666666
2018-04-26 17:00:00,6372,5329.677461139896,4160.262619254479,6358.21445238095
2018-04-26 18:00:00,5068,4277.991792929293,4534.750540218043,4759.061785714284
2018-04-26 19:00:00,3813,3279.4859154929577,4322.404397378972,3630.6494206349207
2018-04-26 20:00:00,3338,2836.232469993683,4391.988752481271,3134.787261904761
2018-04-26 21:00:00,3058,2674.197988686361,4446.574571613868,3110.6447857142853
2018-04-26 22:00:00,2171,2201.658125,4502.357760848849,2873.136952380953
2018-04-26 23:00:00,1253,1464.7486338797814,4566.661123624697,1482.306289682539
2018-04-27 00:00:00,683,840.2307692307693,2423.169087513918,1542.6088571428572
2018-04-27 01:00:00,422,520.4200244200244,2488.425150646949,452.37916666666666
2018-04-27 02:00:00,328,391.66360856269114,2561.3028166374315,366.63466666666665
2018-04-27 03:00:00,380,371.06679035250465,2972.294323019375,391.7245238095238
2018-04-27 04:00:00,849,696.3011904761905,3070.513818510892,775.1342698412697
2018-04-27 05:00:00,2744,2071.845731707317,3258.385133146334,2531.3103571428574
2018-04-27 06:00:00,5573,4163.973699940228,3354.3181477806147,5414.918202380953
2018-04-27 07:00:00,6712,4748.809753160746,3384.035772057636,6722.123583333331
2018-04-27 08:00:00,6109,4611.336930455635,3158.8130126582905,5935.155202380953
2018-04-27 09:00:00,5414,4385.760351317441,3307.1445469375612,5056.385940476191
2018-04-27 10:00:00,4946,4183.411445783133,3736.3174684033524,4835.366928571429
2018-04-27 11:00:00,5365,4475.547449967721,3574.083364352035,5234.351702380954
2018-04-27 12:00:00,5622,4725.081841432225,3704.694671987728,5506.715499999999
2018-04-27 13:00:00,5487,4727.435270805812,4153.222572442628,5422.352071428572
2018-04-27 14:00:00,6005,4949.716550412175,4242.105604433764,5676.299047619046
2018-04-27 15:00:00,6560,5246.461338531514,4325.8440544961195,6045.815833333335
2018-04-27 16:00:00,6471,5661.568824638592,4069.372723381214,6491.855718253967
2018-04-27 17:00:00,6459,5329.677461139896,4203.021194862202,5885.9167499999985
2018-04-27 18:00:00,5355,4277.991792929293,4568.104021325675,5043.070587301587
2018-04-27 19:00:00,4083,3279.4859154929577,4466.044210140175,3871.2908214285703
2018-04-27 20:00:00,3319,2836.232469993683,4701.855328806154,3058.4346666666665
2018-04-27 21:00:00,3384,2674.197988686361,4833.898402510751,3234.9337817460314
2018-04-27 22:00:00,2709,2201.658125,4485.107691251812,3051.4857976190483
2018-04-27 23:00:00,1942,1464.7486338797814,4966.697009634049,1901.5328809523812
2018-04-28 00:00:00,1097,840.2307692307693,1679.4606609132543,1235.7954761904764
2018-04-28 01:00:00,725,520.4200244200244,1784.5271527712898,881.1229880952379
2018-04-28 02:00:00,531,391.66360856269114,1837.2200173947108,636.6726587301588
2018-04-28 03:00:00,382,371.06679035250465,1928.5800703145192,368.622619047619
2018-04-28 04:00:00,365,696.3011904761905,2012.1279803054379,393.39819047619056
2018-04-28 05:00:00,744,2071.845731707317,2129.0079565925253,701.659619047619
2018-04-28 06:00:00,1366,4163.973699940228,2175.4129988585473,1337.4983344155846
2018-04-28 07:00:00,2330,4748.809753160746,2149.95411071643,1808.8044206349205
2018-04-28 08:00:00,3737,4611.336930455635,1990.5781077366582,3316.9047380952384
2018-04-28 09:00:00,4509,4385.760351317441,2425.848311488413,3548.976214285715
2018-04-28 10:00:00,4752,4183.411445783133,2549.9812566952687,3828.3449523809527
2018-04-28 11:00:00,5130,4475.547449967721,2707.759686248961,4251.9347976190475
2018-04-28 12:00:00,5453,4725.081841432225,2830.7493910271996,4658.238297619047
2018-04-28 13:00:00,5529,4727.435270805812,2948.594513876657,4554.320880952381
2018-04-28 14:00:00,5191,4949.716550412175,2727.373095977474,4668.2025
2018-04-28 15:00:00,4925,5246.461338531514,2832.642574112134,4714.735119047619
2018-04-28 16:00:00,5034,5661.568824638592,3228.280443005131,4778.391499999999
2018-04-28 17:00:00,4991,5329.677461139896,3051.701703922323,4678.030999999999
2018-04-28 18:00:00,4300,4277.991792929293,3137.0186042299347,4135.507238095239
2018-04-28 19:00:00,3764,3279.4859154929577,3228.7597372926157,3543.892119047619
2018-04-28 20:00:00,3189,2836.232469993683,3310.592786640607,3032.189595238095
2018-04-28 21:00:00,3076,2674.197988686361,3375.985260171307,3035.272404761904
2018-04-28 22:00:00,2900,2201.658125,3419.3833447629263,3374.2962619047607
2018-04-28 23:00:00,3360,1464.7486338797814,3477.5894252528133,2241.514047619048
2018-04-29 00:00:00,1532,840.2307692307693,1358.8675984287568,1551.8981666666666
2018-04-29 01:00:00,821,520.4200244200244,1442.9871286339837,853.0095833333332
2018-04-29 02:00:00,601,391.66360856269114,1526.15395848203,674.4825238095239
2018-04-29 03:00:00,347,371.06679035250465,1612.7505096159293,408.24709126984123
2018-04-29 04:00:00,280,696.3011904761905,1700.2997611070105,371.9034166666666
2018-04-29 05:00:00,427,2071.845731707317,1778.5125490977123,555.2419285714285
2018-04-29 06:00:00,839,4163.973699940228,1860.5361385171393,972.1229166666667
2018-04-29 07:00:00,1397,4748.809753160746,1960.4704946515826,1225.4402380952383
2018-04-29 08:00:00,2153,4611.336930455635,2089.9385618586566,2009.333976190476
2018-04-29 09:00:00,3258,4385.760351317441,2250.464660709853,2993.8429761904754
2018-04-29 10:00:00,3848,4183.411445783133,2408.4596089586103,3644.272904761905
2018-04-29 11:00:00,4381,4475.547449967721,2542.3100978087205,3932.2353333333326
2018-04-29 12:00:00,4886,4725.081841432225,2668.7295238728134,4620.213339826841
2018-04-29 13:00:00,4828,4727.435270805812,2775.005832038421,4656.892857142858
2018-04-29 14:00:00,4715,4949.716550412175,2893.9941953164976,4573.40557142857
2018-04-29 15:00:00,4570,5246.461338531514,3017.691930706715,4537.649714285714
2018-04-29 16:00:00,4886,5661.568824638592,3118.4425768006704,4583.398297619047
2018-04-29 17:00:00,4390,5329.677461139896,3217.8053127208036,4541.81488095238
2018-04-29 18:00:00,3903,4277.991792929293,3320.026149712483,4103.875321428572
2018-04-29 19:00:00,3351,3279.4859154929577,3407.9564813464367,3503.467515151514
2018-04-29 20:00:00,3026,2836.232469993683,3479.1192866939937,3228.9460158730153
2018-04-29 21:00:00,2367,2674.197988686361,3551.1806627249653,2735.9708650793646
2018-04-29 22:00:00,1703,2201.658125,3618.7773363889983,2085.943666666666
2018-04-29 23:00:00,1035,1464.7486338797814,3702.8968665942266,1542.3820833333334
2018-04-30 00:00:00,541,840.2307692307693,2081.9784539326693,679.1884206349206
2018-04-30 01:00:00,327,520.4200244200244,2200.3827507912483,374.44863095238094
2018-04-30 02:00:00,275,391.66360856269114,2507.785829092015,364.50550000000004
2018-04-30 03:00:00,355,371.06679035250465,2343.673508048732,336.2046944444444
2018-04-30 04:00:00,891,696.3011904761905,2734.890294278611,782.1154880952382
2018-04-30 04:00:00,891,696.3011904761905,2360.434407468084,783.7404880952382
2018-04-30 05:00:00,2871,2071.845731707317,2729.79321515655,1617.4751428571426
2018-04-30 05:00:00,2871,2071.845731707317,2355.3373283460232,1588.5602619047618
2018-04-30 06:00:00,5730,4163.973699940228,2538.391011521791,4466.969194444444
2018-04-30 07:00:00,6633,4748.809753160746,3001.729930323454,5781.24844047619
2018-04-30 08:00:00,5724,4611.336930455635,3015.6868583450273,5717.419797619048
2018-04-30 09:00:00,5171,4385.760351317441,3092.964954488777,4856.896476190476
2018-04-30 09:00:00,5171,4385.760351317441,3104.9509704790353,4795.71625
2018-04-30 10:00:00,4523,4183.411445783133,3360.507866369459,4364.931285714287
2018-04-30 10:00:00,4523,4183.411445783133,3348.521850379201,4365.297841269842
2018-04-30 11:00:00,4619,4475.547449967721,3389.1002587280946,4549.70757142857
2018-04-30 12:00:00,4825,4725.081841432225,3524.0759794965916,4914.415023809523
2018-04-30 13:00:00,4837,4727.435270805812,3557.295463243465,4880.657071428572
2018-04-30 14:00:00,5147,4949.716550412175,3781.8803507798084,5176.776785714285
2018-04-30 15:00:00,5792,5246.461338531514,3927.925404201843,5604.469992063491
2018-04-30 16:00:00,6901,5661.568824638592,4072.827217195261,5897.986059523808
2018-04-30 17:00:00,6184,5329.677461139896,4182.288576901519,5677.227607142859
2018-04-30 18:00:00,4568,4277.991792929293,4293.083717107834,4068.9091746031745
2018-04-30 19:00:00,3259,3279.4859154929577,4376.631627098752,3155.9318571428566
2018-04-30 20:00:00,2673,2836.232469993683,4448.556592732054,2822.514261904761
2018-04-30 21:00:00,2329,2674.197988686361,4510.0018544363575,2592.7974761904757
2018-04-30 22:00:00,1594,2201.658125,4913.371757960848,2324.7499801587296
2018-04-30 23:00:00,1061,1464.7486338797814,4988.726444880004,1542.4049523809526
2018-05-01 00:00:00,576,840.2307692307693,2513.5608510924103,651.9845476190477
2018-05-01 01:00:00,395,520.4200244200244,2923.409117045736,453.7632142857143
2018-05-01 02:00:00,275,391.66360856269114,3012.863769251181,337.3447619047618
2018-05-01 03:00:00,370,371.06679035250465,2760.0126994935677,348.17889285714284
2018-05-01 04:00:00,916,696.3011904761905,2831.5565849839963,839.9880476190477
2018-05-01 05:00:00,2893,2071.845731707317,2863.4128024228985,2919.7966904761906
2018-05-01 06:00:00,5653,4163.973699940228,2987.220000679653,5880.287083333333
2018-05-01 07:00:00,6046,4748.809753160746,3236.8023749575923,6159.666452380954
2018-05-01 08:00:00,6140,4611.336930455635,3197.1758594369785,6082.9854642857135
2018-05-01 09:00:00,5420,4385.760351317441,3238.0542707238446,5020.078630952382
2018-05-01 10:00:00,4468,4183.411445783133,3681.4375892499643,4515.839801587303
2018-05-01 11:00:00,4473,4475.547449967721,3919.59903653941,4679.034904761906
2018-05-01 12:00:00,5111,4725.081841432225,3570.0586111999137,4886.754976190476
2018-05-01 13:00:00,4988,4727.435270805812,3676.6618698346274,4886.657261904762
2018-05-01 14:00:00,4926,4949.716550412175,3776.4056858976346,5343.908690476192
2018-05-01 15:00:00,5802,5246.461338531514,4217.121443423646,5825.227392857143
2018-05-01 16:00:00,6900,5661.568824638592,4321.62876127256,6608.251773809523
2018-05-01 17:00:00,6410,5329.677461139896,4535.401079418156,6178.279845238097
2018-05-01 18:00:00,4866,4277.991792929293,4591.333125255994,4501.209107142857
2018-05-01 19:00:00,3411,3279.4859154929577,4675.643195532658,3291.7454404761916
2018-05-01 20:00:00,2907,2836.232469993683,4787.569129962401,2946.443313492063
2018-05-01 21:00:00,2287,2674.197988686361,4833.974172228423,2702.424817460318
2018-05-01 22:00:00,1438,2201.658125,4621.696660389062,1780.6333809523805
2018-05-01 23:00:00,1093,1464.7486338797814,4356.308606936733,1218.2806904761903
2018-05-01 23:00:00,1093,1464.7486338797814,4730.76449374726,1237.0348571428572
2018-05-02 00:00:00,517,840.2307692307693,2580.984635279083,609.050880952381
2018-05-02 00:00:00,517,840.2307692307693,2560.1004999354973,613.4022142857145
2018-05-02 00:00:00,517,840.2307692307693,2206.528748468556,615.0650476190477
2018-05-02 00:00:00,517,840.2307692307693,2568.9986192888246,606.7407142857144
2018-05-02 01:00:00,324,520.4200244200244,2541.548659829905,523.2612499999999
2018-05-02 01:00:00,324,520.4200244200244,2520.66452448632,489.5429166666665
2018-05-02 01:00:00,324,520.4200244200244,2529.562643839647,498.45874999999984
2018-05-02 02:00:00,253,391.66360856269114,2618.6182073919877,295.7956904761905
2018-05-02 02:00:00,253,391.66360856269114,2597.7340720484026,296.0641428571429
2018-05-02 02:00:00,253,391.66360856269114,2606.63219140173,300.6356984126984
2018-05-02 03:00:00,351,371.06679035250465,2784.3868737408156,353.64451190476194
2018-05-02 03:00:00,351,371.06679035250465,2763.50273839723,350.1506071428571
2018-05-02 04:00:00,915,696.3011904761905,2893.8357872418865,822.8853690476188
2018-05-02 04:00:00,915,696.3011904761905,2872.951651898301,832.644541125541
2018-05-02 05:00:00,2959,2071.845731707317,2976.0499167327507,2803.01326190476
2018-05-02 06:00:00,5910,4163.973699940228,3058.073506152179,5928.603976190479
2018-05-02 07:00:00,6606,4748.809753160746,3310.8426911759907,6754.989142857144
2018-05-02 08:00:00,5676,4611.336930455635,3396.4865419527096,6078.63863095238
2018-05-02 09:00:00,5638,4385.760351317441,3521.1911073738747,5274.112599206348
2018-05-02 10:00:00,4815,4183.411445783133,3646.657833080786,4790.132666666666
2018-05-02 11:00:00,4999,4475.547449967721,3762.788095287318,4889.7353170995675
2018-05-02 12:00:00,5088,4725.081841432225,3544.805858602552,5038.142583333333
2018-05-02 13:00:00,5034,4727.435270805812,4069.838313272272,4939.515912698413
2018-05-02 14:00:00,5179,4949.716550412175,4158.584391759111,5282.680738095239
2018-05-02 15:00:00,5913,5246.461338531514,4294.914933885558,5867.421650793652
2018-05-02 16:00:00,6935,5661.568824638592,4389.323627948347,6630.468666666667
2018-05-02 17:00:00,6291,5329.677461139896,4483.732322011137,6363.3546904761915
2018-05-02 18:00:00,4763,4277.991792929293,4208.433459411817,4592.070076479076
2018-05-02 19:00:00,3518,3279.4859154929577,4707.552464366196,3445.723202380953
2018-05-02 20:00:00,3114,2836.232469993683,4376.67251982227,3082.3465833333335
2018-05-02 21:00:00,2634,2674.197988686361,4464.602851456225,2741.3848809523806
2018-05-02 22:00:00,1721,2201.658125,4448.988186682975,1858.1375317460315
2018-05-02 23:00:00,1074,1464.7486338797814,4543.396880745764,1250.4314047619043
2018-05-03 00:00:00,591,840.2307692307693,2667.0549546216,684.6441428571429
2018-05-03 01:00:00,373,520.4200244200244,2761.463648684389,449.13783333333316
2018-05-03 02:00:00,259,391.66360856269114,2583.6348128532136,310.53981385281384
2018-05-03 03:00:00,345,371.06679035250465,3033.521069404014,345.04258730158733
2018-05-03 04:00:00,937,696.3011904761905,3127.9297634668033,841.2031904761907
2018-05-03 05:00:00,3025,2071.845731707317,3180.9211106946627,2912.6636031746034
2018-05-03 06:00:00,5893,4163.973699940228,3214.0248266545495,5889.423030303029
2018-05-03 07:00:00,6457,4748.809753160746,3308.433520717339,6661.517761904762
2018-05-03 08:00:00,6084,4611.336930455635,3402.8422147801284,6045.60517857143
2018-05-03 09:00:00,5289,4385.760351317441,3408.893644928005,5234.624202380954
2018-05-03 10:00:00,4763,4183.411445783133,3503.3023389907944,4764.338002164501
2018-05-03 11:00:00,4987,4475.547449967721,3903.3853131369606,5064.066107142857
2018-05-03 12:00:00,5210,4725.081841432225,4196.397975120496,5146.68486904762
2018-05-03 13:00:00,5332,4727.435270805812,3837.465303862796,5115.976821428572
2018-05-03 14:00:00,5462,4949.716550412175,3944.640182711819,5513.569642857143
2018-05-03 15:00:00,6103,5246.461338531514,4048.3853402749883,5982.613928571428
2018-05-03 16:00:00,6977,5661.568824638592,4154.988598909703,6618.64076190476
2018-05-03 17:00:00,6630,5329.677461139896,4577.031429434954,6227.165412698412
2018-05-03 18:00:00,5019,4277.991792929293,4776.70378229426,4856.812416666666
2018-05-03 19:00:00,3664,3279.4859154929577,4568.618152026498,3383.249293650795
2018-05-03 20:00:00,3325,2836.232469993683,4933.129358275662,3261.9176904761903
2018-05-03 21:00:00,2716,2674.197988686361,4561.105204506679,3035.6963730158727
2018-05-03 22:00:00,1918,2201.658125,4748.583961701563,2282.758349206349
2018-05-03 23:00:00,1308,1464.7486338797814,4851.173432630926,1202.6260357142858
2018-05-03 23:00:00,1308,1464.7486338797814,4839.187416640668,1225.037988095238
2018-05-04 00:00:00,655,840.2307692307693,2514.9159890392693,784.5667619047621
2018-05-04 01:00:00,393,520.4200244200244,2753.9139072249627,469.27047619047624
2018-05-04 02:00:00,338,391.66360856269114,3061.147097964147,346.25640476190483
2018-05-04 03:00:00,409,371.06679035250465,2813.4406101353143,395.01700000000005
2018-05-04 04:00:00,882,696.3011904761905,2881.1736941970166,776.9921904761906
2018-05-04 05:00:00,2841,2071.845731707317,2971.009426545334,2633.4450238095237
2018-05-04 06:00:00,5503,4163.973699940228,3384.859033998823,5289.308976190474
2018-05-04 07:00:00,6587,4748.809753160746,3131.436344026899,6461.645452380953
2018-05-04 08:00:00,5771,4611.336930455635,3251.9490278764656,5668.15780952381
2018-05-04 09:00:00,5156,4385.760351317441,3401.6143426557915,5017.103285714285
2018-05-04 10:00:00,4982,4183.411445783133,3560.616120935497,4713.582714285713
2018-05-04 11:00:00,5275,4475.547449967721,3691.799048785498,5123.162547619049
2018-05-04 12:00:00,5528,4725.081841432225,3818.2184748495915,5302.206166666667
2018-05-04 13:00:00,5557,4727.435270805812,3936.7716283110276,5224.883964285715
2018-05-04 14:00:00,5869,4949.716550412175,4031.615532190456,5620.488892857144
2018-05-04 15:00:00,6262,5246.461338531514,4144.643023580239,6031.989535714287
2018-05-04 16:00:00,6662,5661.568824638592,4234.342345530887,5961.815761904761
2018-05-04 17:00:00,6014,5329.677461139896,4628.64643392383,5214.828654761904
2018-05-04 18:00:00,5024,4277.991792929293,4711.813263771876,4653.227809523809
2018-05-04 19:00:00,4000,3279.4859154929577,4515.8535670763285,3529.737011904762
2018-05-04 20:00:00,3541,2836.232469993683,4927.226153601144,3309.4374523809515
2018-05-04 21:00:00,3323,2674.197988686361,4970.570108518997,3195.4993928571434
2018-05-04 22:00:00,2718,2201.658125,5013.914063436849,2905.464346320346
2018-05-04 23:00:00,2103,1464.7486338797814,4773.829178465468,2197.4034166666665
2018-05-05 00:00:00,1446,840.2307692307693,1509.0765581741625,1430.8325
2018-05-05 01:00:00,691,520.4200244200244,1589.3852869506632,836.5770173160174
2018-05-05 03:00:00,345,371.06679035250465,1752.8608455752087,423.09659523809523
2018-05-05 04:00:00,399,696.3011904761905,1835.6465952803828,483.3893134920634
2018-05-05 05:00:00,687,2071.845731707317,1896.1391566275045,674.0058333333334
2018-05-05 06:00:00,1382,4163.973699940228,1948.438494902865,1326.748642857143
2018-05-05 07:00:00,2248,4748.809753160746,2005.882415107006,2116.9702976190474
2018-05-05 08:00:00,3095,4611.336930455635,2496.329131277899,3086.574182539683
2018-05-05 09:00:00,3848,4385.760351317441,2661.80927198644,3685.370916666668
2018-05-05 10:00:00,3915,4183.411445783133,2466.6918438740345,4135.411940476191
2018-05-05 11:00:00,4280,4475.547449967721,3012.302626258878,4463.191480158731
2018-05-05 12:00:00,4775,4725.081841432225,3140.4369129658976,4265.0265
2018-05-05 13:00:00,4730,4727.435270805812,3263.426617744137,4851.406333333333
2018-05-05 14:00:00,4394,4949.716550412175,3304.00502609303,4475.648166666667
2018-05-05 15:00:00,4699,5246.461338531514,3078.972806765121,4201.9140595238105
2018-05-05 16:00:00,4580,5661.568824638592,3195.2936090430876,4080.7938571428576
2018-05-05 17:00:00,4539,5329.677461139896,3612.3823977109937,4283.68878968254
2018-05-05 18:00:00,4156,4277.991792929293,3469.5594574433076,3525.0581388888877
2018-05-05 18:00:00,4156,4277.991792929293,3095.1035706327807,3957.596933261182
2018-05-05 19:00:00,3146,3279.4859154929577,3042.5078840493074,3257.3388333333323
2018-05-05 19:00:00,3146,3279.4859154929577,3416.963770859834,3256.0641666666656
2018-05-05 19:00:00,3146,3279.4859154929577,3404.977754869576,3255.7724999999996
2018-05-05 20:00:00,2767,2836.232469993683,3082.2315776098694,3047.7340436507943
2018-05-05 20:00:00,2767,2836.232469993683,3456.6874644203963,2989.373932539683
2018-05-05 21:00:00,2922,2674.197988686361,3486.1334714210834,3268.6317878787872
2018-05-05 22:00:00,3145,2201.658125,3546.8165728396425,3194.7755714285704
2018-05-05 23:00:00,2432,1464.7486338797814,3617.9793781871986,2310.5522261904766
2018-05-06 00:00:00,1674,840.2307692307693,1487.634607005527,1627.0979523809524
2018-05-06 01:00:00,784,520.4200244200244,1137.603874847885,1048.4762500000004
2018-05-06 01:00:00,784,520.4200244200244,1491.1756263148263,1071.5098531746034
2018-05-06 02:00:00,509,391.66360856269114,1637.0102003437842,683.8317023809522
2018-05-06 03:00:00,346,371.06679035250465,2060.767891511962,548.9075595238095
2018-05-06 04:00:00,269,696.3011904761905,1833.8940666864141,327.3474285714286
2018-05-06 05:00:00,459,2071.845731707317,1917.1876413891714,519.245107142857
2018-05-06 06:00:00,998,4163.973699940228,2001.8787918087078,1031.468023809524
2018-05-06 07:00:00,1332,4748.809753160746,2024.4738182616402,1260.6158888888888
2018-05-06 08:00:00,2390,4611.336930455635,2307.27794436746,1909.9015436507934
2018-05-06 09:00:00,3000,4385.760351317441,2321.6885677128503,2985.481079365079
2018-05-06 10:00:00,3568,4183.411445783133,2458.0160774916335,3703.564357142858
2018-05-06 11:00:00,3914,4475.547449967721,2928.8371663045846,4089.3681255411257
2018-05-06 12:00:00,4053,4725.081841432225,3037.235393879623,4316.113206349205
2018-05-06 13:00:00,4237,4727.435270805812,2856.8999830418543,4719.687380952382
2018-05-06 14:00:00,4295,4949.716550412175,3261.874315435232,4518.512821428571
2018-05-06 15:00:00,4332,5246.461338531514,3079.442963811663,4226.69142063492
2018-05-06 16:00:00,4181,5661.568824638592,3600.0929968383475,3902.181642857143
2018-05-06 17:00:00,3739,5329.677461139896,3280.4549165091667,4186.650773809522
2018-05-06 18:00:00,3778,4277.991792929293,3374.6730705005198,3907.4081428571417
2018-05-06 19:00:00,3041,3279.4859154929577,3460.316921277238,3156.9543095238105
2018-05-06 20:00:00,2658,2836.232469993683,3548.6283330540646,2940.9479166666674
2018-05-06 21:00:00,2350,2674.197988686361,3590.829047543299,2595.692273809524
2018-05-06 22:00:00,1717,2201.658125,3971.143602423993,1977.2486309523813
2018-05-06 23:00:00,1248,1464.7486338797814,4055.6442127720934,1416.1508333333338
2018-05-07 00:00:00,597,840.2307692307693,2686.768452787774,687.8685238095239
2018-05-07 01:00:00,353,520.4200244200244,2772.4123035644925,420.2940238095237
2018-05-07 02:00:00,244,391.66360856269114,2855.1980532696653,317.601630952381
2018-05-07 03:00:00,326,371.06679035250465,2939.5081235463285,355.7878333333334
2018-05-07 04:00:00,875,696.3011904761905,3022.4844133229385,762.3247261904761
2018-05-07 05:00:00,2729,2071.845731707317,3110.605285028328,2415.3746746031748
2018-05-07 06:00:00,5780,4163.973699940228,2867.85283905684,5505.814035714284
2018-05-07 07:00:00,6339,4748.809753160746,3252.629923877966,4066.677476190476
2018-05-07 08:00:00,5793,4611.336930455635,3105.257945398683,6025.5793290043275
2018-05-07 09:00:00,4932,4385.760351317441,3241.966535320338,4887.547595238096
2018-05-07 10:00:00,4369,4183.411445783133,3399.19932328335,4275.275932539684
2018-05-07 11:00:00,4608,4475.547449967721,3515.193175092211,4400.9395476190475
2018-05-07 12:00:00,4792,4725.081841432225,3653.4260855853563,4551.150003968254
2018-05-07 13:00:00,4815,4727.435270805812,3764.4117658631067,4787.739999999999
2018-05-07 14:00:00,4969,4949.716550412175,3888.3105413955386,4951.9057142857155
2018-05-07 15:00:00,5799,5246.461338531514,4020.433180290906,4749.886904761905
2018-05-07 16:00:00,6663,5661.568824638592,4434.529946730635,5081.46494047619
2018-05-07 17:00:00,6197,5329.677461139896,4526.461619864752,5691.389095238097
2018-05-07 18:00:00,4502,4277.991792929293,4619.917613570359,4134.24488095238
2018-05-07 19:00:00,3292,3279.4859154929577,4372.211125741526,3162.6728095238095
2018-05-07 20:00:00,2791,2836.232469993683,4786.632353409324,2700.7649999999994
2018-05-07 21:00:00,2494,2674.197988686361,4493.767868650079,2592.8043095238086
2018-05-07 22:00:00,1591,2201.658125,4538.82668421086,1950.5272857142863
2018-05-07 23:00:00,1010,1464.7486338797814,4633.235378273649,1130.8114761904762
2018-05-08 00:00:00,585,840.2307692307693,2500.9852063776134,641.93676984127
2018-05-08 01:00:00,356,520.4200244200244,2578.816914225442,413.8082619047619
2018-05-08 02:00:00,264,391.66360856269114,2649.0270192158173,295.6284047619048
2018-05-08 03:00:00,331,371.06679035250465,2701.271024298407,357.2257142857143
2018-05-08 04:00:00,868,696.3011904761905,2844.8943899845403,884.608523809524
2018-05-08 05:00:00,2849,2071.845731707317,2979.3050217512723,2912.3153968253964
2018-05-08 06:00:00,5958,4163.973699940228,3054.278628527556,5662.954714285713
2018-05-08 07:00:00,6651,4748.809753160746,3092.298938742877,5841.499714285713
2018-05-08 08:00:00,6203,4611.336930455635,3529.584974983034,5800.143845238094
2018-05-08 09:00:00,5428,4385.760351317441,3322.46352237014,5198.682511904762
2018-05-08 10:00:00,4500,4183.411445783133,3881.2091234789023,4473.199738095237
2018-05-08 11:00:00,4614,4475.547449967721,3687.795078711737,4712.412333333335
2018-05-08 12:00:00,4601,4725.081841432225,3645.900090844118,4860.203714285714
2018-05-08 12:00:00,4601,4725.081841432225,3657.8861068343763,4865.288261904762
2018-05-08 13:00:00,4583,4727.435270805812,3836.217971692813,4930.903666666668
2018-05-08 13:00:00,4583,4727.435270805812,3824.231955702555,4851.8448333333345
2018-05-08 14:00:00,5196,4949.716550412175,3890.0540767448533,5169.358595238095
2018-05-08 14:00:00,5196,4949.716550412175,3878.068060754595,5189.419428571429
2018-05-08 15:00:00,5855,5246.461338531514,4023.7015793183377,5808.364873015874
2018-05-08 16:00:00,6578,5661.568824638592,4125.73187623858,6502.255138888889
2018-05-08 17:00:00,6279,5329.677461139896,4224.33245187297,6167.947547619049
2018-05-08 18:00:00,4545,4277.991792929293,4186.230256923845,4614.202880952381
2018-05-08 18:00:00,4545,4277.991792929293,4174.244240933587,4587.108023809524
2018-05-08 19:00:00,3274,3279.4859154929577,4261.966023985874,3330.933154761904
2018-05-08 19:00:00,3274,3279.4859154929577,3887.510137175347,3343.608773809523
2018-05-08 20:00:00,3044,2836.232469993683,4346.085554191102,2907.195261904762
2018-05-08 21:00:00,2334,2674.197988686361,4343.656036069151,2725.309892857142
2018-05-08 21:00:00,2334,2674.197988686361,3969.200149258624,2615.1224166666666
2018-05-08 22:00:00,1513,2201.658125,4527.090799387791,1799.8201746031743
2018-05-08 22:00:00,1513,2201.658125,4152.634912577264,1881.6462222222226
2018-05-08 23:00:00,1027,1464.7486338797814,4528.853162837439,1916.845666666667
2018-05-08 23:00:00,1027,1464.7486338797814,4516.867146847181,1873.5443333333335
2018-05-09 00:00:00,516,840.2307692307693,2616.8061687091126,574.9895
2018-05-09 00:00:00,516,840.2307692307693,2604.820152718855,573.5828333333334
2018-05-09 00:00:00,516,840.2307692307693,2242.350281898586,586.7315
2018-05-09 01:00:00,319,520.4200244200244,2670.155423511784,410.5767261904763
2018-05-09 02:00:00,261,391.66360856269114,2786.0280266612967,284.4335952380952
2018-05-09 03:00:00,340,371.06679035250465,2852.206692966962,361.0719166666667
2018-05-09 03:00:00,340,371.06679035250465,2840.2206769767035,360.6925833333334
2018-05-09 04:00:00,885,696.3011904761905,2746.037836619984,785.7883214285715
2018-05-09 05:00:00,2881,2071.845731707317,2907.751031794882,2829.701261904762
2018-05-09 06:00:00,6008,4163.973699940228,2979.884546009851,5769.478904761903
2018-05-09 07:00:00,6523,4748.809753160746,3175.231741230302,6706.008821428571
2018-05-09 07:00:00,6523,4748.809753160746,3184.129860583629,6699.370238095238
2018-05-09 08:00:00,6254,4611.336930455635,3163.61461621083,6056.68246825397
2018-05-09 09:00:00,5210,4385.760351317441,3380.6261155708416,5149.81688095238
2018-05-09 09:00:00,5210,4385.760351317441,3401.510250914427,5150.044904761905
2018-05-09 09:00:00,5210,4385.760351317441,3389.524234924169,5227.5664761904745
2018-05-09 10:00:00,4720,4183.411445783133,3796.6984086648413,4526.019198412699
2018-05-09 11:00:00,4693,4475.547449967721,3622.7194511841817,4812.486142857143
2018-05-09 11:00:00,4693,4475.547449967721,3610.7334351939235,4818.033619047618
2018-05-09 12:00:00,4840,4725.081841432225,3730.465950247515,5012.727595238095
2018-05-09 13:00:00,4933,4727.435270805812,3717.7055847994234,4990.696380952382
2018-05-09 13:00:00,4933,4727.435270805812,3705.719568809165,4962.773865079365
2018-05-09 14:00:00,5109,4949.716550412175,3728.2327915351425,5382.164178571428
2018-05-09 14:00:00,5109,4949.716550412175,3716.2467755448847,5396.465011904762
2018-05-09 15:00:00,6159,5246.461338531514,4021.3136352933357,5733.727222222223
2018-05-09 16:00:00,6844,5661.568824638592,4117.056109856179,6464.545746031746
2018-05-09 16:00:00,6844,5661.568824638592,4105.070093865921,6518.553996031746
2018-05-09 17:00:00,6436,5329.677461139896,4506.909145606376,6264.578142857143
2018-05-09 18:00:00,4768,4277.991792929293,4267.472122271219,4700.1995992063485
2018-05-09 19:00:00,3511,3279.4859154929577,4682.0200947937265,3541.886702380952
2018-05-09 20:00:00,3287,2836.232469993683,4784.05039171397,2918.541825396824
2018-05-09 21:00:00,2734,2674.197988686361,4774.897841417981,2706.214964285714
2018-05-09 22:00:00,1736,2201.658125,4502.992764516734,2047.3802261904757
2018-05-09 23:00:00,1466,1464.7486338797814,4573.2028695071085,1282.9180833333332
2018-05-10 00:00:00,633,840.2307692307693,2733.2264890837732,701.8430595238093
2018-05-10 01:00:00,364,520.4200244200244,2539.623967685334,453.5800119047619
2018-05-10 02:00:00,270,391.66360856269114,3016.7601699846628,278.1374523809524
2018-05-10 03:00:00,374,371.06679035250465,3122.601268333631,351.94170634920636
2018-05-10 04:00:00,928,696.3011904761905,3208.8167393246595,825.2271190476189
2018-05-10 05:00:00,2881,2071.845731707317,3279.026844315034,2907.8267142857135
2018-05-10 06:00:00,5840,4163.973699940228,3216.7937223857057,5957.986554112553
2018-05-10 07:00:00,6197,4748.809753160746,2997.969217117797,6416.680912698413
2018-05-10 08:00:00,5690,4611.336930455635,3089.7103501804777,5838.6746309523805
2018-05-10 09:00:00,5568,4385.760351317441,3198.7906297438644,5499.6373492063485
2018-05-10 10:00:00,4691,4183.411445783133,3319.303313593431,4741.145142857142
2018-05-10 11:00:00,5120,4475.547449967721,3443.436258800288,5126.5487142857155
2018-05-10 12:00:00,5268,4725.081841432225,3554.993559292348,5092.153123015874
2018-05-10 13:00:00,5140,4727.435270805812,3675.6967832133505,5123.864230158732
2018-05-10 14:00:00,5599,4949.716550412175,4199.77653752589,5461.583190476189
2018-05-10 15:00:00,6364,5246.461338531514,4305.808175946295,5939.829404761904
2018-05-10 16:00:00,7074,5661.568824638592,4412.411434581009,6489.474261904762
2018-05-10 17:00:00,6722,5329.677461139896,4082.1031102513934,6280.7878650793655
2018-05-10 18:00:00,5110,4277.991792929293,4595.89370070637,4793.118214285713
2018-05-10 19:00:00,3824,3279.4859154929577,4266.728616805372,3579.704896825397
2018-05-10 20:00:00,3310,2836.232469993683,4801.085088770285,3210.2368809523805
2018-05-10 21:00:00,2906,2674.197988686361,4880.63165726104,2972.5912301587296
2018-05-10 22:00:00,2014,2201.658125,4669.497385850296,2119.208408730159
2018-05-10 23:00:00,1287,1464.7486338797814,4596.156754983138,1547.9014397546894
2018-05-11 00:00:00,660,840.2307692307693,2427.0770161071205,818.2926428571428
2018-05-11 01:00:00,379,520.4200244200244,2547.073412935148,601.6180238095238
2018-05-11 02:00:00,302,391.66360856269114,2640.338866569319,321.4161666666667
2018-05-11 03:00:00,342,371.06679035250465,2727.125957774656,426.6881190476191
2018-05-11 04:00:00,814,696.3011904761905,2815.437369551483,758.0484047619049
2018-05-11 05:00:00,2640,2071.845731707317,2894.221777756493,2663.3439047619045
2018-05-11 06:00:00,5561,4163.973699940228,2937.7009395530117,5447.767892857143
2018-05-11 07:00:00,6472,4748.809753160746,3016.1222761253794,6474.454000000001
2018-05-11 07:00:00,6472,4748.809753160746,3028.1082921156376,6526.431904761906
2018-05-11 08:00:00,5594,4611.336930455635,3110.7215102596047,5796.648142857143
2018-05-11 09:00:00,5189,4385.760351317441,3719.6164748386614,5191.310476190475
2018-05-11 10:00:00,4978,4183.411445783133,3534.0145730003865,4721.970869047618
2018-05-11 11:00:00,5292,4475.547449967721,3924.05814882202,5078.51680952381
2018-05-11 12:00:00,5530,4725.081841432225,4035.0438290997704,5536.968214285715
2018-05-11 13:00:00,5323,4727.435270805812,4131.929544091232,5550.236833333334
2018-05-11 14:00:00,5648,4949.716550412175,3917.4408239090453,5684.139702380954
2018-05-11 15:00:00,6354,5246.461338531514,4008.2292566145443,6114.800642857142
2018-05-11 16:00:00,6858,5661.568824638592,4098.827149248606,6195.423535714287
2018-05-11 17:00:00,5773,5329.677461139896,4511.279180985315,5778.586964285715
2018-05-11 18:00:00,5138,4277.991792929293,4312.738562799601,4618.659214285714
2018-05-11 18:00:00,5138,4277.991792929293,4303.840443446274,4651.849833333333
2018-05-11 19:00:00,3863,3279.4859154929577,4409.814817862498,3843.923154761904
2018-05-11 19:00:00,3863,3279.4859154929577,4421.800833852756,3847.4248214285703
2018-05-11 20:00:00,3108,2836.232469993683,4513.541966915437,2938.5344523809526
2018-05-11 20:00:00,3108,2836.232469993683,4501.555950925179,2996.3387460317463
2018-05-11 21:00:00,3134,2674.197988686361,4609.093901406844,2880.035703463204
2018-05-11 22:00:00,2436,2201.658125,4991.325334299588,2921.306000000001
2018-05-11 23:00:00,1740,1464.7486338797814,5076.0164847191245,1964.4250714285715
2018-05-12 00:00:00,1107,840.2307692307693,1803.4517214989269,1270.1443253968255
2018-05-12 01:00:00,642,520.4200244200244,1896.526635061662,827.7922857142859
2018-05-12 02:00:00,427,391.66360856269114,1525.0741015069875,613.0526190476193
2018-05-12 03:00:00,482,371.06679035250465,1603.2868894976896,444.9725357142857
2018-05-12 04:00:00,440,696.3011904761905,1675.974015416737,391.3562619047618
2018-05-12 05:00:00,809,2071.845731707317,1768.858388908035,699.0102619047618
2018-05-12 06:00:00,1428,4163.973699940228,1860.599521970716,1462.363380952381
2018-05-12 07:00:00,2113,4748.809753160746,2396.289774435682,2071.690079365079
2018-05-12 08:00:00,3110,4611.336930455635,2483.47039198908,2859.2455873015865
2018-05-12 09:00:00,3792,4385.760351317441,2604.745236124391,3841.058571428572
2018-05-12 10:00:00,4455,4183.411445783133,2744.693007260464,3828.8896190476203
2018-05-12 11:00:00,4818,4475.547449967721,2452.492697218115,4458.8006904761905
2018-05-12 12:00:00,5167,4725.081841432225,3023.432862898803,4683.981833333334
2018-05-12 13:00:00,4769,4727.435270805812,3132.7036825336254,4696.686404761906
2018-05-12 14:00:00,4631,4949.716550412175,3237.9731606682853,4617.3178333333335
2018-05-12 15:00:00,4283,5246.461338531514,2842.6477849913,4440.658988095239
2018-05-12 16:00:00,4148,5661.568824638592,3133.6326879636927,4607.345047619049
2018-05-12 16:00:00,4148,5661.568824638592,3121.6466719734344,4553.346761904763
2018-05-12 17:00:00,3972,5329.677461139896,3028.416531973897,4457.255761904761
2018-05-12 17:00:00,3972,5329.677461139896,3016.4305159836385,4408.831023809524
2018-05-12 18:00:00,3736,4277.991792929293,3203.467532149338,3816.4170714285738
2018-05-12 19:00:00,3060,3279.4859154929577,3283.0141006400936,3372.8966547619057
2018-05-12 20:00:00,2718,2836.232469993683,3350.55664463036,2923.925383838384
2018-05-12 21:00:00,2727,2674.197988686361,3722.308373594105,2991.069357142858
2018-05-12 22:00:00,2527,2201.658125,3885.981099157134,2984.0348214285723
2018-05-12 23:00:00,2033,1464.7486338797814,3873.5893676467267,2262.6169007936505
2018-05-13 00:00:00,1191,840.2307692307693,1393.6983517874155,1654.983833333333
2018-05-13 01:00:00,756,520.4200244200244,1453.2382127773553,868.8530595238095
2018-05-13 02:00:00,622,391.66360856269114,1534.1185617681656,672.2189047619047
2018-05-13 03:00:00,353,371.06679035250465,1618.2380919733928,410.2381746031746
2018-05-13 04:00:00,342,696.3011904761905,1705.4062633216013,336.66226190476186
2018-05-13 05:00:00,460,2071.845731707317,1782.285270812249,560.9203253968253
2018-05-13 06:00:00,868,4163.973699940228,1873.6453237320566,829.4618452380953
2018-05-13 07:00:00,1304,4748.809753160746,1918.1524584001677,1267.739888888889
2018-05-13 08:00:00,1965,4611.336930455635,2137.154419860677,1998.2803571428567
2018-05-13 09:00:00,3117,4385.760351317441,2696.674627460374,3023.1474285714294
2018-05-13 10:00:00,3725,4183.411445783133,2819.6643322386126,3629.331761904762
2018-05-13 11:00:00,3983,4475.547449967721,2950.2756398743045,4020.749952380953
2018-05-13 12:00:00,4088,4725.081841432225,3076.8856060098337,4526.882333333333
2018-05-13 13:00:00,4184,4727.435270805812,3193.2064082878005,4422.796380952382
2018-05-13 14:00:00,4091,4949.716550412175,3232.0699559937675,4465.452976190475
2018-05-13 15:00:00,4072,5246.461338531514,3434.8033962012437,4197.600476190476
2018-05-13 16:00:00,4169,5661.568824638592,3130.027441444096,4526.232309523811
2018-05-13 17:00:00,3827,5329.677461139896,3567.1229376128167,4325.058753968253
2018-05-13 18:00:00,3555,4277.991792929293,3669.5343146759324,3804.675523809524
2018-05-13 19:00:00,3256,3279.4859154929577,3771.374071524738,3306.673583333333
2018-05-13 20:00:00,3049,2836.232469993683,3512.044639338289,3019.4398333333334
2018-05-13 21:00:00,2586,2674.197988686361,3568.154779042376,2554.442472943723
2018-05-13 22:00:00,1759,2201.658125,3640.9783153590924,2170.054952380952
2018-05-13 23:00:00,1077,1464.7486338797814,3711.6236301661074,1509.2360714285712
2018-05-14 00:00:00,598,840.2307692307693,2343.3194903960966,630.4406428571431
2018-05-14 01:00:00,366,520.4200244200244,2426.867400387015,416.34957142857144
2018-05-14 02:00:00,243,391.66360856269114,2506.4139688777714,381.37050000000005
2018-05-14 03:00:00,308,371.06679035250465,2527.103594616341,358.64779761904754
2018-05-14 04:00:00,875,696.3011904761905,2729.842625823073,752.3559285714284
2018-05-14 05:00:00,2816,2071.845731707317,2686.387271669288,1168.5714841269844
2018-05-14 06:00:00,5792,4163.973699940228,2768.029780945843,4463.965884920634
2018-05-14 06:00:00,5792,4163.973699940228,3211.018187192046,4599.858444444443
2018-05-14 07:00:00,6559,4748.809753160746,2866.820896651668,4678.771202380953
2018-05-14 08:00:00,5870,4611.336930455635,3083.6001724716657,5886.314484126985
2018-05-14 09:00:00,5052,4385.760351317441,3634.279295363378,4033.517916666666
2018-05-14 10:00:00,4392,4183.411445783133,3730.0342161314093,4357.6869761904745
2018-05-14 11:00:00,4573,4475.547449967721,3864.456325195829,4498.998817460319
2018-05-14 12:00:00,4794,4725.081841432225,3586.7370605826404,4636.024246031746
2018-05-14 13:00:00,4831,4727.435270805812,4116.5330170382695,4756.688420634921
2018-05-14 14:00:00,5025,4949.716550412175,4247.894038754519,4647.101416666666
2018-05-14 15:00:00,5598,5246.461338531514,4046.4773109870275,5041.351515873016
2018-05-14 15:00:00,5598,5246.461338531514,4034.4912949967693,5105.993706349205
2018-05-14 16:00:00,6463,5661.568824638592,4085.451290467033,5684.589126984127
2018-05-14 17:00:00,5971,5329.677461139896,4180.990778753251,5953.7994285714285
2018-05-14 18:00:00,4545,4277.991792929293,4234.43335745723,4256.591964285713
2018-05-14 19:00:00,3113,3279.4859154929577,4317.790727376712,3103.006499999999
2018-05-14 19:00:00,3113,3279.4859154929577,4296.906592033127,3091.8592619047618
2018-05-14 19:00:00,3113,3279.4859154929577,4305.804711386454,3115.640595238095
2018-05-14 20:00:00,2681,2836.232469993683,4405.721059010665,2713.6514523809533
2018-05-14 20:00:00,2681,2836.232469993683,4393.735043020408,2707.4615000000013
2018-05-14 20:00:00,2681,2836.232469993683,4384.836923667081,2717.7427500000013
2018-05-14 21:00:00,2293,2674.197988686361,4458.413923634087,2303.248952380952
2018-05-14 21:00:00,2293,2674.197988686361,4437.5297882905015,2304.5093809523805
2018-05-14 21:00:00,2293,2674.197988686361,4446.427907643829,2316.660476190476
2018-05-14 22:00:00,2107,2201.658125,4560.888127006425,1705.4247896825398
2018-05-14 22:00:00,2107,2201.658125,4581.77226235001,1758.9047023809526
2018-05-14 22:00:00,2107,2201.658125,4569.786246359752,1799.3879285714283
2018-05-14 23:00:00,1022,1464.7486338797814,4540.315618629444,1119.7680119047623
2018-05-15 00:00:00,555,840.2307692307693,2527.0479906733417,572.7548968253967
2018-05-15 00:00:00,555,840.2307692307693,2640.903989888938,565.78523015873
2018-05-15 00:00:00,555,840.2307692307693,2970.0363969195446,565.78523015873
2018-05-15 01:00:00,309,520.4200244200244,2402.587287468476,390.9853571428571
2018-05-15 01:00:00,309,520.4200244200244,2516.4432866840725,399.6293571428571
2018-05-15 02:00:00,248,391.66360856269114,2481.562235744923,318.4178333333333
2018-05-15 02:00:00,248,391.66360856269114,2595.4182349605194,330.5536666666667
2018-05-15 03:00:00,349,371.06679035250465,2561.1088042356787,347.0882619047619
2018-05-15 03:00:00,349,371.06679035250465,3004.0972104818816,391.10316666666665
2018-05-15 03:00:00,349,371.06679035250465,2674.964803451275,347.06323809523803
2018-05-15 04:00:00,934,696.3011904761905,2758.5127134421928,800.6537380952384
2018-05-15 04:00:00,934,696.3011904761905,3087.645120472799,799.3045714285718
2018-05-15 04:00:00,934,696.3011904761905,2644.656714226596,795.0899047619052
2018-05-15 05:00:00,3020,2071.845731707317,2840.726842933057,2853.8279047619053
2018-05-15 05:00:00,3020,2071.845731707317,2726.8708437174605,2827.1017142857145
2018-05-15 06:00:00,5914,4163.973699940228,2809.275513279761,5869.883714285714
2018-05-15 07:00:00,6264,4748.809753160746,2967.495191952081,5877.522666666666
2018-05-15 08:00:00,5433,4611.336930455635,3100.910470985551,5912.151107142858
2018-05-15 09:00:00,5399,4385.760351317441,3231.1406984783707,5187.362360750361
2018-05-15 10:00:00,4528,4183.411445783133,3354.1845329303765,4573.298468253969
2018-05-15 11:00:00,4808,4475.547449967721,3861.061031457429,4748.508261904761
2018-05-15 12:00:00,4967,4725.081841432225,3970.576520837456,5015.315
2018-05-15 13:00:00,5017,4727.435270805812,3724.4332980913805,4926.692174603174
2018-05-15 14:00:00,5380,4949.716550412175,3839.229779797857,5149.70081746032
2018-05-15 15:00:00,6033,5246.461338531514,3950.2154600756076,5957.400761904762
2018-05-15 16:00:00,6888,5661.568824638592,4056.247098496013,6657.534071428569
2018-05-15 17:00:00,6548,5329.677461139896,4167.042238702327,6213.928384920636
2018-05-15 18:00:00,4953,4277.991792929293,4259.2185815816465,4359.26821031746
2018-05-15 19:00:00,3602,3279.4859154929577,4349.244854001401,3473.688380952382
2018-05-15 20:00:00,3050,2836.232469993683,4805.110743057284,3077.165555555556
2018-05-15 21:00:00,2773,2674.197988686361,4474.939348807787,2832.374325396826
2018-05-15 22:00:00,3335,2201.658125,4484.611840755175,1917.430484126984
2018-05-15 23:00:00,2286,1464.7486338797814,4543.580081530807,1884.491297619048
2018-05-16 00:00:00,720,840.2307692307693,2393.990763134065,961.1354285714285
2018-05-16 01:00:00,442,520.4200244200244,2470.6792305532754,421.6091666666666
2018-05-16 02:00:00,352,391.66360856269114,2573.281147687827,338.06147619047624
2018-05-16 03:00:00,367,371.06679035250465,2647.302054106929,360.5740238095238
2018-05-16 04:00:00,895,696.3011904761905,2750.285051384353,811.2682857142858
2018-05-16 05:00:00,3014,2071.845731707317,2848.3140068044327,2871.1529999999993
2018-05-16 06:00:00,5844,4163.973699940228,2942.9132409386584,5835.44480952381
2018-05-16 07:00:00,5988,4748.809753160746,3048.5637992161915,6218.3296666666665
2018-05-16 08:00:00,5293,4611.336930455635,3216.657371251074,6090.491511904763
2018-05-16 09:00:00,5122,4385.760351317441,3369.9970770614564,5329.247464285715
2018-05-16 10:00:00,4941,4183.411445783133,3531.0947961269617,4529.167071428572
2018-05-16 11:00:00,5110,4475.547449967721,3676.8951798037942,4963.899055555556
2018-05-16 12:00:00,5042,4725.081841432225,3790.3578810102163,5139.816488095239
2018-05-16 13:00:00,4952,4727.435270805812,4235.319649781593,4721.19094047619
2018-05-16 14:00:00,5286,4949.716550412175,4011.049590739429,5250.7585119047635
2018-05-16 15:00:00,5871,5246.461338531514,4449.478867408204,5772.050313492065
2018-05-16 16:00:00,6775,5661.568824638592,4553.033484899937,6222.75578174603
2018-05-16 17:00:00,6123,5329.677461139896,4310.662119071321,5922.227777777779
2018-05-16 18:00:00,4717,4277.991792929293,4750.425176240151,4594.904797619048
2018-05-16 19:00:00,3697,3279.4859154929577,4838.736588016977,3480.7320952380956
2018-05-16 20:00:00,3387,2836.232469993683,4866.345825303011,3105.6504246031755
2018-05-16 21:00:00,3187,2674.197988686361,4907.4032993636265,2833.0764999999997
2018-05-16 22:00:00,2443,2201.658125,4654.417991634849,2105.6353928571434
2018-05-16 23:00:00,2291,1464.7486338797814,4706.961999655413,1448.0765158730158
2018-05-17 00:00:00,684,840.2307692307693,2593.7658349030107,708.7328095238096
2018-05-17 01:00:00,495,520.4200244200244,2662.832699464768,422.5418333333335
2018-05-17 02:00:00,294,391.66360856269114,3086.590390632945,315.0339365079365
2018-05-17 03:00:00,364,371.06679035250465,2802.4907491597723,354.95373809523824
2018-05-17 04:00:00,929,696.3011904761905,3232.9173428282224,866.531714285714
2018-05-17 05:00:00,2935,2071.845731707317,2969.2054889987376,2903.2288571428567
2018-05-17 06:00:00,5846,4163.973699940228,3043.2263954178393,5595.660583333334
2018-05-17 07:00:00,6323,4748.809753160746,3130.0134866231747,6215.820797619049
2018-05-17 08:00:00,5494,4611.336930455635,3576.635986363712,6041.967341269841
2018-05-17 09:00:00,5299,4385.760351317441,3706.6756737850956,5237.970761904762
2018-05-17 10:00:00,4444,4183.411445783133,3838.430221849405,4673.320714285713
2018-05-17 11:00:00,4913,4475.547449967721,4062.5041500577504,4749.725642857143
2018-05-17 12:00:00,5120,4725.081841432225,3777.1632825871093,5229.982345238095
2018-05-17 13:00:00,5096,4727.435270805812,3913.681332437329,5202.242277777778
2018-05-17 14:00:00,5480,4949.716550412175,4032.8602357868403,5451.559964285714
2018-05-17 15:00:00,6289,5246.461338531514,4155.849940565079,6024.511178571431
2018-05-17 16:00:00,6594,5661.568824638592,4677.071593806073,6428.958821428572
2018-05-17 17:00:00,6171,5329.677461139896,4696.881134368406,5973.961876984127
2018-05-17 18:00:00,4989,4277.991792929293,4862.649800717234,4662.001619047619
2018-05-17 19:00:00,3647,3279.4859154929577,4875.599898707859,3579.146666666668
2018-05-17 20:00:00,3400,2836.232469993683,4946.191083841108,3319.407190476191
2018-05-17 21:00:00,3238,2674.197988686361,4673.523846654114,3162.9235555555556
2018-05-17 22:00:00,2677,2201.658125,5180.633088403631,2375.674071428571
2018-05-17 23:00:00,1852,1464.7486338797814,4799.653551277141,1435.7185238095235
2018-05-18 00:00:00,736,840.2307692307693,2663.7831180238145,782.3982976190472
2018-05-18 01:00:00,453,520.4200244200244,2734.945923371371,523.0803333333334
2018-05-18 02:00:00,365,391.66360856269114,2808.9668297904727,366.80327380952383
2018-05-18 03:00:00,351,371.06679035250465,2881.6539557095207,404.22542857142855
2018-05-18 04:00:00,846,696.3011904761905,2952.4356809142046,809.8064047619046
2018-05-18 05:00:00,2786,2071.845731707317,3021.312005404526,2658.7259523809525
2018-05-18 06:00:00,5552,4163.973699940228,3096.666692323682,5471.693511904762
2018-05-18 07:00:00,6583,4748.809753160746,3183.4537835290175,6222.607202380954
2018-05-18 08:00:00,5321,4611.336930455635,3709.629478627356,5293.103230158731
2018-05-18 09:00:00,4984,4385.760351317441,3417.8102487278793,4958.808333333333
2018-05-18 10:00:00,4736,4183.411445783133,3549.1837166493165,4752.108297619046
2018-05-18 11:00:00,5133,4475.547449967721,4109.656624606195,5075.536845238097
2018-05-18 12:00:00,5337,4725.081841432225,4247.1273748135945,5194.912111111109
2018-05-18 13:00:00,5316,4727.435270805812,4379.64408316365,5330.145047619048
2018-05-18 14:00:00,5810,4949.716550412175,4091.0640344785916,5539.306660173159
2018-05-18 15:00:00,6400,5246.461338531514,4615.524868934003,5865.302226190479
2018-05-18 16:00:00,6496,5661.568824638592,4646.195193568206,6132.157166666666
2018-05-18 17:00:00,6197,5329.677461139896,4740.603887630996,5514.101928571429
2018-05-18 18:00:00,5241,4277.991792929293,4499.375762230998,4727.763357142857
2018-05-18 19:00:00,3850,3279.4859154929577,4913.796989898796,3849.4835634920637
2018-05-18 20:00:00,3441,2836.232469993683,5063.941370389844,3268.799654761905
2018-05-18 21:00:00,3196,2674.197988686361,4759.72555854932,3258.692833333333
2018-05-18 22:00:00,2728,2201.658125,4724.541156650551,2973.383265873016
2018-05-18 22:00:00,2728,2201.658125,4362.071285830282,2974.161765873016
2018-05-18 23:00:00,1797,1464.7486338797814,4856.90464961171,2036.177952380952
2018-05-19 00:00:00,1420,840.2307692307693,1731.5108836063366,1404.0553333333335
2018-05-19 01:00:00,855,520.4200244200244,1770.6754031577782,802.8310833333334
2018-05-19 02:00:00,639,391.66360856269114,2140.5217314071606,728.576261904762
2018-05-19 03:00:00,494,371.06679035250465,1936.0563624966876,426.622757936508
2018-05-19 04:00:00,477,696.3011904761905,1837.877742944848,407.23740476190477
2018-05-19 05:00:00,806,2071.845731707317,1945.4890351295148,770.4568095238096
2018-05-19 06:00:00,1430,4163.973699940228,2577.746331727939,1405.4859642857145
2018-05-19 07:00:00,2062,4748.809753160746,2038.2941665728229,1966.8271666666662
2018-05-19 08:00:00,3277,4611.336930455635,2771.6958555771103,2648.5832936507936
2018-05-19 09:00:00,3569,4385.760351317441,2421.782362893642,3826.3517077922083
2018-05-19 09:00:00,3569,4385.760351317441,2864.7707691398455,3569.731571428572
2018-05-19 10:00:00,3857,4183.411445783133,2834.290177048175,3807.137
2018-05-19 10:00:00,3857,4183.411445783133,2391.3017708019715,4070.1447380952372
2018-05-19 11:00:00,4112,4475.547449967721,2879.877276610628,4469.752412698412
2018-05-19 12:00:00,4259,4725.081841432225,2679.679061786166,4763.273607142858
2018-05-19 13:00:00,4542,4727.435270805812,3132.3226023907528,4696.686404761906
2018-05-19 14:00:00,4802,4949.716550412175,3226.9218365249785,4766.106928571429
2018-05-19 15:00:00,4598,5246.461338531514,3308.1832656586607,4760.943857142858
2018-05-19 16:00:00,4398,5661.568824638592,3394.208196578252,4802.820285714286
2018-05-19 17:00:00,4133,5329.677461139896,3484.615549140877,4655.545738095239
2018-05-19 18:00:00,3640,4277.991792929293,3573.879661274886,4048.5772034632023
2018-05-19 19:00:00,2979,3279.4859154929577,3663.334313480331,3264.2138452380955
2018-05-19 20:00:00,2706,2836.232469993683,3747.453843685558,3097.203392857142
2018-05-19 21:00:00,2705,2674.197988686361,3830.620673533604,3047.3110357142855
2018-05-19 22:00:00,2714,2201.658125,3880.4554370854803,2984.9981547619054
2018-05-19 23:00:00,2047,1464.7486338797814,3551.2903531844827,2317.1914841269845
2018-05-20 00:00:00,1216,840.2307692307693,1422.8509827171738,1539.683619047619
2018-05-20 01:00:00,761,520.4200244200244,1083.8715747028398,845.1760714285712
2018-05-20 02:00:00,525,391.66360856269114,1587.8508619132108,661.3036706349208
2018-05-20 03:00:00,324,371.06679035250465,1661.4906881894406,417.2049484126985
2018-05-20 04:00:00,273,696.3011904761905,1749.6115598948302,324.6304642857143
2018-05-20 05:00:00,433,2071.845731707317,1834.3027103143668,532.6835515873018
2018-05-20 06:00:00,850,4163.973699940228,1920.5181813053937,946.5069826839828
2018-05-20 07:00:00,1242,4748.809753160746,2004.0660912963122,1268.9986984126986
2018-05-20 08:00:00,1829,4611.336930455635,2114.2896112883177,2013.6537142857135
2018-05-20 09:00:00,2638,4385.760351317441,2243.186058281083,3006.848857142856
2018-05-20 10:00:00,3501,4183.411445783133,2382.5622092028457,3745.4143809523825
2018-05-20 11:00:00,4300,4475.547449967721,2509.3627154098112,3932.107452380951
2018-05-20 12:00:00,4661,4725.081841432225,2983.9946056514896,4214.76336111111
2018-05-20 13:00:00,3956,4727.435270805812,3107.5559306440373,4494.873119047619
2018-05-20 14:00:00,3932,4949.716550412175,3234.737516993876,4477.714309523808
2018-05-20 15:00:00,3920,5246.461338531514,3353.535340200515,4364.357857142857
2018-05-20 16:00:00,3938,5661.568824638592,3426.683654559833,4381.09319047619
2018-05-20 17:00:00,3768,5329.677461139896,3573.791840113089,4410.317968253968
2018-05-20 18:00:00,3378,4277.991792929293,3675.0599767475865,3813.225523809524
2018-05-20 19:00:00,2842,3279.4859154929577,3765.467329310212,3314.0239880952367
2018-05-20 20:00:00,2692,2836.232469993683,3924.567093158769,2982.8411428571435
2018-05-20 21:00:00,2194,2674.197988686361,3976.6758913626923,2710.25025
2018-05-20 22:00:00,1696,2201.658125,4004.205020351329,1978.4065952380947
2018-05-20 23:00:00,1107,1464.7486338797814,3656.557549521007,1254.4761904761904
2018-05-21 00:00:00,652,840.2307692307693,2300.447974322922,658.7395000000001
2018-05-21 01:00:00,350,520.4200244200244,2758.981424378914,451.8685238095238
2018-05-21 02:00:00,321,391.66360856269114,2482.2153798053564,352.31150000000014
2018-05-21 03:00:00,333,371.06679035250465,3014.2978171182212,366.9237777777778
2018-05-21 04:00:00,860,696.3011904761905,3111.755152323992,740.3395119047617
2018-05-21 05:00:00,2796,2071.845731707317,2935.304736219703,2563.9886190476195
2018-05-21 06:00:00,5721,4163.973699940228,2997.887676047583,5449.695499999999
2018-05-21 07:00:00,6799,4748.809753160746,3127.533837120905,5872.401583333333
2018-05-21 07:00:00,6799,4748.809753160746,3115.5478211306468,5884.695916666666
2018-05-21 08:00:00,5726,4611.336930455635,3183.4838914689744,5814.972626984127
2018-05-21 08:00:00,5726,4611.336930455635,3195.4699074592327,5800.941888888888
2018-05-21 09:00:00,4865,4385.760351317441,3595.6121070669915,4747.782392857144
2018-05-21 10:00:00,4254,4183.411445783133,3630.664853344231,4362.591900793649
2018-05-21 11:00:00,4454,4475.547449967721,3555.8522723741257,4457.405238095238
2018-05-21 12:00:00,4810,4725.081841432225,3656.929868937187,4655.978333333333
2018-05-21 13:00:00,2040,4727.435270805812,4013.260298319777,4689.459428571429
2018-05-21 14:00:00,4224,4949.716550412175,4121.197337454547,4990.535761904761
2018-05-21 15:00:00,5895,5246.461338531514,4231.9924776608605,5393.207928571429
2018-05-21 16:00:00,6968,5661.568824638592,4373.2615830917985,6014.378825396827
2018-05-21 17:00:00,6134,5329.677461139896,4463.287855511553,5758.542392857143
2018-05-21 18:00:00,4586,4277.991792929293,4538.070922216399,4190.489011904763
2018-05-21 19:00:00,3249,3279.4859154929577,4622.380992493063,3077.0517619047623
2018-05-21 20:00:00,2699,2836.232469993683,4701.35594076951,2706.871761904763
2018-05-21 21:00:00,2318,2674.197988686361,4774.043066688557,2322.3075238095234
2018-05-21 22:00:00,1668,2201.658125,4858.353136965221,1713.3947023809526
2018-05-21 23:00:00,1060,1464.7486338797814,4912.379782088697,1099.2917857142859
2018-05-22 00:00:00,554,840.2307692307693,2828.3238020608637,582.5887301587301
2018-05-22 01:00:00,333,520.4200244200244,2911.871712051782,380.6720714285714
2018-05-22 02:00:00,249,391.66360856269114,3009.7101274004253,278.1467698412699
2018-05-22 03:00:00,337,371.06679035250465,3230.969290749861,412.7720952380953
2018-05-22 04:00:00,886,696.3011904761905,3160.241407372491,822.5074047619048
2018-05-22 05:00:00,3026,2071.845731707317,2932.9865024040696,2760.5706904761905
2018-05-22 05:00:00,3026,2071.845731707317,3375.9749086502725,2764.3697619047616
2018-05-22 06:00:00,5875,4163.973699940228,3465.048480712845,5917.342003968253
2018-05-22 06:00:00,5875,4163.973699940228,3022.060074466642,5936.691503968253
2018-05-22 07:00:00,6019,4748.809753160746,2945.603023058543,6110.611988095237
2018-05-22 08:00:00,5752,4611.336930455635,3102.823364816367,6154.198900793651
2018-05-22 09:00:00,5085,4385.760351317441,3342.060390442221,5013.972535714286
2018-05-22 10:00:00,4450,4183.411445783133,3489.0456980162494,4492.528095238096
2018-05-22 11:00:00,4631,4475.547449967721,3929.7534427433593,4700.913285714285
2018-05-22 12:00:00,4760,4725.081841432225,4129.819321950727,5017.949619047618
2018-05-22 13:00:00,4840,4727.435270805812,4248.236065014494,4955.123476190474
2018-05-22 14:00:00,5197,4949.716550412175,4237.134777791505,5260.046071428572
2018-05-22 15:00:00,5901,5246.461338531514,4346.40559742633,5768.607000000002
2018-05-22 16:00:00,6907,5661.568824638592,4372.121880203189,6535.736464285715
2018-05-22 17:00:00,6371,5329.677461139896,4472.056236337631,6122.7319166666675
2018-05-22 18:00:00,4649,4277.991792929293,4662.21403183031,4711.721380952381
2018-05-22 19:00:00,3367,3279.4859154929577,4334.573268500802,3322.490869047619
2018-05-22 20:00:00,3028,2836.232469993683,4701.630126678351,3051.348226190476
2018-05-22 21:00:00,3047,2674.197988686361,4807.772196872796,2815.2381428571434
2018-05-22 22:00:00,1953,2201.658125,4860.071535148156,1876.1886507936513
2018-05-22 23:00:00,1084,1464.7486338797814,5017.646978425221,1199.9641136363637
2018-05-23 00:00:00,599,840.2307692307693,2481.0675757804684,608.1985238095237
2018-05-23 01:00:00,363,520.4200244200244,2552.230381128026,418.50404761904764
2018-05-23 02:00:00,303,391.66360856269114,2645.4958347621973,307.74228571428574
2018-05-23 03:00:00,349,371.06679035250465,2734.3788667533327,351.6847142857142
2018-05-23 04:00:00,919,696.3011904761905,2759.6414542063744,846.8037936507939
2018-05-23 05:00:00,2989,2071.845731707317,2857.86094969789,2869.4947500000003
2018-05-23 06:00:00,5979,4163.973699940228,3043.3916538023295,5874.393142857141
2018-05-23 07:00:00,6641,4748.809753160746,3263.6423343767606,6832.242761904761
2018-05-23 07:00:00,6641,4748.809753160746,2910.070582909819,6835.163357142857
2018-05-23 08:00:00,5557,4611.336930455635,3659.9109062465695,5824.114726190476
2018-05-23 09:00:00,5217,4385.760351317441,3701.823095095517,5244.94269047619
2018-05-23 10:00:00,4728,4183.411445783133,3912.7497583747554,4529.48369047619
2018-05-23 11:00:00,4956,4475.547449967721,3610.4508245462803,4825.345833333334
2018-05-23 12:00:00,4760,4725.081841432225,4007.8035540822048,5041.83938095238
2018-05-23 13:00:00,4912,4727.435270805812,4158.532000992751,5066.656083333333
2018-05-23 14:00:00,5221,4949.716550412175,4267.802820627575,5352.405714285715
2018-05-23 15:00:00,5959,5246.461338531514,4050.963824371427,5873.577559523809
2018-05-23 16:00:00,6897,5661.568824638592,4568.946296398003,6459.154345238096
2018-05-23 17:00:00,6228,5329.677461139896,4689.458980247569,6145.684603174601
2018-05-23 18:00:00,4632,4277.991792929293,4784.820374667541,4774.290238095238
2018-05-23 19:00:00,3359,3279.4859154929577,4876.752047801658,3611.8424523809513
2018-05-23 20:00:00,2993,2836.232469993683,4965.6350797927935,3102.439051587301
2018-05-23 21:00:00,2888,2674.197988686361,5020.792519139698,2955.0392727272724
2018-05-23 22:00:00,2028,2201.658125,5093.670185130182,2348.14026984127
2018-05-23 23:00:00,1215,1464.7486338797814,4758.788899086095,1404.6451785714285
2018-05-24 00:00:00,628,840.2307692307693,2636.8278910476215,691.1739285714285
2018-05-24 01:00:00,356,520.4200244200244,2728.7595641817384,418.05460281385274
2018-05-24 02:00:00,261,391.66360856269114,2398.9260795963482,335.9615238095237
2018-05-24 03:00:00,363,371.06679035250465,2907.2877884497548,428.74717857142866
2018-05-24 04:00:00,883,696.3011904761905,2987.5965172262554,864.5826904761902
2018-05-24 05:00:00,3012,2071.845731707317,3078.3849499317544,2915.069357142856
2018-05-24 06:00:00,5763,4163.973699940228,3170.3166230658717,5683.530246031745
2018-05-24 07:00:00,6298,4748.809753160746,3268.5361185573884,6179.359523809524
2018-05-24 08:00:00,5695,4611.336930455635,3797.1888345843977,5263.115630952383
2018-05-24 09:00:00,5232,4385.760351317441,3506.322305042104,5267.452976190477
2018-05-24 10:00:00,4532,4183.411445783133,3640.1727938922136,4748.513416666666
2018-05-24 11:00:00,4923,4475.547449967721,3773.0705823851413,5107.984353174602
2018-05-24 12:00:00,4969,4725.081841432225,4313.917862984077,4997.198714285715
2018-05-24 13:00:00,5036,4727.435270805812,4433.096766333589,4938.105083333335
2018-05-24 14:00:00,5414,4949.716550412175,4127.5586512906975,5407.807683982684
2018-05-24 15:00:00,6184,5246.461338531514,4236.257850711211,6005.124047619047
2018-05-24 16:00:00,6193,5661.568824638592,4666.303364236788,6224.365583333332
2018-05-24 17:00:00,6107,5329.677461139896,4178.939328374079,5921.676281746029
2018-05-24 18:00:00,4787,4277.991792929293,4928.005045219896,4622.036285714286
2018-05-24 19:00:00,3746,3279.4859154929577,4331.744642998191,3483.838833333334
2018-05-24 20:00:00,2938,2836.232469993683,4352.782963352804,3232.5425357142867
2018-05-24 20:00:00,2938,2836.232469993683,4706.354714819745,3182.4275952380954
2018-05-24 20:00:00,2938,2836.232469993683,4727.23885016333,3200.54425
2018-05-24 21:00:00,2626,2674.197988686361,4706.839599869611,3095.6494999999995
2018-05-24 21:00:00,2626,2674.197988686361,4727.723735213197,3125.064785714285
2018-05-24 21:00:00,2626,2674.197988686361,4353.26784840267,3119.809071428571
2018-05-24 22:00:00,1938,2201.658125,4423.668493464482,2182.265373015873
2018-05-24 22:00:00,1938,2201.658125,4798.124380275009,2253.7538015873015
2018-05-24 23:00:00,1261,1464.7486338797814,4720.905168581165,1532.4868095238096
2018-05-24 23:00:00,1261,1464.7486338797814,4346.449281770638,1448.6200476190477
2018-05-25 00:00:00,648,840.2307692307693,2326.8521479885585,763.3925833333333
2018-05-25 00:00:00,648,840.2307692307693,2701.308034799085,777.7221666666668
2018-05-25 01:00:00,430,520.4200244200244,2336.4266543670956,526.5468809523812
2018-05-25 01:00:00,430,520.4200244200244,2698.8965251873647,526.5468809523812
2018-05-25 01:00:00,430,520.4200244200244,2710.8825411776224,535.8206190476193
2018-05-25 02:00:00,300,391.66360856269114,2627.983177553798,371.1026071428571
2018-05-25 03:00:00,329,371.06679035250465,2676.8652407484938,411.1834007936508
2018-05-25 04:00:00,788,696.3011904761905,2805.3681613931976,825.6529047619048
2018-05-25 04:00:00,788,696.3011904761905,3179.8240482037245,824.372738095238
2018-05-25 04:00:00,788,696.3011904761905,3158.939912860139,825.6634047619049
2018-05-25 05:00:00,2645,2071.845731707317,2765.741645872583,2684.5029285714286
2018-05-25 05:00:00,2645,2071.845731707317,3140.19753268311,2670.2733214285713
2018-05-25 06:00:00,5111,4163.973699940228,2765.598608607868,5386.179142857144
2018-05-25 06:00:00,5111,4163.973699940228,3140.0544954183947,5326.912142857144
2018-05-25 07:00:00,6075,4748.809753160746,2949.0333719265086,6194.273952380953
2018-05-25 08:00:00,5206,4611.336930455635,3835.7545597130184,5331.946535714286
2018-05-25 09:00:00,4859,4385.760351317441,3932.8432609811052,4978.496023809525
2018-05-25 10:00:00,4534,4183.411445783133,4066.6937498312145,4605.956500000001
2018-05-25 11:00:00,4928,4475.547449967721,4092.410032608074,5118.5650476190485
2018-05-25 12:00:00,5139,4725.081841432225,4294.381312529806,5385.279380952378
2018-05-25 13:00:00,5148,4727.435270805812,4008.087744701982,5403.153452380954
2018-05-25 14:00:00,5403,4949.716550412175,4461.379146942791,5525.724729437228
2018-05-25 15:00:00,6083,5246.461338531514,4245.683391115262,5941.69553968254
2018-05-25 16:00:00,5753,5661.568824638592,4483.083647026464,5844.187773809523
2018-05-25 17:00:00,4904,5329.677461139896,4193.318910635474,5459.0844444444465
2018-05-25 17:00:00,4904,5329.677461139896,4567.774797446,5458.07298015873
2018-05-25 18:00:00,4023,4277.991792929293,4213.798056980966,4792.20994047619
2018-05-25 18:00:00,4023,4277.991792929293,4588.253943791493,4823.536845238094
2018-05-25 19:00:00,3334,3279.4859154929577,4596.631080067647,3691.0563730158733
2018-05-25 20:00:00,3026,2836.232469993683,4225.271337206822,3156.0224047619054
2018-05-25 21:00:00,2953,2674.197988686361,4654.884663364253,3012.5205238095236
2018-05-25 22:00:00,2863,2201.658125,5090.320632082818,2594.9336428571423
2018-05-25 23:00:00,1828,1464.7486338797814,4828.704719039132,1584.473666666667
2018-05-26 00:00:00,1300,840.2307692307693,1547.1845724614286,1111.321666666667
2018-05-26 01:00:00,719,520.4200244200244,1644.4513675957623,754.0326245421248
2018-05-26 02:00:00,579,391.66360856269114,1718.4722740148645,706.8891666666668
2018-05-26 03:00:00,363,371.06679035250465,1812.880968077654,433.411523809524
2018-05-26 04:00:00,376,696.3011904761905,1903.0977805688433,390.2095238095237
2018-05-26 05:00:00,649,2071.845731707317,1987.4078508455077,764.2148333333333
2018-05-26 06:00:00,1263,4163.973699940228,2072.861161550789,1443.6648333333337
2018-05-26 07:00:00,1690,4748.809753160746,2175.4630786853404,1887.0197976190475
2018-05-26 08:00:00,2392,4611.336930455635,2310.075727821196,2655.384607142856
2018-05-26 09:00:00,3360,4385.760351317441,2448.4991783857777,3069.3366190476186
2018-05-26 10:00:00,3540,4183.411445783133,2586.5415488074873,3644.4327727272735
2018-05-26 11:00:00,3937,4475.547449967721,2737.6770544845363,4521.55611904762
2018-05-26 12:00:00,4176,4725.081841432225,2866.7640415487376,4755.548166666667
2018-05-26 13:00:00,4130,4727.435270805812,2985.425454357708,4610.411333333333
2018-05-26 14:00:00,3887,4949.716550412175,3101.746256635675,4472.503309523809
2018-05-26 15:00:00,3761,5246.461338531514,3544.1768748046125,4391.165928571429
2018-05-26 16:00:00,3970,5661.568824638592,3648.112572439218,4428.668142857143
2018-05-26 17:00:00,3858,5329.677461139896,3406.693906967784,4193.092952380952
2018-05-26 18:00:00,3714,4277.991792929293,3499.768820530519,3961.1183809523814
2018-05-26 19:00:00,2965,3279.4859154929577,3584.841051092928,3471.738365079365
2018-05-26 20:00:00,2855,2836.232469993683,3661.5295185121386,3247.40166883117
2018-05-26 21:00:00,2956,2674.197988686361,3704.0571834704792,3194.4527380952386
2018-05-26 22:00:00,3036,2201.658125,3720.5349883158096,3212.9957857142854
2018-05-26 23:00:00,2141,1464.7486338797814,3767.7438743361554,2350.04207142857
2018-05-27 00:00:00,1633,840.2307692307693,1629.5869602255937,1837.8135119047618
2018-05-27 01:00:00,829,520.4200244200244,1692.1754623585152,1049.4306904761906
2018-05-27 02:00:00,712,391.66360856269114,1768.8639297777256,746.0378095238094
2018-05-27 03:00:00,486,371.06679035250465,1845.552397196936,427.4352380952382
2018-05-27 04:00:00,401,696.3011904761905,1932.3394884022723,366.4325555555555
2018-05-27 05:00:00,844,2071.845731707317,2012.8387572502093,558.6790595238095
2018-05-27 06:00:00,1192,4163.973699940228,2096.196127169692,1003.5551507936511
2018-05-27 07:00:00,1205,4748.809753160746,2145.276223552275,1326.7622222222221
2018-05-27 08:00:00,1819,4611.336930455635,2359.514683226875,2024.3404642857142
2018-05-27 09:00:00,2660,4385.760351317441,2517.3732210779635,2886.0951428571425
2018-05-27 10:00:00,3431,4183.411445783133,2671.039877357452,3051.2855714285724
2018-05-27 11:00:00,3782,4475.547449967721,3251.507046609955,3647.76069047619
2018-05-27 12:00:00,4190,4725.081841432225,2918.3530674139843,4461.816630952381
2018-05-27 13:00:00,4139,4727.435270805812,2980.1240760683904,4665.476547619048
2018-05-27 14:00:00,3963,4949.716550412175,3236.252592173123,4355.898999999999
2018-05-27 15:00:00,3821,5246.461338531514,3620.961045994539,4386.871404761904
2018-05-27 16:00:00,3739,5661.568824638592,3735.9480677724514,4383.263833333333
2018-05-27 17:00:00,3266,5329.677461139896,3839.1216051213128,4289.866928571428
2018-05-27 18:00:00,3127,4277.991792929293,3936.960020469956,4090.609357142858
2018-05-27 19:00:00,2830,3279.4859154929577,3625.5151632125376,3503.807174603174
2018-05-27 20:00:00,2825,2836.232469993683,3718.971156918145,3098.7918809523817
2018-05-27 21:00:00,2656,2674.197988686361,3766.7361845999467,2887.5424841269837
2018-05-27 22:00:00,2565,2201.658125,4245.2382107182875,2330.102369047619
2018-05-27 23:00:00,1660,1464.7486338797814,4328.023960423461,1405.795309523809
2018-05-28 00:00:00,1088,840.2307692307693,2838.4071662532933,792.4409761904764
2018-05-28 01:00:00,559,520.4200244200244,2932.8158603160828,425.77904761904756
2018-05-28 02:00:00,440,391.66360856269114,2996.468354501384,338.72219444444437
2018-05-28 03:00:00,332,371.06679035250465,2799.7851486410036,341.4528214285715
2018-05-28 04:00:00,314,696.3011904761905,2894.1938427037926,805.1727380952381
2018-05-28 05:00:00,488,2071.845731707317,2988.602536766582,2397.7174761904766
2018-05-28 06:00:00,882,4163.973699940228,3033.241621063575,5396.698357142857
2018-05-28 07:00:00,989,4748.809753160746,3127.4597750549287,5036.3180833333345
2018-05-28 08:00:00,1294,4611.336930455635,3289.129114334742,4926.092309523811
2018-05-28 09:00:00,1873,4385.760351317441,3383.5378083975315,4694.877261904762
2018-05-28 10:00:00,2576,4183.411445783133,3535.674622516827,3981.931726190477
2018-05-28 11:00:00,3037,4475.547449967721,3630.0833165796166,4598.493547619047
2018-05-28 12:00:00,3375,4725.081841432225,4195.134707839668,4193.116583333333
2018-05-28 13:00:00,3611,4727.435270805812,4304.4055274744915,4333.130749999999
2018-05-28 14:00:00,4032,4949.716550412175,4424.727671252623,5059.10274206349
2018-05-28 15:00:00,3812,5246.461338531514,4471.2128218160415,4890.112083333334
2018-05-28 16:00:00,3810,5661.568824638592,4666.5151992375,5175.406785714285
2018-05-28 17:00:00,3822,5329.677461139896,4054.0588909437074,5404.601682539685
2018-05-28 18:00:00,3749,4277.991792929293,4109.013344013987,4199.468285714285
2018-05-28 18:00:00,3749,4277.991792929293,4483.469230824514,4204.885119047619
2018-05-28 19:00:00,3145,3279.4859154929577,4020.227490062801,3139.3338928571425
2018-05-28 19:00:00,3145,3279.4859154929577,4394.683376873328,3159.3309166666663
2018-05-28 20:00:00,2611,2836.232469993683,4555.116921221937,2790.248630952381
2018-05-28 20:00:00,2611,2836.232469993683,4180.661034411411,2684.885988095238
2018-05-28 21:00:00,2338,2674.197988686361,4470.276106670641,2509.080896825396
2018-05-28 21:00:00,2338,2674.197988686361,4095.820219860114,2435.2290634920632
2018-05-28 22:00:00,1936,2201.658125,4712.685737631959,1781.2547499999998
2018-05-28 23:00:00,1141,1464.7486338797814,4823.468431633083,1028.0963928571425
2018-05-29 00:00:00,565,840.2307692307693,2536.425659664771,667.2146428571428
2018-05-29 01:00:00,347,520.4200244200244,2606.6357646551455,401.7799047619048
2018-05-29 02:00:00,239,391.66360856269114,2699.901218289317,320.218119047619
2018-05-29 03:00:00,340,371.06679035250465,2800.597734709506,353.6825238095239
2018-05-29 04:00:00,828,696.3011904761905,2893.8631883436774,865.4244047619048
2018-05-29 05:00:00,2911,2071.845731707317,2982.9367604062486,2932.674702380952
2018-05-29 06:00:00,5723,4163.973699940228,3066.103590254295,5716.566543650793
2018-05-29 07:00:00,6106,4748.809753160746,3587.1347034238515,6104.577476190478
2018-05-29 08:00:00,5530,4611.336930455635,3290.5519717384677,5130.558726190477
2018-05-29 09:00:00,5117,4385.760351317441,3827.969531051549,5083.6719350649355
2018-05-29 10:00:00,4530,4183.411445783133,3544.1529841523984,4430.212023809524
2018-05-29 11:00:00,4436,4475.547449967721,4010.972731465187,4483.634412698413
2018-05-29 12:00:00,4866,4725.081841432225,4096.1250703249925,4460.339571428572
2018-05-29 13:00:00,4973,4727.435270805812,4263.049423307628,4599.002535714285
2018-05-29 14:00:00,5159,4949.716550412175,4046.21042705148,5186.4598214285725
2018-05-29 15:00:00,6018,5246.461338531514,3877.9062244365978,5787.01786904762
2018-05-29 16:00:00,6820,5661.568824638592,3923.536660211686,6019.662948412699
2018-05-29 16:00:00,6820,5661.568824638592,4297.992547022212,5982.855916666666
2018-05-29 17:00:00,5990,5329.677461139896,4146.4627074681985,6113.63519047619
2018-05-29 17:00:00,5990,5329.677461139896,3772.006820657672,6106.315297619048
2018-05-29 18:00:00,4267,4277.991792929293,4041.8417757006337,3901.294166666667
2018-05-29 18:00:00,4267,4277.991792929293,4416.2976625111605,4105.443404761905
2018-05-29 19:00:00,3036,3279.4859154929577,4085.1857306184856,3153.2414999999996
2018-05-29 19:00:00,3036,3279.4859154929577,4459.6416174290125,3141.560476190475
2018-05-29 19:00:00,3036,3279.4859154929577,4438.757482085427,3160.0288333333324
2018-05-29 20:00:00,2466,2836.232469993683,4482.494963351341,2829.948952380952
2018-05-29 20:00:00,2466,2836.232469993683,4128.923211884399,2819.3182857142856
2018-05-29 20:00:00,2466,2836.232469993683,4503.379098694926,2805.872785714285
2018-05-29 21:00:00,2154,2674.197988686361,4252.853170814631,2642.3657261904755
2018-05-29 21:00:00,2154,2674.197988686361,4606.424922281572,2599.993908730158
2018-05-29 21:00:00,2154,2674.197988686361,4627.309057625158,2616.569845238095
2018-05-29 22:00:00,1595,2201.658125,4339.449721948531,1955.2952063492057
2018-05-29 22:00:00,1595,2201.658125,4713.905608759058,1974.2990158730152
2018-05-29 22:00:00,1595,2201.658125,4693.021473415472,1943.6140158730154
2018-05-29 23:00:00,969,1464.7486338797814,4804.50350139312,1270.3126904761907
2018-05-29 23:00:00,969,1464.7486338797814,4783.619366049535,1310.82
2018-05-29 23:00:00,969,1464.7486338797814,4430.047614582593,1274.6356904761906
2018-05-30 00:00:00,527,840.2307692307693,2310.18254732992,661.590523809524
2018-05-30 00:00:00,527,840.2307692307693,2663.7542987968613,655.2163571428573
2018-05-30 00:00:00,527,840.2307692307693,2684.638434140447,658.9796904761906
2018-05-30 01:00:00,351,520.4200244200244,2741.142100192595,440.6753888888889
2018-05-30 01:00:00,351,520.4200244200244,2720.2579648490096,448.8813333333334
2018-05-30 02:00:00,306,391.66360856269114,2642.467132940856,321.435619047619
2018-05-30 02:00:00,306,391.66360856269114,2651.3652522941834,355.60216666666673
2018-05-30 02:00:00,306,391.66360856269114,2663.3512682844416,322.9782380952381
2018-05-30 03:00:00,329,371.06679035250465,2730.0163844319372,382.42596428571443
2018-05-30 04:00:00,893,696.3011904761905,2825.758858994782,916.6799047619047
2018-05-30 05:00:00,3023,2071.845731707317,2918.8337725575157,2954.0806785714276
2018-05-30 06:00:00,6046,4163.973699940228,3006.0019439057246,5827.3405952380945
2018-05-30 07:00:00,6326,4748.809753160746,3274.515564653819,6138.4584523809535
2018-05-30 08:00:00,5716,4611.336930455635,3732.1131471157505,5599.9791428571425
2018-05-30 09:00:00,5283,4385.760351317441,3538.6991023485853,5145.6598571428585
2018-05-30 10:00:00,4554,4183.411445783133,3650.8280230549535,4492.352928571428
2018-05-30 10:00:00,4554,4183.411445783133,3638.8420070646953,4482.022738095238
2018-05-30 11:00:00,4744,4475.547449967721,3749.2380586179065,4799.529159090909
2018-05-30 12:00:00,4923,4725.081841432225,3849.1724147523487,4954.030119047618
2018-05-30 13:00:00,4823,4727.435270805812,3941.6757081007754,4954.656785714286
2018-05-30 13:00:00,4823,4727.435270805812,3929.689692110517,4862.114428571429
2018-05-30 14:00:00,5343,4949.716550412175,4033.7979213063286,5275.374952380953
2018-05-30 14:00:00,5343,4949.716550412175,4012.913785962743,5311.361214285714
2018-05-30 15:00:00,6062,5246.461338531514,4136.39983844088,5685.88042857143
2018-05-30 15:00:00,6062,5246.461338531514,4115.515703097295,5696.110190476191
2018-05-30 15:00:00,6062,5246.461338531514,4124.413822450622,5684.1984404761915
2018-05-30 16:00:00,7042,5661.568824638592,4663.583047406722,6490.097650793654
2018-05-30 16:00:00,7042,5661.568824638592,4241.478776504104,6493.362555555557
2018-05-30 17:00:00,6429,5329.677461139896,4300.096391852281,6208.345250000001
2018-05-30 18:00:00,4621,4277.991792929293,4429.742552925603,4639.357809523812
2018-05-30 18:00:00,4621,4277.991792929293,4441.728568915862,4618.108857142857
2018-05-30 19:00:00,3555,3279.4859154929577,4788.722534798073,3202.335499999999
2018-05-30 20:00:00,2788,2836.232469993683,4877.986646932081,3023.7839945887454
2018-05-30 21:00:00,2612,2674.197988686361,4956.580515065654,2758.17186904762
2018-05-30 22:00:00,1932,2201.658125,4623.033009521622,2055.1704880952384
2018-05-30 23:00:00,1233,1464.7486338797814,4832.8677813837785,1283.118238095238
2018-05-31 00:00:00,695,840.2307692307693,2707.667592130888,678.8833809523808
2018-05-31 01:00:00,382,520.4200244200244,2587.017690354749,453.775
2018-05-31 01:00:00,382,520.4200244200244,2700.8736895703455,450.1280476190477
2018-05-31 01:00:00,382,520.4200244200244,3030.006096600952,447.0790476190477
2018-05-31 02:00:00,307,391.66360856269114,2672.661541131467,307.09559523809526
2018-05-31 02:00:00,307,391.66360856269114,2786.517540347064,310.5064761904762
2018-05-31 02:00:00,307,391.66360856269114,3115.6499473776703,309.1244761904762
2018-05-31 03:00:00,343,371.06679035250465,2772.4053571944733,367.2441547619048
2018-05-31 03:00:00,343,371.06679035250465,2886.2613564100698,367.5824880952382
2018-05-31 03:00:00,343,371.06679035250465,3215.393763440676,371.07165476190477
2018-05-31 04:00:00,922,696.3011904761905,3500.281384127107,885.2843809523808
2018-05-31 04:00:00,922,696.3011904761905,3171.1489770965004,883.7931190476189
2018-05-31 04:00:00,922,696.3011904761905,3057.292977880904,887.1983333333333
2018-05-31 05:00:00,3013,2071.845731707317,2993.547981585273,2979.0617142857145
2018-05-31 05:00:00,3013,2071.845731707317,3107.4039808008697,2987.4367857142856
2018-05-31 05:00:00,3013,2071.845731707317,3436.536387831476,2965.363119047619
2018-05-31 06:00:00,6007,4163.973699940228,3198.1924135063687,5865.688523809521
2018-05-31 06:00:00,6007,4163.973699940228,3084.336414290772,5877.494916666664
2018-05-31 06:00:00,6007,4163.973699940228,3527.324820536975,5860.160190476187
2018-05-31 07:00:00,6420,4748.809753160746,3458.1858607135946,6238.524095238096
2018-05-31 07:00:00,6420,4748.809753160746,3344.329861497998,6410.182404761906
2018-05-31 07:00:00,6420,4748.809753160746,3787.318267744201,6423.833404761906
2018-05-31 08:00:00,5912,4611.336930455635,3566.5039799912365,5833.397250000001
2018-05-31 08:00:00,5912,4611.336930455635,3452.64798077564,5840.134107142857
2018-05-31 08:00:00,5912,4611.336930455635,3895.636387021843,5829.199750000001
2018-05-31 09:00:00,5313,4385.760351317441,3446.3659777563844,5272.950809523809
2018-05-31 09:00:00,5313,4385.760351317441,3889.354384002587,4959.59019047619
2018-05-31 10:00:00,4734,4183.411445783133,3587.075909178202,4725.578071428572
2018-05-31 11:00:00,5008,4475.547449967721,4029.6332722018515,4927.008047619048
2018-05-31 12:00:00,5031,4725.081841432225,4160.054039766107,4923.654051587301
2018-05-31 13:00:00,5199,4727.435270805812,4268.753239186622,4995.0714761904765
2018-05-31 14:00:00,5407,4949.716550412175,4460.435355250791,5275.991243506493
2018-05-31 15:00:00,5950,5246.461338531514,4561.703491885288,5917.896976190478
2018-05-31 16:00:00,6860,5661.568824638592,4668.116210448567,6351.553345238096
2018-05-31 17:00:00,6358,5329.677461139896,4769.5748871545,6103.963678571428
2018-05-31 18:00:00,5042,4277.991792929293,4783.096605359433,4602.782142857144
2018-05-31 19:00:00,3671,3279.4859154929577,4870.455316779077,3586.900666666668
2018-05-31 20:00:00,3037,2836.232469993683,4944.666763269617,3319.014690476191
2018-05-31 21:00:00,3102,2674.197988686361,4965.607098055379,3254.19457936508
2018-05-31 22:00:00,2222,2201.658125,4743.29874182785,2582.1333293650796
2018-05-31 23:00:00,1446,1464.7486338797814,4799.272471134267,1435.7185238095235
2018-06-01 00:00:00,786,840.2307692307693,2648.501832594717,833.2867023809525
2018-06-01 01:00:00,497,520.4200244200244,2722.7132790852565,594.4627142857146
2018-06-01 02:00:00,346,391.66360856269114,2798.0679660044125,376.12597619047614
2018-06-01 03:00:00,395,371.06679035250465,2877.4239944237315,408.44973809523805
2018-06-01 04:00:00,872,696.3011904761905,2966.4975664863027,857.6390833333332
2018-06-01 05:00:00,2965,2071.845731707317,3054.6184381916933,2786.412761904761
2018-06-01 06:00:00,5345,4163.973699940228,3565.360387503689,5150.737972222222
2018-06-01 07:00:00,6658,4748.809753160746,3696.340329077065,6269.391642857145
2018-06-01 08:00:00,5639,4611.336930455635,3480.8989085376966,5632.85363095238
2018-06-01 09:00:00,5132,4385.760351317441,3879.060434916681,5066.884884920635
2018-06-01 10:00:00,4739,4183.411445783133,3881.35273511206,4763.023547619047
2018-06-01 11:00:00,5043,4475.547449967721,3995.958676747101,5108.93654761905
2018-06-01 12:00:00,5387,4725.081841432225,4126.951064525666,5343.681845238095
2018-06-01 13:00:00,5381,4727.435270805812,4322.825062161433,5007.806277777779
2018-06-01 14:00:00,5742,4949.716550412175,4441.622885368074,5337.23569047619
2018-06-01 15:00:00,6352,5246.461338531514,4555.085586574496,5488.170833333333
2018-06-01 16:00:00,6860,5661.568824638592,4582.516729994282,5745.385595238094
2018-06-01 17:00:00,5983,5329.677461139896,4754.0015984862,5201.368119047621
2018-06-01 18:00:00,4926,4277.991792929293,4849.172452834735,4705.27088095238
2018-06-01 19:00:00,3804,3279.4859154929577,4848.975285896253,3860.9822777777777
2018-06-01 20:00:00,3446,2836.232469993683,4927.378613958391,3394.13955952381
2018-06-01 21:00:00,3519,2674.197988686361,4944.889227458299,3252.6453333333325
2018-06-01 22:00:00,2865,2201.658125,4726.77275280237,2864.138464285714
2018-06-01 23:00:00,2218,1464.7486338797814,4787.509983894694,2324.8612857142853
2018-06-02 00:00:00,1601,840.2307692307693,1495.7006734594288,1366.6596428571431
2018-06-02 01:00:00,830,520.4200244200244,1569.7215798785307,819.0051839826841
2018-06-02 03:00:00,446,371.06679035250465,1733.9592987888223,439.78576190476184
2018-06-02 04:00:00,424,696.3011904761905,1410.6041766322671,385.98257936507935
2018-06-02 05:00:00,746,2071.845731707317,2373.2041687455217,922.9044404761905
2018-06-02 06:00:00,1385,4163.973699940228,2456.370998593568,1471.5267857142853
2018-06-02 07:00:00,1928,4748.809753160746,2545.825650799012,2137.3431428571425
2018-06-02 08:00:00,2730,4611.336930455635,2322.381547259318,2727.3629285714283
2018-06-02 09:00:00,3707,4385.760351317441,2441.485178094419,3409.3367857142875
2018-06-02 09:00:00,3707,4385.760351317441,2429.499162104161,3511.9745000000007
2018-06-02 10:00:00,3864,4183.411445783133,2547.3262764433885,3943.3736944444436
2018-06-02 11:00:00,4260,4475.547449967721,2646.689012363522,4345.964984126984
2018-06-02 11:00:00,4260,4475.547449967721,2634.7029963732643,4344.489531746031
2018-06-02 12:00:00,4671,4725.081841432225,2737.6679851404574,4553.010714285713
2018-06-02 12:00:00,4671,4725.081841432225,2716.7838497968723,4577.279738095236
2018-06-02 12:00:00,4671,4725.081841432225,2363.212098329931,4556.80588095238
2018-06-02 13:00:00,4741,4727.435270805812,2832.6482994175562,4534.488214285713
2018-06-02 13:00:00,4741,4727.435270805812,2811.7641640739707,4543.51957142857
2018-06-02 13:00:00,4741,4727.435270805812,2820.6622834272985,4516.46288095238
2018-06-02 14:00:00,4896,4949.716550412175,2929.9150945518904,4597.104595238095
2018-06-02 14:00:00,4896,4949.716550412175,2909.030959208305,4596.550761904761
2018-06-02 14:00:00,4896,4949.716550412175,2917.929078561632,4587.65069047619
2018-06-02 15:00:00,4509,5246.461338531514,3032.517011686442,4584.394595238095
2018-06-02 15:00:00,4509,5246.461338531514,3020.5309956961837,4560.891357142857
2018-06-02 16:00:00,4560,5661.568824638592,3148.8378139644087,4371.123769841271
2018-06-02 16:00:00,4560,5661.568824638592,3127.9536786208237,4363.992603174604
2018-06-02 17:00:00,4221,5329.677461139896,3268.016717313921,4329.673000000001
2018-06-02 17:00:00,4221,5329.677461139896,3247.1325819703357,4283.231166666667
2018-06-02 17:00:00,4221,5329.677461139896,3256.030701323663,4285.914857142857
2018-06-02 18:00:00,4013,4277.991792929293,3266.498216080574,3610.807559523809
2018-06-02 19:00:00,3480,3279.4859154929577,3427.388113086469,3402.6103095238104
2018-06-02 20:00:00,3074,2836.232469993683,3849.354702189805,3092.5125476190483
2018-06-02 21:00:00,2905,2674.197988686361,3635.552869778953,3480.450797619048
2018-06-02 22:00:00,2808,2201.658125,3521.5177408293193,2939.753694444444
2018-06-02 22:00:00,2808,2201.658125,3500.633605485734,2798.1269206349207
2018-06-02 23:00:00,2103,1464.7486338797814,3594.068456350697,2294.3496547619047
2018-06-03 00:00:00,1516,840.2307692307693,1836.1900716117943,1561.0113040293043
2018-06-03 01:00:00,905,520.4200244200244,1571.1444372822548,942.2830000000001
2018-06-03 02:00:00,647,391.66360856269114,2071.406682665252,706.7538095238097
2018-06-03 03:00:00,477,371.06679035250465,2199.5285231670837,358.6358611111113
2018-06-03 04:00:00,419,696.3011904761905,2185.8154573618103,392.6937619047619
2018-06-03 05:00:00,643,2071.845731707317,2281.748471996091,628.6015833333335
2018-06-03 06:00:00,1103,4163.973699940228,2489.8045879985957,990.618380952381
2018-06-03 07:00:00,1519,4748.809753160746,2585.5470625614394,1240.9100952380952
2018-06-03 08:00:00,2380,4611.336930455635,2675.954415124066,1845.9474047619046
2018-06-03 09:00:00,3350,4385.760351317441,2778.5563322586167,2938.3971785714293
2018-06-03 10:00:00,3820,4183.411445783133,2879.824468893114,3325.6973452380957
2018-06-03 11:00:00,4453,4475.547449967721,2980.711525384739,3596.560702380953
2018-06-03 12:00:00,4858,4725.081841432225,3079.5026410905634,3983.6415714285704
2018-06-03 13:00:00,4563,4727.435270805812,3183.438338725169,3727.6657976190477
2018-06-03 14:00:00,4458,4949.716550412175,3254.6135902779147,4421.895904761904
2018-06-03 15:00:00,4554,5246.461338531514,3374.935734056045,4457.141444444444
2018-06-03 16:00:00,4547,5661.568824638592,3416.8479229049926,4305.882345238095
2018-06-03 17:00:00,4262,5329.677461139896,3190.2913830055923,4614.88375
2018-06-03 18:00:00,3972,4277.991792929293,3590.1211334701893,4118.638238095238
2018-06-03 19:00:00,3527,3279.4859154929577,3687.387928604523,3604.067761904761
2018-06-03 20:00:00,3043,2836.232469993683,3770.364218381133,3184.197507936508
2018-06-03 21:00:00,2490,2674.197988686361,3560.822046939839,2599.211806277056
2018-06-03 22:00:00,2051,2201.658125,3617.1227267153618,2329.357476190476
2018-06-03 23:00:00,1166,1464.7486338797814,3667.951874092998,1342.2372499999997
2018-06-04 00:00:00,667,840.2307692307693,2280.2126470364815,695.3894166666668
2018-06-04 01:00:00,377,520.4200244200244,2356.1389541699473,439.51272619047614
2018-06-04 02:00:00,285,391.66360856269114,2451.5003485899174,350.73257142857153
2018-06-04 03:00:00,375,371.06679035250465,2878.11614082964,318.1054206349206
2018-06-04 04:00:00,928,696.3011904761905,2619.7394090003722,843.8124880952381
2018-06-04 05:00:00,3021,2071.845731707317,2705.192719705655,2771.453222222223
2018-06-04 06:00:00,5765,4163.973699940228,2778.0703856961377,5748.831547619047
2018-06-04 07:00:00,6081,4748.809753160746,2924.823469730152,5743.151964285714
2018-06-04 08:00:00,5546,4611.336930455635,3076.0131050809673,5857.672738095237
2018-06-04 09:00:00,5108,4385.760351317441,3219.962217717203,4767.861476190476
2018-06-04 10:00:00,4334,4183.411445783133,3362.958629996257,4292.743678571428
2018-06-04 11:00:00,4489,4475.547449967721,3498.523979489293,4619.843416666667
2018-06-04 12:00:00,4741,4725.081841432225,3901.265960699202,4695.079428571427
2018-06-04 13:00:00,4873,4727.435270805812,4065.7132927531643,4622.922349206349
2018-06-04 14:00:00,5170,4949.716550412175,4176.508432959478,5308.702119047619
2018-06-04 15:00:00,5797,5246.461338531514,3956.811335631786,5097.197833333333
2018-06-04 16:00:00,7024,5661.568824638592,4083.367172093548,5916.2245952380945
2018-06-04 17:00:00,6234,5329.677461139896,4525.851919936253,5649.6530833333345
2018-06-04 18:00:00,4374,4277.991792929293,4615.8781923560055,4287.936880952381
2018-06-04 19:00:00,3279,3279.4859154929577,4707.047705204379,3129.3525476190475
2018-06-04 20:00:00,2941,2836.232469993683,4785.260493195079,2728.7913809523807
2018-06-04 21:00:00,2776,2674.197988686361,4848.039535399438,2569.696742063492
2018-06-04 22:00:00,1871,2201.658125,4877.4740651024385,2116.70073015873
2018-06-04 23:00:00,1115,1464.7486338797814,4615.667611987316,1170.6300595238095
2018-06-05 00:00:00,635,840.2307692307693,2507.6160291636947,674.3664285714287
2018-06-05 01:00:00,399,520.4200244200244,2575.349113225398,400.76996428571425
2018-06-05 02:00:00,297,391.66360856269114,2643.2727373585367,349.8842857142858
2018-06-05 03:00:00,355,371.06679035250465,2718.4368842062568,364.6106547619048
2018-06-05 04:00:00,952,696.3011904761905,2787.8848289108864,838.2753888888888
2018-06-05 05:00:00,3078,2071.845731707317,2860.5719548299344,2957.850357142857
2018-06-05 06:00:00,5970,4163.973699940228,2941.4523038207444,5824.2379880952385
2018-06-05 07:00:00,5972,4748.809753160746,3038.0933490670027,6334.2081428571455
2018-06-05 08:00:00,5645,4611.336930455635,3599.6164232674637,6043.722761904763
2018-06-05 09:00:00,5046,4385.760351317441,3586.0381151158035,4969.887166666667
2018-06-05 10:00:00,4592,4183.411445783133,3661.091830189484,4388.581166666667
2018-06-05 11:00:00,4778,4475.547449967721,3787.8923363964495,4589.97876190476
2018-06-05 12:00:00,5256,4725.081841432225,3910.5009610318157,4893.4415238095235
2018-06-05 13:00:00,5285,4727.435270805812,3747.6411070924228,4864.496067460318
2018-06-05 14:00:00,5340,4949.716550412175,3858.0551671558646,5226.755035714286
2018-06-05 15:00:00,6102,5246.461338531514,3974.5665095052677,5698.1129880952385
2018-06-05 16:00:00,7037,5661.568824638592,4075.8887758135324,6503.127488095238
2018-06-05 17:00:00,6431,5329.677461139896,4174.298811376484,6086.67867857143
2018-06-05 18:00:00,4582,4277.991792929293,4271.375066439382,4643.718035714286
2018-06-05 19:00:00,3510,3279.4859154929577,4697.419238464796,3425.5711031746036
2018-06-05 20:00:00,3012,2836.232469993683,4443.9965484928725,2851.4048333333335
2018-06-05 21:00:00,2754,2674.197988686361,4507.156670840103,2796.6715079365076
2018-06-05 22:00:00,2212,2201.658125,4573.882924870857,2048.322785714285
2018-06-05 23:00:00,1227,1464.7486338797814,4636.144476534674,1279.2956569264068
2018-06-06 00:00:00,663,840.2307692307693,2505.799705353002,688.9311031746032
2018-06-06 01:00:00,415,520.4200244200244,2589.157075272484,418.6602976190477
2018-06-06 02:00:00,318,391.66360856269114,2683.756309406709,309.91323809523817
2018-06-06 03:00:00,362,371.06679035250465,2771.305560897791,365.3383174603174
2018-06-06 04:00:00,934,696.3011904761905,2458.8112228131067,929.6365000000001
2018-06-06 05:00:00,2980,2071.845731707317,2550.5523558757877,2907.2363055555556
2018-06-06 06:00:00,5195,4163.973699940228,2821.530551347366,5633.561943001442
2018-06-06 06:00:00,5195,4163.973699940228,3195.9864381578923,5632.711871572871
2018-06-06 07:00:00,6083,4748.809753160746,3261.2425012909234,6039.31385714286
2018-06-06 07:00:00,6083,4748.809753160746,3240.358365947338,6063.205880952383
2018-06-06 07:00:00,6083,4748.809753160746,2886.7866144803966,6034.337666666668
2018-06-06 08:00:00,5301,4611.336930455635,3244.4807943426695,5918.146190476192
2018-06-06 08:00:00,5301,4611.336930455635,3223.596658999084,5984.465273809525
2018-06-06 09:00:00,5324,4385.760351317441,3431.2088685494928,5026.313539682538
2018-06-06 10:00:00,4621,4183.411445783133,3863.1588138819307,4636.1104484127
2018-06-06 11:00:00,4915,4475.547449967721,3976.812055159789,4854.654706349206
2018-06-06 12:00:00,5098,4725.081841432225,4103.040941152446,4925.908416666667
2018-06-06 13:00:00,4799,4727.435270805812,4182.790495919826,4901.537380952382
2018-06-06 14:00:00,5226,4949.716550412175,4309.209921983918,5084.271932539681
2018-06-06 15:00:00,6264,5246.461338531514,4409.715898332671,5688.435952380952
2018-06-06 16:00:00,6925,5661.568824638592,4107.416964504197,6503.716992063492
2018-06-06 17:00:00,6637,5329.677461139896,4628.066997530881,6076.356297619045
2018-06-06 18:00:00,5055,4277.991792929293,4689.702279624173,4822.055234126983
2018-06-06 19:00:00,3648,3279.4859154929577,4751.81223572782,3522.223571428572
2018-06-06 20:00:00,3157,2836.232469993683,4831.739884361448,3019.5723333333326
2018-06-06 21:00:00,2723,2674.197988686361,4894.518926565806,2867.785928571429
2018-06-06 22:00:00,2224,2201.658125,4618.9935883072685,2137.982021645022
2018-06-06 23:00:00,1303,1464.7486338797814,4685.202351797481,1429.0393492063492
2018-06-07 00:00:00,685,840.2307692307693,2547.998138044101,805.4978333333333
2018-06-07 01:00:00,439,520.4200244200244,2614.9690618200584,454.87221428571434
2018-06-07 02:00:00,328,391.66360856269114,2697.183191310923,351.79730952380953
2018-06-07 03:00:00,380,371.06679035250465,2782.064881801896,387.0222857142858
2018-06-07 04:00:00,977,696.3011904761905,2863.5168510070143,948.8189484126983
2018-06-07 05:00:00,3018,2071.845731707317,2953.3525833553313,3005.400246031746
2018-06-07 06:00:00,5885,4163.973699940228,3024.515388702889,5623.6073214285725
2018-06-07 07:00:00,6097,4748.809753160746,3539.8302997293554,6442.91157142857
2018-06-07 08:00:00,5871,4611.336930455635,3648.720039221306,5956.760666666665
2018-06-07 09:00:00,5136,4385.760351317441,3768.0894826422546,5184.407313492063
2018-06-07 10:00:00,4691,4183.411445783133,3892.412967920549,4577.048249999999
2018-06-07 11:00:00,5168,4475.547449967721,4024.7391361991668,4725.353333333334
2018-06-07 12:00:00,5220,4725.081841432225,4146.585600548788,4978.851726190475
2018-06-07 13:00:00,5094,4727.435270805812,4264.049643255374,5154.086492063491
2018-06-07 14:00:00,5399,4949.716550412175,4372.748842675888,4984.873333333333
2018-06-07 15:00:00,6202,5246.461338531514,4072.9269297760848,5710.761849206349
2018-06-07 16:00:00,6858,5661.568824638592,4178.005867839309,6215.8931309523805
2018-06-07 17:00:00,6286,5329.677461139896,4715.601521018639,6056.036297619047
2018-06-07 18:00:00,4858,4277.991792929293,4301.984298483764,4598.482
2018-06-07 18:00:00,4858,4277.991792929293,4289.998282493507,4586.921571428571
2018-06-07 19:00:00,3715,3279.4859154929577,4433.413099597973,3617.486476190476
2018-06-07 20:00:00,3222,2836.232469993683,4674.040090518403,3237.2889285714296
2018-06-07 21:00:00,2912,2674.197988686361,5045.029659196404,3272.8810873015877
2018-06-07 22:00:00,2215,2201.658125,4354.366382250053,2264.3423650793657
2018-06-07 23:00:00,1398,1464.7486338797814,4793.524720489531,1583.9406839826843
2018-06-08 00:00:00,800,840.2307692307693,2596.2385198283923,856.2162261904762
2018-06-08 01:00:00,480,520.4200244200244,2757.207563227777,563.9834642857143
2018-06-08 01:00:00,480,520.4200244200244,2769.1935792180348,569.5351547619048
2018-06-08 02:00:00,354,391.66360856269114,2762.3816394530477,355.15245238095235
2018-06-08 03:00:00,364,371.06679035250465,2838.3079465865135,399.2621428571429
2018-06-08 04:00:00,884,696.3011904761905,3011.8346261904644,834.4870634920632
2018-06-08 04:00:00,884,696.3011904761905,2999.848610200206,831.7342777777777
2018-06-08 04:00:00,884,696.3011904761905,2637.3787393799375,833.7656825396823
2018-06-08 05:00:00,2793,2071.845731707317,3016.2645506402205,2715.917726190476
2018-06-08 06:00:00,5554,4163.973699940228,3278.871429173789,5139.246186507936
2018-06-08 06:00:00,5554,4163.973699940228,3266.8854131835305,5195.304055555555
2018-06-08 07:00:00,6584,4748.809753160746,3000.1580169261065,6048.04930952381
2018-06-08 07:00:00,6584,4748.809753160746,3374.6139037366333,6032.246523809525
2018-06-08 07:00:00,6584,4748.809753160746,3353.729768393048,6052.057690476191
2018-06-08 08:00:00,5442,4611.336930455635,3511.3100474530984,4987.800666666666
2018-06-08 09:00:00,5011,4385.760351317441,3620.5808670879223,5039.641464285714
2018-06-08 09:00:00,5011,4385.760351317441,3608.594851097664,5020.663511904762
2018-06-08 10:00:00,4681,4183.411445783133,3715.1981097323783,4559.612130952382
2018-06-08 11:00:00,4996,4475.547449967721,4114.941220687034,4877.110226190478
2018-06-08 12:00:00,5415,4725.081841432225,3554.1212717524863,5162.591571428573
2018-06-08 13:00:00,5563,4727.435270805812,4295.958912088911,5188.928358225107
2018-06-08 14:00:00,5936,4949.716550412175,4433.417216091122,5305.095238095236
2018-06-08 15:00:00,6290,5246.461338531514,4527.8259101539115,5677.495678571431
2018-06-08 16:00:00,6727,5661.568824638592,4314.423166396164,5840.027976190476
2018-06-08 17:00:00,5865,5329.677461139896,4430.344880021027,5208.557904761906
2018-06-08 18:00:00,4959,4277.991792929293,4786.675309403618,4765.318976190477
2018-06-08 19:00:00,3792,3279.4859154929577,4884.513724752262,3855.419880952381
2018-06-08 20:00:00,3251,2836.232469993683,4971.110275886162,3252.2168041125556
2018-06-08 21:00:00,3050,2674.197988686361,5046.84604294819,3177.971761904763
2018-06-08 22:00:00,3360,2201.658125,5051.602917867052,2903.5319880952384
2018-06-08 23:00:00,2903,1464.7486338797814,5208.035120715501,2358.3586547619047
2018-06-09 00:00:00,1511,840.2307692307693,1507.8952380313538,1476.7463095238097
2018-06-09 01:00:00,1110,520.4200244200244,1592.7769285223264,849.5958031135533
2018-06-09 02:00:00,866,391.66360856269114,1678.9923995133533,681.3894523809523
2018-06-09 03:00:00,614,371.06679035250465,2182.493826110768,433.6251626984126
2018-06-09 04:00:00,517,696.3011904761905,1863.2368259244597,431.6669126984127
2018-06-09 05:00:00,795,2071.845731707317,1948.690136629742,844.3965476190476
2018-06-09 06:00:00,1398,4163.973699940228,1831.6287670260433,1401.48144047619
2018-06-09 07:00:00,2172,4748.809753160746,1817.7251611493348,1847.6566547619047
2018-06-09 08:00:00,2686,4611.336930455635,2409.954707605619,2518.641484126984
2018-06-09 09:00:00,3367,4385.760351317441,2155.630424501787,3147.1689761904768
2018-06-09 10:00:00,3684,4183.411445783133,2260.899902636447,3387.6652619047613
2018-06-09 10:00:00,3684,4183.411445783133,2635.3557894469736,4082.1386071428574
2018-06-09 10:00:00,3684,4183.411445783133,2614.4716541033886,4011.5498928571424
2018-06-09 11:00:00,4085,4475.547449967721,2724.637910091213,4535.052706349206
2018-06-09 11:00:00,4085,4475.547449967721,2715.739790737886,4539.039206349206
2018-06-09 11:00:00,4085,4475.547449967721,2362.1680392709445,4434.333119047619
2018-06-09 11:00:00,4085,4475.547449967721,2736.6239260814714,4559.798134920635
2018-06-09 12:00:00,4257,4725.081841432225,2421.3392663232007,4528.749317460319
2018-06-09 12:00:00,4257,4725.081841432225,2795.7951531337276,4645.706603174604
2018-06-09 12:00:00,4257,4725.081841432225,2774.9110177901425,4630.998460317461
2018-06-09 12:00:00,4257,4725.081841432225,2783.80913714347,4628.987460317461
2018-06-09 13:00:00,4186,4727.435270805812,2920.106192206832,4719.570130952381
2018-06-09 13:00:00,4186,4727.435270805812,2899.2220568632465,4703.203773809524
2018-06-09 13:00:00,4186,4727.435270805812,2545.650305396305,4728.381440476191
2018-06-09 14:00:00,4196,4949.716550412175,2638.534678887604,4781.467726190476
2018-06-09 14:00:00,4196,4949.716550412175,2992.1064303545454,4765.446726190476
2018-06-09 14:00:00,4196,4949.716550412175,3012.990565698131,4794.45475
2018-06-09 15:00:00,3957,5246.461338531514,3111.0195211182104,4673.787607142856
2018-06-09 15:00:00,3957,5246.461338531514,3090.1353857746253,4658.946035714284
2018-06-09 15:00:00,3957,5246.461338531514,2736.563634307684,4641.545249999999
2018-06-09 16:00:00,3940,5661.568824638592,3210.001176895472,4639.644154761904
2018-06-09 16:00:00,3940,5661.568824638592,3189.1170415518864,4598.425369047618
2018-06-09 16:00:00,3940,5661.568824638592,2835.545290084945,4571.857083333333
2018-06-09 17:00:00,3589,5329.677461139896,3205.0529543762705,4264.04211904762
2018-06-09 17:00:00,3589,5329.677461139896,3184.168819032685,4182.740595238097
2018-06-09 18:00:00,3571,4277.991792929293,3413.8712306645198,3877.5355357142857
2018-06-09 18:00:00,3571,4277.991792929293,3392.9870953209343,3798.3903333333333
2018-06-09 18:00:00,3571,4277.991792929293,3401.8852146742615,3884.21625
2018-06-09 19:00:00,3128,3279.4859154929577,3483.9032417886474,3361.983285714286
2018-06-09 20:00:00,2782,2836.232469993683,3579.4551762800547,3198.642345238095
2018-06-09 21:00:00,2835,2674.197988686361,3957.6852676726357,3068.9843095238107
2018-06-09 22:00:00,2863,2201.658125,4042.185878020735,3155.6323809523815
2018-06-09 23:00:00,1928,1464.7486338797814,3712.4491739054292,2496.4490714285716
2018-06-10 00:00:00,1226,840.2307692307693,1600.7773297245171,2055.415976190476
2018-06-10 01:00:00,777,520.4200244200244,1687.5644209298537,1129.1850714285717
2018-06-10 02:00:00,570,391.66360856269114,1768.0636897777904,752.463238095238
2018-06-10 03:00:00,350,371.06679035250465,2294.9890989566857,363.86378571428577
2018-06-10 04:00:00,293,696.3011904761905,2268.509848365178,349.39605952380947
2018-06-10 05:00:00,427,2071.845731707317,2021.9466009649627,544.9012023809523
2018-06-10 06:00:00,808,4163.973699940228,2103.5891102415185,966.2034603174604
2018-06-10 07:00:00,1012,4748.809753160746,2532.491383338477,1227.5178809523811
2018-06-10 08:00:00,1617,4611.336930455635,2644.048683830536,1782.65755952381
2018-06-10 09:00:00,2417,4385.760351317441,2828.871357322997,2974.9672063492058
2018-06-10 10:00:00,3075,4183.411445783133,2975.0945046112797,3459.313504329003
2018-06-10 11:00:00,3656,4475.547449967721,3048.175156878389,4026.3803095238095
2018-06-10 12:00:00,3993,4725.081841432225,3182.965899880491,4461.822273809525
2018-06-10 13:00:00,3888,4727.435270805812,3281.375935443444,4499.545178571429
2018-06-10 14:00:00,4125,4949.716550412175,3381.8819117921958,4509.2735
2018-06-10 15:00:00,4062,5246.461338531514,3450.0085222019597,4475.667285714288
2018-06-10 16:00:00,3901,5661.568824638592,3565.9482443370543,4338.332015873015
2018-06-10 17:00:00,3584,5329.677461139896,3670.45556218597,4164.808746031746
2018-06-10 18:00:00,3477,4277.991792929293,3772.485859106212,3849.0395000000003
2018-06-10 19:00:00,3010,3279.4859154929577,3862.7026715974025,3139.785261904761
2018-06-10 20:00:00,2979,2836.232469993683,3950.0613830170473,2979.3550952380956
2018-06-10 21:00:00,2353,2674.197988686361,4033.0376727936564,2698.9973214285724
2018-06-10 22:00:00,1834,2201.658125,4120.015304070429,2084.526952380953
2018-06-10 23:00:00,1101,1464.7486338797814,4244.326343143533,1509.4755952380956
2018-06-11 00:00:00,642,840.2307692307693,2875.4505831592146,716.6894880952377
2018-06-11 01:00:00,396,520.4200244200244,2952.1390505784248,455.0866428571429
2018-06-11 02:00:00,291,391.66360856269114,2576.875715595024,329.94759523809523
2018-06-11 03:00:00,310,371.06679035250465,2659.2803851573244,357.5948452380952
2018-06-11 04:00:00,873,696.3011904761905,2735.968852576535,851.9586984126983
2018-06-11 05:00:00,2947,2071.845731707317,3159.5360036732754,2639.8643571428574
2018-06-11 06:00:00,5476,4163.973699940228,3331.783032450939,5147.781940476189
2018-06-11 07:00:00,6336,4748.809753160746,3467.907555953096,5702.4616428571435
2018-06-11 08:00:00,5676,4611.336930455635,3568.604072373284,5149.565714285713
2018-06-11 09:00:00,4588,4385.760351317441,3675.5884111508713,4362.200682539683
2018-06-11 10:00:00,4270,4183.411445783133,3117.8171033593057,4200.189642857144
2018-06-11 11:00:00,4435,4475.547449967721,3214.7028183507673,4262.507944444445
2018-06-11 12:00:00,4763,4725.081841432225,3276.1605262602598,4737.184357142858
2018-06-11 12:00:00,4763,4725.081841432225,3650.6164130707866,4745.774988095239
2018-06-11 13:00:00,4658,4727.435270805812,3799.697661430614,4671.212154761905
2018-06-11 14:00:00,4923,4949.716550412175,3917.923864422945,4930.243367965369
2018-06-11 15:00:00,5691,5246.461338531514,4008.5217570570076,5342.9636587301575
2018-06-11 16:00:00,6556,5661.568824638592,4100.643970262561,6076.795166666667
2018-06-11 17:00:00,5922,5329.677461139896,4192.575643396678,5962.674476190476
2018-06-11 18:00:00,4512,4277.991792929293,4268.311410458707,4399.093107142856
2018-06-11 18:00:00,4512,4277.991792929293,4247.427275115121,4366.586583333333
2018-06-11 18:00:00,4512,4277.991792929293,3893.8555236481798,4359.15744047619
2018-06-11 19:00:00,3078,3279.4859154929577,4359.862003449951,3116.915880952381
2018-06-11 19:00:00,3078,3279.4859154929577,4347.875987459693,3137.599809523809
2018-06-11 20:00:00,2611,2836.232469993683,4421.319711359443,2670.094190476191
2018-06-11 21:00:00,2240,2674.197988686361,4562.588816790381,2403.70775
2018-06-11 22:00:00,1861,2201.658125,4531.3640729231965,2039.4132063492061
2018-06-11 23:00:00,1109,1464.7486338797814,4990.0820515205305,1702.2207900432902
2018-06-12 00:00:00,621,840.2307692307693,2791.2354091243633,747.275404761905
2018-06-12 01:00:00,396,520.4200244200244,2990.3361417693613,423.5008095238096
2018-06-12 02:00:00,314,391.66360856269114,2964.8095915350364,312.76614285714294
2018-06-12 03:00:00,362,371.06679035250465,2759.02845063474,349.1312619047619
2018-06-12 03:00:00,362,371.06679035250465,2396.558579814471,348.7665952380952
2018-06-12 04:00:00,912,696.3011904761905,2842.1952804827856,824.2524047619048
2018-06-12 05:00:00,3013,2071.845731707317,3047.641099489362,2884.4210079365084
2018-06-12 06:00:00,5905,4163.973699940228,3142.049793552151,5726.1974126984105
2018-06-12 07:00:00,6283,4748.809753160746,3043.257870317424,6371.314523809523
2018-06-12 08:00:00,5656,4611.336930455635,3236.0832268102113,5742.615821428573
2018-06-12 09:00:00,4948,4385.760351317441,3461.859569456295,4984.362261904764
2018-06-12 10:00:00,4574,4183.411445783133,3571.320929162555,4539.911880952381
2018-06-12 11:00:00,4531,4475.547449967721,3993.4905045425157,4692.038285714286
2018-06-12 12:00:00,4911,4725.081841432225,4096.092421677067,4842.837892857144
2018-06-12 13:00:00,4777,4727.435270805812,4193.168676739966,4844.567738095239
2018-06-12 14:00:00,5185,4949.716550412175,4305.297597446333,5093.982793650793
2018-06-12 15:00:00,6092,5246.461338531514,4295.585873141224,5639.459892857143
2018-06-12 16:00:00,6777,5661.568824638592,4399.52157077583,6466.941142857142
2018-06-12 17:00:00,6366,5329.677461139896,4577.294261625148,6120.298916666665
2018-06-12 18:00:00,4701,4277.991792929293,4675.513757116663,4672.092428571427
2018-06-12 19:00:00,3235,3279.4859154929577,4463.045705205865,3448.0484285714283
2018-06-12 20:00:00,2975,2836.232469993683,4545.6409148396015,2924.6158333333324
2018-06-12 21:00:00,2990,2674.197988686361,4911.676441660256,3018.5869126984126
2018-06-12 22:00:00,2332,2201.658125,4991.223010151012,2236.267928571429
2018-06-12 23:00:00,1250,1464.7486338797814,5063.719595998623,1344.4433809523812
2018-06-13 00:00:00,684,840.2307692307693,2506.9429457816204,688.8911031746032
2018-06-13 01:00:00,439,520.4200244200244,2567.626047200178,429.9343690476189
2018-06-13 02:00:00,328,391.66360856269114,2637.264531976244,338.5877857142857
2018-06-13 03:00:00,387,371.06679035250465,2712.6192188954,360.52095238095245
2018-06-13 04:00:00,922,696.3011904761905,2783.972564314394,886.5475119047614
2018-06-13 05:00:00,3022,2071.845731707317,2873.0461363769664,2985.4270238095232
2018-06-13 06:00:00,5767,4163.973699940228,2955.0697257963934,5910.855571428571
2018-06-13 07:00:00,6127,4748.809753160746,3079.529621472357,6392.940833333332
2018-06-13 08:00:00,5664,4611.336930455635,3215.857131251139,5942.975567099568
2018-06-13 09:00:00,5157,4385.760351317441,3357.5197630301386,5152.387928571428
2018-06-13 10:00:00,4579,4183.411445783133,3478.2771166249076,4592.52213095238
2018-06-13 11:00:00,4687,4475.547449967721,3618.551838230086,4753.510960317461
2018-06-13 12:00:00,5110,4725.081841432225,4108.1433199302,5058.953198412699
2018-06-13 13:00:00,4998,4727.435270805812,3832.193565316155,4766.538246031746
2018-06-13 14:00:00,5227,4949.716550412175,3930.794140950543,5186.639019841269
2018-06-13 15:00:00,6188,5246.461338531514,4037.969019799567,5765.472476190476
2018-06-13 16:00:00,6781,5661.568824638592,4134.854734791028,6518.429682539681
2018-06-13 17:00:00,5644,5329.677461139896,4566.234028816659,6079.220476190476
2018-06-13 18:00:00,4617,4277.991792929293,4660.452182808012,4799.6244166666675
2018-06-13 19:00:00,3560,3279.4859154929577,4741.332531798822,3567.9833015873023
2018-06-13 20:00:00,3277,2836.232469993683,4482.193639683809,3082.9964761904757
2018-06-13 21:00:00,2777,2674.197988686361,4952.731633922738,2887.4038690476195
2018-06-13 22:00:00,2123,2201.658125,4593.651758806237,2299.687378787879
2018-06-13 23:00:00,1283,1464.7486338797814,4624.174195745086,1583.239619047619
2018-06-14 00:00:00,724,840.2307692307693,2538.090054329412,786.6795238095239
2018-06-14 01:00:00,424,520.4200244200244,2673.834466596198,457.8542936507937
2018-06-14 02:00:00,308,391.66360856269114,3139.8109764183428,331.961984126984
2018-06-14 03:00:00,368,371.06679035250465,3164.0029386237115,379.37732936507945
2018-06-14 04:00:00,928,696.3011904761905,3251.933270257665,867.2255238095237
2018-06-14 05:00:00,3013,2071.845731707317,2950.2486090195803,2949.7616666666663
2018-06-14 06:00:00,5824,4163.973699940228,3072.150406561972,5830.155642857142
2018-06-14 07:00:00,6438,4748.809753160746,3516.8675055881454,6307.6849523809515
2018-06-14 08:00:00,5778,4611.336930455635,3734.8441515105283,5711.495150793652
2018-06-14 09:00:00,4983,4385.760351317441,3852.4987342885493,4921.5040119047635
2018-06-14 10:00:00,4510,4183.411445783133,3967.295215995026,4464.925071428571
2018-06-14 11:00:00,4810,4475.547449967721,4081.9011576300663,4666.798976190476
2018-06-14 12:00:00,5062,4725.081841432225,4196.697639336543,5105.122753968253
2018-06-14 13:00:00,5018,4727.435270805812,3897.447346651051,5207.795777777778
2018-06-14 14:00:00,5434,4949.716550412175,4004.431685428637,5353.360845238095
2018-06-14 15:00:00,6192,5246.461338531514,4112.940344777715,5803.361349206348
2018-06-14 16:00:00,6890,5661.568824638592,4626.349855089818,6322.158738095238
2018-06-14 17:00:00,6049,5329.677461139896,4722.092329652663,6071.5632460317465
2018-06-14 18:00:00,4819,4277.991792929293,4396.166426966083,4852.783142857143
2018-06-14 19:00:00,3709,3279.4859154929577,4055.0910781659486,3804.1956904761905
2018-06-14 20:00:00,3274,2836.232469993683,4963.590136196473,3264.0772857142874
2018-06-14 21:00:00,2922,2674.197988686361,4587.877941672242,3235.8369761904755
2018-06-14 22:00:00,2284,2201.658125,4839.05241591963,2374.6393253968254
2018-06-14 23:00:00,1388,1464.7486338797814,5123.438806596684,1584.7374523809524
2018-06-15 00:00:00,830,840.2307692307693,2662.0301776666975,822.8045357142857
2018-06-15 01:00:00,500,520.4200244200244,2741.7672862288896,522.6579761904765
2018-06-15 02:00:00,358,391.66360856269114,2826.6489767198623,381.93569047619036
2018-06-15 03:00:00,384,371.06679035250465,2915.7225487824335,417.7680198412699
2018-06-15 04:00:00,866,696.3011904761905,3005.7488212021867,859.6881904761902
2018-06-15 05:00:00,2843,2071.845731707317,3107.207497908121,2759.9024761904766
2018-06-15 06:00:00,5432,4163.973699940228,3195.89998982782,5490.979785714287
2018-06-15 07:00:00,6361,4748.809753160746,3306.88567010557,6286.950214285713
2018-06-15 08:00:00,5671,4611.336930455635,3838.20594713269,5524.9641865079375
2018-06-15 09:00:00,4977,4385.760351317441,3550.3880587333756,5213.94311904762
2018-06-15 10:00:00,4801,4183.411445783133,4094.283980475293,4866.77888095238
2018-06-15 11:00:00,5025,4475.547449967721,4220.893946610822,5118.091785714287
2018-06-15 12:00:00,5396,4725.081841432225,3923.7395947111286,5279.061833333333
2018-06-15 13:00:00,5168,4727.435270805812,3810.310932669909,5333.227166666667
2018-06-15 14:00:00,5614,4949.716550412175,3758.2430104056607,5401.7040595238095
2018-06-15 15:00:00,5993,5246.461338531514,3847.6976626111054,5668.051309523809
2018-06-15 16:00:00,6333,5661.568824638592,4500.753347750664,5881.290916666666
2018-06-15 16:00:00,6333,5661.568824638592,4126.297460940137,5883.042916666666
2018-06-15 17:00:00,5165,5329.677461139896,4185.087607849522,5372.211075396829
2018-06-15 18:00:00,4369,4277.991792929293,4280.06792212662,4654.828154761904
2018-06-15 19:00:00,3688,3279.4859154929577,4743.216300856846,3709.8537023809513
2018-06-15 19:00:00,3688,3279.4859154929577,4368.760414046319,3694.566488095237
2018-06-15 20:00:00,3123,2836.232469993683,4437.255658393768,3246.077964285714
2018-06-15 21:00:00,3118,2674.197988686361,5080.283109952134,3176.5687857142857
2018-06-15 22:00:00,2778,2201.658125,5246.242316372398,2688.119547619048
2018-06-15 23:00:00,2666,1464.7486338797814,4912.885350899802,2314.7137142857146
2018-06-16 00:00:00,1386,840.2307692307693,1637.6530266794953,1472.2293055555556
2018-06-16 01:00:00,825,520.4200244200244,1730.9184803136666,897.1340714285715
2018-06-16 02:00:00,587,391.66360856269114,1822.6596133763476,706.2694047619048
2018-06-16 03:00:00,391,371.06679035250465,1914.5912865104647,442.7130595238096
2018-06-16 04:00:00,402,696.3011904761905,1964.3582706643822,505.3168095238095
2018-06-16 05:00:00,772,2071.845731707317,2089.499249421191,762.144833333333
2018-06-16 06:00:00,1196,4163.973699940228,2182.574162983926,1445.8308412698411
2018-06-16 07:00:00,1651,4748.809753160746,2062.27361216581,2257.319523809524
2018-06-16 07:00:00,1651,4748.809753160746,2415.8453636327513,2239.950380952381
2018-06-16 08:00:00,2329,4611.336930455635,2140.486400156511,2928.576944444445
2018-06-16 08:00:00,2329,4611.336930455635,2514.9422869670375,2901.221111111112
2018-06-16 08:00:00,2329,4611.336930455635,2502.9562709767797,2928.576944444445
2018-06-16 09:00:00,3017,4385.760351317441,2199.264100860706,3624.482047619047
2018-06-16 09:00:00,3017,4385.760351317441,2573.719987671233,3672.281095238095
2018-06-16 09:00:00,3017,4385.760351317441,2552.8358523276474,3626.1209523809525
2018-06-16 10:00:00,3514,4183.411445783133,2120.8475190644785,3463.4064999999996
2018-06-16 10:00:00,3514,4183.411445783133,2474.41927053142,4090.2996428571428
2018-06-16 10:00:00,3514,4183.411445783133,2495.303405875005,4144.666166666667
2018-06-16 11:00:00,3907,4475.547449967721,2750.723891367759,4665.558345238095
2018-06-16 11:00:00,3907,4475.547449967721,2729.8397560241733,4633.781750000001
2018-06-16 11:00:00,3907,4475.547449967721,2376.268004557232,4476.315773809525
2018-06-16 12:00:00,4494,4725.081841432225,2832.0605930158526,4748.008607142858
2018-06-16 12:00:00,4494,4725.081841432225,2852.944728359438,4766.94425
2018-06-16 13:00:00,4834,4727.435270805812,2958.5952866369703,4142.924392857143
2018-06-16 13:00:00,4834,4727.435270805812,2937.7111512933852,4316.188107142857
2018-06-16 14:00:00,4900,4949.716550412175,3064.8174651288123,4884.708392857143
2018-06-16 14:00:00,4900,4949.716550412175,3052.8314491385545,4929.268821428571
2018-06-16 15:00:00,4363,5246.461338531514,2998.852563854901,4471.327809523809
2018-06-16 16:00:00,4495,5661.568824638592,3588.914516077181,4428.149202380952
2018-06-16 17:00:00,4053,5329.677461139896,3302.239868106485,4111.535083333333
2018-06-16 18:00:00,3987,4277.991792929293,3411.891767884181,4207.900559523811
2018-06-16 19:00:00,3223,3279.4859154929577,3508.9680229470787,3457.8694722222217
2018-06-16 20:00:00,2928,2836.232469993683,4014.9464704731654,3141.3419166666677
2018-06-16 21:00:00,2887,2674.197988686361,3254.489225280845,3218.901999999999
2018-06-16 22:00:00,2606,2201.658125,4169.085565597332,2844.1872380952386
2018-06-16 23:00:00,2047,1464.7486338797814,3803.29946329802,2425.74180952381
2018-06-17 00:00:00,1332,840.2307692307693,1703.4230950359297,1535.6679642857146
2018-06-17 01:00:00,866,520.4200244200244,1798.022329170155,909.2342658730158
2018-06-17 02:00:00,659,391.66360856269114,1930.9754508558538,720.5453095238096
2018-06-17 03:00:00,413,371.06679035250465,2057.0023194793885,453.67209523809527
2018-06-17 04:00:00,393,696.3011904761905,2107.090449411923,286.2579007936507
2018-06-17 04:00:00,393,696.3011904761905,2127.9745847555087,295.43673412698405
2018-06-17 04:00:00,393,696.3011904761905,1753.5186979449818,303.23923412698406
2018-06-17 05:00:00,552,2071.845731707317,2198.184689745884,586.5756666666666
2018-06-17 06:00:00,885,4163.973699940228,2175.5759325619124,872.5892142857144
2018-06-17 06:00:00,885,4163.973699940228,2187.5619485521706,875.7157142857144
2018-06-17 07:00:00,1185,4748.809753160746,2099.5180029995645,1085.322841991342
2018-06-17 08:00:00,1724,4611.336930455635,2001.732909795786,1876.1634285714288
2018-06-17 08:00:00,1724,4611.336930455635,2376.1887966063127,1869.5305119047619
2018-06-17 09:00:00,2723,4385.760351317441,2580.7735078543856,2139.5611190476193
2018-06-17 10:00:00,3488,4183.411445783133,2665.6666756430445,3064.316571428572
2018-06-17 11:00:00,3790,4475.547449967721,3117.8148374552347,3573.5471666666663
2018-06-17 12:00:00,4260,4725.081841432225,3315.4036957339304,4342.563785714286
2018-06-17 13:00:00,4365,4727.435270805812,3455.3390206648146,4375.60538095238
2018-06-17 14:00:00,4192,4949.716550412175,3521.941310503088,4424.181833333333
2018-06-17 15:00:00,4234,5246.461338531514,3330.8137465931586,4427.286214285715
2018-06-17 16:00:00,4404,5661.568824638592,3440.0845662279826,4484.641738095238
2018-06-17 16:00:00,4404,5661.568824638592,3065.6286794174557,4484.641738095238
2018-06-17 17:00:00,4175,5329.677461139896,3073.6247355507357,4494.910095238096
2018-06-17 17:00:00,4175,5329.677461139896,3448.0806223612626,4494.910095238096
2018-06-17 18:00:00,3843,4277.991792929293,3201.8570078266057,4038.994928571429
2018-06-17 18:00:00,3843,4277.991792929293,3576.3128946371326,4012.1019523809523
2018-06-17 19:00:00,3613,3279.4859154929577,3632.041954198347,3267.1082380952384
2018-06-17 20:00:00,3185,2836.232469993683,3330.8448135211765,3068.4351706349207
2018-06-17 20:00:00,3185,2836.232469993683,3705.3007003317034,3075.580170634921
2018-06-17 21:00:00,2568,2674.197988686361,3409.819761797623,2778.4945714285714
2018-06-17 21:00:00,2568,2674.197988686361,3784.27564860815,2806.556571428571
2018-06-17 22:00:00,2045,2201.658125,3896.582663180766,2315.3185714285714
2018-06-17 23:00:00,1218,1464.7486338797814,3762.9940450571876,1581.7820595238095
2018-06-17 23:00:00,1218,1464.7486338797814,3774.980061047446,1610.3910595238094
2018-06-18 00:00:00,627,840.2307692307693,2607.2534716872015,715.3598333333332
2018-06-18 00:00:00,627,840.2307692307693,2586.3693363436164,708.3426666666667
2018-06-18 01:00:00,367,520.4200244200244,2214.8926374998027,423.79488852813853
2018-06-18 01:00:00,367,520.4200244200244,2589.3485243103296,429.83172186147186
2018-06-18 01:00:00,367,520.4200244200244,2577.3625083200714,423.38655519480517
2018-06-18 01:00:00,367,520.4200244200244,2568.464388966744,436.58163095238086
2018-06-18 02:00:00,272,391.66360856269114,2409.0393282874566,333.9984761904761
2018-06-18 02:00:00,272,391.66360856269114,2783.495215097983,324.0788333333333
2018-06-18 02:00:00,272,391.66360856269114,2762.611079754398,329.5146666666666
2018-06-18 03:00:00,365,371.06679035250465,2501.923701778754,332.9262619047619
2018-06-18 03:00:00,365,371.06679035250465,2855.4954532456954,333.04542857142854
2018-06-18 03:00:00,365,371.06679035250465,2876.379588589281,331.49645238095235
2018-06-18 04:00:00,802,696.3011904761905,2967.9301815805256,852.2302380952381
2018-06-18 05:00:00,2891,2071.845731707317,3017.955485203838,2864.6300952380966
2018-06-18 05:00:00,2891,2071.845731707317,3005.96946921358,2863.2382619047635
2018-06-18 06:00:00,5541,4163.973699940228,3140.1705834911436,5401.07738095238
2018-06-18 06:00:00,5541,4163.973699940228,3128.1845675008854,5422.963380952379
2018-06-18 07:00:00,6386,4748.809753160746,3220.4793122676438,6238.658190476192
2018-06-18 07:00:00,6386,4748.809753160746,3208.4932962773855,6178.827500000001
2018-06-18 08:00:00,5765,4611.336930455635,3294.708767268413,5648.642841269841
2018-06-18 09:00:00,4767,4385.760351317441,3384.6017636209103,4666.449261904762
2018-06-18 09:00:00,4767,4385.760351317441,3405.485898964496,4710.623309523809
2018-06-18 10:00:00,4161,4183.411445783133,3499.8945930272853,4180.454500000001
2018-06-18 10:00:00,4161,4183.411445783133,3479.0104576836998,4164.538666666667
2018-06-18 10:00:00,4161,4183.411445783133,3487.908577037027,4159.275166666667
2018-06-18 11:00:00,4435,4475.547449967721,3589.99613796145,4271.447031746033
2018-06-18 11:00:00,4435,4475.547449967721,3610.8802733050356,4320.3144603174605
2018-06-18 12:00:00,4829,4725.081841432225,3716.9119117254413,4630.488630952381
2018-06-18 12:00:00,4829,4725.081841432225,3696.027776381856,4632.914297619048
2018-06-18 13:00:00,4743,4727.435270805812,3781.4182607779144,4711.781623015873
2018-06-18 13:00:00,4743,4727.435270805812,3760.5341254343293,4721.6000753968265
2018-06-18 13:00:00,4743,4727.435270805812,3769.4322447876566,4649.386932539683
2018-06-18 14:00:00,4935,4949.716550412175,3907.9005131512304,4952.864451298702
2018-06-18 14:00:00,4935,4949.716550412175,3928.7846484948154,4937.934296536797
2018-06-18 15:00:00,5558,5246.461338531514,4327.402527531084,5280.4699999999975
2018-06-18 16:00:00,6757,5661.568824638592,4393.242657083611,5915.62819047619
2018-06-18 17:00:00,6306,5329.677461139896,4503.466177075617,5180.448023809527
2018-06-18 18:00:00,4352,4277.991792929293,4519.845996352096,4346.092630952381
2018-06-18 19:00:00,3248,3279.4859154929577,4402.364885585441,3195.473293650794
2018-06-18 20:00:00,2762,2836.232469993683,4813.164882988445,2744.134107142858
2018-06-18 21:00:00,2460,2674.197988686361,4896.331712836492,2530.4595238095235
2018-06-18 22:00:00,1710,2201.658125,4950.358357959967,1870.2026666666666
2018-06-18 23:00:00,1012,1464.7486338797814,4775.604793988375,1026.5888809523808
2018-06-19 00:00:00,592,840.2307692307693,2652.500545521282,656.9408253968254
2018-06-19 01:00:00,373,520.4200244200244,2725.3782115117665,428.991630952381
2018-06-19 02:00:00,269,391.66360856269114,2695.850319777279,313.11650000000003
2018-06-19 03:00:00,369,371.06679035250465,2780.160390053942,372.9086666666667
2018-06-19 04:00:00,893,696.3011904761905,2978.1358907805525,900.352761904762
2018-06-19 04:00:00,893,696.3011904761905,2990.1219067708107,905.7004285714285
2018-06-19 05:00:00,3038,2071.845731707317,3068.5252348329477,2850.5244206349203
2018-06-19 05:00:00,3038,2071.845731707317,3047.641099489362,2884.4210079365084
2018-06-19 05:00:00,3038,2071.845731707317,3056.5392188426895,2884.9105317460326
2018-06-19 06:00:00,5483,4163.973699940228,3138.372268190681,5521.59196031746
2018-06-19 06:00:00,5483,4163.973699940228,3150.3582841809393,5559.10126984127
2018-06-19 06:00:00,5483,4163.973699940228,3129.474148837354,5538.574496031744
2018-06-19 07:00:00,5506,4748.809753160746,3223.8255788959623,6085.980416666665
2018-06-19 07:00:00,5506,4748.809753160746,3235.8115948862205,6136.097583333334
2018-06-19 08:00:00,4851,4611.336930455635,3325.0757070202294,5548.918206349207
2018-06-19 08:00:00,4851,4611.336930455635,3304.191571676644,5537.323539682542
2018-06-19 09:00:00,4792,4385.760351317441,3420.818181583073,5044.191364718614
2018-06-19 09:00:00,4792,4385.760351317441,3399.9340462394875,5044.432888528138
2018-06-19 09:00:00,4792,4385.760351317441,3408.832165592815,5064.2168647186145
2018-06-19 10:00:00,4244,4183.411445783133,3517.5133565030983,4398.382206349206
2018-06-19 10:00:00,4244,4183.411445783133,3496.629221159513,4423.872206349206
2018-06-19 10:00:00,4244,4183.411445783133,3505.52734051284,4384.911515873015
2018-06-19 11:00:00,4346,4475.547449967721,3597.6495537183932,4678.402880952381
2018-06-19 11:00:00,4346,4475.547449967721,4031.739840611269,4693.6029761904765
2018-06-19 11:00:00,4346,4475.547449967721,3609.6355697086515,4692.710999999999
2018-06-19 11:00:00,4346,4475.547449967721,3588.751434365066,4685.646547619048
2018-06-19 12:00:00,4585,4725.081841432225,3698.518601699787,4879.768849206349
2018-06-19 12:00:00,4585,4725.081841432225,3677.6344663562013,4899.915682539682
2018-06-19 12:00:00,4585,4725.081841432225,3686.5325857095286,4830.661849206351
2018-06-19 13:00:00,4728,4727.435270805812,3794.4516163340672,4910.219944444445
2018-06-19 13:00:00,4728,4727.435270805812,3773.567480990482,4922.319563492064
2018-06-19 14:00:00,5109,4949.716550412175,3897.6251536829277,5177.93911904762
2018-06-19 14:00:00,5109,4949.716550412175,3876.741018339342,5228.166952380953
2018-06-19 14:00:00,5109,4949.716550412175,3885.6391376926695,5212.184452380953
2018-06-19 15:00:00,5852,5246.461338531514,4000.417610888915,5737.528761904762
2018-06-19 15:00:00,5852,5246.461338531514,3988.4315948986573,5735.130095238095
2018-06-19 15:00:00,5852,5246.461338531514,3979.53347554533,5723.295095238096
2018-06-19 15:00:00,5852,5246.461338531514,4422.521881791533,5737.836357142859
2018-06-19 16:00:00,6821,5661.568824638592,4109.688430523739,6578.881011904762
2018-06-19 16:00:00,6821,5661.568824638592,4088.8042951801535,6609.670964285715
2018-06-19 17:00:00,6085,5329.677461139896,4208.4975547397935,6218.394638888891
2018-06-19 18:00:00,4546,4277.991792929293,4310.700383221243,4521.528156926407
2018-06-19 18:00:00,4546,4277.991792929293,4289.816247877658,4389.4669523809525
2018-06-19 18:00:00,4546,4277.991792929293,4298.714367230985,4546.8991450216445
2018-06-19 19:00:00,3263,3279.4859154929577,4369.681070202063,3318.217416666667
2018-06-19 19:00:00,3263,3279.4859154929577,4348.7969348584775,3309.085321428572
2018-06-19 19:00:00,3263,3279.4859154929577,4357.695054211805,3309.085321428572
2018-06-19 20:00:00,2804,2836.232469993683,4494.182649346603,2761.5739166666663
2018-06-19 20:00:00,2804,2836.232469993683,4482.196633356345,2762.813321428571
2018-06-19 21:00:00,2454,2674.197988686361,4581.731900837685,2536.144611111111
2018-06-19 21:00:00,2454,2674.197988686361,4569.745884847427,2540.596634920635
2018-06-19 22:00:00,1796,2201.658125,4657.295136338508,1985.4309880952383
2018-06-19 22:00:00,1796,2201.658125,4669.281152328766,2045.170547619048
2018-06-19 23:00:00,1190,1464.7486338797814,4747.702488901134,1219.2529484126985
2018-06-19 23:00:00,1190,1464.7486338797814,4759.688504891392,1206.7793650793653
2018-06-20 00:00:00,663,840.2307692307693,2628.9806620770787,649.1044047619049
2018-06-20 01:00:00,406,520.4200244200244,2723.389356139868,421.58054761904765
2018-06-20 01:00:00,406,520.4200244200244,2735.3753721301264,437.19949999999994
2018-06-20 02:00:00,301,391.66360856269114,2829.0219059071696,320.0206428571429
2018-06-20 03:00:00,385,371.06679035250465,2887.812052816554,369.5671904761905
2018-06-20 04:00:00,935,696.3011904761905,2991.429496617509,870.9571666666665
2018-06-20 05:00:00,3134,2071.845731707317,2981.08888809391,3024.8935158730164
2018-06-20 06:00:00,5769,4163.973699940228,3199.7972395866186,5721.738055555555
2018-06-20 07:00:00,6295,4748.809753160746,3239.227571723908,6027.505436507938
2018-06-20 07:00:00,6295,4748.809753160746,3260.111707067493,5959.131436507938
2018-06-20 08:00:00,5540,4611.336930455635,3347.736231072986,5806.504547619049
2018-06-20 09:00:00,4890,4385.760351317441,3802.094632320499,5020.609142857142
2018-06-20 10:00:00,4544,4183.411445783133,3926.4181175987924,4489.65830952381
2018-06-20 11:00:00,4675,4475.547449967721,4011.312254294954,4898.0816904761905
2018-06-20 12:00:00,4824,4725.081841432225,4127.4425165014845,4954.3184404761905
2018-06-20 13:00:00,4941,4727.435270805812,4150.300698206799,4926.712023809524
2018-06-20 14:00:00,5161,4949.716550412175,4470.929224343415,5068.904202380952
2018-06-20 15:00:00,5864,5246.461338531514,4448.776612977119,5613.397107142859
2018-06-20 16:00:00,6811,5661.568824638592,4578.613314121877,6583.153142857143
2018-06-20 17:00:00,6439,5329.677461139896,4677.594969899139,6111.60280952381
2018-06-20 18:00:00,4622,4277.991792929293,4768.192862533201,4656.1630476190485
2018-06-20 19:00:00,3418,3279.4859154929577,4852.312392738429,3536.5300634920636
2018-06-20 20:00:00,3024,2836.232469993683,4934.14544208642,3061.63555952381
2018-06-20 21:00:00,2758,2674.197988686361,4981.312644638188,2935.921475108225
2018-06-20 22:00:00,1956,2201.658125,5057.048411700216,2456.6291269841267
2018-06-20 23:00:00,1209,1464.7486338797814,4725.977927084857,1447.108095238095
2018-06-21 00:00:00,634,840.2307692307693,2593.9182952602573,749.8623809523809
2018-06-21 01:00:00,462,520.4200244200244,2638.7312375568295,490.38633333333337
2018-06-21 02:00:00,348,391.66360856269114,2719.2305064047673,357.50298809523804
2018-06-21 03:00:00,426,371.06679035250465,2805.8270575386664,452.5661865079365
2018-06-21 04:00:00,938,696.3011904761905,2891.470908315385,946.5171428571427
2018-06-21 05:00:00,3112,2071.845731707317,2971.7796370918854,2875.9926507936507
2018-06-21 06:00:00,5778,4163.973699940228,3049.611344939714,5758.521285714283
2018-06-21 07:00:00,6557,4748.809753160746,3145.353819502557,6332.985345238096
2018-06-21 07:00:00,6557,4748.809753160746,3133.367803512299,6292.982047619048
2018-06-21 08:00:00,5490,4611.336930455635,3706.0726007236426,5833.031357142859
2018-06-21 09:00:00,4982,4385.760351317441,3523.9004201712205,4960.994718253965
2018-06-21 10:00:00,4951,4183.411445783133,3512.663406387117,4685.299166666667
2018-06-21 11:00:00,5167,4475.547449967721,4048.175564985836,4678.588785714284
2018-06-21 12:00:00,5083,4725.081841432225,3744.9239308001797,5136.642464285715
2018-06-21 13:00:00,4942,4727.435270805812,4272.242866327137,5195.334992063492
2018-06-21 14:00:00,5025,4949.716550412175,3956.7966675695543,5415.427595238097
2018-06-21 15:00:00,5768,5246.461338531514,4399.227285738492,5299.909944444445
2018-06-21 16:00:00,6511,5661.568824638592,4499.161641872935,6194.829023809522
2018-06-21 17:00:00,5997,5329.677461139896,4718.07854194731,6032.178964285713
2018-06-21 18:00:00,4592,4277.991792929293,4768.866005856369,4592.110404761905
2018-06-21 19:00:00,3823,3279.4859154929577,4993.554890491659,3535.207571428571
2018-06-21 20:00:00,3385,2836.232469993683,4536.967717089707,3253.875726190476
2018-06-21 21:00:00,3446,2674.197988686361,5018.17595532907,3188.03953968254
2018-06-21 22:00:00,2583,2201.658125,5079.81175710481,2371.9303571428572
2018-06-21 23:00:00,1455,1464.7486338797814,4742.45345013205,1491.2171190476188
2018-06-22 00:00:00,805,840.2307692307693,2613.4424594504326,835.5045714285715
2018-06-22 01:00:00,471,520.4200244200244,2692.7984878697516,504.29509523809526
2018-06-22 02:00:00,364,391.66360856269114,2775.2031574320517,399.58402380952384
2018-06-22 03:00:00,384,371.06679035250465,2855.892966351426,405.7619848484848
2018-06-22 04:00:00,876,696.3011904761905,2941.155736985271,869.0620238095233
2018-06-22 05:00:00,3056,2071.845731707317,3024.132026761881,2771.003428571428
2018-06-22 06:00:00,5460,4163.973699940228,3113.3961388958887,5336.195371572872
2018-06-22 07:00:00,6222,4748.809753160746,3212.9494148874596,5857.955452380952
2018-06-22 08:00:00,5604,4611.336930455635,3321.2675341651,5397.920388528139
2018-06-22 09:00:00,5053,4385.760351317441,3446.543719800575,4965.443015873014
2018-06-22 10:00:00,4765,4183.411445783133,3992.726122399729,4608.489928571431
2018-06-22 11:00:00,5128,4475.547449967721,3696.3339307857796,4874.668904761906
2018-06-22 12:00:00,5225,4725.081841432225,3815.8939142781646,4817.782261904763
2018-06-22 13:00:00,5104,4727.435270805812,4307.962416906951,5050.441797619049
2018-06-22 14:00:00,5351,4949.716550412175,4043.9625571196275,4964.126928571428
2018-06-22 15:00:00,5843,5246.461338531514,4157.4252583260495,5723.71205952381
2018-06-22 16:00:00,6010,5661.568824638592,4260.789335746347,6143.096253968254
2018-06-22 17:00:00,5120,5329.677461139896,4766.577243200998,5424.566357142858
2018-06-22 18:00:00,4676,4277.991792929293,4865.558898978259,4770.777916666666
2018-06-22 19:00:00,3976,3279.4859154929577,4957.300032040939,3855.454833333334
2018-06-22 20:00:00,3535,2836.232469993683,5035.893900174514,3257.9008769841275
2018-06-22 21:00:00,3473,2674.197988686361,5087.621618235565,3195.204928571429
2018-06-22 22:00:00,3529,2201.658125,4735.782265833644,2514.083452380953
2018-06-22 23:00:00,3654,1464.7486338797814,4788.843764394749,2300.1246190476186
2018-06-23 00:00:00,1540,840.2307692307693,1505.2276770312455,1416.179642857143
2018-06-23 01:00:00,872,520.4200244200244,1509.5308566262904,826.7472673160175
2018-06-23 02:00:00,629,391.66360856269114,1593.0787666172089,708.7095277777777
2018-06-23 03:00:00,407,371.06679035250465,1672.4347950365286,454.844
2018-06-23 04:00:00,513,696.3011904761905,1757.5070255989376,447.3401984126985
2018-06-23 05:00:00,966,2071.845731707317,1844.8657370185824,936.3820000000003
2018-06-23 05:00:00,966,2071.845731707317,2287.8541432647853,890.0548333333335
2018-06-23 05:00:00,966,2071.845731707317,1958.7217362341792,881.4896190476192
2018-06-23 06:00:00,1495,4163.973699940228,2132.230378633685,1453.2247857142852
2018-06-23 06:00:00,1495,4163.973699940228,2246.0863778492817,1426.178555555555
2018-06-23 06:00:00,1495,4163.973699940228,2575.218784879888,1454.272785714285
2018-06-23 07:00:00,2474,4748.809753160746,2043.2101287159776,1998.152166666666
2018-06-23 07:00:00,2474,4748.809753160746,2157.066127931574,1993.4823809523807
2018-06-23 08:00:00,3353,4611.336930455635,2183.7295200663584,2233.4062619047622
2018-06-23 09:00:00,4065,4385.760351317441,2390.1558368120704,3523.5119047619046
2018-06-23 10:00:00,4318,4183.411445783133,2906.994548727579,3719.3489999999997
2018-06-23 11:00:00,4621,4475.547449967721,2656.5230340122357,4308.755916666667
2018-06-23 12:00:00,5018,4725.081841432225,3098.572572038301,4547.741333333335
2018-06-23 13:00:00,4560,4727.435270805812,2869.9200913531004,4278.683238095239
2018-06-23 14:00:00,4620,4949.716550412175,2968.3301269160534,4244.666035714286
2018-06-23 15:00:00,4417,5246.461338531514,3070.169883764859,4232.318773809525
2018-06-23 16:00:00,4372,5661.568824638592,3173.533961185156,4121.748357142858
2018-06-23 17:00:00,4510,5329.677461139896,3607.961896353768,4239.136694444444
2018-06-23 18:00:00,3945,4277.991792929293,3776.398123702704,3919.2521753246747
2018-06-23 19:00:00,3660,3279.4859154929577,3855.563612050588,3226.318023809525
2018-06-23 20:00:00,3362,2836.232469993683,3968.8233269803854,3124.805595238096
2018-06-23 21:00:00,3504,2674.197988686361,4006.2729858889,3152.3230000000003
2018-06-23 22:00:00,3572,2201.658125,3649.8606717725074,2880.1384761904774
2018-06-23 23:00:00,2484,1464.7486338797814,4057.422456868597,1870.6776071428578
2018-06-24 00:00:00,1515,840.2307692307693,1920.0277030437796,1387.0051056166055
2018-06-24 01:00:00,1016,520.4200244200244,1660.8888109287664,1043.0463809523812
2018-06-24 02:00:00,684,391.66360856269114,1745.7705014197393,777.9932261904764
2018-06-24 03:00:00,409,371.06679035250465,1770.2709285870365,441.1872222222221
2018-06-24 04:00:00,373,696.3011904761905,1858.20126022099,397.1731666666666
2018-06-24 05:00:00,614,2071.845731707317,1942.5113304976542,557.4439642857143
2018-06-24 06:00:00,1091,4163.973699940228,2030.632202203045,959.1969047619049
2018-06-24 07:00:00,1499,4748.809753160746,2246.5184983388835,1317.6315
2018-06-24 07:00:00,1499,4748.809753160746,2575.65090536949,1310.8525
2018-06-24 07:00:00,1499,4748.809753160746,2132.662499123287,1341.7502222222224
2018-06-24 08:00:00,2362,4611.336930455635,2711.4067949339633,2021.6038452380951
2018-06-24 09:00:00,3560,4385.760351317441,2493.1430835039037,2813.4020476190476
2018-06-24 10:00:00,4187,4183.411445783133,2527.0887105160614,3633.496341269841
2018-06-24 11:00:00,4186,4475.547449967721,2803.414474193045,3856.815547619047
2018-06-24 12:00:00,4302,4725.081841432225,2911.732593470687,4311.52910966811
2018-06-24 12:00:00,4302,4725.081841432225,2899.7465774804286,4309.679109668111
2018-06-24 13:00:00,4235,4727.435270805812,3016.4304513910383,4283.987899350648
2018-06-24 13:00:00,4235,4727.435270805812,3004.44443540078,4293.496232683981
2018-06-24 14:00:00,4317,4949.716550412175,3116.555347596917,4295.651309523809
2018-06-24 15:00:00,4313,5246.461338531514,3046.0050384033448,4221.203373015873
2018-06-24 16:00:00,4256,5661.568824638592,3206.395930375875,4504.6457420634915
2018-06-24 17:00:00,4118,5329.677461139896,3432.363782000898,4178.389535714286
2018-06-24 18:00:00,4022,4277.991792929293,3820.120876965295,3557.176511904762
2018-06-24 19:00:00,3438,3279.4859154929577,3901.382306098977,3381.7365357142858
2018-06-24 20:00:00,3187,2836.232469993683,4014.6420210287743,2819.573432539683
2018-06-24 21:00:00,2556,2674.197988686361,4085.042666090586,2514.699380952381
2018-06-24 22:00:00,1962,2201.658125,4122.301784927665,2060.569928571429
2018-06-24 23:00:00,1209,1464.7486338797814,3832.7575585877375,1361.2368452380956
2018-06-25 00:00:00,652,840.2307692307693,2754.3720984334814,910.8248571428571
2018-06-25 01:00:00,422,520.4200244200244,2500.3777882472496,448.6173809523809
2018-06-25 02:00:00,331,391.66360856269114,2579.5432765951323,363.3111428571429
2018-06-25 03:00:00,406,371.06679035250465,2658.708764943015,358.1698452380952
2018-06-25 04:00:00,902,696.3011904761905,2747.9728770770234,844.2869761904761
2018-06-25 05:00:00,2982,2071.845731707317,2837.2369892110314,2838.8194841269847
2018-06-25 06:00:00,5588,4163.973699940228,2981.174624549581,5286.627192640693
2018-06-25 07:00:00,6146,4748.809753160746,3000.276134499935,6129.813500000001
2018-06-25 08:00:00,5383,4611.336930455635,3115.263156277849,5447.220666666666
2018-06-25 08:00:00,5383,4611.336930455635,2740.807269467322,5315.707666666666
2018-06-25 09:00:00,4654,4385.760351317441,3428.1601674654194,4361.756166666667
2018-06-25 09:00:00,4654,4385.760351317441,3053.7042806548925,4345.4275
2018-06-25 10:00:00,4310,4183.411445783133,3513.2448442330174,3763.936111111112
2018-06-25 11:00:00,4530,4475.547449967721,3456.9850403971705,4568.942269841271
2018-06-25 12:00:00,4748,4725.081841432225,4027.611905332943,3979.885476190478
2018-06-25 13:00:00,4673,4727.435270805812,4156.127272182836,4722.676940476191
2018-06-25 14:00:00,4877,4949.716550412175,4261.015670174624,5123.123119047619
2018-06-25 15:00:00,5605,5246.461338531514,3954.1437746316774,5070.647499999999
2018-06-25 16:00:00,6232,5661.568824638592,4462.599243086437,5442.957079365077
2018-06-25 17:00:00,5772,5329.677461139896,4549.386334291772,4912.98261904762
2018-06-25 18:00:00,4086,4277.991792929293,4647.415289711852,4053.0384166666663
2018-06-25 19:00:00,3288,3279.4859154929577,4725.437537631116,3382.3712976190477
2018-06-25 20:00:00,2944,2836.232469993683,4802.126005050328,2790.107071428572
2018-06-25 21:00:00,2559,2674.197988686361,5010.428443542093,2480.6147499999997
2018-06-25 22:00:00,1974,2201.658125,4541.646705568215,1922.5254166666675
2018-06-25 23:00:00,1136,1464.7486338797814,4584.554247150424,1136.5309761904762
2018-06-25 23:00:00,1136,1464.7486338797814,4572.568231160166,1132.3512142857146
2018-06-26 00:00:00,624,840.2307692307693,2454.0189358973157,670.8172142857143
2018-06-26 00:00:00,624,840.2307692307693,2442.032919907058,665.675880952381
2018-06-26 01:00:00,417,520.4200244200244,2633.2618176443557,423.64905952380946
2018-06-26 02:00:00,297,391.66360856269114,2447.8080396927007,321.06138095238094
2018-06-26 02:00:00,297,391.66360856269114,2822.2639265032276,307.5078571428571
2018-06-26 02:00:00,297,391.66360856269114,2801.379791159642,314.36221428571434
2018-06-26 03:00:00,353,371.06679035250465,2863.9682932925652,342.42150000000004
2018-06-26 03:00:00,353,371.06679035250465,2884.8524286361508,347.1553333333333
2018-06-26 03:00:00,353,371.06679035250465,2872.8664126458925,342.56566666666674
2018-06-26 03:00:00,353,371.06679035250465,2510.396541825624,342.1293333333334
2018-06-26 04:00:00,887,696.3011904761905,2964.017916984033,860.0656666666666
2018-06-26 04:00:00,887,696.3011904761905,2943.1337816404475,859.3045714285713
2018-06-26 04:00:00,887,696.3011904761905,2589.562030173506,859.8674285714286
2018-06-26 05:00:00,2973,2071.845731707317,3049.471227689314,2817.3740000000016
2018-06-26 05:00:00,2973,2071.845731707317,3028.5870923457287,2840.4552777777785
2018-06-26 06:00:00,5381,4163.973699940228,3141.4029008234315,5659.67410966811
2018-06-26 06:00:00,5381,4163.973699940228,3120.518765479846,5651.883716810966
2018-06-26 07:00:00,6350,4748.809753160746,3232.76295374324,6038.486964285715
2018-06-26 07:00:00,6350,4748.809753160746,3211.8788183996544,6026.902107142856
2018-06-26 08:00:00,5756,4611.336930455635,3330.0297488775736,5631.699373015875
2018-06-26 09:00:00,4872,4385.760351317441,3428.4397844405257,4939.992126623375
2018-06-26 10:00:00,4452,4183.411445783133,3540.3781650754577,4392.858285714285
2018-06-26 11:00:00,4713,4475.547449967721,3644.5044027814997,4651.25607142857
2018-06-26 12:00:00,5083,4725.081841432225,4048.457403817985,4824.729035714286
2018-06-26 13:00:00,4849,4727.435270805812,3817.7099512544883,4902.554928571428
2018-06-26 14:00:00,4905,4949.716550412175,3940.5146782663323,5326.762809523811
2018-06-26 14:00:00,4905,4949.716550412175,3952.5006942565906,5325.210214285716
2018-06-26 15:00:00,5875,5246.461338531514,4045.1945276764536,5701.457821428572
2018-06-26 16:00:00,6765,5661.568824638592,4150.273465739678,6514.543142857143
2018-06-26 16:00:00,6765,5661.568824638592,4138.2874497494195,6539.243190476192
2018-06-26 17:00:00,6054,5329.677461139896,4188.751097519785,6143.1843611111135
2018-06-26 18:00:00,4473,4277.991792929293,4321.064819593215,4332.3669285714295
2018-06-26 19:00:00,3316,3279.4859154929577,4436.929269213899,3119.588214285714
2018-06-26 20:00:00,2910,2836.232469993683,4467.785298136553,2829.108595238095
2018-06-26 20:00:00,2910,2836.232469993683,4476.68341748988,2810.5272619047623
2018-06-26 21:00:00,2674,2674.197988686361,4901.374831597506,2643.1337063492056
2018-06-26 22:00:00,2083,2201.658125,4574.515205971478,2095.90992063492
2018-06-26 23:00:00,1161,1464.7486338797814,4659.073080323758,1438.322071428571
2018-06-27 00:00:00,678,840.2307692307693,2535.587751713794,747.2596984126985
2018-06-27 01:00:00,411,520.4200244200244,2734.879024430228,439.9789285714285
2018-06-27 02:00:00,313,391.66360856269114,3141.2337738809742,360.24464285714276
2018-06-27 03:00:00,414,371.06679035250465,2916.074809698353,399.91160714285724
2018-06-27 04:00:00,898,696.3011904761905,3010.483503761142,951.797857142857
2018-06-27 05:00:00,3151,2071.845731707317,3067.749330099036,2954.7026031746027
2018-06-27 06:00:00,5883,4163.973699940228,3192.4414493150134,5696.738710317458
2018-06-27 07:00:00,6414,4748.809753160746,3291.0420249494014,6096.451380952381
2018-06-27 08:00:00,5717,4611.336930455635,3396.3115030840618,5755.663249999999
2018-06-27 09:00:00,5134,4385.760351317441,3496.055319147069,4942.640166666668
2018-06-27 10:00:00,4614,4183.411445783133,3568.183271056996,4466.554214285714
2018-06-27 11:00:00,4964,4475.547449967721,3993.0204074370668,4814.812424603175
2018-06-27 12:00:00,5102,4725.081841432225,4104.196627786253,4966.668928571429
2018-06-27 13:00:00,4901,4727.435270805812,4217.468788921239,4952.00686904762
2018-06-27 14:00:00,5036,4949.716550412175,4357.02303370925,5157.694369047618
2018-06-27 15:00:00,5867,5246.461338531514,4434.105027476522,5639.48188095238
2018-06-27 16:00:00,6666,5661.568824638592,4543.947467325654,6579.855261904762
2018-06-27 17:00:00,6095,5329.677461139896,4647.121004674515,6100.646119047621
2018-06-27 18:00:00,4563,4277.991792929293,4742.863479237358,4770.788249999999
2018-06-27 19:00:00,3497,3279.4859154929577,4425.892959908286,3487.0390714285713
2018-06-27 20:00:00,3126,2836.232469993683,4513.632751470804,2867.521198412699
2018-06-27 21:00:00,3116,2674.197988686361,4591.845539461504,2897.3824404761895
2018-06-27 22:00:00,2292,2201.658125,4644.852908348843,2233.7419047619046
2018-06-27 23:00:00,1339,1464.7486338797814,4708.448240512714,1835.1036363636358
2018-06-28 00:00:00,778,840.2307692307693,2516.3884255073112,835.1036190476192
2018-06-28 01:00:00,457,520.4200244200244,2603.9376769983924,483.9593333333333
2018-06-28 02:00:00,309,391.66360856269114,2684.8180259892015,389.8617738095238
2018-06-28 03:00:00,365,371.06679035250465,2769.8902565516114,412.1833928571429
2018-06-28 04:00:00,921,696.3011904761905,2849.24628497093,946.7190952380951
2018-06-28 05:00:00,3121,2071.845731707317,2932.794194961849,2967.9229999999993
2018-06-28 05:00:00,3121,2071.845731707317,3046.6501941774454,3000.0798809523803
2018-06-28 06:00:00,5691,4163.973699940228,3464.665633199187,5723.911976190472
2018-06-28 06:00:00,5691,4163.973699940228,3021.677226952984,5749.225880952377
2018-06-28 07:00:00,6264,4748.809753160746,3182.8989102109704,6230.695273809522
2018-06-28 08:00:00,5683,4611.336930455635,3345.377046333844,5266.346940476191
2018-06-28 09:00:00,4983,4385.760351317441,3485.13427739848,5188.236857142858
2018-06-28 10:00:00,4678,4183.411445783133,3627.5049397894586,4740.265523809524
2018-06-28 11:00:00,4866,4475.547449967721,3736.639349026612,5085.134507936507
2018-06-28 12:00:00,5109,4725.081841432225,3831.6196633037107,5087.249714285715
2018-06-28 13:00:00,5011,4727.435270805812,4290.8178077590455,4962.1080714285745
2018-06-28 14:00:00,5300,4949.716550412175,4473.163460322834,5147.4202435064935
2018-06-28 15:00:00,5945,5246.461338531514,4493.163540956603,5455.564920634921
2018-06-28 16:00:00,6568,5661.568824638592,4664.457869377085,6329.166464285716
2018-06-28 17:00:00,5930,5329.677461139896,4351.488691548177,5845.926944444447
2018-06-28 18:00:00,4668,4277.991792929293,4785.154466431043,4550.33361904762
2018-06-28 19:00:00,3794,3279.4859154929577,4545.069581459663,3650.8773650793655
2018-06-28 20:00:00,3127,2836.232469993683,4958.919188913151,3324.198880952381
2018-06-28 21:00:00,2908,2674.197988686361,4694.635714869358,3213.405952380952
2018-06-28 22:00:00,2190,2201.658125,5106.389381537046,2351.0601904761907
2018-06-28 23:00:00,1475,1464.7486338797814,4844.201848279052,1474.618238095238
2018-06-29 00:00:00,841,840.2307692307693,2722.2408402405777,1180.1092619047618
2018-06-29 01:00:00,510,520.4200244200244,2806.550910517242,518.6939761904763
2018-06-29 02:00:00,385,391.66360856269114,2894.8623222940687,408.3407857142858
2018-06-29 03:00:00,453,371.06679035250465,2981.077793285095,425.93484523809525
2018-06-29 04:00:00,984,696.3011904761905,3071.2946057762847,865.4875714285714
2018-06-29 05:00:00,2909,2071.845731707317,3167.0370803391297,2835.3303571428573
2018-06-29 06:00:00,5427,4163.973699940228,3260.8741541876093,5553.260952380954
2018-06-29 07:00:00,6051,4748.809753160746,3362.713911036415,6301.496714285716
2018-06-29 08:00:00,5204,4611.336930455635,3892.70040756348,5625.677615079367
2018-06-29 09:00:00,4842,4385.760351317441,4024.073875484917,5169.937523809525
2018-06-29 10:00:00,4626,4183.411445783133,3736.6370672284766,4761.90975
2018-06-29 11:00:00,5114,4475.547449967721,4276.341107398795,5078.963714285714
2018-06-29 12:00:00,5222,4725.081841432225,3985.8556579993724,4954.226976190476
2018-06-29 13:00:00,5236,4727.435270805812,4103.319700705959,4888.949571428571
2018-06-29 14:00:00,5319,4949.716550412175,4225.737785269888,5349.898726190475
2018-06-29 15:00:00,5903,5246.461338531514,4334.246444618966,5788.142476190477
2018-06-29 16:00:00,5902,5661.568824638592,4779.535163859449,5869.864940476189
2018-06-29 17:00:00,5314,5329.677461139896,4869.942516422075,5218.10211111111
2018-06-29 18:00:00,4798,4277.991792929293,4960.349868984701,4626.126357142857
2018-06-29 19:00:00,3705,3279.4859154929577,5032.084294546567,3850.602277777777
2018-06-29 20:00:00,3340,2836.232469993683,5179.561114037508,3220.185702380953
2018-06-29 21:00:00,3247,2674.197988686361,4838.201465564584,3281.2239999999997
2018-06-29 22:00:00,2781,2201.658125,4912.222371983687,2718.5359642857143
2018-06-29 23:00:00,2465,1464.7486338797814,4996.532442260351,2251.1652142857147
2018-06-30 00:00:00,1423,840.2307692307693,1714.8217556112097,1474.3703055555557
2018-06-30 01:00:00,869,520.4200244200244,1803.704787602345,897.1340714285715
2018-06-30 02:00:00,617,391.66360856269114,1478.4442647314274,655.9590833333333
2018-06-30 03:00:00,429,371.06679035250465,1656.5439060498502,467.9524166666669
2018-06-30 03:00:00,429,371.06679035250465,2030.999792860377,463.53408333333357
2018-06-30 04:00:00,429,696.3011904761905,2017.7094906665552,505.3168095238095
2018-06-30 05:00:00,822,2071.845731707317,2141.3261488518733,762.144833333333
2018-06-30 06:00:00,1489,4163.973699940228,2228.1132400572087,1445.8308412698411
2018-06-30 07:00:00,2048,4748.809753160746,2733.5200673689874,2308.8433095238092
2018-06-30 08:00:00,2840,4611.336930455635,2408.165784896716,2787.8155000000006
2018-06-30 09:00:00,3627,4385.760351317441,2916.4307132800395,2831.5611666666664
2018-06-30 10:00:00,3922,4183.411445783133,2940.051055271099,4030.2463412698417
2018-06-30 11:00:00,4253,4475.547449967721,3120.8723872633973,4554.410726190476
2018-06-30 12:00:00,4776,4725.081841432225,3236.621569327056,4740.7733333333335
2018-06-30 13:00:00,4675,4727.435270805812,3350.46535067635,4692.198666666667
2018-06-30 14:00:00,4533,4949.716550412175,3450.780786953666,4590.920880952381
2018-06-30 15:00:00,4425,5246.461338531514,3549.0002824451817,4554.205214285714
2018-06-30 16:00:00,4707,5661.568824638592,3662.6410775178524,4574.938142857143
2018-06-30 17:00:00,4469,5329.677461139896,3075.7171387965273,4325.291011904763
2018-06-30 18:00:00,3871,4277.991792929293,3532.7682352407905,3626.038583333333
2018-06-30 19:00:00,3247,3279.4859154929577,3914.999668133534,3541.1346666666673
2018-06-30 20:00:00,2936,2836.232469993683,3994.165156481417,3150.1667380952395
2018-06-30 21:00:00,2700,2674.197988686361,4080.9522476867533,3171.670714285715
2018-06-30 22:00:00,2760,2201.658125,4122.212708023995,2847.5639047619056
2018-06-30 23:00:00,2017,1464.7486338797814,4120.6817605854585,2289.4317023809535
2018-07-01 00:00:00,1314,840.2307692307693,1645.5161667978646,1403.3088690476195
2018-07-01 01:00:00,848,520.4200244200244,1730.3978572888373,848.0105436507936
2018-07-01 02:00:00,703,391.66360856269114,1770.6378378709383,632.1082142857141
2018-07-01 03:00:00,419,371.06679035250465,1842.9618921573444,387.0135476190476
2018-07-01 03:00:00,419,371.06679035250465,1854.9479081476024,389.10071428571433
2018-07-01 04:00:00,372,696.3011904761905,2033.0475494660259,253.75886904761904
2018-07-01 04:00:00,372,696.3011904761905,2021.0615334757676,260.01903571428574
2018-07-01 05:00:00,529,2071.845731707317,2192.7189335288913,572.6792976190476
2018-07-01 05:00:00,529,2071.845731707317,2180.732917538633,572.1944642857142
2018-07-01 06:00:00,979,4163.973699940228,2283.8884463772624,754.632626984127
2018-07-01 06:00:00,979,4163.973699940228,2263.004311033677,779.7612103174604
2018-07-01 07:00:00,1237,4748.809753160746,2406.865704950312,1100.1570952380953
2018-07-01 08:00:00,1682,4611.336930455635,2502.4176394417195,1818.968345238095
2018-07-01 08:00:00,1682,4611.336930455635,2490.4316234514613,1814.1199274891778
2018-07-01 09:00:00,2495,4385.760351317441,2593.2060721472185,2662.108440476191
2018-07-01 09:00:00,2495,4385.760351317441,2572.3219368036334,2682.0616071428576
2018-07-01 09:00:00,2495,4385.760351317441,2581.2200561569607,2740.580511904762
2018-07-01 10:00:00,2924,4183.411445783133,2684.5661250670273,3393.886599567099
2018-07-01 10:00:00,2924,4183.411445783133,2663.681989723442,3415.1939329004326
2018-07-01 11:00:00,3323,4475.547449967721,2766.5897144864543,3795.2619166666673
2018-07-01 11:00:00,3323,4475.547449967721,2745.705579142869,3754.057488095239
2018-07-01 11:00:00,3323,4475.547449967721,2754.603698496196,3762.6844880952394
2018-07-01 12:00:00,3696,4725.081841432225,2840.8011609769924,4420.134928571428
2018-07-01 12:00:00,3696,4725.081841432225,2819.9170256334073,4438.936309523809
2018-07-01 12:00:00,3696,4725.081841432225,2933.773024849004,4412.225571428571
2018-07-01 13:00:00,4084,4727.435270805812,2910.820725895932,4419.498428571428
2018-07-01 13:00:00,4084,4727.435270805812,2889.9365905523464,4414.078357142858
2018-07-01 14:00:00,4187,4949.716550412175,3034.5725909599164,4454.021857142856
2018-07-01 15:00:00,4365,5246.461338531514,3113.941065584424,4462.574904761904
2018-07-01 16:00:00,4380,5661.568824638592,3526.646463701791,4306.324309523809
2018-07-01 17:00:00,4049,5329.677461139896,3618.197056693036,4188.200452380952
2018-07-01 18:00:00,3680,4277.991792929293,3726.8962561135504,3923.3376428571423
2018-07-01 19:00:00,3404,3279.4859154929577,3727.4736956660026,3310.421567099566
2018-07-01 20:00:00,3018,2836.232469993683,3501.815726450017,3103.4987976190478
2018-07-01 21:00:00,2640,2674.197988686361,3573.7406920833187,2707.924297619047
2018-07-01 22:00:00,2152,2201.658125,3626.230570430115,2151.793761904761
2018-07-01 23:00:00,3078,1464.7486338797814,4066.5263033019864,1589.6794999999997
2018-07-02 00:00:00,1043,840.2307692307693,2331.2393064672287,818.950476190476
2018-07-02 01:00:00,523,520.4200244200244,2432.507443101725,484.5784761904763
2018-07-02 02:00:00,425,391.66360856269114,2529.7742382360602,342.73095238095243
2018-07-02 03:00:00,398,371.06679035250465,2633.5193957992296,381.70514285714285
2018-07-02 04:00:00,896,696.3011904761905,2732.5010515764898,830.3078095238093
2018-07-02 05:00:00,2931,2071.845731707317,2823.861104496299,2769.1097936507936
2018-07-02 06:00:00,5305,4163.973699940228,2915.4116974875424,5385.098605339106
2018-07-02 07:00:00,5936,4748.809753160746,3040.443213377814,5666.317269841268
2018-07-02 08:00:00,4859,4611.336930455635,3161.3911070440204,4947.543392857141
2018-07-02 09:00:00,4473,4385.760351317441,3580.2748646522505,4204.50444047619
2018-07-02 10:00:00,4172,4183.411445783133,3405.846196029008,4293.918142857143
2018-07-02 11:00:00,4498,4475.547449967721,3538.5534444504997,4453.215809523809
2018-07-02 12:00:00,4617,4725.081841432225,3657.2971379833725,4720.0830595238085
2018-07-02 13:00:00,4667,4727.435270805812,4096.161624468787,4726.805666666668
2018-07-02 14:00:00,4728,4949.716550412175,4205.241904032174,5026.517396825396
2018-07-02 15:00:00,5115,5246.461338531514,3978.685364132774,5486.4559285714295
2018-07-02 16:00:00,5853,5661.568824638592,4418.829501444476,5930.939369047617
2018-07-02 17:00:00,5241,5329.677461139896,4518.192237364608,5695.421809523811
2018-07-02 18:00:00,3922,4277.991792929293,4563.521701294222,4267.760968253969
2018-07-02 19:00:00,3183,3279.4859154929577,4689.479938918046,3096.760880952381
2018-07-02 20:00:00,2792,2836.232469993683,4763.500845337148,2674.1767857142854
2018-07-02 21:00:00,2552,2674.197988686361,4825.327187184324,2544.3849087301583
2018-07-02 22:00:00,2118,2201.658125,4608.667253701927,1960.538833333333
2018-07-02 23:00:00,1461,1464.7486338797814,4981.943303237163,1435.025619047619
2018-07-03 00:00:00,722,840.2307692307693,2523.011695235848,661.2397142857143
2018-07-03 01:00:00,455,520.4200244200244,2602.1771835837308,471.2234004329004
2018-07-03 02:00:00,340,391.66360856269114,2266.0558766409413,338.2903214285715
2018-07-03 03:00:00,391,371.06679035250465,2773.2743450657304,354.8040238095238
2018-07-03 04:00:00,863,696.3011904761905,2811.6089249334673,852.6499880952381
2018-07-03 04:00:00,863,696.3011904761905,2437.1530381229404,843.2236190476192
2018-07-03 05:00:00,2836,2071.845731707317,2898.9676363531125,2877.105587301587
2018-07-03 06:00:00,5264,4163.973699940228,2981.753386058286,5548.285892857146
2018-07-03 07:00:00,5737,4748.809753160746,3281.8842124596235,6367.918904761905
2018-07-03 07:00:00,5737,4748.809753160746,2907.4283256490967,6406.979976190475
2018-07-03 08:00:00,5017,4611.336930455635,3170.1896940409915,5241.059971861471
2018-07-03 08:00:00,5017,4611.336930455635,3158.2036780507333,5250.900305194805
2018-07-03 09:00:00,4373,4385.760351317441,3462.50837751344,5022.279833333333
2018-07-03 10:00:00,4099,4183.411445783133,3355.9584410235893,4601.609023809524
2018-07-03 11:00:00,4415,4475.547449967721,3462.1806195154313,4777.666833333334
2018-07-03 12:00:00,4775,4725.081841432225,3768.7898083456034,4960.505761904762
2018-07-03 13:00:00,4799,4727.435270805812,3882.252509552026,5047.6722023809525
2018-07-03 14:00:00,4968,4949.716550412175,3995.715210758448,5212.6070714285715
2018-07-03 14:00:00,4968,4949.716550412175,3983.72919476819,5241.014904761905
2018-07-03 15:00:00,5526,5246.461338531514,4092.9820058927817,5392.524142857143
2018-07-03 15:00:00,5526,5246.461338531514,4080.995989902524,5373.018976190478
2018-07-03 16:00:00,6135,5661.568824638592,4218.639271671131,6603.53802380952
2018-07-03 17:00:00,5092,5329.677461139896,4610.410154340878,6220.713595238098
2018-07-03 18:00:00,4313,4277.991792929293,4648.130461618226,4073.557547619047
2018-07-03 19:00:00,3308,3279.4859154929577,4742.729695752452,3100.1197499999994
2018-07-03 20:00:00,3055,2836.232469993683,4492.546186994947,3080.933714285715
2018-07-03 21:00:00,2700,2674.197988686361,4893.439069590764,2831.779416666666
2018-07-03 22:00:00,2176,2201.658125,5036.152387295796,2246.8256666666666
2018-07-03 23:00:00,1741,1464.7486338797814,4709.654864394907,1501.1889902597402
2018-07-04 00:00:00,1021,840.2307692307693,2517.2139692466326,703.073880952381
2018-07-04 01:00:00,605,520.4200244200244,2674.6714876332067,443.84538095238065
2018-07-04 02:00:00,573,391.66360856269114,2762.7923593385963,307.7310158730159
2018-07-04 03:00:00,353,371.06679035250465,3227.613631751988,363.4144642857143
2018-07-04 04:00:00,354,696.3011904761905,2952.752987892793,896.6829285714286
2018-07-04 05:00:00,698,2071.845731707317,3044.494120955474,2905.3602976190487
2018-07-04 06:00:00,1141,4163.973699940228,3138.902815018263,5404.916976190476
2018-07-04 07:00:00,1128,4748.809753160746,3237.312850581216,5833.5208650793675
2018-07-04 08:00:00,1275,4611.336930455635,3354.776893287801,5460.053404761904
2018-07-04 09:00:00,1687,4385.760351317441,3632.7497382097536,4894.456279220778
2018-07-04 10:00:00,1920,4183.411445783133,3330.218817032529,4521.818964285715
2018-07-04 10:00:00,1920,4183.411445783133,3704.674703843056,4524.1468214285715
2018-07-04 10:00:00,1920,4183.411445783133,3683.7905684994703,4521.818964285715
2018-07-04 11:00:00,2603,4475.547449967721,3241.0518829384687,4897.064154761904
2018-07-04 11:00:00,2603,4475.547449967721,3615.5077697489955,4899.710440476191
2018-07-04 12:00:00,2761,4725.081841432225,3823.5638857515005,4939.055309523808
2018-07-04 13:00:00,2929,4727.435270805812,3797.0961124576797,4796.087023809524
2018-07-04 14:00:00,3318,4949.716550412175,3555.7971852112287,5610.462166666668
2018-07-04 15:00:00,3070,5246.461338531514,4157.854707084805,5570.736357142857
2018-07-04 15:00:00,3070,5246.461338531514,3783.3988202742785,5533.309119047619
2018-07-04 16:00:00,3224,5661.568824638592,3829.8038625403005,6399.535
2018-07-04 16:00:00,3224,5661.568824638592,4204.259749350827,6445.103595238093
2018-07-04 17:00:00,3045,5329.677461139896,3752.203570703584,6086.103547619049
2018-07-04 17:00:00,3045,5329.677461139896,4126.659457514111,6031.331833333334
2018-07-04 18:00:00,2664,4277.991792929293,4721.294371450862,4689.416726190478
2018-07-04 19:00:00,2596,3279.4859154929577,4835.900313085903,3597.7292380952367
2018-07-04 20:00:00,2503,2836.232469993683,4501.400107184688,2836.0472023809534
2018-07-04 21:00:00,2582,2674.197988686361,4579.61289517539,2884.350523809524
2018-07-04 22:00:00,2030,2201.658125,4976.504436271044,2339.577305555556
2018-07-04 23:00:00,1936,1464.7486338797814,4658.318061332408,1358.065261904762
2018-07-05 00:00:00,971,840.2307692307693,2983.156260968865,769.4516388888893
2018-07-05 00:00:00,971,840.2307692307693,2540.167854722662,792.3355912698414
2018-07-05 01:00:00,476,520.4200244200244,2800.297712327558,473.66242857142856
2018-07-05 02:00:00,317,391.66360856269114,2813.0572702467466,350.92171428571413
2018-07-05 03:00:00,338,371.06679035250465,2816.1534141964494,381.86132142857144
2018-07-05 04:00:00,754,696.3011904761905,2911.5148086164204,888.8295357142857
2018-07-05 05:00:00,2412,2071.845731707317,3003.4464817505377,2915.269960317461
2018-07-05 06:00:00,4500,4163.973699940228,3100.3321967419993,5706.458452380953
2018-07-05 07:00:00,4966,4748.809753160746,3253.7883736284098,5838.982031746032
2018-07-05 08:00:00,4440,4611.336930455635,3691.4554900114404,5501.462626984128
2018-07-05 09:00:00,4205,4385.760351317441,3794.8195674317367,4163.583071428573
2018-07-05 10:00:00,4154,4183.411445783133,3978.308460424143,4340.328535714286
2018-07-05 11:00:00,4201,4475.547449967721,4003.834203129566,4770.520523809524
2018-07-05 12:00:00,4416,4725.081841432225,4117.296904335989,4938.378047619047
2018-07-05 13:00:00,4491,4727.435270805812,3904.214579834801,5247.984047619047
2018-07-05 14:00:00,4708,4949.716550412175,4333.3615226769625,5336.494388888888
2018-07-05 15:00:00,5066,5246.461338531514,4430.628317811297,5906.537333333333
2018-07-05 16:00:00,5908,5661.568824638592,4196.259634983006,6491.191595238094
2018-07-05 17:00:00,5223,5329.677461139896,4291.811569474414,6022.15028968254
2018-07-05 18:00:00,4115,4277.991792929293,4389.786395220728,4648.103019841271
2018-07-05 19:00:00,3099,3279.4859154929577,4482.861308783463,3344.3163333333337
2018-07-05 20:00:00,2713,2836.232469993683,4554.840404090531,3080.566912698414
2018-07-05 21:00:00,2633,2674.197988686361,4620.096467223562,3176.4381666666677
2018-07-05 22:00:00,2002,2201.658125,4672.913296039464,2465.9926349206344
2018-07-05 23:00:00,1287,1464.7486338797814,4719.9316419883735,1612.5532142857146
2018-07-06 00:00:00,743,840.2307692307693,2587.872010163774,857.5518690476191
2018-07-06 01:00:00,435,520.4200244200244,2592.7468099731286,477.7604047619048
2018-07-06 02:00:00,372,391.66360856269114,2742.58272550225,376.54633333333334
2018-07-06 03:00:00,343,371.06679035250465,2825.3684752074228,402.11790476190464
2018-07-06 04:00:00,752,696.3011904761905,2844.152700231629,904.4509567099565
2018-07-06 05:00:00,2453,2071.845731707317,3043.462010152508,2784.801702380953
2018-07-06 06:00:00,4489,4163.973699940228,3071.2487033942693,5466.630726190477
2018-07-06 07:00:00,5069,4748.809753160746,3195.5180589987963,4312.553126984128
2018-07-06 08:00:00,4489,4611.336930455635,3335.4658301348686,5106.27661904762
2018-07-06 09:00:00,4305,4385.760351317441,3479.4149427711045,4820.050285714285
2018-07-06 10:00:00,4215,4183.411445783133,3596.9331151514566,4394.567261904763
2018-07-06 11:00:00,4547,4475.547449967721,3716.6836387152775,4685.106095238097
2018-07-06 12:00:00,4684,4725.081841432225,3828.6220193502095,4890.474297619047
2018-07-06 13:00:00,4594,4727.435270805812,3946.222472454465,5141.237130952381
2018-07-06 14:00:00,4818,4949.716550412175,4050.7297903033786,5449.754555555554
2018-07-06 15:00:00,5182,5246.461338531514,4143.668293468444,5574.627761904762
2018-07-06 16:00:00,5353,5661.568824638592,4245.126970174378,6108.315039682538
2018-07-06 17:00:00,4822,5329.677461139896,4681.07922591448,5477.3264285714295
2018-07-06 18:00:00,4089,4277.991792929293,4184.378726551392,4591.838654761904
2018-07-06 19:00:00,3390,3279.4859154929577,4932.872823182899,3562.002123015874
2018-07-06 20:00:00,2966,2836.232469993683,4597.03883678163,3041.185857142858
2018-07-06 21:00:00,2903,2674.197988686361,5083.582197021211,2920.476999999999
2018-07-06 22:00:00,2533,2201.658125,5141.597737439662,2401.4819880952377
2018-07-06 23:00:00,2227,1464.7486338797814,4797.189447823757,1796.3289285714286
2018-07-07 00:00:00,1233,840.2307692307693,1508.0476983886,1446.5528333333332
2018-07-07 01:00:00,689,520.4200244200244,1596.9307303797355,847.88191025641
2018-07-07 02:00:00,604,391.66360856269114,1685.813762370872,692.6692539682542
2018-07-07 03:00:00,382,371.06679035250465,1770.885992933281,437.94378571428587
2018-07-07 04:00:00,429,696.3011904761905,1858.435244424362,405.353738095238
2018-07-07 05:00:00,769,2071.845731707317,1948.6520569155525,817.6395714285713
2018-07-07 06:00:00,1246,4163.973699940228,2039.0594094781782,1512.931896825398
2018-07-07 07:00:00,1710,4748.809753160746,2153.4206813680153,1830.596535714286
2018-07-07 08:00:00,2428,4611.336930455635,2267.3185923910773,2601.6821904761905
2018-07-07 09:00:00,3029,4385.760351317441,2388.974516669262,3287.7763690476195
2018-07-07 10:00:00,3386,4183.411445783133,2510.4399008760106,3775.886166666666
2018-07-07 11:00:00,4045,4475.547449967721,2636.287706725794,3762.1372857142865
2018-07-07 12:00:00,4160,4725.081841432225,2744.2247458605634,3899.1956309523807
2018-07-07 13:00:00,4118,4727.435270805812,2858.830687495604,4167.749488095239
2018-07-07 14:00:00,3992,4949.716550412175,2971.1501482734084,4106.624821428571
2018-07-07 15:00:00,4022,5246.461338531514,3088.560061306226,4379.4042976190485
2018-07-07 16:00:00,4289,5661.568824638592,3194.2106195837596,4095.408404761905
2018-07-07 17:00:00,4085,5329.677461139896,3296.2409165040017,3927.3310476190486
2018-07-07 18:00:00,3986,4277.991792929293,3385.6955687094464,3468.117761904761
2018-07-07 19:00:00,3416,3279.4859154929577,3473.8164404148374,3116.788793650793
2018-07-07 20:00:00,3191,2836.232469993683,3543.8901350075425,3076.1019999999994
2018-07-07 21:00:00,3616,2674.197988686361,3620.7150128244234,3017.3691666666673
2018-07-07 22:00:00,3055,2201.658125,3684.827835528835,2713.280666666667
2018-07-07 23:00:00,2246,1464.7486338797814,3744.8029063354156,2163.5728571428567
2018-07-08 00:00:00,1423,840.2307692307693,1615.7919156537969,1622.2427380952379
2018-07-08 01:00:00,786,520.4200244200244,1700.4830660733332,946.8235198412698
2018-07-08 02:00:00,693,391.66360856269114,1782.6971955641977,774.7316111111113
2018-07-08 03:00:00,357,371.06679035250465,1868.9126665552246,428.4339166666667
2018-07-08 04:00:00,327,696.3011904761905,1960.6537996179056,369.7267500000001
2018-07-08 05:00:00,476,2071.845731707317,2052.394932680587,485.57329761904754
2018-07-08 06:00:00,876,4163.973699940228,2139.944184171668,877.4867817460315
2018-07-08 07:00:00,1084,4748.809753160746,2246.1122329897426,1189.9375357142853
2018-07-08 08:00:00,1920,4611.336930455635,2362.6777050129126,1767.8795357142853
2018-07-08 09:00:00,2584,4385.760351317441,2476.140406219335,2662.286976190476
2018-07-08 10:00:00,3236,4183.411445783133,2605.989553569282,3148.0878809523797
2018-07-08 11:00:00,3837,4475.547449967721,2726.502237418849,3245.3118095238087
2018-07-08 12:00:00,4075,4725.081841432225,2848.7297819113423,4183.58594047619
2018-07-08 13:00:00,4211,4727.435270805812,2963.7168036892563,4076.2532460317457
2018-07-08 14:00:00,4470,4949.716550412175,3081.561926538713,4098.43788888889
2018-07-08 15:00:00,4397,5246.461338531514,3195.0246277451356,4154.398722222223
2018-07-08 16:00:00,4514,5661.568824638592,3587.994935638025,4200.590261904763
2018-07-08 17:00:00,4297,5329.677461139896,3689.263072272522,4309.231488095238
2018-07-08 18:00:00,3953,4277.991792929293,3772.6204421920047,4114.011103174605
2018-07-08 19:00:00,3969,3279.4859154929577,3859.216993325904,3542.070392857143
2018-07-08 20:00:00,3571,2836.232469993683,3930.7608788163334,3237.953833333333
2018-07-08 21:00:00,2948,2674.197988686361,4036.3313287964693,2841.5761031746024
2018-07-08 22:00:00,2039,2201.658125,4178.473026287193,2218.999638528139
2018-07-08 23:00:00,1339,1464.7486338797814,3843.591740243105,1373.2940476190474
2018-07-09 00:00:00,676,840.2307692307693,2477.383541258894,741.0514166666667
2018-07-09 01:00:00,423,520.4200244200244,2513.050560126523,470.60870238095225
2018-07-09 02:00:00,320,391.66360856269114,2598.1227906889326,315.4970873015873
2018-07-09 03:00:00,348,371.06679035250465,2392.049001553575,359.65067460317465
2018-07-09 03:00:00,348,371.06679035250465,2766.504888364102,356.67846031746035
2018-07-09 04:00:00,903,696.3011904761905,2856.340620712419,848.5623333333332
2018-07-09 05:00:00,2977,2071.845731707317,2949.415534275154,2889.3083095238103
2018-07-09 05:00:00,2977,2071.845731707317,2937.4295182848964,2892.34180952381
2018-07-09 06:00:00,5679,4163.973699940228,2995.819607633675,5572.624976190477
2018-07-09 07:00:00,6178,4748.809753160746,3423.197560159143,5732.516476190475
2018-07-09 08:00:00,5656,4611.336930455635,3197.9748007597964,5393.267095238096
2018-07-09 09:00:00,4586,4385.760351317441,3652.9810636435323,4434.452583333333
2018-07-09 10:00:00,4266,4183.411445783133,3886.1884690756324,4090.031976190475
2018-07-09 11:00:00,4448,4475.547449967721,3991.648487281729,4180.844678571427
2018-07-09 12:00:00,4689,4725.081841432225,4078.257484620818,4260.003480158731
2018-07-09 13:00:00,4621,4727.435270805812,4187.1472241127685,4553.371349206351
2018-07-09 14:00:00,4836,4949.716550412175,4295.846423533283,5067.653499999999
2018-07-09 15:00:00,5429,5246.461338531514,4407.784804168214,5543.286130952382
2018-07-09 16:00:00,6311,5661.568824638592,4437.692968516672,6214.939416666668
2018-07-09 17:00:00,5805,5329.677461139896,4534.76922357957,5898.89611904762
2018-07-09 18:00:00,4290,4277.991792929293,4630.5116981424135,4442.324468253969
2018-07-09 19:00:00,3240,3279.4859154929577,4674.1263014291,3294.8302142857156
2018-07-09 20:00:00,2861,2836.232469993683,4457.016656804119,2857.310428571428
2018-07-09 21:00:00,2633,2674.197988686361,4524.886151263491,2489.342158730158
2018-07-09 22:00:00,2071,2201.658125,4948.741308318072,1851.8122380952382
2018-07-09 23:00:00,1189,1464.7486338797814,4615.629532273126,1146.5452619047621
2018-07-10 00:00:00,688,840.2307692307693,2464.896973447767,659.8473888888891
2018-07-10 01:00:00,389,520.4200244200244,2532.630057509469,549.0686746031746
2018-07-10 02:00:00,295,391.66360856269114,2602.078002214099,325.89623809523806
2018-07-10 03:00:00,364,371.06679035250465,2741.5776690256107,365.4598452380953
2018-07-10 04:00:00,898,696.3011904761905,2714.6993010867855,827.4804484126981
2018-07-10 05:00:00,3137,2071.845731707317,2792.5310089346153,2985.1466428571425
2018-07-10 06:00:00,5886,4163.973699940228,2945.4155656067173,5954.341511904762
2018-07-10 07:00:00,6134,4748.809753160746,3050.8755838128136,4845.310031746033
2018-07-10 08:00:00,5786,4611.336930455635,3608.29985062671,5653.612523809523
2018-07-10 09:00:00,4843,4385.760351317441,3733.385496190749,4367.273392857142
2018-07-10 10:00:00,4442,4183.411445783133,3536.750278719396,4270.396250000001
2018-07-10 10:00:00,4442,4183.411445783133,3548.7362947096544,4274.480178571429
2018-07-10 11:00:00,4586,4475.547449967721,3648.0990306297895,4765.789023809524
2018-07-10 12:00:00,4865,4725.081841432225,3786.12895484631,5027.796702380953
2018-07-10 13:00:00,4719,4727.435270805812,3861.1150078277815,4962.943845238095
2018-07-10 14:00:00,4789,4949.716550412175,4283.359855722154,5326.34942857143
2018-07-10 15:00:00,5681,5246.461338531514,3993.8271066799143,5595.47280952381
2018-07-10 16:00:00,6566,5661.568824638592,4442.926627349123,6004.239198412699
2018-07-10 17:00:00,6081,5329.677461139896,4545.719084555112,5895.3142857142875
2018-07-10 18:00:00,4404,4277.991792929293,4641.652099189392,4250.491714285714
2018-07-10 19:00:00,3219,3279.4859154929577,4405.704966115844,3263.639146825398
2018-07-10 20:00:00,3053,2836.232469993683,4478.011011892018,2921.812464285715
2018-07-10 21:00:00,3060,2674.197988686361,4821.495030885228,2753.8662023809525
2018-07-10 22:00:00,2203,2201.658125,4880.272731589423,2194.5623769841272
2018-07-10 23:00:00,1311,1464.7486338797814,4663.9252472501885,1262.9184783549786
2018-07-11 00:00:00,661,840.2307692307693,2532.056155497025,647.3367698412701
2018-07-11 01:00:00,401,520.4200244200244,2611.2216438449077,415.5719761904761
2018-07-11 02:00:00,321,391.66360856269114,2693.0546931929,300.23380735930726
2018-07-11 03:00:00,384,371.06679035250465,2715.459179574396,384.5310714285715
2018-07-11 04:00:00,948,696.3011904761905,2876.5369593182604,860.0888095238096
2018-07-11 05:00:00,3193,2071.845731707317,2964.8483710950873,2843.182595238095
2018-07-11 06:00:00,5179,4163.973699940228,3060.4003055864946,5353.9279484127
2018-07-11 07:00:00,6295,4748.809753160746,3508.9282060413957,6082.024880952381
2018-07-11 08:00:00,5930,4611.336930455635,3630.774670391017,5567.927103174604
2018-07-11 09:00:00,5025,4385.760351317441,3835.985131527165,4780.551208874458
2018-07-11 10:00:00,4829,4183.411445783133,3949.6383728050237,4430.945785714285
2018-07-11 11:00:00,5052,4475.547449967721,4059.2902725827194,4640.195333333334
2018-07-11 12:00:00,4974,4725.081841432225,4186.662399003994,4832.620011904762
2018-07-11 13:00:00,4779,4727.435270805812,4311.748044568032,5016.331523809524
2018-07-11 14:00:00,4974,4949.716550412175,4014.974772811212,5006.996499999999
2018-07-11 15:00:00,5817,5246.461338531514,4537.339666480822,5192.357499999999
2018-07-11 16:00:00,6522,5661.568824638592,4648.325346758573,6092.419488095238
2018-07-11 17:00:00,5935,5329.677461139896,4660.132204320581,5652.594761904762
2018-07-11 18:00:00,4568,4277.991792929293,4821.8995291692445,4467.691333333332
2018-07-11 19:00:00,3412,3279.4859154929577,4908.115000160273,3436.89311904762
2018-07-11 20:00:00,3033,2836.232469993683,4991.66291015119,3100.4563849206334
2018-07-11 21:00:00,2687,2674.197988686361,4397.879528858159,2865.852010822511
2018-07-11 22:00:00,1960,2201.658125,4858.741426731148,2214.8901984126983
2018-07-11 23:00:00,1294,1464.7486338797814,4816.446381302923,1503.6971785714281
2018-07-12 00:00:00,699,840.2307692307693,2693.7232129787044,1006.7512380952383
2018-07-12 01:00:00,408,520.4200244200244,2776.318422612441,411.85380952380945
2018-07-12 02:00:00,296,391.66360856269114,2864.820374460704,307.3294523809524
2018-07-12 03:00:00,364,371.06679035250465,2949.892605023113,379.100880952381
2018-07-12 04:00:00,940,696.3011904761905,2617.5820995090507,920.7905833333338
2018-07-12 05:00:00,3070,2071.845731707317,3117.7505852906957,2878.0059642857154
2018-07-12 06:00:00,5702,4163.973699940228,2789.25088120536,5453.888952380951
2018-07-12 07:00:00,6456,4748.809753160746,3297.42204998733,5873.0531984127
2018-07-12 08:00:00,5583,4611.336930455635,3518.8169398978807,5899.0698650793665
2018-07-12 08:00:00,5583,4611.336930455635,3144.361053087354,5957.244365079366
2018-07-12 09:00:00,4958,4385.760351317441,3247.534590436214,4760.951761904762
2018-07-12 10:00:00,4610,4183.411445783133,3392.614497295879,4638.901630952381
2018-07-12 11:00:00,4848,4475.547449967721,3518.08122300279,4582.581817460318
2018-07-12 12:00:00,4891,4725.081841432225,4001.8079294481404,5147.249226190476
2018-07-12 13:00:00,5188,4727.435270805812,4371.666703902711,4987.675801587302
2018-07-12 14:00:00,5139,4949.716550412175,4627.604160253559,5179.627940476191
2018-07-12 15:00:00,5743,5246.461338531514,4194.0723354954025,5456.069571428571
2018-07-12 16:00:00,6612,5661.568824638592,4718.723710022249,6199.5992857142855
2018-07-12 17:00:00,5795,5329.677461139896,3970.6515694732907,6079.224380952378
2018-07-12 18:00:00,3890,4277.991792929293,4183.515043156787,4455.2410714285725
2018-07-12 18:00:00,3890,4277.991792929293,4537.086794623729,4478.290595238096
2018-07-12 18:00:00,3890,4277.991792929293,4557.970929967314,4474.91267857143
2018-07-12 19:00:00,3237,3279.4859154929577,4163.040520348657,3414.9249166666677
2018-07-12 19:00:00,3237,3279.4859154929577,4516.612271815598,3424.588083333334
2018-07-12 19:00:00,3237,3279.4859154929577,4537.496407159184,3399.821083333335
2018-07-12 20:00:00,2727,2836.232469993683,4173.894677553483,3155.215730158731
2018-07-12 20:00:00,2727,2836.232469993683,4548.350564364009,3163.2612301587305
2018-07-12 20:00:00,2727,2836.232469993683,4527.466429020425,3128.018230158731
2018-07-12 21:00:00,2497,2674.197988686361,4718.120572213,2906.4189047619047
2018-07-12 21:00:00,2497,2674.197988686361,4697.236436869414,2885.770071428572
2018-07-12 21:00:00,2497,2674.197988686361,4343.664685402473,2892.593404761905
2018-07-12 22:00:00,1870,2201.658125,4842.622151357542,2374.1646984126987
2018-07-12 23:00:00,1320,1464.7486338797814,4801.165507636975,1546.7261785714288
2018-07-12 23:00:00,1320,1464.7486338797814,4822.049642980561,1512.1587500000003
2018-07-13 00:00:00,705,840.2307692307693,2637.3657921799063,763.0459404761907
2018-07-13 01:00:00,439,520.4200244200244,2543.787487920191,479.835119047619
2018-07-13 01:00:00,439,520.4200244200244,2897.359239387132,479.7603571428571
2018-07-13 02:00:00,350,391.66360856269114,3006.1737063646724,437.4748095238096
2018-07-13 02:00:00,350,391.66360856269114,2985.289571021087,402.81233333333336
2018-07-13 02:00:00,350,391.66360856269114,2631.7178195541455,403.94216666666676
2018-07-13 03:00:00,373,371.06679035250465,2895.6224283746583,409.50428571428563
2018-07-13 03:00:00,373,371.06679035250465,2874.7382930310728,416.74880952380937
2018-07-13 03:00:00,373,371.06679035250465,2521.1665415641314,403.9827023809523
2018-07-13 04:00:00,888,696.3011904761905,3050.9325336351335,847.8451825396825
2018-07-13 04:00:00,888,696.3011904761905,3071.8166689787186,845.5814285714284
2018-07-13 05:00:00,2917,2071.845731707317,3144.0074471978674,2775.5022142857138
2018-07-13 05:00:00,2917,2071.845731707317,3164.891582541453,2780.340988095238
2018-07-13 06:00:00,5268,4163.973699940228,3262.158377675788,5231.865261904761
2018-07-13 06:00:00,5268,4163.973699940228,3241.2742423322024,5319.87945238095
2018-07-13 06:00:00,5268,4163.973699940228,3250.1723616855297,5282.441452380952
2018-07-13 07:00:00,5994,4748.809753160746,3446.4722572631617,6145.238547619047
2018-07-13 07:00:00,5994,4748.809753160746,3467.356392606747,6145.073714285715
2018-07-13 07:00:00,5994,4748.809753160746,3455.3703766164886,6171.787214285715
2018-07-13 08:00:00,5288,4611.336930455635,3518.1618650260357,5344.256619047619
2018-07-13 08:00:00,5288,4611.336930455635,3509.2637456727084,5351.396452380952
2018-07-13 08:00:00,5288,4611.336930455635,3530.147881016294,5349.188119047618
2018-07-13 09:00:00,4543,4385.760351317441,3661.318362661107,4624.1426785714275
2018-07-13 09:00:00,4543,4385.760351317441,3640.4342273175216,4658.368845238095
2018-07-13 10:00:00,4392,4183.411445783133,3751.9162552951702,4462.246976190477
2018-07-13 10:00:00,4392,4183.411445783133,3731.0321199515847,4440.105976190477
2018-07-13 10:00:00,4392,4183.411445783133,3739.930239304912,4441.45280952381
2018-07-13 11:00:00,4740,4475.547449967721,3732.6775274182437,4653.554035714287
2018-07-13 11:00:00,4740,4475.547449967721,3711.793392074658,4644.635035714287
2018-07-13 12:00:00,5123,4725.081841432225,3835.2794445527943,5279.378761904763
2018-07-13 12:00:00,5123,4725.081841432225,3814.395309209209,5188.774976190476
2018-07-13 13:00:00,5059,4727.435270805812,4060.48416698457,4960.109357142858
2018-07-13 14:00:00,5363,4949.716550412175,3965.3666347808994,5184.537392857143
2018-07-13 15:00:00,5914,5246.461338531514,4161.1865027429,5452.8100476190475
2018-07-13 16:00:00,6153,5661.568824638592,4330.384890377582,5650.223742063493
2018-07-13 17:00:00,5257,5329.677461139896,4732.623030771141,5244.983404761904
2018-07-13 18:00:00,4664,4277.991792929293,4853.51679476358,4708.809750000001
2018-07-13 19:00:00,3664,3279.4859154929577,4948.116028897805,3574.573980158731
2018-07-13 20:00:00,3260,2836.232469993683,4627.334708140007,2969.760511904762
2018-07-13 21:00:00,3064,2674.197988686361,4683.825927986966,3067.259607142858
2018-07-13 22:00:00,2835,2201.658125,5084.7188105827845,2801.1291904761893
2018-07-13 23:00:00,1971,1464.7486338797814,4772.935525558573,2227.8406904761905
2018-07-13 23:00:00,1971,1464.7486338797814,5195.039796461191,2146.630357142857
2018-07-13 23:00:00,1971,1464.7486338797814,4752.051390214988,2273.61819047619
2018-07-14 00:00:00,1233,840.2307692307693,1469.7690833515387,1189.9055714285712
2018-07-14 01:00:00,696,520.4200244200244,1566.1984456857163,907.4971364468863
2018-07-14 01:00:00,696,520.4200244200244,1545.3143103421307,890.812803113553
2018-07-14 01:00:00,696,520.4200244200244,1659.1703095577275,897.0352078754579
2018-07-14 02:00:00,646,391.66360856269114,1747.8628014774267,673.7676746031747
2018-07-14 02:00:00,646,391.66360856269114,1634.00680226183,636.5109126984127
2018-07-14 03:00:00,437,371.06679035250465,1724.2236147530207,434.96975396825394
2018-07-14 03:00:00,437,371.06679035250465,1838.0796139686172,434.4230873015872
2018-07-14 04:00:00,444,696.3011904761905,2116.679412297648,442.0621071428572
2018-07-14 04:00:00,444,696.3011904761905,2002.8234130820515,441.5148333333334
2018-07-14 05:00:00,858,2071.845731707317,2092.8496855018057,790.916107142857
2018-07-14 05:00:00,858,2071.845731707317,2206.7056847174026,768.2681309523811
2018-07-14 06:00:00,1422,4163.973699940228,1972.9619440114125,1431.8140000000003
2018-07-14 06:00:00,1422,4163.973699940228,2086.817943227009,1384.7193174603174
2018-07-14 07:00:00,1991,4748.809753160746,2129.991745697799,1685.7474404761901
2018-07-14 07:00:00,1991,4748.809753160746,2243.8477449133957,1862.2893452380952
2018-07-14 08:00:00,2714,4611.336930455635,2415.70810254893,2768.185273809524
2018-07-14 08:00:00,2714,4611.336930455635,2529.5641017645266,2813.3010595238093
2018-07-14 09:00:00,3471,4385.760351317441,2797.685649378566,2748.756595238095
2018-07-14 09:00:00,3471,4385.760351317441,2354.697243132363,2810.881178571429
2018-07-14 10:00:00,3718,4183.411445783133,2560.3072699185623,3388.1678917748923
2018-07-14 11:00:00,4213,4475.547449967721,2672.109240155824,3967.8818928571445
2018-07-14 12:00:00,4524,4725.081841432225,3126.7344228966876,4154.667876984126
2018-07-14 13:00:00,4218,4727.435270805812,2905.3224649260687,3912.519785714286
2018-07-14 14:00:00,4242,4949.716550412175,3347.943623166442,4189.8660238095235
2018-07-14 15:00:00,4306,5246.461338531514,3451.8793208010484,4302.270214285713
2018-07-14 16:00:00,4317,5661.568824638592,3548.955575863946,4252.986932539682
2018-07-14 17:00:00,4354,5329.677461139896,3644.6980504267904,4044.9156111111124
2018-07-14 18:00:00,4109,4277.991792929293,3737.772963989524,3987.0370238095243
2018-07-14 19:00:00,3446,3279.4859154929577,3823.9884349805525,3413.7289761904754
2018-07-14 20:00:00,3192,2836.232469993683,3855.217933623877,3012.1697857142867
2018-07-14 21:00:00,3272,2674.197988686361,3921.045616971216,3088.5334523809533
2018-07-14 22:00:00,3074,2201.658125,3684.637295457399,2713.280666666667
2018-07-14 23:00:00,2275,1464.7486338797814,3741.94480526387,2160.956666666666
2018-07-15 00:00:00,1350,840.2307692307693,1611.7905741536342,1698.9371904761904
2018-07-15 01:00:00,826,520.4200244200244,1627.5261580348597,971.3737063492066
2018-07-15 02:00:00,699,391.66360856269114,1707.4538066684881,716.6417063492064
2018-07-15 03:00:00,435,371.06679035250465,1796.5273787310593,407.4862380952381
2018-07-15 04:00:00,366,696.3011904761905,1889.0306720794863,390.5932619047619
2018-07-15 05:00:00,508,2071.845731707317,2416.138608530916,502.9673452380954
2018-07-15 05:00:00,508,2071.845731707317,1973.150202284713,503.789011904762
2018-07-15 06:00:00,933,4163.973699940228,2064.3197151330846,864.6138571428569
2018-07-15 06:00:00,933,4163.973699940228,2178.175714348681,873.5697619047615
2018-07-15 07:00:00,1195,4748.809753160746,2258.615262523596,1207.017511904762
2018-07-15 08:00:00,1814,4611.336930455635,2317.1044375875044,1704.1862738095242
2018-07-15 09:00:00,2911,4385.760351317441,2524.4834546903967,2171.683380952381
2018-07-15 10:00:00,3310,4183.411445783133,2638.5719057848955,2553.095571428571
2018-07-15 11:00:00,3655,4475.547449967721,3087.480886382668,3407.863166666666
2018-07-15 12:00:00,4245,4725.081841432225,3277.448141803911,4312.079285714284
2018-07-15 13:00:00,4233,4727.435270805812,2963.7168036892563,4076.2532460317457
2018-07-15 14:00:00,4129,4949.716550412175,3486.081697358867,3964.1305714285704
2018-07-15 15:00:00,4063,5246.461338531514,3588.6836144934186,4102.002055555555
2018-07-15 16:00:00,4438,5661.568824638592,3685.7598695563174,4051.187642857142
2018-07-15 17:00:00,4321,5329.677461139896,3780.168563619107,4031.8894285714277
2018-07-15 18:00:00,3836,4277.991792929293,3450.4318595037994,3824.693650793652
2018-07-15 19:00:00,3535,3279.4859154929577,3935.0698190290177,3617.5733452380955
2018-07-15 20:00:00,3015,2836.232469993683,3999.373181804867,3559.8877976190474
2018-07-15 21:00:00,2671,2674.197988686361,4059.8657431519887,2814.5557698412695
2018-07-15 22:00:00,2009,2201.658125,4123.788025784966,2097.6892099567103
2018-07-15 23:00:00,1244,1464.7486338797814,3791.9553808838587,1627.4974404761906
2018-07-16 00:00:00,721,840.2307692307693,2419.2688194708126,769.3101666666668
2018-07-16 01:00:00,458,520.4200244200244,2486.6208233896436,493.2772164502165
2018-07-16 02:00:00,297,391.66360856269114,2568.2633326661985,332.6091904761904
2018-07-16 03:00:00,368,371.06679035250465,2643.618019585355,358.30294047619043
2018-07-16 04:00:00,935,696.3011904761905,2725.2605288619097,825.1085793650793
2018-07-16 05:00:00,3048,2071.845731707317,2812.2381601386824,2815.764515873016
2018-07-16 06:00:00,5593,4163.973699940228,2884.163125771984,5508.330238095238
2018-07-16 07:00:00,5793,4748.809753160746,2995.666296590277,5498.155531746032
2018-07-16 08:00:00,5647,4611.336930455635,3120.234451613773,4878.300761904761
2018-07-16 09:00:00,4603,4385.760351317441,3257.133581606865,4547.889452380951
2018-07-16 10:00:00,4346,4183.411445783133,3388.316509456865,4281.712130952382
2018-07-16 11:00:00,4504,4475.547449967721,3528.591231062044,4497.397333333332
2018-07-16 12:00:00,4588,4725.081841432225,3641.155361585051,4657.35811904762
2018-07-16 13:00:00,4558,4727.435270805812,3747.7586202197654,4867.899380952383
2018-07-16 14:00:00,4794,4949.716550412175,3861.221321426188,4828.437964285715
2018-07-16 15:00:00,5558,5246.461338531514,4296.983037094855,5151.797880952378
2018-07-16 16:00:00,6269,5661.568824638592,4390.820110943336,5926.196202380953
2018-07-16 17:00:00,5708,5329.677461139896,4155.308187686427,5790.148436507937
2018-07-16 18:00:00,4203,4277.991792929293,4578.8753387831675,4291.660238095237
2018-07-16 19:00:00,3277,3279.4859154929577,4665.090809774195,3167.636825396825
2018-07-16 20:00:00,2900,2836.232469993683,4698.987869417629,2714.087833333333
2018-07-16 21:00:00,2424,2674.197988686361,4471.779601006521,2505.587658730158
2018-07-16 22:00:00,1965,2201.658125,4867.908981816432,2082.8669999999997
2018-07-16 23:00:00,1096,1464.7486338797814,4934.879905592389,1607.5151666666673
2018-07-17 00:00:00,595,840.2307692307693,2804.725674482153,744.7150158730162
2018-07-17 01:00:00,407,520.4200244200244,2888.083044401635,447.47614285714275
2018-07-17 02:00:00,274,391.66360856269114,2951.6242468917385,330.9630357142858
2018-07-17 03:00:00,356,371.06679035250465,2707.156940277323,354.05484523809514
2018-07-17 04:00:00,930,696.3011904761905,2788.6089094824424,790.7582023809523
2018-07-17 05:00:00,3171,2071.845731707317,2855.198753115527,2962.1614999999997
2018-07-17 06:00:00,5870,4163.973699940228,2934.554781534847,5834.092738095237
2018-07-17 07:00:00,6417,4748.809753160746,3328.28724971348,6206.191904761905
2018-07-17 08:00:00,5455,4611.336930455635,3457.945856991991,5605.3371666666635
2018-07-17 09:00:00,5030,4385.760351317441,3584.365283056084,5109.756190476188
2018-07-17 10:00:00,4346,4183.411445783133,3416.414976861676,4555.938571428572
2018-07-17 11:00:00,4540,4475.547449967721,3865.514497530886,4787.931904761904
2018-07-17 12:00:00,4952,4725.081841432225,3975.7380175228905,5012.134904761903
2018-07-17 13:00:00,4576,4727.435270805812,4081.007495657551,4992.649607142856
2018-07-17 14:00:00,5011,4949.716550412175,4191.9931759353,5253.5578690476195
2018-07-17 15:00:00,5573,5246.461338531514,4294.023472855544,5808.363261904763
2018-07-17 16:00:00,6358,5661.568824638592,4358.216403857354,6376.8667857142855
2018-07-17 17:00:00,5698,5329.677461139896,4451.291317420088,6178.928547619048
2018-07-17 18:00:00,4360,4277.991792929293,4256.6654012245945,4601.625238095236
2018-07-17 19:00:00,3337,3279.4859154929577,4349.930854858765,3473.1247936507925
2018-07-17 20:00:00,3113,2836.232469993683,4720.989054536476,2973.180714285714
2018-07-17 21:00:00,2754,2674.197988686361,4773.0978527404,2812.292404761906
2018-07-17 22:00:00,2209,2201.658125,4820.633689229851,2081.5334761904755
2018-07-17 23:00:00,1242,1464.7486338797814,4594.18758110449,1599.4726428571425
2018-07-18 00:00:00,657,840.2307692307693,2467.272531208673,671.7371904761903
2018-07-18 01:00:00,410,520.4200244200244,2540.1501971991565,452.70924999999994
2018-07-18 02:00:00,313,391.66360856269114,2614.1711036182587,350.2845714285714
2018-07-18 03:00:00,377,371.06679035250465,2713.5338395383924,373.88123809523813
2018-07-18 04:00:00,894,696.3011904761905,2795.3668888863835,950.0221428571431
2018-07-18 05:00:00,3189,2071.845731707317,2882.15398009172,3010.748333333333
2018-07-18 06:00:00,5769,4163.973699940228,2972.751872725783,5810.418154761905
2018-07-18 07:00:00,6200,4748.809753160746,3407.94196818014,6410.061428571428
2018-07-18 08:00:00,5696,4611.336930455635,3221.5893833538053,5444.27295021645
2018-07-18 09:00:00,5129,4385.760351317441,3363.6330952756775,4864.39530952381
2018-07-18 10:00:00,4560,4183.411445783133,3910.387118089139,4290.69403968254
2018-07-18 11:00:00,4752,4475.547449967721,4035.282223581742,4557.695035714287
2018-07-18 12:00:00,4916,4725.081841432225,4148.744924788165,5025.589706349206
2018-07-18 13:00:00,4714,4727.435270805812,4260.111685208787,5122.254380952381
2018-07-18 14:00:00,5138,4949.716550412175,4360.427121486102,5159.1720476190485
2018-07-18 15:00:00,5677,5246.461338531514,4461.12363790629,5665.02663095238
2018-07-18 16:00:00,6606,5661.568824638592,4553.055311040407,6357.991690476191
2018-07-18 17:00:00,6084,5329.677461139896,4649.941026031869,6030.167214285715
2018-07-18 18:00:00,4941,4277.991792929293,4327.635384702579,4666.8637579365095
2018-07-18 19:00:00,3461,3279.4859154929577,4823.705748513978,3499.612428571428
2018-07-18 20:00:00,3177,2836.232469993683,4906.491498219151,3115.017297619047
2018-07-18 21:00:00,2949,2674.197988686361,4966.793519494837,3004.5637132034635
2018-07-18 22:00:00,2200,2201.658125,5030.525262056376,2312.8353650793647
2018-07-18 23:00:00,1271,1464.7486338797814,4704.40881929836,1320.686976190476
2018-07-19 00:00:00,697,840.2307692307693,2568.7289261164706,740.3272222222221
2018-07-19 01:00:00,423,520.4200244200244,2655.7065573932437,443.8279761904762
2018-07-19 02:00:00,303,391.66360856269114,2742.493648598579,344.2527380952381
2018-07-19 03:00:00,369,371.06679035250465,2827.946959303861,416.17933333333326
2018-07-19 04:00:00,896,696.3011904761905,2924.4515941524505,893.2638690476192
2018-07-19 05:00:00,3110,2071.845731707317,3016.1927272151306,2855.85576984127
2018-07-19 06:00:00,5752,4163.973699940228,3111.9352017779747,5432.593615079368
2018-07-19 07:00:00,6246,4748.809753160746,3217.2046799126347,5784.648746031747
2018-07-19 08:00:00,5702,4611.336930455635,2911.3792443282227,5277.227369047618
2018-07-19 08:00:00,5702,4611.336930455635,3285.8351311387496,5236.639369047617
2018-07-19 09:00:00,4855,4385.760351317441,3597.588901897702,4711.331845238096
2018-07-19 10:00:00,4492,4183.411445783133,3663.047951307357,4260.536865079363
2018-07-19 10:00:00,4492,4183.411445783133,3642.163815963772,4328.265674603175
2018-07-19 11:00:00,4677,4475.547449967721,3791.5508719520612,4585.302738095239
2018-07-19 11:00:00,4677,4475.547449967721,3770.6667366084757,4684.642404761904
2018-07-19 11:00:00,4677,4475.547449967721,3779.564855961803,4624.463238095238
2018-07-19 12:00:00,4861,4725.081841432225,3867.096098942655,4937.803345238094
2018-07-19 12:00:00,4861,4725.081841432225,3846.2119635990693,4934.402345238094
2018-07-19 13:00:00,4734,4727.435270805812,3942.9071385190946,4941.796154761904
2018-07-19 13:00:00,4734,4727.435270805812,3951.805257872422,4939.181869047618
2018-07-19 13:00:00,4734,4727.435270805812,3963.79127386268,4942.600916666666
2018-07-19 14:00:00,5135,4949.716550412175,4062.7729296399402,5196.904928571427
2018-07-19 15:00:00,5704,5246.461338531514,4157.18162370273,5571.736166666667
2018-07-19 16:00:00,6459,5661.568824638592,4240.729533693648,6338.105888888889
2018-07-19 17:00:00,5872,5329.677461139896,4332.470666756329,6096.857369047619
2018-07-19 17:00:00,5872,5329.677461139896,4320.484650766071,6111.606285714285
2018-07-19 18:00:00,4497,4277.991792929293,4413.160475675702,4641.818876984128
2018-07-19 18:00:00,4497,4277.991792929293,4401.174459685444,4658.7116428571435
2018-07-19 19:00:00,3419,3279.4859154929577,4492.707044166458,3425.725908730158
2018-07-19 19:00:00,3419,3279.4859154929577,4480.7210281762,3422.107607142856
2018-07-19 20:00:00,2991,2836.232469993683,4582.923856657648,2907.5649920634924
2018-07-19 21:00:00,2613,2674.197988686361,4955.056665764266,2947.9045317460314
2018-07-19 22:00:00,2282,2201.658125,4756.49803906832,2247.7567777777786
2018-07-19 22:00:00,2282,2201.658125,4744.512023078062,2240.2594920634924
2018-07-19 23:00:00,1454,1464.7486338797814,4850.906733131109,1256.2156666666667
2018-07-19 23:00:00,1454,1464.7486338797814,4838.920717140851,1265.8534523809526
2018-07-20 00:00:00,693,840.2307692307693,2737.138948164398,780.9344880952382
2018-07-20 01:00:00,460,520.4200244200244,2828.499001084206,481.3903214285715
2018-07-20 01:00:00,460,520.4200244200244,2816.5129850939484,477.96282142857154
2018-07-20 02:00:00,360,391.66360856269114,2905.0722009463907,364.57433333333336
2018-07-20 02:00:00,360,391.66360856269114,2913.970320299718,370.0798333333333
2018-07-20 02:00:00,360,391.66360856269114,2925.956336289976,368.8828571428572
2018-07-20 03:00:00,376,371.06679035250465,2992.621452437472,399.0654523809524
2018-07-20 03:00:00,376,371.06679035250465,3013.5055877810573,392.3606428571428
2018-07-20 03:00:00,376,371.06679035250465,3001.519571790799,396.2552619047619
2018-07-20 04:00:00,873,696.3011904761905,3087.0301465002613,855.6167142857142
2018-07-20 04:00:00,873,696.3011904761905,3107.9142818438468,847.8006428571429
2018-07-20 04:00:00,873,696.3011904761905,3095.9282658535885,843.3157142857143
2018-07-20 05:00:00,2822,2071.845731707317,3185.249641991778,2698.0405833333334
2018-07-20 05:00:00,2822,2071.845731707317,3206.1337773353634,2682.6796190476184
2018-07-20 05:00:00,2822,2071.845731707317,3628.238048237981,2704.352202380952
2018-07-20 05:00:00,2822,2071.845731707317,3194.147761345105,2704.352202380952
2018-07-20 06:00:00,5266,4163.973699940228,3300.542471398153,5122.753357142857
2018-07-20 06:00:00,5266,4163.973699940228,3279.6583360545674,5216.676583333331
2018-07-20 06:00:00,5266,4163.973699940228,3288.5564554078946,5161.069642857142
2018-07-20 07:00:00,5821,4748.809753160746,3377.877831546083,6168.962583333332
2018-07-20 07:00:00,5821,4748.809753160746,3386.7759508994104,6193.6994166666655
2018-07-20 07:00:00,5821,4748.809753160746,3398.7619668896687,6201.954250000001
2018-07-20 08:00:00,5339,4611.336930455635,3496.981462381184,5125.789738095237
2018-07-20 08:00:00,5339,4611.336930455635,3484.995446390926,5098.423404761904
2018-07-20 09:00:00,4816,4385.760351317441,3592.152316729719,4533.166011904761
2018-07-20 09:00:00,4816,4385.760351317441,3571.2681813861336,4501.417845238096
2018-07-20 09:00:00,4816,4385.760351317441,3580.166300739461,4514.34855952381
2018-07-20 10:00:00,4592,4183.411445783133,3694.7542338642706,4554.800809523811
2018-07-20 10:00:00,4592,4183.411445783133,3673.870098520685,4516.339047619049
2018-07-20 10:00:00,4592,4183.411445783133,3682.7682178740124,4541.911452380952
2018-07-20 11:00:00,4823,4475.547449967721,3779.457830488995,4843.537619047619
2018-07-20 12:00:00,5253,4725.081841432225,3902.63807533867,5254.865952380954
2018-07-20 12:00:00,5253,4725.081841432225,3890.652059348412,5141.521404761906
2018-07-20 13:00:00,5169,4727.435270805812,4022.7696790453647,4951.848952380954
2018-07-20 14:00:00,5413,4949.716550412175,4137.185080608969,5235.880880952382
2018-07-20 15:00:00,5602,5246.461338531514,4250.8383218868275,5662.597714285713
2018-07-20 16:00:00,6086,5661.568824638592,4647.169720065858,5462.078904761905
2018-07-20 17:00:00,4987,5329.677461139896,4733.766271199759,5228.863404761904
2018-07-20 18:00:00,4465,4277.991792929293,4518.821198360289,4318.136988095237
2018-07-20 18:00:00,4465,4277.991792929293,4144.365311549762,4297.935642857142
2018-07-20 19:00:00,3574,3279.4859154929577,4608.072864289108,3520.5995357142856
2018-07-20 20:00:00,3124,2836.232469993683,4637.5198401972975,2895.09103968254
2018-07-20 21:00:00,3121,2674.197988686361,4719.352889545288,2924.682333333333
2018-07-20 22:00:00,3032,2201.658125,5093.581639437707,2861.0320793650794
2018-07-20 23:00:00,2030,1464.7486338797814,5098.910134570879,2257.6469920634927
2018-07-21 00:00:00,1235,840.2307692307693,1485.373429887677,1452.3698571428574
2018-07-21 01:00:00,781,520.4200244200244,1576.5429427360482,975.8539221611719
2018-07-21 02:00:00,648,391.66360856269114,2076.805188119045,657.4548333333333
2018-07-21 03:00:00,418,371.06679035250465,2087.468805252435,427.9612619047617
2018-07-21 04:00:00,478,696.3011904761905,1844.7163592809468,416.4860714285714
2018-07-21 05:00:00,903,2071.845731707317,1929.5980497719195,858.3360952380951
2018-07-21 06:00:00,1500,4163.973699940228,2021.3391828345993,1509.656230158731
2018-07-21 07:00:00,2236,4748.809753160746,2059.3138254001087,1547.4624880952379
2018-07-21 08:00:00,3031,4611.336930455635,2233.021379532537,2192.573511904762
2018-07-21 09:00:00,3883,4385.760351317441,2369.4852997089893,3066.929333333333
2018-07-21 10:00:00,4045,4183.411445783133,2481.858890160561,4069.509178571428
2018-07-21 11:00:00,4418,4475.547449967721,2603.514814438746,3545.5273214285726
2018-07-21 12:00:00,4505,4725.081841432225,3135.2161716087367,4111.811690476189
2018-07-21 13:00:00,4644,4727.435270805812,3248.678872815159,4153.827571428572
2018-07-21 14:00:00,4796,4949.716550412175,3278.777577235054,3962.7428333333332
2018-07-21 15:00:00,4674,5246.461338531514,3463.0286305132067,4176.13955952381
2018-07-21 16:00:00,4788,5661.568824638592,3561.2481260047225,4172.308690476191
2018-07-21 17:00:00,4562,5329.677461139896,3661.754102353474,3979.116000000001
2018-07-21 18:00:00,4253,4277.991792929293,3678.133921629953,3568.9805714285703
2018-07-21 19:00:00,3815,3279.4859154929577,3765.4926330495978,2958.307916666666
2018-07-21 20:00:00,3434,2836.232469993683,3926.116717469645,2844.8600833333335
2018-07-21 21:00:00,3435,2674.197988686361,3868.8376373976616,2680.9008333333336
2018-07-21 22:00:00,3131,2201.658125,3931.616679602019,2592.8499632034636
2018-07-21 23:00:00,2292,1464.7486338797814,3716.602975762838,2590.7482619047614
2018-07-22 00:00:00,1408,840.2307692307693,1584.5433439382386,1909.905845238095
2018-07-22 01:00:00,969,520.4200244200244,1665.0426127861765,1070.945666666667
2018-07-22 02:00:00,749,391.66360856269114,1745.9229617769856,723.0628809523811
2018-07-22 03:00:00,344,371.06679035250465,1829.470871767904,442.924261904762
2018-07-22 04:00:00,355,696.3011904761905,1911.4944611873325,346.22291269841264
2018-07-22 05:00:00,525,2071.845731707317,2328.773789926675,558.5443095238096
2018-07-22 06:00:00,902,4163.973699940228,2528.065062643109,964.8196547619049
2018-07-22 07:00:00,1297,4748.809753160746,2590.8565510526555,1254.267285714286
2018-07-22 08:00:00,2009,4611.336930455635,2726.4094543405035,1929.1279999999992
2018-07-22 09:00:00,2927,4385.760351317441,2794.9171448931397,3037.962785714286
2018-07-22 10:00:00,3711,4183.411445783133,2830.1604312418162,3460.9922857142856
2018-07-22 11:00:00,4021,4475.547449967721,2959.819038520326,4122.425559523809
2018-07-22 12:00:00,4250,4725.081841432225,2734.786819192417,4650.966015873017
2018-07-22 13:00:00,4491,4727.435270805812,2863.3021860423087,4317.528744588745
2018-07-22 14:00:00,4463,4949.716550412175,3311.83008649721,4080.3395238095236
2018-07-22 15:00:00,4657,5246.461338531514,3424.721167489323,3842.5003015873003
2018-07-22 16:00:00,4875,5661.568824638592,3532.467666552656,3685.644158730157
2018-07-22 17:00:00,4657,5329.677461139896,3635.8317439729526,3556.0572063492064
2018-07-22 18:00:00,4098,4277.991792929293,3731.3836784643595,3509.83011904762
2018-07-22 19:00:00,3661,3279.4859154929577,3818.1707696696963,2935.520499999999
2018-07-22 20:00:00,3135,2836.232469993683,3850.7340488130744,2806.08338095238
2018-07-22 21:00:00,2803,2674.197988686361,3910.8455300173237,2699.2188888888895
2018-07-22 22:00:00,2224,2201.658125,3967.146209792847,2193.6664761904767
2018-07-22 23:00:00,1397,1464.7486338797814,3748.3217045249394,1283.0184523809526
2018-07-23 00:00:00,714,840.2307692307693,2380.7797250406743,783.5520000000004
2018-07-23 01:00:00,402,520.4200244200244,2388.131545778701,491.58351190476196
2018-07-23 02:00:00,354,391.66360856269114,2586.2976152709616,319.5390238095239
2018-07-23 02:00:00,354,391.66360856269114,2472.441616055365,305.90821428571434
2018-07-23 03:00:00,355,371.06679035250465,2548.9395434031394,340.50200000000007
2018-07-23 03:00:00,355,371.06679035250465,2662.7955426187364,337.2131904761905
2018-07-23 04:00:00,957,696.3011904761905,2633.2496136798027,875.6760833333329
2018-07-23 04:00:00,957,696.3011904761905,2747.105612895399,879.3000833333331
2018-07-23 05:00:00,3008,2071.845731707317,2843.9913278868607,2733.050352092352
2018-07-23 05:00:00,3008,2071.845731707317,2730.1353286712642,2836.9828520923534
2018-07-23 06:00:00,5617,4163.973699940228,2820.733221305327,5643.199392857144
2018-07-23 06:00:00,5617,4163.973699940228,2934.589220520924,5415.10011904762
2018-07-23 07:00:00,6306,4748.809753160746,2921.4297377255148,6145.372333333334
2018-07-23 07:00:00,6306,4748.809753160746,3035.2857369411117,6052.840047619048
2018-07-23 08:00:00,5522,4611.336930455635,3128.6820099736974,5576.8925238095235
2018-07-23 09:00:00,4735,4385.760351317441,3573.716393926018,4124.142345238095
2018-07-23 10:00:00,4209,4183.411445783133,3700.8979802758568,3919.019547619048
2018-07-23 11:00:00,4485,4475.547449967721,3791.9570613501883,4526.854833333334
2018-07-23 12:00:00,4800,4725.081841432225,4039.3873100478063,4302.029361111111
2018-07-23 13:00:00,4475,4727.435270805812,4179.322634978689,4571.279404761904
2018-07-23 14:00:00,4677,4949.716550412175,4285.1637333276585,4498.023666666666
2018-07-23 15:00:00,5413,5246.461338531514,4380.715667819066,5382.844912698413
2018-07-23 16:00:00,6317,5661.568824638592,4453.796320086176,5532.038579365077
2018-07-23 17:00:00,5701,5329.677461139896,4547.0617737203465,5061.018214285714
2018-07-23 18:00:00,4293,4277.991792929293,4651.378551497824,4061.70255952381
2018-07-23 19:00:00,3143,3279.4859154929577,4661.470548416904,3171.336408730158
2018-07-23 20:00:00,2833,2836.232469993683,4740.636036764787,2829.891214285715
2018-07-23 21:00:00,2492,2674.197988686361,4753.954768693096,2584.681218253968
2018-07-23 22:00:00,1690,2201.658125,4527.835611036841,1932.1019166666665
2018-07-23 23:00:00,1182,1464.7486338797814,4592.764723700766,1203.3297738095239
2018-07-24 00:00:00,638,840.2307692307693,2456.89429044744,751.501619047619
2018-07-24 01:00:00,391,520.4200244200244,2538.7273397954323,463.2560238095238
2018-07-24 02:00:00,297,391.66360856269114,2615.415807214643,327.94471428571427
2018-07-24 03:00:00,390,371.06679035250465,2693.2475150624714,376.86795238095243
2018-07-24 04:00:00,891,696.3011904761905,2773.7467839104083,799.3461507936507
2018-07-24 05:00:00,3184,2071.845731707317,2851.5784917582364,2960.6681666666664
2018-07-24 06:00:00,5782,4163.973699940228,2942.748004606608,5944.587845238095
2018-07-24 07:00:00,6409,4748.809753160746,3051.774154496228,5104.690650793651
2018-07-24 08:00:00,5658,4611.336930455635,3183.147622417666,5577.542485930735
2018-07-24 09:00:00,4984,4385.760351317441,3314.194139869997,4859.477154761905
2018-07-24 10:00:00,4386,4183.411445783133,3455.8026419752296,4170.28511111111
2018-07-24 11:00:00,4634,4475.547449967721,3852.0662607563036,4731.710119047618
2018-07-24 12:00:00,4805,4725.081841432225,4010.797390667176,4912.850547619048
2018-07-24 13:00:00,4664,4727.435270805812,4081.849764240693,4755.5519444444435
2018-07-24 14:00:00,4944,4949.716550412175,4188.453022875408,5421.401694444445
2018-07-24 15:00:00,5699,5246.461338531514,3998.0189882515133,5644.543833333334
2018-07-24 16:00:00,6558,5661.568824638592,4103.683078947487,5308.456619047619
2018-07-24 17:00:00,5636,5329.677461139896,4494.734453707571,5991.824095238096
2018-07-24 18:00:00,4430,4277.991792929293,4303.865209267037,4533.246083333334
2018-07-24 19:00:00,3371,3279.4859154929577,4387.984739472266,3353.3165039682553
2018-07-24 20:00:00,3266,2836.232469993683,4463.529966462858,2914.7237976190477
2018-07-24 21:00:00,2727,2674.197988686361,4523.641447667107,2827.07269047619
2018-07-24 22:00:00,2178,2201.658125,4576.131326013904,2070.0308690476186
2018-07-24 23:00:00,1269,1464.7486338797814,4630.9618148917025,1357.5646212121212
2018-07-25 00:00:00,664,840.2307692307693,2498.902183067103,732.451007936508
2018-07-25 01:00:00,388,520.4200244200244,2579.401451915041,440.0705833333333
2018-07-25 02:00:00,290,391.66360856269114,2651.135877476907,328.6115119047619
2018-07-25 03:00:00,372,371.06679035250465,2737.160808396498,362.4587936507937
2018-07-25 04:00:00,955,696.3011904761905,2823.376279387525,893.5160238095242
2018-07-25 05:00:00,3121,2071.845731707317,2920.2619943789864,2976.342702380953
2018-07-25 06:00:00,5926,4163.973699940228,3014.099068227466,5549.506797619048
2018-07-25 07:00:00,6595,4748.809753160746,3446.6216026817146,6138.788555555557
2018-07-25 08:00:00,5651,4611.336930455635,3392.7684295696063,5858.025345238095
2018-07-25 09:00:00,4974,4385.760351317441,3508.7081517047013,4913.788547619049
2018-07-25 09:00:00,4974,4385.760351317441,3496.722135714443,4924.2455714285725
2018-07-25 10:00:00,4545,4183.411445783133,3615.883030553725,4456.62644047619
2018-07-25 11:00:00,4879,4475.547449967721,3723.057909402749,4808.2444567099565
2018-07-25 12:00:00,4799,4725.081841432225,3806.0466453845465,5036.414333333333
2018-07-25 13:00:00,4860,4727.435270805812,3930.9417508771494,4997.748523809523
2018-07-25 14:00:00,5032,4949.716550412175,4346.3271561998135,5507.676023809523
2018-07-25 15:00:00,5826,5246.461338531514,3780.934245550794,5965.309428571428
2018-07-25 15:00:00,5826,5246.461338531514,4155.390132361321,5980.970952380952
2018-07-25 16:00:00,6668,5661.568824638592,4236.651561495003,6505.036214285712
2018-07-25 16:00:00,6668,5661.568824638592,3862.195674684476,6448.579452380954
2018-07-25 17:00:00,6108,5329.677461139896,4244.457077556848,5734.126662698413
2018-07-25 18:00:00,4459,4277.991792929293,4695.380921735521,4221.801119047618
2018-07-25 19:00:00,3473,3279.4859154929577,4781.5963927265475,3439.085833333333
2018-07-25 20:00:00,3053,2836.232469993683,4734.606476512126,3171.8765000000003
2018-07-25 21:00:00,3072,2674.197988686361,4522.396744070723,2900.6634166666663
2018-07-25 22:00:00,2422,2201.658125,4590.129828132426,2286.167404761905
2018-07-25 23:00:00,1922,1464.7486338797814,4655.058940796351,1515.5791904761904
2018-07-26 00:00:00,750,840.2307692307693,2519.1885075430246,781.3410476190475
2018-07-26 01:00:00,411,520.4200244200244,2602.7364175339426,476.824761904762
2018-07-26 02:00:00,306,391.66360856269114,2689.332968667843,340.631
2018-07-26 03:00:00,409,371.06679035250465,2771.3565580872705,378.7222380952382
2018-07-26 04:00:00,911,696.3011904761905,3311.238692123836,888.8164087301584
2018-07-26 05:00:00,3147,2071.845731707317,2943.0253397835795,2964.2543809523813
2018-07-26 06:00:00,5813,4163.973699940228,3032.2894519175884,5599.303738095237
2018-07-26 07:00:00,6299,4748.809753160746,3128.60354669474,5010.684174603175
2018-07-26 08:00:00,5866,4611.336930455635,3650.5873602214797,6119.038714285714
2018-07-26 09:00:00,4925,4385.760351317441,3784.0443227235282,5089.567869047618
2018-07-26 10:00:00,4390,4183.411445783133,3889.8854210724967,4555.97969047619
2018-07-26 11:00:00,4654,4475.547449967721,3993.821118707103,4740.439880952381
2018-07-26 12:00:00,4806,4725.081841432225,4100.424377341818,4960.968023809523
2018-07-26 13:00:00,5029,4727.435270805812,3918.0616567179595,4981.124464285715
2018-07-26 14:00:00,5264,4949.716550412175,3970.39144970874,5279.891833333333
2018-07-26 14:00:00,5264,4949.716550412175,4404.481736601616,5310.027166666668
2018-07-26 14:00:00,5264,4949.716550412175,3982.377465698998,5277.183166666667
2018-07-26 15:00:00,5752,5246.461338531514,4088.9807243337123,5727.090670634921
2018-07-26 16:00:00,6566,5661.568824638592,4198.442084039971,6283.023357142855
2018-07-26 17:00:00,5905,5329.677461139896,4284.657555030999,6101.43223809524
2018-07-26 18:00:00,4555,4277.991792929293,4370.11086573628,4568.055472222222
2018-07-26 19:00:00,3707,3279.4859154929577,4384.9663644412685,3486.06664935065
2018-07-26 20:00:00,3154,2836.232469993683,4548.829630075734,2917.2132936507933
2018-07-26 21:00:00,3206,2674.197988686361,4841.980864038858,2939.8108888888883
2018-07-26 22:00:00,2959,2201.658125,5002.604948458906,2439.0849761904756
2018-07-26 23:00:00,1412,1464.7486338797814,5122.724105960411,1327.6803333333335
2018-07-27 00:00:00,774,840.2307692307693,3001.715798279119,813.5236468253969
2018-07-27 01:00:00,456,520.4200244200244,2641.695669010625,514.0688214285715
2018-07-27 02:00:00,344,391.66360856269114,2718.384136429835,429.7076111111112
2018-07-27 03:00:00,390,371.06679035250465,2796.2158442776636,433.0216904761905
2018-07-27 04:00:00,836,696.3011904761905,2886.432656768854,884.9654761904765
2018-07-27 05:00:00,2945,2071.845731707317,2971.314347259827,2828.0750119047616
2018-07-27 06:00:00,5353,4163.973699940228,3049.3365951790915,4942.597968253968
2018-07-27 07:00:00,5950,4748.809753160746,3154.1708634971124,4733.926365079365
2018-07-27 08:00:00,5232,4611.336930455635,3275.636247703861,4833.652071428572
2018-07-27 09:00:00,4674,4385.760351317441,3409.486736553971,4655.316904761905
2018-07-27 10:00:00,4571,4183.411445783133,3528.910309648686,4505.001119047619
2018-07-27 11:00:00,4813,4475.547449967721,3673.5674528969,4798.123595238095
2018-07-27 12:00:00,5121,4725.081841432225,4199.797277669006,5002.598904761905
2018-07-27 13:00:00,5228,4727.435270805812,4232.182462946135,4872.366738095237
2018-07-27 14:00:00,5400,4949.716550412175,4337.642481152232,5180.477071428571
2018-07-27 15:00:00,5795,5246.461338531514,4440.053858215347,4798.795464285715
2018-07-27 16:00:00,6254,5661.568824638592,4538.273353706863,5715.15926190476
2018-07-27 17:00:00,5160,5329.677461139896,4639.160410198488,5183.977579004328
2018-07-27 18:00:00,4303,4277.991792929293,4727.090741832442,4438.956238095237
2018-07-27 19:00:00,3506,3279.4859154929577,4812.5440525377235,3636.994023809524
2018-07-27 20:00:00,3184,2836.232469993683,4552.071379922656,2782.77953968254
2018-07-27 21:00:00,3191,2674.197988686361,4611.230160769724,2971.5026428571423
2018-07-27 22:00:00,3112,2201.658125,4662.522669014136,3135.7218571428566
2018-07-27 23:00:00,2048,1464.7486338797814,4722.497739820716,2310.5473333333334
2018-07-28 00:00:00,1225,840.2307692307693,1420.7803456707609,1454.4612619047614
2018-07-28 01:00:00,871,520.4200244200244,1496.3255726613534,820.269527777778
2018-07-28 02:00:00,581,391.66360856269114,1579.8734826522718,626.7880119047619
2018-07-28 03:00:00,384,371.06679035250465,1600.3725683194052,419.04830952380956
2018-07-28 04:00:00,451,696.3011904761905,1675.7272552385616,437.32185714285714
2018-07-28 05:00:00,902,2071.845731707317,1772.9940503728953,850.852595238095
2018-07-28 06:00:00,1530,4163.973699940228,1920.5434850447807,1408.9618809523809
2018-07-28 07:00:00,1974,4748.809753160746,2016.2859596076241,2007.0248928571427
2018-07-28 08:00:00,2713,4611.336930455635,2174.661987999254,2703.7198809523807
2018-07-28 09:00:00,3457,4385.760351317441,2323.428732095164,3453.798238095239
2018-07-28 10:00:00,3639,4183.411445783133,2477.803418986631,4106.055726190475
2018-07-28 11:00:00,4009,4475.547449967721,2598.179692438528,2756.768154761905
2018-07-28 12:00:00,4158,4725.081841432225,2717.3585957880405,3933.7475595238093
2018-07-28 13:00:00,4229,4727.435270805812,3234.769447600308,3608.1076904761894
2018-07-28 14:00:00,4175,4949.716550412175,3266.392472591693,3750.799797619048
2018-07-28 15:00:00,3948,5246.461338531514,3369.3754698691173,3912.2818095238104
2018-07-28 16:00:00,3974,5661.568824638592,3466.4517249320147,3794.519928571428
2018-07-28 17:00:00,4007,5329.677461139896,3562.003659423422,3771.4290357142854
2018-07-28 18:00:00,3657,4277.991792929293,3735.7750087725763,3940.099044372294
2018-07-28 19:00:00,3247,3279.4859154929577,3165.415610061023,3135.4224047619045
2018-07-28 20:00:00,2937,2836.232469993683,3225.5270912652736,2930.6660238095237
2018-07-28 20:00:00,2937,2836.232469993683,3599.9829780758005,2954.897523809524
2018-07-28 21:00:00,3001,2674.197988686361,3543.970016411662,3014.3300714285706
2018-07-28 22:00:00,3005,2201.658125,3607.1301387588933,2833.436214285714
2018-07-28 23:00:00,1968,1464.7486338797814,3637.1477659738875,2363.047559523811
2018-07-29 00:00:00,1487,840.2307692307693,1498.6097717204536,1660.0181468253968
2018-07-29 01:00:00,924,520.4200244200244,1515.679136101733,1015.4536507936507
2018-07-29 02:00:00,869,391.66360856269114,1595.9878648782337,694.4473333333334
2018-07-29 03:00:00,546,371.06679035250465,1741.0602786214467,438.8335952380953
2018-07-29 04:00:00,378,696.3011904761905,1767.0850263602333,429.4048928571429
2018-07-29 05:00:00,657,2071.845731707317,1845.107274279499,624.5880476190478
2018-07-29 06:00:00,1210,4163.973699940228,1936.848407342179,977.1372023809522
2018-07-29 07:00:00,1286,4748.809753160746,2241.171115315116,1175.0178928571431
2018-07-29 07:00:00,1286,4748.809753160746,2355.0271145307124,1171.238642857143
2018-07-29 08:00:00,1866,4611.336930455635,2305.5850697979945,2017.4911944444436
2018-07-29 08:00:00,1866,4611.336930455635,2191.729070582398,1978.7204325396824
2018-07-29 09:00:00,2855,4385.760351317441,2451.820663291466,2945.1894404761906
2018-07-29 10:00:00,3500,4183.411445783133,2555.0612248220154,3383.5179126984126
2018-07-29 11:00:00,3824,4475.547449967721,2673.7226376309854,3876.5015952380963
2018-07-29 12:00:00,4016,4725.081841432225,2797.474502694969,4096.10130952381
2018-07-29 13:00:00,4489,4727.435270805812,3244.0970024355065,3633.541392857143
2018-07-29 14:00:00,4435,4949.716550412175,3352.0340415702763,3770.174130952381
2018-07-29 15:00:00,4412,5246.461338531514,3111.065087241425,4481.083476190475
2018-07-29 15:00:00,4412,5246.461338531514,2736.609200430898,4481.083476190475
2018-07-29 16:00:00,4485,5661.568824638592,2950.123316412848,4190.542226190475
2018-07-29 16:00:00,4485,5661.568824638592,3324.579203223375,4195.550559523809
2018-07-29 16:00:00,4485,5661.568824638592,3746.6834741259927,4190.847226190475
2018-07-29 17:00:00,4146,5329.677461139896,3395.9325486423686,4061.822083943835
2018-07-29 17:00:00,4146,5329.677461139896,3021.4766618318417,4052.407083943834
2018-07-29 18:00:00,3947,4277.991792929293,3351.3510223569074,3779.0846428571426
2018-07-29 19:00:00,3604,3279.4859154929577,3201.148126528476,3076.117380952381
2018-07-29 20:00:00,3344,2836.232469993683,3113.4492109056337,2860.854369047618
2018-07-29 21:00:00,2794,2674.197988686361,3630.183205604553,2725.6015
2018-07-29 22:00:00,2084,2201.658125,3982.1187671389207,2040.7293333333332
2018-07-29 23:00:00,1224,1464.7486338797814,3717.835293095126,1301.8434285714288
2018-07-30 00:00:00,640,840.2307692307693,2329.905525967173,835.3178095238095
2018-07-30 01:00:00,384,520.4200244200244,2406.5939933863847,486.95285714285717
2018-07-30 02:00:00,317,391.66360856269114,2420.614716624683,313.33596825396836
2018-07-30 03:00:00,333,371.06679035250465,2577.6911548683847,349.482619047619
2018-07-30 04:00:00,915,696.3011904761905,2593.807818892482,875.0271666666667
2018-07-30 05:00:00,3051,2071.845731707317,2679.2611295977636,2677.350272727272
2018-07-30 06:00:00,5560,4163.973699940228,2773.6698236605525,5471.940321428571
2018-07-30 07:00:00,6313,4748.809753160746,2991.026310694116,5485.3527261904765
2018-07-30 07:00:00,6313,4748.809753160746,2877.170311478519,5509.6943928571445
2018-07-30 08:00:00,5427,4611.336930455635,3005.549267930743,5795.0032142857135
2018-07-30 09:00:00,4638,4385.760351317441,3240.121385575265,4493.514345238095
2018-07-30 10:00:00,4233,4183.411445783133,3384.642118425809,3822.266428571429
2018-07-30 11:00:00,4491,4475.547449967721,3520.6426777354845,4459.060619047619
2018-07-30 12:00:00,4522,4725.081841432225,3931.333212271952,4752.222083333334
2018-07-30 13:00:00,4625,4727.435270805812,4082.2521992539346,4872.644988095239
2018-07-30 14:00:00,4808,4949.716550412175,4184.663576317051,4986.58448015873
2018-07-30 15:00:00,5483,5246.461338531514,4238.1862633184255,4965.529499999997
2018-07-30 16:00:00,5632,5661.568824638592,4385.866069085991,5789.367749999999
2018-07-30 17:00:00,5590,5329.677461139896,3808.4691339364826,5645.602206349207
2018-07-30 18:00:00,4288,4277.991792929293,3905.54538899938,4284.486198412698
2018-07-30 19:00:00,3190,3279.4859154929577,3988.1405986331165,3139.4172261904755
2018-07-30 20:00:00,2911,2836.232469993683,4675.932520773832,2703.593142857143
2018-07-30 21:00:00,2431,2674.197988686361,4729.37509947781,2564.241007936507
2018-07-30 22:00:00,1742,2201.658125,4459.866935207839,1946.5141190476186
2018-07-30 23:00:00,1116,1464.7486338797814,4540.366204055776,1175.589380952381
2018-07-31 00:00:00,625,840.2307692307693,2399.1606488022326,673.0725238095237
2018-07-31 01:00:00,368,520.4200244200244,2474.515335721389,435.76180555555555
2018-07-31 02:00:00,299,391.66360856269114,2558.0632457123065,327.10817857142865
2018-07-31 03:00:00,352,371.06679035250465,2645.9935773462607,359.7473928571429
2018-07-31 04:00:00,819,696.3011904761905,2671.0656247278666,932.9450079365077
2018-07-31 05:00:00,2764,2071.845731707317,2751.183813432931,3024.2987619047617
2018-07-31 06:00:00,4240,4163.973699940228,2838.9236049954484,5642.007404761905
2018-07-31 07:00:00,5655,4748.809753160746,3308.8521624269747,6410.427738095238
2018-07-31 08:00:00,5960,4611.336930455635,3569.3750266974826,4880.908357142856
2018-07-31 09:00:00,4925,4385.760351317441,3336.8684083709213,4736.626690476191
2018-07-31 10:00:00,4455,4183.411445783133,3483.4850820072643,4250.3015476190485
2018-07-31 11:00:00,4727,4475.547449967721,3893.603996329424,4378.854246031746
2018-07-31 12:00:00,4998,4725.081841432225,4003.25589610712,4885.602535714286
2018-07-31 13:00:00,4875,4727.435270805812,4106.238893384544,4570.6352857142865
2018-07-31 14:00:00,4922,4949.716550412175,4208.840810519096,5212.654297619047
2018-07-31 15:00:00,5722,5246.461338531514,4351.37603435788,5865.313857142859
2018-07-31 16:00:00,6357,5661.568824638592,4456.64551249254,5909.795698412698
2018-07-31 17:00:00,5912,5329.677461139896,4511.1208998510965,5792.262571428574
2018-07-31 18:00:00,4740,4277.991792929293,4598.670151342178,4238.400126984127
2018-07-31 19:00:00,3288,3279.4859154929577,4676.882939332878,3279.5095952380966
2018-07-31 20:00:00,3076,2836.232469993683,4745.949803894636,2945.4453333333327
2018-07-31 21:00:00,2686,2674.197988686361,4797.105901741378,2773.398690476191
2018-07-31 22:00:00,2152,2201.658125,4552.5584868295655,2003.4295952380949
2018-07-31 23:00:00,1263,1464.7486338797814,4914.661303149769,1621.5116269841276
2018-08-01 00:00:00,662,840.2307692307693,2820.782037672285,787.8295714285715
2018-08-01 01:00:00,398,520.4200244200244,2989.5993451640943,450.0695833333334
2018-08-01 02:00:00,352,391.66360856269114,3073.9094154407585,351.9894761904762
2018-08-01 03:00:00,409,371.06679035250465,3087.4311336456926,379.84316666666666
2018-08-01 04:00:00,908,696.3011904761905,3178.0290262797544,893.281761904762
2018-08-01 05:00:00,3063,2071.845731707317,3057.8803545129917,2930.0872460317464
2018-08-01 05:00:00,3063,2071.845731707317,2683.424467702465,2908.323067460318
2018-08-01 06:00:00,5431,4163.973699940228,2814.404409275841,5505.604523809524
2018-08-01 06:00:00,5431,4163.973699940228,3188.8602960863677,5518.260023809525
2018-08-01 07:00:00,5853,4748.809753160746,3279.458188720431,6238.604412698416
2018-08-01 07:00:00,5853,4748.809753160746,2905.002301909904,6226.176746031747
2018-08-01 08:00:00,5873,4611.336930455635,3376.5344437833282,5917.438011904762
2018-08-01 09:00:00,5068,4385.760351317441,3425.491779492434,5168.076154761905
2018-08-01 09:00:00,5068,4385.760351317441,3446.3759148360195,5133.163666666666
2018-08-01 10:00:00,4665,4183.411445783133,3576.2250621859666,4466.810047619046
2018-08-01 11:00:00,4986,4475.547449967721,3970.8415997220714,4821.442103174603
2018-08-01 12:00:00,5141,4725.081841432225,4094.9745449289285,4882.211869047617
2018-08-01 13:00:00,4874,4727.435270805812,4225.573406359432,4909.107523809524
2018-08-01 14:00:00,5044,4949.716550412175,4287.7932745546705,5232.807178571428
2018-08-01 15:00:00,5655,5246.461338531514,4088.281947501543,5763.466714285714
2018-08-01 15:00:00,5655,5246.461338531514,3713.826060691016,5747.423916666668
2018-08-01 16:00:00,6455,5661.568824638592,4196.587620573996,6556.0589999999975
2018-08-01 17:00:00,5773,5329.677461139896,4560.336666537414,6258.715107142858
2018-08-01 18:00:00,4500,4277.991792929293,4627.688670456245,4623.416906926406
2018-08-01 19:00:00,3389,3279.4859154929577,4708.187939304183,3454.4655476190474
2018-08-01 20:00:00,2992,2836.232469993683,4495.910427464821,2915.4714285714285
2018-08-01 21:00:00,2559,2674.197988686361,4570.884034241104,2527.689642857143
2018-08-01 22:00:00,2344,2201.658125,4615.193135721327,1755.9296111111114
2018-08-01 23:00:00,1320,1464.7486338797814,4700.0748262123,1217.457488095238
2018-08-02 00:00:00,709,840.2307692307693,2599.078788336865,671.2617142857142
2018-08-02 01:00:00,413,520.4200244200244,2987.198954933904,378.9931507936508
2018-08-02 02:00:00,324,391.66360856269114,3072.6522656391853,284.20320634920637
2018-08-02 03:00:00,403,371.06679035250465,3164.583938773302,357.4578571428571
2018-08-02 04:00:00,887,696.3011904761905,3251.371029978639,872.4212741702743
2018-08-02 05:00:00,3091,2071.845731707317,3347.113504541482,2966.8535952380953
2018-08-02 06:00:00,5589,4163.973699940228,3432.5668152467633,5659.583785714286
2018-08-02 07:00:00,6435,4748.809753160746,3524.3079483094443,6401.179869047619
2018-08-02 08:00:00,5736,4611.336930455635,3618.9071824436696,5988.950333333333
2018-08-02 09:00:00,4976,4385.760351317441,3731.036103150038,5051.5417380952385
2018-08-02 10:00:00,4388,4183.411445783133,3847.737985570878,4620.054249999999
2018-08-02 11:00:00,4652,4475.547449967721,3955.2939445627744,4869.071785714285
2018-08-02 12:00:00,4977,4725.081841432225,4062.468823411797,4995.4438650793645
2018-08-02 13:00:00,4931,4727.435270805812,4170.405862546567,5009.854603174604
2018-08-02 14:00:00,5104,4949.716550412175,4251.108117671129,5296.375253968253
2018-08-02 15:00:00,5707,5246.461338531514,4362.474878091751,5799.1346785714295
2018-08-02 16:00:00,6303,5661.568824638592,4393.716822940264,6500.57088888889
2018-08-02 17:00:00,5783,5329.677461139896,4166.3981227551185,6299.616809523811
2018-08-02 18:00:00,4569,4277.991792929293,4267.094639175307,4643.861321428575
2018-08-02 19:00:00,3570,3279.4859154929577,4687.2320689861945,3456.3629588744584
2018-08-02 20:00:00,3103,2836.232469993683,4434.380999228581,3182.6290476190484
2018-08-02 21:00:00,3023,2674.197988686361,4490.818089401772,3000.485706349205
2018-08-02 22:00:00,2303,2201.658125,4557.407933034858,2158.6558333333332
2018-08-02 23:00:00,1379,1464.7486338797814,4627.481627627563,1342.2780432900431
2018-08-03 00:00:00,778,840.2307692307693,2505.7111596605255,792.7831190476192
2018-08-03 01:00:00,435,520.4200244200244,2586.0198884370266,516.0031776556774
2018-08-03 02:00:00,371,391.66360856269114,2685.573164428596,392.06762698412706
2018-08-03 03:00:00,398,371.06679035250465,2783.792659920113,422.56519047619054
2018-08-03 04:00:00,853,696.3011904761905,2888.6810579118996,898.0444523809525
2018-08-03 05:00:00,2900,2071.845731707317,2988.9964941892154,2813.1642976190474
2018-08-03 06:00:00,5265,4163.973699940228,3501.453304144138,5287.116023809522
2018-08-03 07:00:00,5783,4748.809753160746,3603.4836010643803,6223.809833333334
2018-08-03 08:00:00,5213,4611.336930455635,3045.5217532013785,5594.16946031746
2018-08-03 09:00:00,4577,4385.760351317441,3168.7019980510536,4881.912027777777
2018-08-03 10:00:00,4384,4183.411445783133,3138.289068051592,4638.380035714286
2018-08-03 10:00:00,4384,4183.411445783133,3512.7449548621184,4617.381059523811
2018-08-03 11:00:00,4820,4475.547449967721,3383.242295820536,4984.625285714285
2018-08-03 11:00:00,4820,4475.547449967721,3745.7121666408048,4979.196285714285
2018-08-03 11:00:00,4820,4475.547449967721,3757.698182631063,4974.7311666666665
2018-08-03 12:00:00,5073,4725.081841432225,3762.8476149904845,5400.540166666668
2018-08-03 13:00:00,5067,4727.435270805812,3466.739723049325,5313.895952380953
2018-08-03 14:00:00,5456,4949.716550412175,3581.3456646843656,5177.513079365079
2018-08-03 15:00:00,5646,5246.461338531514,3713.481292891549,5870.0030000000015
2018-08-03 16:00:00,5888,5661.568824638592,4654.943783280558,6134.665345238093
2018-08-03 17:00:00,5135,5329.677461139896,4765.929463558308,5442.5702694805195
2018-08-03 18:00:00,4753,4277.991792929293,4432.19141794284,4694.062035714286
2018-08-03 19:00:00,3767,3279.4859154929577,4957.020886335935,3765.842083333333
2018-08-03 20:00:00,3461,2836.232469993683,4162.659954633136,3155.5589880952384
2018-08-03 21:00:00,2632,2674.197988686361,4767.20319407084,3243.3870555555554
2018-08-03 21:00:00,2632,2674.197988686361,4788.087329414426,3295.291166666666
2018-08-03 21:00:00,2632,2674.197988686361,4413.631442603899,3259.3244841269834
2018-08-03 22:00:00,2594,2201.658125,4467.074021307877,2889.0088412698406
2018-08-03 22:00:00,2594,2201.658125,4841.529908118404,2855.729119047618
2018-08-03 22:00:00,2594,2201.658125,4820.645772774818,2938.8080079365072
2018-08-03 23:00:00,1833,1464.7486338797814,4736.504292200044,1850.843428571429
2018-08-03 23:00:00,1833,1464.7486338797814,4362.048405389517,2011.4665000000005
2018-08-04 00:00:00,1078,840.2307692307693,1263.9696489974983,1393.1601904761906
2018-08-04 00:00:00,1078,840.2307692307693,1638.4255358080252,1386.6637380952382
2018-08-04 01:00:00,668,520.4200244200244,1191.5139390895627,915.6594318181819
2018-08-04 01:00:00,668,520.4200244200244,1565.9698259000897,934.2613603896103
2018-08-04 02:00:00,519,391.66360856269114,1292.7820757240602,621.2734761904762
2018-08-04 03:00:00,362,371.06679035250465,1810.2897080064117,407.55982142857135
2018-08-04 04:00:00,423,696.3011904761905,1919.7510677126706,430.066880952381
2018-08-04 05:00:00,850,2071.845731707317,2427.6349159531214,896.0926428571427
2018-08-04 06:00:00,1427,4163.973699940228,2043.8047708715376,1471.6319444444446
2018-08-04 06:00:00,1427,4163.973699940228,2064.688906215123,1452.1471111111114
2018-08-04 07:00:00,1817,4748.809753160746,2355.1021889732074,2059.6329920634917
2018-08-04 08:00:00,2559,4611.336930455635,2420.4335246206488,2731.26328968254
2018-08-04 08:00:00,2559,4611.336930455635,2441.3176599642343,2718.4654087301587
2018-08-04 09:00:00,3477,4385.760351317441,2536.107434169896,3372.9528095238084
2018-08-04 10:00:00,3962,4183.411445783133,2434.7020796088264,3650.9519285714277
2018-08-04 11:00:00,4236,4475.547449967721,2728.9441723058676,4043.2417380952375
2018-08-04 11:00:00,4236,4475.547449967721,2740.930188296126,3903.4141904761905
2018-08-04 12:00:00,4263,4725.081841432225,2838.0064433590246,4504.883369047618
2018-08-04 12:00:00,4263,4725.081841432225,2826.0204273687664,4524.182345238094
2018-08-04 13:00:00,4552,4727.435270805812,2922.8881338499973,4590.956904761904
2018-08-04 13:00:00,4552,4727.435270805812,2902.003998506412,4591.49369047619
2018-08-04 13:00:00,4552,4727.435270805812,2910.902117859739,4582.76119047619
2018-08-04 14:00:00,4379,4949.716550412175,3006.4360438409158,4582.297976190476
2018-08-04 14:00:00,4379,4949.716550412175,2994.4500278506575,4571.519619047618
2018-08-04 15:00:00,4493,5246.461338531514,3407.7214838772916,3988.6536904761906
2018-08-04 16:00:00,4300,5661.568824638592,3512.9909620119515,4434.156261904763
2018-08-04 17:00:00,4602,5329.677461139896,3614.068558575013,4484.10792063492
2018-08-04 18:00:00,4087,4277.991792929293,3607.2149353414475,3926.0964285714294
2018-08-04 19:00:00,3237,3279.4859154929577,3713.0560336904173,3311.8006984126982
2018-08-04 20:00:00,2962,2836.232469993683,3806.130947253152,3248.575273809524
2018-08-04 21:00:00,2938,2674.197988686361,3553.089337424102,3209.151702380952
2018-08-04 22:00:00,2573,2201.658125,3964.4619239489175,2901.5106338383844
2018-08-04 23:00:00,2015,1464.7486338797814,3707.990592834014,2766.4942023809535
2018-08-05 00:00:00,1323,840.2307692307693,1521.8375200431367,1673.5918571428574
2018-08-05 01:00:00,812,520.4200244200244,1270.4866055678747,940.8069007936505
2018-08-05 02:00:00,689,391.66360856269114,1713.1319290973875,625.2619682539681
2018-08-05 03:00:00,396,371.06679035250465,1889.3261697014477,408.143619047619
2018-08-05 04:00:00,356,696.3011904761905,1893.7560941512038,351.6420952380952
2018-08-05 04:00:00,356,696.3011904761905,1540.1843426842622,345.234880952381
2018-08-05 05:00:00,504,2071.845731707317,1983.7823665709582,513.4452738095238
2018-08-05 06:00:00,962,4163.973699940228,1727.0963300954784,812.220654761905
2018-08-05 06:00:00,962,4163.973699940228,2080.66808156242,806.6846547619051
2018-08-05 07:00:00,1210,4748.809753160746,2378.5124271065206,1326.572238095238
2018-08-05 08:00:00,1903,4611.336930455635,2274.0584314024704,1911.638380952381
2018-08-05 09:00:00,3030,4385.760351317441,2469.4334240048734,2670.7539404761906
2018-08-05 10:00:00,3735,4183.411445783133,2600.425811783439,2696.0648690476187
2018-08-05 11:00:00,4072,4475.547449967721,2720.747955561569,3649.178357142856
2018-08-05 12:00:00,4454,4725.081841432225,3170.2285563736514,4213.05119047619
2018-08-05 13:00:00,4507,4727.435270805812,2939.670674974088,4535.803904761904
2018-08-05 14:00:00,4396,4949.716550412175,3446.601822857357,4619.779214285716
2018-08-05 15:00:00,4595,5246.461338531514,3123.15294109945,4495.606928571429
2018-08-05 16:00:00,4875,5661.568824638592,3209.368412090477,4419.1960317460325
2018-08-05 17:00:00,4555,5329.677461139896,3740.8667829838437,4221.829809523808
2018-08-05 18:00:00,4229,4277.991792929293,3829.9403550464153,3616.9893928571437
2018-08-05 19:00:00,3684,3279.4859154929577,3913.1071848944616,3236.0063333333346
2018-08-05 20:00:00,3316,2836.232469993683,3993.606453742398,2962.177313492064
2018-08-05 21:00:00,2735,2674.197988686361,4042.10743679422,2848.549214285714
2018-08-05 22:00:00,2109,2201.658125,4117.843203856249,2211.325114718615
2018-08-05 23:00:00,1560,1464.7486338797814,3777.4362557405084,1462.4827738095237
2018-08-06 00:00:00,703,840.2307692307693,2417.1347989708233,719.6189523809522
2018-08-06 01:00:00,421,520.4200244200244,2502.016489461796,421.2623492063493
2018-08-06 02:00:00,327,391.66360856269114,2600.490320241473,303.88519047619053
2018-08-06 03:00:00,375,371.06679035250465,2702.389797763302,340.46860714285714
2018-08-06 03:00:00,375,371.06679035250465,2588.5337985477054,345.0557023809524
2018-08-06 04:00:00,890,696.3011904761905,2779.0782651825134,856.8765833333331
2018-08-06 04:00:00,890,696.3011904761905,2665.222265966917,857.3750833333331
2018-08-06 05:00:00,3047,2071.845731707317,3062.2510252260163,2824.7864047619055
2018-08-06 05:00:00,3047,2071.845731707317,2948.3950260104198,2908.1789999999996
2018-08-06 06:00:00,5580,4163.973699940228,2832.318085948753,5474.614025974027
2018-08-06 06:00:00,5580,4163.973699940228,2946.1740851643494,5332.574740259741
2018-08-06 07:00:00,6280,4748.809753160746,2967.0546992770896,6179.006619047619
2018-08-06 07:00:00,6280,4748.809753160746,3080.910698492686,6061.213261904763
2018-08-06 08:00:00,5582,4611.336930455635,3131.5020313310524,5247.765595238095
2018-08-06 08:00:00,5582,4611.336930455635,3245.358030546649,5288.864761904761
2018-08-06 09:00:00,4694,4385.760351317441,3318.0395654664394,4677.952583333334
2018-08-06 09:00:00,4694,4385.760351317441,3431.8955646820364,4656.656916666666
2018-08-06 10:00:00,4357,4183.411445783133,3472.0748556836124,4126.971357142857
2018-08-06 11:00:00,4432,4475.547449967721,3885.4795877775027,4366.566722222223
2018-08-06 12:00:00,4606,4725.081841432225,3970.754804616537,4686.994095238095
2018-08-06 13:00:00,4669,4727.435270805812,4008.665651965321,4873.760178571427
2018-08-06 14:00:00,4814,4949.716550412175,4128.987795743452,5307.53219047619
2018-08-06 15:00:00,5395,5246.461338531514,4245.8802182357285,5593.272535714286
2018-08-06 16:00:00,6651,5661.568824638592,4428.7974910138255,5534.827603174603
2018-08-06 17:00:00,5590,5329.677461139896,4453.179993290631,5619.2153333333345
2018-08-06 18:00:00,4308,4277.991792929293,4546.254906853365,4233.063095238094
2018-08-06 19:00:00,3314,3279.4859154929577,4702.496569630377,3319.955833333333
2018-08-06 20:00:00,2795,2836.232469993683,4347.9896562283475,2883.063261904762
2018-08-06 21:00:00,2330,2674.197988686361,4543.090016280685,2472.818833333333
2018-08-06 22:00:00,1723,2201.658125,4810.899420742779,1805.8455714285715
2018-08-06 23:00:00,1148,1464.7486338797814,4483.5671223752,1096.5992857142855
2018-08-07 00:00:00,606,840.2307692307693,2415.890095374439,681.7491190476192
2018-08-07 01:00:00,376,520.4200244200244,2429.720278541302,419.45466666666675
2018-08-07 02:00:00,288,391.66360856269114,2509.0763069606205,287.342119047619
2018-08-07 03:00:00,362,371.06679035250465,2605.1998616663363,389.029761904762
2018-08-07 04:00:00,912,696.3011904761905,2688.557231585819,900.2099047619046
2018-08-07 05:00:00,3153,2071.845731707317,2781.441605077118,2987.231452380952
2018-08-07 06:00:00,5814,4163.973699940228,2878.136779997143,5550.992392857144
2018-08-07 06:00:00,5814,4163.973699940228,3321.125186243346,5499.048333333336
2018-08-07 10:00:00,4416,4183.411445783133,3806.4731013744413,4071.669130952381
2018-08-07 11:00:00,4515,4475.547449967721,3649.5728252819013,4802.291833333334
2018-08-07 11:00:00,4515,4475.547449967721,3637.586809291643,4800.774333333334
2018-08-07 12:00:00,4940,4725.081841432225,3643.1002821912093,4975.80217063492
2018-08-07 12:00:00,4940,4725.081841432225,3631.114266200951,4886.068146825397
2018-08-07 13:00:00,4726,4727.435270805812,3866.2090638371837,4990.92575
2018-08-07 13:00:00,4726,4727.435270805812,3854.2230478469255,4891.9585595238095
2018-08-07 13:00:00,4726,4727.435270805812,3491.753177026657,5014.741416666667
2018-08-07 14:00:00,5040,4949.716550412175,3841.8437625417073,5326.711976190476
2018-08-07 14:00:00,5040,4949.716550412175,3853.8297785319655,5296.48780952381
2018-08-07 15:00:00,5555,5246.461338531514,3867.7867065535393,5807.666607142855
2018-08-07 15:00:00,5555,5246.461338531514,3493.3308197430124,5803.54676190476
2018-08-07 16:00:00,6471,5661.568824638592,4427.3622473460055,6717.620119047617
2018-08-07 17:00:00,5656,5329.677461139896,4525.962822980394,6187.027892857142
2018-08-07 18:00:00,4121,4277.991792929293,4632.5660816151085,4611.8105476190485
2018-08-07 19:00:00,3272,3279.4859154929577,4731.166657249498,3539.0874166666654
2018-08-07 20:00:00,2888,2836.232469993683,4802.710542739926,3042.6775238095224
2018-08-07 21:00:00,2532,2674.197988686361,4780.601267586266,2855.275785714286
2018-08-07 22:00:00,1771,2201.658125,4539.62747747443,1932.264797619048
2018-08-07 23:00:00,1168,1464.7486338797814,4520.430433066082,1382.7086666666669
2018-08-08 00:00:00,643,840.2307692307693,2394.087003384572,700.3877817460321
2018-08-08 01:00:00,393,520.4200244200244,2474.7768123039464,427.9088015873016
2018-08-08 02:00:00,295,391.66360856269114,3010.840132112883,304.1936904761905
2018-08-08 02:00:00,295,391.66360856269114,2567.85172586668,303.8911428571428
2018-08-08 03:00:00,374,371.06679035250465,2640.538851785728,389.76145238095245
2018-08-08 04:00:00,912,696.3011904761905,2843.8495032067694,943.1200198412697
2018-08-08 04:00:00,912,696.3011904761905,2729.993503991173,942.0258730158728
2018-08-08 05:00:00,3119,2071.845731707317,2909.2363857382143,2994.089087301587
2018-08-08 06:00:00,5730,4163.973699940228,2918.2392719024433,5889.49711111111
2018-08-08 07:00:00,6430,4748.809753160746,3018.173628036885,6391.039869047619
2018-08-08 08:00:00,5864,4611.336930455635,3131.6363292433075,5976.759383116883
2018-08-08 09:00:00,4902,4385.760351317441,3329.4883427743844,4960.6707380952375
2018-08-08 10:00:00,4610,4183.411445783133,3478.3914972679645,4557.778571428572
2018-08-08 11:00:00,4838,4475.547449967721,3614.9095471181827,4801.303452380952
2018-08-08 12:00:00,5004,4725.081841432225,4076.9657926450627,4904.182301587303
2018-08-08 13:00:00,4741,4727.435270805812,3866.4146187463143,4808.46313095238
2018-08-08 14:00:00,5128,4949.716550412175,3984.0692015243358,5093.389095238093
2018-08-08 15:00:00,5798,5246.461338531514,4390.948934632077,5512.2341071428555
2018-08-08 16:00:00,6652,5661.568824638592,4205.27840179409,6173.032404761904
2018-08-08 17:00:00,6043,5329.677461139896,4298.543855428263,5964.856595238094
2018-08-08 18:00:00,4806,4277.991792929293,4680.653379249279,4492.639928571428
2018-08-08 19:00:00,3655,3279.4859154929577,4810.4224183018305,3399.59586904762
2018-08-08 20:00:00,3130,2836.232469993683,4961.519499150061,3110.6929801587285
2018-08-08 21:00:00,3267,2674.197988686361,4935.789962639111,2787.6364642857143
2018-08-08 22:00:00,2711,2201.658125,4672.97667949304,2183.6485476190483
2018-08-08 23:00:00,1478,1464.7486338797814,4728.759868728021,1422.3635238095237
2018-08-09 00:00:00,801,840.2307692307693,2601.0826585464574,701.4839603174603
2018-08-09 01:00:00,482,520.4200244200244,2268.5816129609584,489.95102380952375
2018-08-09 02:00:00,336,391.66360856269114,2336.88631723697,315.1514523809524
2018-08-09 02:00:00,336,391.66360856269114,2690.4580687039115,314.28140476190475
2018-08-09 03:00:00,379,371.06679035250465,2426.9125896567243,398.69307936507937
2018-08-09 03:00:00,379,371.06679035250465,2780.4843411236657,402.4643571428572
2018-08-09 04:00:00,936,696.3011904761905,3064.4192614529143,892.032369047619
2018-08-09 04:00:00,936,696.3011904761905,3178.275260668511,894.5144404761903
2018-08-09 05:00:00,3022,2071.845731707317,3132.342885586054,2942.975928571429
2018-08-09 05:00:00,3022,2071.845731707317,3246.198884801651,2969.276726190475
2018-08-09 06:00:00,5423,4163.973699940228,3191.133032495437,5627.770107142856
2018-08-09 06:00:00,5423,4163.973699940228,3304.989031711034,5583.2461785714295
2018-08-09 07:00:00,6313,4748.809753160746,3112.1989601586665,6346.827857142855
2018-08-09 07:00:00,6313,4748.809753160746,3226.0549593742635,6302.185499999998
2018-08-09 08:00:00,5908,4611.336930455635,3241.041277477665,5651.655702380951
2018-08-09 08:00:00,5908,4611.336930455635,3354.8972766932616,5623.488666666666
2018-08-09 09:00:00,4788,4385.760351317441,3439.083831080178,5025.30311904762
2018-08-09 10:00:00,4517,4183.411445783133,3570.457299001615,4608.265107142856
2018-08-09 11:00:00,4675,4475.547449967721,3711.738850637743,5224.168400793651
2018-08-09 12:00:00,4927,4725.081841432225,3838.348816773272,5148.099238095238
2018-08-09 13:00:00,4990,4727.435270805812,4226.419212482582,5107.261714285714
2018-08-09 14:00:00,5155,4949.716550412175,4333.594091331606,5430.390142857143
2018-08-09 15:00:00,5654,5246.461338531514,4476.129315170389,5874.5945357142855
2018-08-09 16:00:00,6532,5661.568824638592,4581.779873447924,6434.82563095238
2018-08-09 17:00:00,5871,5329.677461139896,4752.31204158266,5842.73617857143
2018-08-09 18:00:00,4426,4277.991792929293,4708.7518466540905,4819.132619047619
2018-08-09 19:00:00,3530,3279.4859154929577,4827.469561563334,3563.4814404761914
2018-08-09 20:00:00,3290,2836.232469993683,4855.650419063677,3251.1335000000004
2018-08-09 21:00:00,3176,2674.197988686361,4615.294885723463,3182.482511904762
2018-08-09 22:00:00,2420,2201.658125,4684.307620611453,2358.3553849206346
2018-08-09 23:00:00,1406,1464.7486338797814,5126.889834340562,1405.100357142857
2018-08-10 00:00:00,731,840.2307692307693,2613.5568400934885,809.9635
2018-08-10 01:00:00,471,520.4200244200244,2694.0561089414264,572.885
2018-08-10 02:00:00,374,391.66360856269114,2708.83899246547,345.2953571428571
2018-08-10 03:00:00,404,371.06679035250465,2792.005822313515,414.32933333333335
2018-08-10 04:00:00,818,696.3011904761905,2872.3145510900167,858.6291352813853
2018-08-10 05:00:00,2854,2071.845731707317,3070.4806205822765,2778.0240476190475
2018-08-10 05:00:00,2854,2071.845731707317,2956.62462136668,2784.8642142857148
2018-08-10 06:00:00,5227,4163.973699940228,3039.60091114329,5169.883757936507
2018-08-10 07:00:00,5950,4748.809753160746,3146.721660318547,6265.787357142856
2018-08-10 08:00:00,5211,4611.336930455635,3271.426225739712,5439.387238095236
2018-08-10 09:00:00,4584,4385.760351317441,3486.9984659143674,4817.834642857144
2018-08-10 10:00:00,4512,4183.411445783133,3604.5166382947195,4688.164488095238
2018-08-10 11:00:00,4796,4475.547449967721,3752.0318826144785,5358.629968253967
2018-08-10 12:00:00,4941,4725.081841432225,3870.3122152805754,5649.1740714285725
2018-08-10 13:00:00,5053,4727.435270805812,3994.7721109565387,5523.90007142857
2018-08-10 14:00:00,5367,4949.716550412175,4381.699266237232,5662.535547619049
2018-08-10 15:00:00,5684,5246.461338531514,4486.397124157583,5933.136595238093
2018-08-10 16:00:00,5868,5661.568824638592,4581.186898363245,6020.587642857141
2018-08-10 17:00:00,5309,5329.677461139896,4729.628864416556,5328.954011904762
2018-08-10 18:00:00,4616,4277.991792929293,4481.922376587721,4568.285785714288
2018-08-10 19:00:00,3713,3279.4859154929577,4886.054440397958,3842.2600476190464
2018-08-10 20:00:00,3344,2836.232469993683,4623.866907139964,3183.362071428571
2018-08-10 21:00:00,3374,2674.197988686361,4664.92438120058,3210.6053452380957
2018-08-10 22:00:00,3117,2201.658125,4713.793998190085,2760.0002857142867
2018-08-10 23:00:00,2271,1464.7486338797814,4780.95546203748,1853.287119047619
2018-08-11 00:00:00,1412,840.2307692307693,1499.8163956026483,1089.6190833333337
2018-08-11 01:00:00,831,520.4200244200244,1582.0305250935116,898.6278127705626
2018-08-11 02:00:00,665,391.66360856269114,1597.3850288318645,663.3399246031748
2018-08-11 03:00:00,423,371.06679035250465,2126.3983659976584,421.3777738095239
2018-08-11 03:00:00,423,371.06679035250465,1683.4099597514553,441.05510714285714
2018-08-11 04:00:00,459,696.3011904761905,1831.149934494777,418.13485714285713
2018-08-11 05:00:00,876,2071.845731707317,1854.6976613048912,842.9923214285711
2018-08-11 05:00:00,876,2071.845731707317,2297.6860675510943,834.0051785714282
2018-08-11 05:00:00,876,2071.845731707317,1968.553660520488,792.6319404761904
2018-08-11 06:00:00,1560,4163.973699940228,1943.5806932960277,1439.806428571429
2018-08-11 07:00:00,2004,4748.809753160746,2036.6556068587627,1584.9808253968254
2018-08-11 07:00:00,2004,4748.809753160746,2150.5116060743594,1641.6317539682545
2018-08-11 08:00:00,2806,4611.336930455635,2157.876321320307,2206.93905952381
2018-08-11 09:00:00,3514,4385.760351317441,2300.3552430588184,3129.7577499999998
2018-08-11 10:00:00,3971,4183.411445783133,2878.527918655186,3553.8553333333325
2018-08-11 11:00:00,4198,4475.547449967721,2649.777972083584,4121.037357142855
2018-08-11 12:00:00,4310,4725.081841432225,2769.719035718842,4493.5024523809525
2018-08-11 13:00:00,4262,4727.435270805812,2890.422259639845,4549.996702380953
2018-08-11 14:00:00,4280,4949.716550412175,3371.8205182681963,4093.0084722222214
2018-08-11 15:00:00,4188,5246.461338531514,3103.819316980709,4389.611273809523
2018-08-11 16:00:00,4305,5661.568824638592,3200.895572043608,4297.925861111112
2018-08-11 17:00:00,4134,5329.677461139896,3743.254727008845,4545.178952380951
2018-08-11 18:00:00,3920,4277.991792929293,3795.9475916322663,4153.2980919913425
2018-08-11 19:00:00,3567,3279.4859154929577,3461.2568456596155,3268.1645952380954
2018-08-11 20:00:00,3362,2836.232469993683,3525.5602084354646,3092.2822738095238
2018-08-11 21:00:00,3378,2674.197988686361,3583.956828996788,2977.2270357142866
2018-08-11 22:00:00,3167,2201.658125,3969.9875860205716,2780.0753005050506
2018-08-11 23:00:00,2511,1464.7486338797814,3630.2701830096307,2655.6761071428573
2018-08-11 23:00:00,2511,1464.7486338797814,3744.1261822252272,2557.5434404761913
2018-08-12 00:00:00,1406,840.2307692307693,1499.7348717565228,1748.0480595238093
2018-08-12 01:00:00,868,520.4200244200244,1577.9476597472235,1087.6638174603177
2018-08-12 01:00:00,868,520.4200244200244,2020.9360659934266,1072.101857142857
2018-08-12 02:00:00,678,391.66360856269114,1662.6388101667603,698.9313571428571
2018-08-12 03:00:00,392,371.06679035250465,1745.043479729061,429.35755555555545
2018-08-12 03:00:00,392,371.06679035250465,1858.8994789446574,436.3028055555556
2018-08-12 04:00:00,365,696.3011904761905,1835.26029222025,390.0763214285714
2018-08-12 04:00:00,365,696.3011904761905,1949.1162914358467,380.6807023809524
2018-08-12 05:00:00,529,2071.845731707317,1922.8095437113325,560.4809047619048
2018-08-12 06:00:00,984,4163.973699940228,2129.9309965611,925.7275714285711
2018-08-12 06:00:00,984,4163.973699940228,2016.0749973455036,933.2996666666666
2018-08-12 07:00:00,1196,4748.809753160746,2213.0978264091455,1304.6067976190477
2018-08-12 07:00:00,1196,4748.809753160746,2099.2418271935485,1341.6882380952384
2018-08-12 08:00:00,1850,4611.336930455635,2232.8476462984554,2061.2925
2018-08-12 08:00:00,1850,4611.336930455635,2675.8360525446583,2043.935130952381
2018-08-12 09:00:00,2713,4385.760351317441,2371.134686465368,2802.082619047619
2018-08-12 09:00:00,2713,4385.760351317441,2814.1230927115707,2768.015119047619
2018-08-12 10:00:00,3534,4183.411445783133,2592.559539180783,3513.8255357142853
2018-08-12 11:00:00,3856,4475.547449967721,2711.4114920611887,3457.93169047619
2018-08-12 12:00:00,4037,4725.081841432225,2842.3497501659867,4275.546130952381
2018-08-12 13:00:00,4522,4727.435270805812,2955.431371229537,4537.45938095238
2018-08-12 14:00:00,4468,4949.716550412175,3057.7063378949824,4423.455976190477
2018-08-12 15:00:00,4351,5246.461338531514,3159.7366348152245,4484.25223809524
2018-08-12 16:00:00,4466,5661.568824638592,3277.146547848043,4406.214107142858
2018-08-12 17:00:00,4313,5329.677461139896,3371.5552419108326,4348.730988095239
2018-08-12 18:00:00,4012,4277.991792929293,3790.222480823996,4169.696690476191
2018-08-12 19:00:00,3658,3279.4859154929577,3535.602420749688,3375.307845238095
2018-08-12 20:00:00,3151,2836.232469993683,3598.8166727706866,3124.4494047619046
2018-08-12 21:00:00,2708,2674.197988686361,3653.974112117591,2999.844817460317
2018-08-12 22:00:00,1930,2201.658125,3716.6990246481832,2209.5469880952382
2018-08-12 23:00:00,1282,1464.7486338797814,3785.4389387408346,1332.5933809523806
2018-08-13 00:00:00,651,840.2307692307693,2420.373980185241,724.5476190476189
2018-08-13 01:00:00,434,520.4200244200244,2511.3529529621765,424.84184920634937
2018-08-13 02:00:00,355,391.66360856269114,2601.569765453367,310.2980357142858
2018-08-13 03:00:00,348,371.06679035250465,2694.8352190875385,354.12990079365073
2018-08-13 04:00:00,924,696.3011904761905,2777.811508864147,858.9463809523809
2018-08-13 05:00:00,3025,2071.845731707317,2860.406718497884,2878.3873809523798
2018-08-13 06:00:00,5546,4163.973699940228,2952.147851560565,5454.025714285716
2018-08-13 07:00:00,6383,4748.809753160746,3047.890326123408,5678.471333333332
2018-08-13 08:00:00,5642,4611.336930455635,3154.11250461525,5042.853321428572
2018-08-13 09:00:00,4714,4385.760351317441,3281.6751711079614,4551.511071428571
2018-08-13 10:00:00,4216,4183.411445783133,3415.525659958071,4284.555595238095
2018-08-13 11:00:00,4440,4475.547449967721,3563.2314443492664,4586.537101731602
2018-08-13 12:00:00,4673,4725.081841432225,4052.68651565171,4793.26030952381
2018-08-13 13:00:00,4494,4727.435270805812,3803.929861579293,4929.5695000000005
2018-08-13 14:00:00,4811,4949.716550412175,4199.948810615164,5203.761876984126
2018-08-13 15:00:00,5245,5246.461338531514,4013.1350373485593,5641.359821428573
2018-08-13 16:00:00,6163,5661.568824638592,4107.162651268476,6292.686130952381
2018-08-13 17:00:00,5603,5329.677461139896,4492.130276161039,5823.1361428571445
2018-08-13 18:00:00,4077,4277.991792929293,4581.584928366484,4346.857944444445
2018-08-13 19:00:00,3247,3279.4859154929577,4378.140039211152,3310.4888333333342
2018-08-13 20:00:00,2835,2836.232469993683,4444.729882844237,2870.45211904762
2018-08-13 21:00:00,2615,2674.197988686361,4489.217078190708,2514.7754682539685
2018-08-13 22:00:00,1823,2201.658125,4541.761086211271,1745.2162142857142
2018-08-13 23:00:00,1117,1464.7486338797814,4625.3089962021895,1146.5323650793653
2018-08-14 00:00:00,571,840.2307692307693,2510.5885108782963,667.4059047619048
2018-08-14 01:00:00,394,520.4200244200244,2926.343519046148,489.31360714285717
2018-08-14 02:00:00,284,391.66360856269114,2679.589731574496,329.18540873015877
2018-08-14 03:00:00,340,371.06679035250465,3176.0411755287664,379.0939880952381
2018-08-14 04:00:00,940,696.3011904761905,3141.626904029142,861.8040238095236
2018-08-14 05:00:00,3184,2071.845731707317,3271.3959430816917,2985.738135281385
2018-08-14 06:00:00,5702,4163.973699940228,3000.01584983744,5489.866067460319
2018-08-14 07:00:00,6573,4748.809753160746,3038.4723387769027,6141.189404761905
2018-08-14 08:00:00,5841,4611.336930455635,3226.41626859329,5197.532499999999
2018-08-14 09:00:00,4766,4385.760351317441,3772.979751335316,4632.546244588743
2018-08-14 10:00:00,4478,4183.411445783133,3892.3491947562643,4192.660380952381
2018-08-14 11:00:00,4741,4475.547449967721,4008.8605371056674,4482.0836269841275
2018-08-14 12:00:00,4996,4725.081841432225,4162.895827322841,4884.659
2018-08-14 13:00:00,4832,4727.435270805812,3825.549966555269,4777.30607142857
2018-08-14 14:00:00,4985,4949.716550412175,4343.532438581845,4873.435432539682
2018-08-14 15:00:00,5672,5246.461338531514,4454.137038716723,5458.863238095239
2018-08-14 16:00:00,6373,5661.568824638592,3880.7414450673778,6401.102714285715
2018-08-14 17:00:00,6014,5329.677461139896,4539.202642412087,5828.832571428572
2018-08-14 18:00:00,4525,4277.991792929293,4071.261247630694,4058.8508571428574
2018-08-14 19:00:00,3423,3279.4859154929577,4891.93325925181,3421.334964285715
2018-08-14 20:00:00,3046,2836.232469993683,4869.57766160889,2958.4889285714285
2018-08-14 21:00:00,2784,2674.197988686361,4911.028662017568,3043.3436984126974
2018-08-14 22:00:00,2287,2201.658125,4566.048752187356,2265.377626984127
2018-08-14 23:00:00,2772,1464.7486338797814,4980.851059998025,1387.2859523809523
2018-08-15 00:00:00,793,840.2307692307693,2644.332686129999,657.089380952381
2018-08-15 01:00:00,492,520.4200244200244,2608.3254630591737,413.2066666666666
2018-08-15 02:00:00,335,391.66360856269114,3097.7269243703,384.83820238095245
2018-08-15 03:00:00,403,371.06679035250465,2773.515882326647,391.01391269841275
2018-08-15 04:00:00,948,696.3011904761905,2856.492172103256,903.6304880952381
2018-08-15 05:00:00,3181,2071.845731707317,2931.46577887954,2880.8417341269837
2018-08-15 06:00:00,5767,4163.973699940228,3016.538009441949,5190.655333333332
2018-08-15 07:00:00,6561,4748.809753160746,3247.332189162102,6178.122246031748
2018-08-15 08:00:00,5930,4611.336930455635,3225.171564996906,4814.436194444443
2018-08-15 09:00:00,4672,4385.760351317441,3761.4458838813694,4979.696738095237
2018-08-15 10:00:00,4638,4183.411445783133,3480.106357910891,4568.131833333334
2018-08-15 11:00:00,4979,4475.547449967721,3896.513094590449,4950.001095238095
2018-08-15 12:00:00,5016,4725.081841432225,3738.661412182167,4977.947809523811
2018-08-15 13:00:00,4841,4727.435270805812,3845.83629103119,4867.782226190477
2018-08-15 14:00:00,4968,4949.716550412175,4287.123668771511,4996.971341269842
2018-08-15 15:00:00,5428,5246.461338531514,4063.9968501579638,5490.087809523811
2018-08-15 16:00:00,5541,5661.568824638592,4496.328844540776,6467.720924603175
2018-08-15 17:00:00,5920,5329.677461139896,4542.801548899008,6108.938404761906
2018-08-15 18:00:00,4545,4277.991792929293,4682.859751809119,4587.633571428571
2018-08-15 19:00:00,3358,3279.4859154929577,4426.197880622778,3581.059714285715
2018-08-15 20:00:00,3133,2836.232469993683,4788.110156871545,3057.2932896825405
2018-08-15 21:00:00,2687,2674.197988686361,4568.4693616441255,2978.527845238096
2018-08-15 22:00:00,1742,2201.658125,4996.951610086944,2361.856103174604
2018-08-15 23:00:00,1051,1464.7486338797814,4693.5099555123,1245.6224325396824
2018-08-16 00:00:00,652,840.2307692307693,2569.0719265451535,697.2744126984127
2018-08-16 01:00:00,399,520.4200244200244,2930.603122651048,447.44800000000004
2018-08-16 02:00:00,300,391.66360856269114,2728.546143669537,323.7090454545454
2018-08-16 03:00:00,412,371.06679035250465,2816.6670153749274,418.75288888888883
2018-08-16 04:00:00,977,696.3011904761905,2907.455448080427,904.0142857142856
2018-08-16 05:00:00,3150,2071.845731707317,3275.27446654372,2937.4072857142855
2018-08-16 06:00:00,5386,4163.973699940228,3015.313245167205,5670.331488095239
2018-08-16 07:00:00,6494,4748.809753160746,3103.434116872596,6293.646095238091
2018-08-16 08:00:00,5847,4611.336930455635,3616.916242365645,5807.186055555554
2018-08-16 09:00:00,4976,4385.760351317441,3715.215846154557,4866.180261904763
2018-08-16 10:00:00,4466,4183.411445783133,3857.259558076429,4518.675845238096
2018-08-16 11:00:00,4574,4475.547449967721,3692.738973167877,5058.939797619047
2018-08-16 12:00:00,4961,4725.081841432225,3817.06245844617,5117.50157142857
2018-08-16 13:00:00,4785,4727.435270805812,4334.854390401309,5410.017857142858
2018-08-16 14:00:00,4927,4949.716550412175,4438.980628107352,5344.198107142857
2018-08-16 15:00:00,5729,5246.461338531514,3846.912107457246,5735.725309523809
2018-08-16 16:00:00,6272,5661.568824638592,4297.294301401237,6354.902428571429
2018-08-16 16:00:00,6272,5661.568824638592,3922.8384145907103,6315.63992857143
2018-08-16 17:00:00,5928,5329.677461139896,4214.739967707177,5912.855468253968
2018-08-16 18:00:00,4580,4277.991792929293,4310.291902198584,4619.417261904763
2018-08-16 19:00:00,3725,3279.4859154929577,4572.708240660715,3503.9933095238102
2018-08-16 20:00:00,3205,2836.232469993683,4538.415878232817,3189.6682857142855
2018-08-16 21:00:00,3090,2674.197988686361,5001.141729542856,3097.7880952380942
2018-08-16 22:00:00,2377,2201.658125,4778.078706146035,2347.1283690476184
2018-08-16 23:00:00,1380,1464.7486338797814,4679.519006451323,1428.7036666666663
2018-08-17 00:00:00,809,840.2307692307693,2564.723248613018,830.2138571428571
2018-08-17 01:00:00,449,520.4200244200244,2616.335699117043,523.9063333333334
2018-08-17 02:00:00,363,391.66360856269114,2702.9322502509435,345.8808571428571
2018-08-17 02:00:00,363,391.66360856269114,3145.9206564971464,347.2631904761904
2018-08-17 03:00:00,408,371.06679035250465,2834.8107625077346,411.4098333333334
2018-08-17 04:00:00,899,696.3011904761905,2885.0807358762504,847.6639166666665
2018-08-17 05:00:00,2821,2071.845731707317,2970.5340465815325,2742.4700476190483
2018-08-17 06:00:00,5243,4163.973699940228,3098.9828375524694,5244.350305555554
2018-08-17 07:00:00,5994,4748.809753160746,3297.7205272590386,6193.272261904764
2018-08-17 07:00:00,5994,4748.809753160746,3183.864528043442,6190.943595238095
2018-08-17 08:00:00,5406,4611.336930455635,3337.2605359540967,5646.683000000002
2018-08-17 09:00:00,4719,4385.760351317441,3753.222397274057,4834.884166666667
2018-08-17 10:00:00,4510,4183.411445783133,4003.320206971783,4629.092107142858
2018-08-17 11:00:00,4948,4475.547449967721,4132.216653964549,5049.191066017318
2018-08-17 12:00:00,5076,4725.081841432225,4278.439801252831,5326.035857142855
2018-08-17 13:00:00,5027,4727.435270805812,4391.1403421735085,5347.675428571428
2018-08-17 14:00:00,5289,4949.716550412175,4488.978757522151,5487.414000000001
2018-08-17 15:00:00,5581,5246.461338531514,4561.868869717824,5935.059452380951
2018-08-17 16:00:00,5734,5661.568824638592,4253.663193674823,6196.388833333333
2018-08-17 17:00:00,5141,5329.677461139896,4801.357470640278,5530.473364718613
2018-08-17 18:00:00,4536,4277.991792929293,4450.292724729292,4693.694404761905
2018-08-17 19:00:00,3703,3279.4859154929577,4527.933892505684,3786.732880952381
2018-08-17 20:00:00,3279,2836.232469993683,4599.66831806755,3164.5234523809527
2018-08-17 21:00:00,3177,2674.197988686361,4642.05957262822,3153.065904761905
2018-08-17 22:00:00,2903,2201.658125,4715.191573906865,2924.8445833333326
2018-08-17 23:00:00,2126,1464.7486338797814,4693.517508569845,2282.126119047619
2018-08-18 00:00:00,1569,840.2307692307693,1413.9027627065038,1430.6643571428574
2018-08-18 01:00:00,806,520.4200244200244,1497.4506726974214,977.4136818181821
2018-08-18 02:00:00,598,391.66360856269114,2025.320769434597,659.2846428571429
2018-08-18 02:00:00,598,391.66360856269114,1582.332363188394,663.4650238095237
2018-08-18 03:00:00,448,371.06679035250465,1663.022172107768,429.83519047619046
2018-08-18 03:00:00,448,371.06679035250465,1776.8781713233648,431.78865476190475
2018-08-18 04:00:00,523,696.3011904761905,1749.428183170231,386.22192857142863
2018-08-18 04:00:00,523,696.3011904761905,1863.2841823858278,398.39226190476205
2018-08-18 05:00:00,940,2071.845731707317,2157.6988066440745,794.2415714285713
2018-08-18 05:00:00,940,2071.845731707317,2043.8428074284782,810.9124999999997
2018-08-18 06:00:00,1648,4163.973699940228,1934.053689724211,1411.1462619047625
2018-08-18 06:00:00,1648,4163.973699940228,2047.9096889398077,1365.939507936508
2018-08-18 07:00:00,2229,4748.809753160746,2016.2678192150743,1911.345801587301
2018-08-18 07:00:00,2229,4748.809753160746,2130.123818430671,1899.2419444444447
2018-08-18 08:00:00,2987,4611.336930455635,2139.066983921877,2418.05280952381
2018-08-18 08:00:00,2987,4611.336930455635,2252.9229831374737,2442.04180952381
2018-08-18 09:00:00,3922,4385.760351317441,2263.1457994549683,3399.375809523809
2018-08-18 09:00:00,3922,4385.760351317441,2377.0017986705648,3411.6611190476187
2018-08-18 10:00:00,5146,4183.411445783133,2838.6509140512267,3698.8133928571415
2018-08-18 10:00:00,5146,4183.411445783133,2395.662507805024,4086.7850595238087
2018-08-18 11:00:00,4916,4475.547449967721,2599.040183407753,4117.621992063491
2018-08-18 12:00:00,4448,4725.081841432225,2804.034166470219,4430.975329365078
2018-08-18 13:00:00,4438,4727.435270805812,3100.938257862327,4589.122
2018-08-18 14:00:00,4710,4949.716550412175,2964.8242462018193,4651.413904761906
2018-08-18 15:00:00,4893,5246.461338531514,3651.7540970972823,4048.074619047619
2018-08-18 16:00:00,4897,5661.568824638592,3169.0753801137407,4482.797480158732
2018-08-18 17:00:00,4664,5329.677461139896,3258.720572390622,4311.8663809523805
2018-08-18 18:00:00,4157,4277.991792929293,3760.3165982736728,3956.171008658009
2018-08-18 19:00:00,3619,3279.4859154929577,3761.2626717638086,3467.127059523809
2018-08-18 20:00:00,3543,2836.232469993683,3904.9286898260225,3201.813365079365
2018-08-18 21:00:00,3442,2674.197988686361,3954.751007172711,3039.782126984127
2018-08-18 22:00:00,3128,2201.658125,3616.0047900261297,3090.53465079365
2018-08-18 23:00:00,2044,1464.7486338797814,3684.9352441902174,2982.5241547619053
2018-08-19 00:00:00,1346,840.2307692307693,1556.8769538657816,1909.7408333333335
2018-08-19 01:00:00,997,520.4200244200244,1641.1870241424444,1087.028285714286
2018-08-19 02:00:00,726,391.66360856269114,1729.3078958478354,682.9811428571428
2018-08-19 03:00:00,386,371.06679035250465,1816.0949870531708,453.5115833333333
2018-08-19 04:00:00,388,696.3011904761905,1900.7861374727072,351.9448214285714
2018-08-19 05:00:00,552,2071.845731707317,1927.0014252829312,536.2071666666669
2018-08-19 06:00:00,994,4163.973699940228,2082.7440830265787,908.8519999999999
2018-08-19 07:00:00,1277,4748.809753160746,2108.9593708368016,1314.6882380952384
2018-08-19 08:00:00,1971,4611.336930455635,2663.8861577179364,1988.8495119047623
2018-08-19 09:00:00,2895,4385.760351317441,2411.50924228823,2807.866
2018-08-19 10:00:00,3766,4183.411445783133,2962.8362268161636,3488.0544047619037
2018-08-19 11:00:00,4384,4475.547449967721,2670.445376702378,3932.611309523809
2018-08-19 12:00:00,4624,4725.081841432225,3253.3895668835544,4204.9042619047605
2018-08-19 13:00:00,4596,4727.435270805812,3365.8995677327953,4272.7993333333325
2018-08-19 14:00:00,4742,4949.716550412175,3471.5501260103274,4134.108928571427
2018-08-19 15:00:00,4779,5246.461338531514,3574.9142034306246,4567.357000000001
2018-08-19 16:00:00,4989,5661.568824638592,3674.2769393507583,4519.074523809524
2018-08-19 17:00:00,4870,5329.677461139896,3320.7351725110993,4364.233190476192
2018-08-19 18:00:00,4287,4277.991792929293,3736.871260821823,4054.4426071428566
2018-08-19 19:00:00,3792,3279.4859154929577,3481.5431701355374,3455.840238095238
2018-08-19 20:00:00,3213,2836.232469993683,3553.087055625966,3094.4990079365084
2018-08-19 21:00:00,2682,2674.197988686361,3629.7755230451767,2723.2166904761903
2018-08-19 22:00:00,1973,2201.658125,3711.4180323217324,2162.813797619048
2018-08-19 23:00:00,2369,1464.7486338797814,3748.6093717608514,1311.8695476190476
2018-08-20 00:00:00,922,840.2307692307693,2384.6876536338777,706.2983809523809
2018-08-20 01:00:00,473,520.4200244200244,2512.3056533193585,424.84184920634937
2018-08-20 02:00:00,346,391.66360856269114,3005.517916059211,377.673011904762
2018-08-20 03:00:00,369,371.06679035250465,3017.8963938355273,350.94596428571424
2018-08-20 04:00:00,941,696.3011904761905,3108.49428646959,814.5469523809521
2018-08-20 05:00:00,3005,2071.845731707317,3403.7809831051727,2877.0214761904763
2018-08-20 05:00:00,3005,2071.845731707317,2960.79257685897,2894.354976190477
2018-08-20 05:00:00,3005,2071.845731707317,2607.2208253920285,2878.7409761904764
2018-08-20 05:00:00,3005,2071.845731707317,2981.6767122025553,2872.8724761904764
2018-08-20 06:00:00,5352,4163.973699940228,2970.5034936351776,5194.740785714285
2018-08-20 07:00:00,6077,4748.809753160746,2973.0280173705705,6162.255285714286
2018-08-20 08:00:00,5349,4611.336930455635,3291.375418115385,5512.078952380954
2018-08-20 08:00:00,5349,4611.336930455635,3270.4912827718,5537.413023809525
2018-08-20 09:00:00,4777,4385.760351317441,3385.7841121781744,4709.674071428571
2018-08-20 09:00:00,4777,4385.760351317441,3364.899976834589,4667.651571428571
2018-08-20 09:00:00,4777,4385.760351317441,3807.8883830807918,4657.08657142857
2018-08-20 10:00:00,4375,4183.411445783133,3115.8355432165617,4117.459071428572
2018-08-20 10:00:00,4375,4183.411445783133,3469.407294683503,4129.719690476191
2018-08-20 10:00:00,4375,4183.411445783133,3490.2914300270886,4115.04146031746
2018-08-20 10:00:00,4375,4183.411445783133,3478.3054140368304,4122.227071428572
2018-08-20 11:00:00,4532,4475.547449967721,3816.7065485117273,4549.373714285714
2018-08-20 11:00:00,4532,4475.547449967721,3382.6162616188517,4643.737714285714
2018-08-20 11:00:00,4532,4475.547449967721,3373.7181422655244,4647.502714285714
2018-08-20 12:00:00,4842,4725.081841432225,3579.827174085088,5013.704212121212
2018-08-20 13:00:00,4690,4727.435270805812,4080.9783246085417,4258.298111111112
2018-08-20 14:00:00,5001,4949.716550412175,4334.616853896965,5025.636117965369
2018-08-20 14:00:00,5001,4949.716550412175,3912.512582994348,5009.16862987013
2018-08-20 15:00:00,5388,5246.461338531514,4236.450680550313,5435.954071428571
2018-08-20 16:00:00,6423,5661.568824638592,3898.2934082917172,6195.642285714288
2018-08-20 16:00:00,6423,5661.568824638592,3910.2794242819755,6100.940454545457
2018-08-20 17:00:00,5848,5329.677461139896,4103.431731243869,5785.286273809524
2018-08-20 17:00:00,5848,5329.677461139896,4525.536002146487,5838.477238095237
2018-08-20 18:00:00,4285,4277.991792929293,4091.8562896929734,4227.686940476191
2018-08-20 19:00:00,3231,3279.4859154929577,4368.360147236206,3062.6652023809515
2018-08-20 19:00:00,3231,3279.4859154929577,4356.374131245948,3086.8117499999994
2018-08-20 20:00:00,2726,2836.232469993683,4319.778248358083,2738.8017857142854
2018-08-20 20:00:00,2726,2836.232469993683,4298.8941130144985,2742.5261190476194
2018-08-20 21:00:00,2240,2674.197988686361,4474.686130635041,2395.425226190476
2018-08-20 22:00:00,1617,2201.658125,4590.422866493512,1758.5843095238095
2018-08-20 23:00:00,1005,1464.7486338797814,4494.170790496679,1124.1348571428573
2018-08-21 00:00:00,659,840.2307692307693,2732.6634477650296,665.3845714285713
2018-08-21 01:00:00,416,520.4200244200244,2512.4585254397534,397.84895238095237
2018-08-21 02:00:00,316,391.66360856269114,3007.469850287509,302.92904761904765
2018-08-21 03:00:00,336,371.06679035250465,2808.826053219085,371.3141666666667
2018-08-21 04:00:00,996,696.3011904761905,2897.7090852102206,887.9455833333332
2018-08-21 05:00:00,3136,2071.845731707317,2994.7853402731184,2910.5160714285716
2018-08-21 06:00:00,5701,4163.973699940228,3092.566491617582,5402.482518398269
2018-08-21 07:00:00,6837,4748.809753160746,3485.4501600005287,6158.664380952382
2018-08-21 08:00:00,6123,4611.336930455635,3581.192634563372,5858.937488095239
2018-08-21 09:00:00,5053,4385.760351317441,3371.2768760956574,4982.121297619047
2018-08-21 10:00:00,4540,4183.411445783133,3675.7976880357414,4587.8835238095235
2018-08-21 11:00:00,4652,4475.547449967721,3469.31165085388,4700.579380952381
2018-08-21 12:00:00,4794,4725.081841432225,3829.635811314431,5045.350809523809
2018-08-21 13:00:00,4762,4727.435270805812,4054.582331582562,5038.47280952381
2018-08-21 14:00:00,4994,4949.716550412175,4094.2080395742732,5365.585662337663
2018-08-21 15:00:00,5660,5246.461338531514,4448.359172078493,5684.8903571428555
2018-08-21 16:00:00,6229,5661.568824638592,4390.588013558792,6565.419333333333
2018-08-21 17:00:00,5875,5329.677461139896,4485.187247693019,6183.73498809524
2018-08-21 18:00:00,4435,4277.991792929293,4504.996788255352,4642.726757936508
2018-08-21 19:00:00,3410,3279.4859154929577,4548.992471684911,3366.5547619047616
2018-08-21 20:00:00,3003,2836.232469993683,4612.914754317886,2818.56907142857
2018-08-21 21:00:00,2504,2674.197988686361,4380.507774304233,2930.4588333333336
2018-08-21 22:00:00,1747,2201.658125,4422.000458181489,1663.654297619047
2018-08-21 23:00:00,1117,1464.7486338797814,4500.403786243625,1152.4320714285711
2018-08-22 00:00:00,635,840.2307692307693,2369.4873948476443,652.5800007215007
2018-08-22 01:00:00,425,520.4200244200244,2393.225661729196,416.9053333333333
2018-08-22 02:00:00,279,391.66360856269114,2554.6845216159327,311.1017301587302
2018-08-22 03:00:00,393,371.06679035250465,2572.1349661400855,370.1744761904763
2018-08-22 04:00:00,994,696.3011904761905,2655.1112559166945,896.1037976190472
2018-08-22 05:00:00,3163,2071.845731707317,2840.3876247329727,2977.2670476190474
2018-08-22 06:00:00,5766,4163.973699940228,2829.8286787559846,5774.852452380954
2018-08-22 07:00:00,6589,4748.809753160746,3034.6095210747503,5791.131321428569
2018-08-22 08:00:00,6056,4611.336930455635,3104.1786196348353,5807.606607142858
2018-08-22 09:00:00,5116,4385.760351317441,3242.0304499851086,5342.86623809524
2018-08-22 10:00:00,4583,4183.411445783133,3397.4119669075235,4633.318404761906
2018-08-22 11:00:00,4734,4475.547449967721,3550.3164629012663,4726.518500000001
2018-08-22 12:00:00,5043,4725.081841432225,3691.788554608829,4906.138119047619
2018-08-22 13:00:00,4938,4727.435270805812,4103.622329573915,5026.195095238095
2018-08-22 14:00:00,5216,4949.716550412175,4249.3967346271165,5479.1275396825395
2018-08-22 15:00:00,5707,5246.461338531514,4021.887494370535,5728.274642857142
2018-08-22 16:00:00,6470,5661.568824638592,4410.475380620388,6529.0151547619025
2018-08-22 17:00:00,5819,5329.677461139896,4552.248444173427,6096.667452380952
2018-08-22 18:00:00,4446,4277.991792929293,4594.5292669600585,4699.878142857144
2018-08-22 19:00:00,3444,3279.4859154929577,4391.846538090473,3467.931333333333
2018-08-22 20:00:00,3154,2836.232469993683,4452.148559366158,3155.078476190475
2018-08-22 21:00:00,2627,2674.197988686361,4476.492636814144,2863.8049761904754
2018-08-22 22:00:00,1928,2201.658125,4525.362253803651,1903.6795396825391
2018-08-22 23:00:00,1169,1464.7486338797814,4586.426435365082,1107.5916904761905
2018-08-23 00:00:00,596,840.2307692307693,2459.8924656121353,700.1888571428572
2018-08-23 01:00:00,402,520.4200244200244,2547.441717103218,498.24249999999995
2018-08-23 03:00:00,381,371.06679035250465,2729.590202728524,373.6915952380952
2018-08-23 04:00:00,976,696.3011904761905,2809.3273112907164,890.7912619047615
2018-08-23 05:00:00,3163,2071.845731707317,2900.496824139088,3067.1319880952383
2018-08-23 06:00:00,5860,4163.973699940228,2972.0407096295176,5634.241373015874
2018-08-23 07:00:00,6815,4748.809753160746,3071.730396018758,6247.098809523812
2018-08-23 08:00:00,6162,4611.336930455635,3123.5321830752155,5855.278083333333
2018-08-23 09:00:00,5583,4385.760351317441,3327.290938820818,5058.86586904762
2018-08-23 10:00:00,4837,4183.411445783133,3478.099494028762,4840.140551587301
2018-08-23 11:00:00,5015,4475.547449967721,3630.5687802058656,5047.21613888889
2018-08-23 12:00:00,5136,4725.081841432225,3739.7031894430193,5222.969999999999
2018-08-23 13:00:00,5051,4727.435270805812,4145.439682122142,5126.798174603175
2018-08-23 14:00:00,5312,4949.716550412175,4377.817265176289,5377.068273809524
2018-08-23 15:00:00,5848,5246.461338531514,4474.321900024877,5853.474273809522
2018-08-23 16:00:00,6586,5661.568824638592,4574.0657160878845,6372.208999999998
2018-08-23 17:00:00,5780,5329.677461139896,4690.755152303536,5923.126531746031
2018-08-23 18:00:00,4750,4277.991792929293,4776.970623294563,4671.6695310245295
2018-08-23 19:00:00,3519,3279.4859154929577,4824.518905989204,3522.03436904762
2018-08-23 20:00:00,2996,2836.232469993683,4906.733035480067,3210.918238095237
2018-08-23 21:00:00,2717,2674.197988686361,4904.439927755786,3192.7165476190467
2018-08-23 22:00:00,2107,2201.658125,4991.608099103994,2338.534059523809
2018-08-23 23:00:00,1904,1464.7486338797814,5203.0939363923535,1402.2741666666666
2018-08-24 00:00:00,790,840.2307692307693,2410.8516197130725,818.4277500000004
2018-08-24 01:00:00,505,520.4200244200244,2870.951357300318,491.2560000000001
2018-08-24 01:00:00,505,520.4200244200244,2496.495470489791,478.47123809523805
2018-08-24 02:00:00,387,391.66360856269114,2909.508392647736,394.4388333333333
2018-08-24 02:00:00,387,391.66360856269114,2535.052505837209,368.3098571428571
2018-08-24 03:00:00,424,371.06679035250465,2972.8825321630593,367.5949404761904
2018-08-24 03:00:00,424,371.06679035250465,2610.4126613427907,366.7884523809523
2018-08-24 03:00:00,424,371.06679035250465,2984.8685481533175,373.4902738095237
2018-08-24 04:00:00,916,696.3011904761905,3118.5519147165173,846.6905476190477
2018-08-24 04:00:00,916,696.3011904761905,2744.0960279059905,846.6545476190477
2018-08-24 05:00:00,2950,2071.845731707317,3194.4610443712936,2710.507238095239
2018-08-24 05:00:00,2950,2071.845731707317,2820.005157560767,2741.6627619047613
2018-08-24 05:00:00,2950,2071.845731707317,3173.5769090277086,2746.6463809523807
2018-08-24 06:00:00,5259,4163.973699940228,3255.0324810866136,5067.993678571429
2018-08-24 06:00:00,5259,4163.973699940228,3234.148345743028,5148.037869047618
2018-08-24 06:00:00,5259,4163.973699940228,3243.0464650963554,5134.581702380951
2018-08-24 07:00:00,6243,4748.809753160746,3792.2487129849846,6203.321511904763
2018-08-24 07:00:00,6243,4748.809753160746,3349.2603067387818,6197.108345238096
2018-08-24 07:00:00,6243,4748.809753160746,2995.6885552718404,6202.761250000001
2018-08-24 07:00:00,6243,4748.809753160746,3370.1444420823673,6219.2016785714295
2018-08-24 07:00:00,6243,4748.809753160746,3358.158426092109,6220.134345238096
2018-08-24 08:00:00,5687,4611.336930455635,3465.977500905671,5340.422619047619
2018-08-24 08:00:00,5687,4611.336930455635,3445.0933655620856,5407.153952380953
2018-08-24 08:00:00,5687,4611.336930455635,3091.5216140951443,5363.122952380953
2018-08-24 09:00:00,4971,4385.760351317441,3479.7635552469555,4903.784313492064
2018-08-24 09:00:00,4971,4385.760351317441,3467.7775392566973,4882.738527777778
2018-08-24 09:00:00,4971,4385.760351317441,3458.8794199033705,4861.081503968253
2018-08-24 09:00:00,4971,4385.760351317441,3105.3076684364287,4882.095194444444
2018-08-24 10:00:00,4539,4183.411445783133,3588.3706047846704,4604.095444444443
2018-08-24 10:00:00,4539,4183.411445783133,3567.486469441085,4605.559670634921
2018-08-24 10:00:00,4539,4183.411445783133,3213.9147179741435,4598.937730158729
2018-08-24 11:00:00,4391,4475.547449967721,3581.4084001730603,4768.060523809523
2018-08-24 11:00:00,4391,4475.547449967721,3590.3065195263875,4785.445999999999
2018-08-24 11:00:00,4391,4475.547449967721,3227.836648706119,4784.357999999999
2018-08-24 11:00:00,4391,4475.547449967721,3602.2925355166453,4757.682166666666
2018-08-24 12:00:00,4971,4725.081841432225,3623.1777675953913,5082.21511904762
2018-08-24 12:00:00,4971,4725.081841432225,3248.7218807848644,5089.229285714286
2018-08-24 12:00:00,4971,4725.081841432225,3602.293632251806,5100.3177857142855
2018-08-24 13:00:00,5149,4727.435270805812,3473.384989122478,5136.513547619048
2018-08-24 13:00:00,5149,4727.435270805812,3835.8548599427468,5131.595714285715
2018-08-24 13:00:00,5149,4727.435270805812,3826.9567405894195,5132.592047619049
2018-08-24 13:00:00,5149,4727.435270805812,3847.8408759330046,5128.0948809523825
2018-08-24 14:00:00,5499,4949.716550412175,3952.929485657043,5224.383521645022
2018-08-24 14:00:00,5499,4949.716550412175,3599.357734190102,5221.196854978355
2018-08-24 14:00:00,5499,4949.716550412175,3973.8136210006287,5226.198521645021
2018-08-24 15:00:00,5879,5246.461338531514,4043.8175740632173,5577.601936507937
2018-08-24 15:00:00,5879,5246.461338531514,4022.933438719632,5594.1857698412705
2018-08-24 16:00:00,6088,5661.568824638592,4174.733423815333,5947.385547619047
2018-08-24 16:00:00,6088,5661.568824638592,3800.2775370048057,6003.91263095238
2018-08-24 16:00:00,6088,5661.568824638592,4153.849288471747,6004.659297619048
2018-08-24 17:00:00,5750,5329.677461139896,4120.108580485726,5437.835488095239
2018-08-24 17:00:00,5750,5329.677461139896,3745.652693675199,5478.97417857143
2018-08-24 17:00:00,5750,5329.677461139896,4099.22444514214,5454.35548809524
2018-08-24 18:00:00,4755,4277.991792929293,3956.8249431428876,4283.148142857143
2018-08-24 18:00:00,4755,4277.991792929293,4310.396694609828,4303.363833333333
2018-08-24 18:00:00,4755,4277.991792929293,4331.280829953414,4282.525833333333
2018-08-24 19:00:00,3467,3279.4859154929577,4513.147394621963,3410.3238015873003
2018-08-24 20:00:00,3076,2836.232469993683,4555.543289459648,2963.7892857142856
2018-08-24 21:00:00,3164,2674.197988686361,4498.818652123282,2986.3570873015874
2018-08-24 22:00:00,2435,2201.658125,4670.289988196759,2756.1560119047617
2018-08-24 23:00:00,1860,1464.7486338797814,4836.113519540169,2698.5191666666665
2018-08-25 00:00:00,1089,840.2307692307693,1541.398535151381,1290.2343095238095
2018-08-25 00:00:00,1089,840.2307692307693,1520.5143998077956,1319.902761904762
2018-08-25 01:00:00,725,520.4200244200244,1682.045203061351,784.9731825396825
2018-08-25 01:00:00,725,520.4200244200244,1661.1610677177655,788.5911587301589
2018-08-25 02:00:00,495,391.66360856269114,1884.3862767568223,567.9588333333334
2018-08-25 02:00:00,495,391.66360856269114,1770.5302775412256,567.818619047619
2018-08-25 02:00:00,495,391.66360856269114,1791.414412884811,575.4209999999999
2018-08-25 03:00:00,366,371.06679035250465,1823.2908368396938,400.5172619047619
2018-08-25 03:00:00,366,371.06679035250465,1802.4067014961083,403.0022619047619
2018-08-25 04:00:00,500,696.3011904761905,1918.8427713311012,433.58772619047625
2018-08-25 04:00:00,500,696.3011904761905,1897.9586359875157,431.85646428571437
2018-08-25 05:00:00,875,2071.845731707317,2055.384238965846,830.3590357142854
2018-08-25 05:00:00,875,2071.845731707317,2034.500103622261,831.1830595238092
2018-08-25 06:00:00,1837,4163.973699940228,2140.8203721924383,1085.7720714285715
2018-08-25 06:00:00,1837,4163.973699940228,2119.936236848853,1068.7422380952382
2018-08-25 07:00:00,2672,4748.809753160746,2234.08582582661,1939.9479325396826
2018-08-25 07:00:00,2672,4748.809753160746,2213.2016904830243,1930.009392857143
2018-08-25 07:00:00,2672,4748.809753160746,2327.057689698621,2020.6489920634922
2018-08-25 08:00:00,3503,4611.336930455635,2339.9441016542683,2471.9499841269835
2018-08-25 08:00:00,3503,4611.336930455635,2319.0599663106827,2475.602595238095
2018-08-25 08:00:00,3503,4611.336930455635,2432.9159655262793,2472.883817460317
2018-08-25 09:00:00,4100,4385.760351317441,2400.7943253597377,3664.5662380952376
2018-08-25 09:00:00,4100,4385.760351317441,2379.9101900161522,3631.071380952381
2018-08-25 09:00:00,4100,4385.760351317441,2493.7661892317487,3556.8644999999988
2018-08-25 10:00:00,4509,4183.411445783133,2510.6367652088697,3940.5804285714275
2018-08-25 10:00:00,4509,4183.411445783133,2489.7526298652842,3973.058083333333
2018-08-25 11:00:00,4647,4475.547449967721,2603.786951286015,4407.27226190476
2018-08-25 11:00:00,4647,4475.547449967721,2624.6710866296007,4395.2564523809515
2018-08-25 12:00:00,4846,4725.081841432225,2730.1311048356965,4424.686142857143
2018-08-25 13:00:00,4585,4727.435270805812,2840.9449315530364,4461.647047619046
2018-08-25 14:00:00,4696,4949.716550412175,2989.073479555683,4264.5902380952375
2018-08-25 15:00:00,5015,5246.461338531514,3054.5325289653383,4364.61988095238
2018-08-25 16:00:00,4677,5661.568824638592,3145.124181293563,4486.235523809526
2018-08-25 17:00:00,4541,5329.677461139896,3197.33177430591,4044.045523809524
2018-08-25 18:00:00,3914,4277.991792929293,3257.437015204323,3198.585023809524
2018-08-25 19:00:00,3371,3279.4859154929577,3294.0016358478647,3234.36346031746
2018-08-25 20:00:00,3071,2836.232469993683,3362.877960338185,3115.4617936507943
2018-08-25 21:00:00,3156,2674.197988686361,3416.5297656246253,3112.8643571428574
2018-08-25 21:00:00,3156,2674.197988686361,3395.64563028104,3087.391289682539
2018-08-25 22:00:00,2713,2201.658125,3540.45423946529,2639.106521645022
2018-08-25 22:00:00,2713,2201.658125,3426.5982402496934,2537.1070930735928
2018-08-25 22:00:00,2713,2201.658125,3447.4823755932784,2692.905235930736
2018-08-25 23:00:00,2134,1464.7486338797814,3513.935808828694,2402.2193373015875
2018-08-25 23:00:00,2134,1464.7486338797814,3493.051673485109,2503.5433373015876
2018-08-25 23:00:00,2134,1464.7486338797814,3606.9076727007055,2425.9675039682543
2018-08-26 00:00:00,1375,840.2307692307693,1390.4504802187307,1426.1705634920634
2018-08-26 00:00:00,1375,840.2307692307693,1369.5663448751452,1443.5353015873015
2018-08-26 01:00:00,855,520.4200244200244,1504.8721220881716,843.834880952381
2018-08-26 01:00:00,855,520.4200244200244,1483.9879867445861,868.3780476190477
2018-08-26 01:00:00,855,520.4200244200244,1597.8439859601829,849.8164285714286
2018-08-26 02:00:00,614,391.66360856269114,1569.3597846296193,688.9995194805193
2018-08-26 02:00:00,614,391.66360856269114,1548.4756492860338,711.0093528138526
2018-08-26 02:00:00,614,391.66360856269114,1662.3316485016303,694.7005194805192
2018-08-26 03:00:00,382,371.06679035250465,1674.6292627642792,399.5337341269842
2018-08-26 03:00:00,382,371.06679035250465,1653.7451274206937,398.0887936507936
2018-08-26 03:00:00,382,371.06679035250465,1767.6011266362902,408.68621031746034
2018-08-26 04:00:00,325,696.3011904761905,1808.1049117773546,394.51176190476195
2018-08-26 04:00:00,325,696.3011904761905,1787.220776433769,388.19132142857137
2018-08-26 05:00:00,551,2071.845731707317,2085.1741492290585,610.3049761904762
2018-08-26 05:00:00,551,2071.845731707317,2064.290013885473,609.4751428571427
2018-08-26 06:00:00,1106,4163.973699940228,2155.777780567494,850.2236854256853
2018-08-26 06:00:00,1106,4163.973699940228,2134.8936452239086,861.1430187590186
2018-08-26 06:00:00,1106,4163.973699940228,1781.3218937569673,850.1020187590185
2018-08-26 07:00:00,1657,4748.809753160746,2155.242934147764,1538.2252857142853
2018-08-26 07:00:00,1657,4748.809753160746,1780.7870473372373,1572.7881666666665
2018-08-26 07:00:00,1657,4748.809753160746,2134.3587988041786,1566.2279047619047
2018-08-26 08:00:00,2467,4611.336930455635,2394.3456421583933,2092.4820238095235
2018-08-26 08:00:00,2467,4611.336930455635,2373.461506814808,2132.6966904761903
2018-08-26 09:00:00,3408,4385.760351317441,2331.1092624611747,2810.763095238095
2018-08-26 09:00:00,3408,4385.760351317441,2310.225127117589,2841.160595238096
2018-08-26 10:00:00,4017,4183.411445783133,2618.5902090565282,3501.6827979797977
2018-08-26 11:00:00,4394,4475.547449967721,2530.1228928421046,4141.247214285714
2018-08-26 12:00:00,4638,4725.081841432225,2805.114876019034,4299.160365079366
2018-08-26 13:00:00,4494,4727.435270805812,3418.797071517618,4352.347174603175
2018-08-26 13:00:00,4494,4727.435270805812,2996.6928006150006,4416.797638888889
2018-08-26 13:00:00,4494,4727.435270805812,2622.2369138044737,4364.345507936507
2018-08-26 14:00:00,4565,4949.716550412175,2660.2519526214605,4379.519166666667
2018-08-26 14:00:00,4565,4949.716550412175,3034.7078394319874,4380.5720238095255
2018-08-26 15:00:00,4289,5246.461338531514,3165.221528598454,4354.411547619048
2018-08-26 15:00:00,4289,5246.461338531514,2790.765641787927,4345.067214285714
2018-08-26 16:00:00,4259,5661.568824638592,3253.2494787016335,4314.746809523809
2018-08-26 17:00:00,3998,5329.677461139896,3300.687329622235,4389.352047619049
2018-08-26 17:00:00,3998,5329.677461139896,2926.2314428117083,4393.770380952382
2018-08-26 18:00:00,3688,4277.991792929293,3333.2506087656134,3979.8332936507936
2018-08-26 19:00:00,3165,3279.4859154929577,3383.2759123889255,3363.4050952380953
2018-08-26 20:00:00,2840,2836.232469993683,3450.056296093447,3594.4121984126978
2018-08-26 21:00:00,2330,2674.197988686361,3596.0087950128964,2730.9978095238093
2018-08-26 22:00:00,1913,2201.658125,3606.8629522177216,2078.3338452380954
2018-08-26 23:00:00,1208,1464.7486338797814,3767.8681167806417,1250.9883333333337
2018-08-27 00:00:00,666,840.2307692307693,2324.637873041069,722.6791269841269
2018-08-27 01:00:00,337,520.4200244200244,2623.434918942352,395.33639285714276
2018-08-27 01:00:00,337,520.4200244200244,2602.5507835987664,393.0426071428571
2018-08-27 02:00:00,292,391.66360856269114,2709.755757740779,321.69155555555557
2018-08-27 02:00:00,292,391.66360856269114,2335.299870930252,330.0985317460318
2018-08-27 03:00:00,358,371.06679035250465,2600.8139725862934,348.44272619047615
2018-08-27 04:00:00,933,696.3011904761905,2723.428837527496,808.1610238095241
2018-08-27 05:00:00,3129,2071.845731707317,2835.675482120508,2874.1809999999996
2018-08-27 06:00:00,5575,4163.973699940228,3048.808517959586,5444.609095238095
2018-08-27 07:00:00,6493,4748.809753160746,3144.169912379556,6313.915833333333
2018-08-27 08:00:00,6125,4611.336930455635,3251.154251157144,5575.178689754692
2018-08-27 09:00:00,5094,4385.760351317441,3282.205655934221,4626.0889285714275
2018-08-27 10:00:00,4672,4183.411445783133,3506.267137937377,4177.178166666666
2018-08-27 11:00:00,4775,4475.547449967721,3662.4342329300634,4325.9977023809515
2018-08-27 12:00:00,4880,4725.081841432225,3720.045275421115,4534.193388528137
2018-08-27 13:00:00,4890,4727.435270805812,3819.2174712698124,4641.550130952381
2018-08-27 14:00:00,5048,4949.716550412175,3916.8653465470197,4488.068642857143
2018-08-27 15:00:00,5661,5246.461338531514,3831.667606950301,5146.936547619047
2018-08-27 16:00:00,6535,5661.568824638592,3911.3930066202297,6095.524023809525
2018-08-27 17:00:00,5298,5329.677461139896,4088.1588674385985,5607.711833333335
2018-08-27 18:00:00,3629,4277.991792929293,4112.337539792721,3979.3174166666668
2018-08-27 18:00:00,3629,4277.991792929293,3737.8816529821947,4013.1718333333333
2018-08-27 18:00:00,3629,4277.991792929293,4091.453404449136,4012.7576666666673
2018-08-27 19:00:00,2922,3279.4859154929577,3895.7784831612335,3064.4747499999985
2018-08-27 19:00:00,2922,3279.4859154929577,4270.23436997176,3062.3293690476185
2018-08-27 20:00:00,2536,2836.232469993683,4250.790261886457,2700.589119047619
2018-08-27 21:00:00,2139,2674.197988686361,4319.07778868378,2345.556130952381
2018-08-27 22:00:00,1503,2201.658125,4321.344424749372,1804.6646904761901
2018-08-27 23:00:00,1014,1464.7486338797814,4454.543185087775,1072.5829047619045
2018-08-28 00:00:00,576,840.2307692307693,2405.4664699068308,566.2273333333331
2018-08-28 01:00:00,364,520.4200244200244,2574.3818348941377,373.47582539682537
2018-08-28 01:00:00,364,520.4200244200244,2553.497699550552,371.461873015873
2018-08-28 02:00:00,234,391.66360856269114,2662.6932466709645,282.2153333333333
2018-08-28 02:00:00,234,391.66360856269114,2641.809111327379,281.4244047619047
2018-08-28 03:00:00,367,371.06679035250465,2682.4675560470228,368.6490238095238
2018-08-28 03:00:00,367,371.06679035250465,2703.3516913906083,373.11102380952366
2018-08-28 04:00:00,986,696.3011904761905,2824.719757238431,862.2591666666666
2018-08-28 04:00:00,986,696.3011904761905,2845.6038925820167,861.2721904761904
2018-08-28 05:00:00,3161,2071.845731707317,2936.963945501825,2833.8811904761906
2018-08-28 05:00:00,3161,2071.845731707317,2916.07981015824,2841.5781190476187
2018-08-28 05:00:00,3161,2071.845731707317,3359.068216404443,2840.87819047619
2018-08-28 06:00:00,5611,4163.973699940228,2971.906188078379,5446.127285714286
2018-08-28 06:00:00,5611,4163.973699940228,2951.0220527347933,5435.685119047619
2018-08-28 07:00:00,6147,4748.809753160746,3093.4004020660777,6355.806333333333
2018-08-28 07:00:00,6147,4748.809753160746,3072.516266722492,6393.094678571427
2018-08-28 08:00:00,5692,4611.336930455635,3207.2106001774046,5964.8618055555535
2018-08-28 08:00:00,5692,4611.336930455635,3195.2245841871463,5944.767416666666
2018-08-28 08:00:00,5692,4611.336930455635,3629.314871080022,5961.418805555554
2018-08-28 09:00:00,5153,4385.760351317441,3198.8498904410403,5264.714642857143
2018-08-28 09:00:00,5153,4385.760351317441,3177.965755097455,5297.424928571429
2018-08-28 09:00:00,5153,4385.760351317441,3186.863874450782,5320.927476190475
2018-08-28 10:00:00,4624,4183.411445783133,3424.915163347198,4385.040253968254
2018-08-28 10:00:00,4624,4183.411445783133,3404.0310280036124,4397.706253968255
2018-08-28 10:00:00,4624,4183.411445783133,3412.9291473569397,4390.231587301587
2018-08-28 11:00:00,4678,4475.547449967721,3528.760276721342,4694.196880952381
2018-08-28 11:00:00,4678,4475.547449967721,3507.8761413777565,4706.606166666667
2018-08-28 11:00:00,4678,4475.547449967721,3516.774260731084,4697.1793809523815
2018-08-28 12:00:00,4954,4725.081841432225,3623.4238461971267,4925.632095238095
2018-08-28 12:00:00,4954,4725.081841432225,3644.3079815407123,4913.531992063491
2018-08-28 13:00:00,5032,4727.435270805812,3708.243067079179,4877.439238095239
2018-08-28 13:00:00,5032,4727.435270805812,3729.1272024227646,4866.416932539682
2018-08-28 14:00:00,5273,4949.716550412175,3845.346483267419,5128.589035714287
2018-08-28 15:00:00,5865,5246.461338531514,3943.947058901807,5638.084976190477
2018-08-28 16:00:00,6657,5661.568824638592,4041.594934179014,6293.013238095237
2018-08-28 17:00:00,5716,5329.677461139896,4104.386422588561,6138.1549523809545
2018-08-28 18:00:00,4363,4277.991792929293,4233.460963447575,4362.167976190475
2018-08-28 19:00:00,3406,3279.4859154929577,4315.761774234812,3217.6830476190476
2018-08-28 19:00:00,3406,3279.4859154929577,4303.775758244554,3233.980690476191
2018-08-28 20:00:00,2896,2836.232469993683,4400.452924654348,2831.5278095238086
2018-08-28 21:00:00,2576,2674.197988686361,4488.106034920493,2566.321166666667
2018-08-28 22:00:00,1733,2201.658125,4568.414763696993,1825.4423571428574
2018-08-28 23:00:00,1153,1464.7486338797814,4617.106286820252,1132.695607142857
2018-08-29 00:00:00,623,840.2307692307693,2318.5633311678007,629.819142857143
2018-08-29 01:00:00,335,520.4200244200244,2396.3950390156288,450.714880952381
2018-08-29 02:00:00,299,391.66360856269114,2473.2740465062757,301.61226190476197
2018-08-29 03:00:00,372,371.06679035250465,2764.068409407232,371.9212777777777
2018-08-29 03:00:00,372,371.06679035250465,2743.1842740636466,372.2439444444444
2018-08-29 04:00:00,981,696.3011904761905,2734.73105774418,886.0552142857142
2018-08-29 05:00:00,3103,2071.845731707317,2942.5966336752485,2844.367904761904
2018-08-29 06:00:00,5902,4163.973699940228,2824.614292899219,5813.904999999999
2018-08-29 06:00:00,5902,4163.973699940228,2803.730157555634,5830.461936507936
2018-08-29 07:00:00,6775,4748.809753160746,2979.733858088257,6212.123833333332
2018-08-29 07:00:00,6775,4748.809753160746,3000.617993431842,6135.213047619048
2018-08-29 08:00:00,6164,4611.336930455635,3226.394336077926,5797.671666666666
2018-08-29 08:00:00,6164,4611.336930455635,3205.5102007343407,5811.251857142855
2018-08-29 09:00:00,5421,4385.760351317441,3230.2109568447954,5323.098753968254
2018-08-29 10:00:00,4871,4183.411445783133,3441.518700266907,4462.34292063492
2018-08-29 11:00:00,4969,4475.547449967721,3865.0918600749083,4735.477630952381
2018-08-29 12:00:00,5134,4725.081841432225,3677.2089459658227,4995.319523809524
2018-08-29 13:00:00,4999,4727.435270805812,3783.812204600537,4854.331583333334
2018-08-29 14:00:00,5349,4949.716550412175,3898.037066092705,5114.221797619048
2018-08-29 15:00:00,5814,5246.461338531514,4007.6889658704013,5711.67692857143
2018-08-29 16:00:00,6578,5661.568824638592,4421.735122106586,6621.804452380954
2018-08-29 17:00:00,5860,5329.677461139896,4214.7982008538675,6149.217916666668
2018-08-29 18:00:00,4554,4277.991792929293,4232.892880773274,4588.169984126984
2018-08-29 19:00:00,3487,3279.4859154929577,4397.327766622047,3378.354246031746
2018-08-29 20:00:00,3205,2836.232469993683,4292.480244569935,2951.7483571428575
2018-08-29 21:00:00,2800,2674.197988686361,4376.34265882477,2861.4371547619044
2018-08-29 22:00:00,2106,2201.658125,4398.984321835018,1932.714599206349
2018-08-29 23:00:00,1272,1464.7486338797814,4474.339008754174,1511.642630952381
2018-08-30 00:00:00,670,840.2307692307693,2352.187460644265,729.6487380952381
2018-08-30 01:00:00,456,520.4200244200244,2433.067809635074,462.1012142857143
2018-08-30 02:00:00,326,391.66360856269114,2524.04678241201,319.01700000000005
2018-08-30 03:00:00,388,371.06679035250465,2618.074396331926,376.4310476190476
2018-08-30 03:00:00,388,371.06679035250465,2597.190260988341,371.41054761904763
2018-08-30 04:00:00,1008,696.3011904761905,2694.6475961941114,861.8485476190473
2018-08-30 04:00:00,1008,696.3011904761905,2715.531731537697,860.5434761904761
2018-08-30 05:00:00,3070,2071.845731707317,2808.416105028996,2890.1801388888894
2018-08-30 06:00:00,5886,4163.973699940228,2988.2306069903457,5833.839547619049
2018-08-30 07:00:00,6466,4748.809753160746,2993.9943119401564,5863.5215238095225
2018-08-30 07:00:00,6466,4748.809753160746,2973.1101765965714,5887.461904761904
2018-08-30 08:00:00,5995,4611.336930455635,3104.7894521464705,5935.011130952381
2018-08-30 09:00:00,5467,4385.760351317441,3286.780003191017,5276.1410000000005
2018-08-30 10:00:00,4911,4183.411445783133,3378.5877121326525,4621.205884920635
2018-08-30 11:00:00,5095,4475.547449967721,3524.9597160237936,5048.357170634919
2018-08-30 12:00:00,5308,4725.081841432225,3644.138619373306,5109.820547619047
2018-08-30 13:00:00,5213,4727.435270805812,3744.889265467261,5013.438055555555
2018-08-30 14:00:00,5680,4949.716550412175,3857.2087262450655,5541.327809523809
2018-08-30 15:00:00,6238,5246.461338531514,4055.696155207176,5832.5504722222195
2018-08-30 16:00:00,6453,5661.568824638592,4116.268824851694,6179.037166666668
2018-08-30 17:00:00,5775,5329.677461139896,4170.349599648937,5820.686547619047
2018-08-30 18:00:00,4531,4277.991792929293,4261.138032354436,4735.8026666666665
2018-08-30 19:00:00,3884,3279.4859154929577,4541.452691326394,3350.3789087301593
2018-08-30 20:00:00,3332,2836.232469993683,4623.285740674386,3100.5003333333334
2018-08-30 21:00:00,3049,2674.197988686361,4711.025532236904,3120.6261060606053
2018-08-30 22:00:00,2221,2201.658125,4801.051804656657,2386.7880317460313
2018-08-30 23:00:00,1396,1464.7486338797814,4857.364930637369,1381.3576587301588
2018-08-31 00:00:00,764,840.2307692307693,2738.643103813313,822.5573809523815
2018-08-31 01:00:00,456,520.4200244200244,2830.193696804558,487.7325
2018-08-31 02:00:00,358,391.66360856269114,2582.9069501386807,379.1744880952381
2018-08-31 02:00:00,358,391.66360856269114,2957.3628369492076,427.5361904761905
2018-08-31 03:00:00,378,371.06679035250465,2995.8160135215626,398.01022619047615
2018-08-31 03:00:00,378,371.06679035250465,2621.3601267110357,389.417
2018-08-31 03:00:00,378,371.06679035250465,2974.931878177977,394.49329761904767
2018-08-31 04:00:00,851,696.3011904761905,3099.663464237456,855.1883333333334
2018-08-31 04:00:00,851,696.3011904761905,2725.207577426929,854.2223333333335
2018-08-31 04:00:00,851,696.3011904761905,3087.677448247198,847.6425714285715
2018-08-31 05:00:00,2754,2071.845731707317,3084.70720219259,2686.3052261904754
2018-08-31 05:00:00,2754,2071.845731707317,2710.2513153820632,2721.057904761905
2018-08-31 06:00:00,5200,4163.973699940228,3291.3763830466332,5191.49451190476
2018-08-31 07:00:00,6270,4748.809753160746,3302.230540251458,5894.925738095239
2018-08-31 08:00:00,5687,4611.336930455635,3479.4316108864664,5236.938809523809
2018-08-31 08:00:00,5687,4611.336930455635,3104.9757240759395,5271.291930735931
2018-08-31 09:00:00,5328,4385.760351317441,3503.2424929489625,4713.302690476191
2018-08-31 10:00:00,5102,4183.411445783133,3532.0615465425694,4587.237654761906
2018-08-31 11:00:00,5359,4475.547449967721,3851.24638008754,5010.49870887446
2018-08-31 12:00:00,5587,4725.081841432225,4242.808807894237,4936.62343903319
2018-08-31 13:00:00,5400,4727.435270805812,4010.923583488548,5292.405571428572
2018-08-31 13:00:00,5400,4727.435270805812,3990.0394481449625,5237.752952380953
2018-08-31 14:00:00,5705,4949.716550412175,4145.917312767276,5450.176380952379
2018-08-31 15:00:00,5998,5246.461338531514,4259.76109411657,5863.851083333333
2018-08-31 16:00:00,5925,5661.568824638592,4371.127854537194,6016.684071428571
2018-08-31 17:00:00,5418,5329.677461139896,4290.28838148606,5538.985043290041
2018-08-31 18:00:00,4935,4277.991792929293,4545.46419723361,4651.166320707071
2018-08-31 19:00:00,3945,3279.4859154929577,4622.152664652822,3579.4130079365077
2018-08-31 19:00:00,3945,3279.4859154929577,4247.696777842295,3631.8697222222227
2018-08-31 20:00:00,3233,2836.232469993683,4529.118627029762,3168.963690476191
2018-08-31 21:00:00,2910,2674.197988686361,4772.290418276825,3191.0106904761906
2018-08-31 22:00:00,2830,2201.658125,4689.164464368454,2878.4983531746034
2018-08-31 23:00:00,2147,1464.7486338797814,4867.073565615441,1786.8630119047625
2018-09-01 00:00:00,1335,840.2307692307693,1485.6284859958246,1274.7013571428574
2018-09-01 01:00:00,785,520.4200244200244,1564.4128942008351,809.6336904761904
2018-09-01 02:00:00,569,391.66360856269114,1821.4941106627505,602.7180833333333
2018-09-01 03:00:00,425,371.06679035250465,1835.9685292248655,443.55705158730154
2018-09-01 04:00:00,419,696.3011904761905,1926.185341716056,443.4602142857142
2018-09-01 05:00:00,741,2071.845731707317,2130.049576146961,857.0331309523807
2018-09-01 06:00:00,1529,4163.973699940228,2222.743409566824,893.1137619047621
2018-09-01 07:00:00,2477,4748.809753160746,2201.980361118406,2078.9999880952378
2018-09-01 07:00:00,2477,4748.809753160746,2181.0962257748206,2072.565035714286
2018-09-01 08:00:00,3476,4611.336930455635,2375.9422505389966,3174.644976190476
2018-09-01 08:00:00,3476,4611.336930455635,2355.058115195411,3106.187309523809
2018-09-01 09:00:00,4212,4385.760351317441,2503.562274754505,3471.81030952381
2018-09-01 10:00:00,4578,4183.411445783133,2625.1483951047044,4083.909
2018-09-01 10:00:00,4578,4183.411445783133,2604.264259761119,4102.9835
2018-09-01 11:00:00,4897,4475.547449967721,2741.469197382671,4344.404952380953
2018-09-01 12:00:00,4854,4725.081841432225,2702.875490516636,4063.7847817460306
2018-09-01 13:00:00,4972,4727.435270805812,2863.512021141871,4460.579226190475
2018-09-01 14:00:00,5056,4949.716550412175,2976.784182276858,4394.302833333331
2018-09-01 14:00:00,5056,4949.716550412175,3398.888453179475,3993.914507936507
2018-09-01 15:00:00,4719,5246.461338531514,3089.4847231975355,4283.454
2018-09-01 16:00:00,4649,5661.568824638592,3104.9659717905993,4106.699214285714
2018-09-01 17:00:00,4622,5329.677461139896,3209.0922094966413,3964.7964047619053
2018-09-01 18:00:00,4261,4277.991792929293,3293.592819844742,3239.854214285713
2018-09-01 19:00:00,3518,3279.4859154929577,3376.3785695499146,3441.827285714285
2018-09-01 20:00:00,3196,2836.232469993683,3428.1062876109654,3175.721976190476
2018-09-01 21:00:00,2880,2674.197988686361,3559.142531284614,2995.858103174602
2018-09-01 22:00:00,2815,2201.658125,3558.5642842032594,2948.063436507937
2018-09-01 23:00:00,1945,1464.7486338797814,3633.0204004390007,2748.6006785714294
2018-09-01 23:00:00,1945,1464.7486338797814,3612.136265095415,2846.1058690476198
2018-09-02 00:00:00,1273,840.2307692307693,1512.3931729005817,1528.2551309523813
2018-09-02 01:00:00,801,520.4200244200244,1602.0383651774628,891.1387777777775
2018-09-02 01:00:00,801,520.4200244200244,1581.1542298338775,930.9115238095238
2018-09-02 02:00:00,565,391.66360856269114,1785.2825884246663,656.5158571428569
2018-09-02 03:00:00,386,371.06679035250465,1792.7611540174041,370.62338095238107
2018-09-02 04:00:00,316,696.3011904761905,1886.7887679373212,360.8861666666666
2018-09-02 04:00:00,316,696.3011904761905,1865.9046325937356,360.3562380952381
2018-09-02 05:00:00,532,2071.845731707317,2081.6559355421414,524.5794642857142
2018-09-02 05:00:00,532,2071.845731707317,2060.771800198556,520.1599642857142
2018-09-02 06:00:00,1003,4163.973699940228,2153.4656336184185,898.6941071428571
2018-09-02 06:00:00,1003,4163.973699940228,2174.349768962004,895.5893571428569
2018-09-02 07:00:00,1607,4748.809753160746,2260.946320095903,1337.8279126984132
2018-09-02 08:00:00,2334,4611.336930455635,2463.667314098191,1942.556226190476
2018-09-02 09:00:00,2929,4385.760351317441,2557.313847875235,3205.6469523809515
2018-09-02 10:00:00,3571,4183.411445783133,2491.315166904279,4221.842071428573
2018-09-02 10:00:00,3571,4183.411445783133,2470.4310315606936,4222.26573809524
2018-09-02 11:00:00,4040,4475.547449967721,2616.670999627364,4086.988821428571
2018-09-02 11:00:00,4040,4475.547449967721,2595.7868642837784,4047.297654761905
2018-09-02 12:00:00,4549,4725.081841432225,2768.782032849141,4287.377833333333
2018-09-02 13:00:00,4414,4727.435270805812,2754.758861360312,4212.274654761905
2018-09-02 14:00:00,4299,4949.716550412175,3051.66295275242,4203.321202380952
2018-09-02 15:00:00,4330,5246.461338531514,3171.4134763162424,4142.869369047619
2018-09-02 16:00:00,4197,5661.568824638592,3112.4861114802857,4478.9134166666645
2018-09-02 17:00:00,3833,5329.677461139896,3306.210038656488,4058.036738095239
2018-09-02 18:00:00,3601,4277.991792929293,3472.359785148188,3724.2849404761905
2018-09-02 19:00:00,3098,3279.4859154929577,3385.804109953965,3525.5113333333325
2018-09-02 20:00:00,3115,2836.232469993683,3615.066475986175,2825.5933823953824
2018-09-02 21:00:00,2669,2674.197988686361,3508.694633362572,2227.260595238095
2018-09-02 22:00:00,2066,2201.658125,3615.6123962612046,1813.3738928571431
2018-09-02 22:00:00,2066,2201.658125,3708.584260133216,1816.7359761904765
2018-09-02 23:00:00,1475,1464.7486338797814,3647.399982700396,1299.6642857142858
2018-09-02 23:00:00,1475,1464.7486338797814,3626.5158473568104,1353.2415238095239
2018-09-03 00:00:00,962,840.2307692307693,2265.2616902299446,551.1442380952382
2018-09-03 00:00:00,962,840.2307692307693,2286.1458255735297,551.8309047619048
2018-09-03 01:00:00,694,520.4200244200244,2365.6923940642846,425.5201904761905
2018-09-03 01:00:00,694,520.4200244200244,2787.7966649669024,427.85333333333335
2018-09-03 01:00:00,694,520.4200244200244,2344.8082587206995,412.63416666666666
2018-09-03 02:00:00,421,391.66360856269114,2550.46093788298,282.01061904761906
2018-09-03 02:00:00,421,391.66360856269114,2643.432801754991,289.64216666666664
2018-09-03 03:00:00,310,371.06679035250465,2642.773691159969,335.8438809523809
2018-09-03 04:00:00,325,696.3011904761905,2815.973420294814,828.5545000000003
2018-09-03 04:00:00,325,696.3011904761905,2795.0892849512284,833.1075476190479
2018-09-03 05:00:00,590,2071.845731707317,2833.0598529730364,2395.933142857143
2018-09-03 05:00:00,590,2071.845731707317,2719.20385375744,2482.8278333333337
2018-09-03 05:00:00,590,2071.845731707317,3162.192260003643,2476.4648333333334
2018-09-03 05:00:00,590,2071.845731707317,2740.0879891010254,2502.261642857143
2018-09-03 06:00:00,1141,4163.973699940228,2839.8318051640313,3942.9342698412697
2018-09-03 06:00:00,1141,4163.973699940228,3261.9360760666486,3917.003436507936
2018-09-03 07:00:00,1556,4748.809753160746,3099.5805826260553,5663.967761904763
2018-09-03 07:00:00,1556,4748.809753160746,3078.6964472824698,5636.012809523811
2018-09-03 08:00:00,1995,4611.336930455635,3197.8000781175706,5243.084738095237
2018-09-03 08:00:00,1995,4611.336930455635,3176.9159427739855,5140.3970714285715
2018-09-03 09:00:00,2524,4385.760351317441,3339.6408037628175,4740.837087301587
2018-09-03 10:00:00,3050,4183.411445783133,3456.342686183658,4120.461571428571
2018-09-03 10:00:00,3050,4183.411445783133,3435.458550840073,4144.842857142857
2018-09-03 11:00:00,3616,4475.547449967721,3555.7749259214756,4405.135174603174
2018-09-03 11:00:00,3616,4475.547449967721,3534.8907905778906,4387.577198412699
2018-09-03 12:00:00,3901,4725.081841432225,3684.7924091679934,4516.198674242423
2018-09-03 13:00:00,4110,4727.435270805812,3798.2551103744154,4311.728749999999
2018-09-03 14:00:00,4446,4949.716550412175,3889.424623222787,4939.601547619048
2018-09-03 15:00:00,4411,5246.461338531514,3984.9765577141943,5153.253753968255
2018-09-03 16:00:00,4017,5661.568824638592,4081.4811925627837,5404.619728354977
2018-09-03 16:00:00,4017,5661.568824638592,4069.4951765725255,5452.1095119047595
2018-09-03 17:00:00,3900,5329.677461139896,4147.002768171361,4541.153875901877
2018-09-03 18:00:00,3487,4277.991792929293,4256.756961101782,3940.261999999999
2018-09-03 19:00:00,3006,3279.4859154929577,4328.646006155366,2880.840619047619
2018-09-03 19:00:00,3006,3279.4859154929577,4307.761870811781,2899.4923333333336
2018-09-03 19:00:00,3006,3279.4859154929577,4316.659990165108,2919.668833333333
2018-09-03 20:00:00,2627,2836.232469993683,4399.668297557347,2420.736023809524
2018-09-03 20:00:00,2627,2836.232469993683,4411.654313547605,2423.3625238095237
2018-09-03 21:00:00,2081,2674.197988686361,4516.178808875209,2346.921753968254
2018-09-03 22:00:00,1588,2201.658125,4604.680760723472,1601.9295238095233
2018-09-03 22:00:00,1588,2201.658125,4583.796625379887,1563.353857142857
2018-09-03 23:00:00,1012,1464.7486338797814,4698.517834571952,970.0445238095241
2018-09-03 23:00:00,1012,1464.7486338797814,4686.531818581694,968.4966904761906
2018-09-04 00:00:00,528,840.2307692307693,2580.367627962205,631.1430238095239
2018-09-04 01:00:00,321,520.4200244200244,2674.5857819535586,341.1694047619047
2018-09-04 01:00:00,321,520.4200244200244,2653.701646609973,300.2333452380952
2018-09-04 01:00:00,321,520.4200244200244,2662.5997659633003,345.4760357142857
2018-09-04 02:00:00,254,391.66360856269114,2747.348180387017,255.19931746031747
2018-09-04 02:00:00,254,391.66360856269114,2768.232315730602,251.89898412698415
2018-09-04 03:00:00,332,371.06679035250465,2863.784250222009,325.2170714285714
2018-09-04 04:00:00,901,696.3011904761905,2958.1929442847986,854.4689015151514
2018-09-04 05:00:00,2863,2071.845731707317,3051.648937990406,2881.9853690476184
2018-09-04 05:00:00,2863,2071.845731707317,3030.7648026468205,2880.206523809524
2018-09-04 05:00:00,2863,2071.845731707317,3473.753208893024,2886.3957738095237
2018-09-04 05:00:00,2863,2071.845731707317,3039.662922000148,2882.751440476191
2018-09-04 06:00:00,5280,4163.973699940228,3105.9528044816925,5747.248535714286
2018-09-04 06:00:00,5280,4163.973699940228,3093.9667884914343,5749.913178571428
2018-09-04 06:00:00,5280,4163.973699940228,3085.068669138107,5736.158583333333
2018-09-04 07:00:00,6379,4748.809753160746,3005.892261312145,6208.6831904761875
2018-09-04 07:00:00,6379,4748.809753160746,3017.878277302403,6184.115428571427
2018-09-04 08:00:00,5856,4611.336930455635,3328.619215437005,5642.0737698412695
2018-09-04 08:00:00,5856,4611.336930455635,3307.7350800934196,5624.571650793651
2018-09-04 08:00:00,5856,4611.336930455635,2954.1633286264782,5634.292936507936
2018-09-04 09:00:00,5242,4385.760351317441,3324.4726880296994,4927.207547619046
2018-09-04 09:00:00,5242,4385.760351317441,3315.574568676372,4900.483714285713
2018-09-04 09:00:00,5242,4385.760351317441,2962.0028172094308,4939.479214285713
2018-09-04 09:00:00,5242,4385.760351317441,3336.4587040199576,4926.5697142857125
2018-09-04 10:00:00,4403,4183.411445783133,3140.999571914171,4188.805619047619
2018-09-04 10:00:00,4403,4183.411445783133,3503.46944273444,4198.012952380952
2018-09-04 10:00:00,4403,4183.411445783133,3515.455458724698,4208.711285714286
2018-09-04 10:00:00,4403,4183.411445783133,3494.5713233811125,4232.456952380952
2018-09-04 11:00:00,4477,4475.547449967721,3577.5132582003434,4815.1511190476185
2018-09-04 11:00:00,4477,4475.547449967721,3598.397393543929,4788.875452380953
2018-09-04 12:00:00,4583,4725.081841432225,3593.988773623408,4771.961996031747
2018-09-04 12:00:00,4583,4725.081841432225,3219.5328868128813,4727.576234126985
2018-09-04 13:00:00,4652,4727.435270805812,3837.0066443009723,4884.480166666667
2018-09-04 13:00:00,4652,4727.435270805812,3816.1225089573873,4856.8317857142865
2018-09-04 14:00:00,4785,4949.716550412175,3872.552524707464,4770.231142857143
2018-09-04 14:00:00,4785,4949.716550412175,3851.6683893638788,4809.191095238095
2018-09-04 15:00:00,5436,5246.461338531514,3929.799664534331,5455.896055555554
2018-09-04 15:00:00,5436,5246.461338531514,3908.9155291907455,5461.1173055555555
2018-09-04 16:00:00,5667,5661.568824638592,4013.9605839057017,5744.601952380951
2018-09-04 16:00:00,5667,5661.568824638592,3993.0764485621166,5728.559285714286
2018-09-04 17:00:00,5494,5329.677461139896,4143.959653880353,5985.045535714286
2018-09-04 17:00:00,5494,5329.677461139896,4123.075518536767,6052.621952380951
2018-09-04 17:00:00,5494,5329.677461139896,4131.973637890094,6055.652619047619
2018-09-04 18:00:00,4383,4277.991792929293,4134.024195548981,4241.936380952381
2018-09-04 18:00:00,4383,4277.991792929293,4113.1400602053955,4227.566357142856
2018-09-04 18:00:00,4383,4277.991792929293,3759.568308738454,4219.292714285713
2018-09-04 18:00:00,4383,4277.991792929293,4122.038179558723,4296.667476190476
2018-09-04 19:00:00,3017,3279.4859154929577,4248.972222092502,2917.1440595238087
2018-09-04 19:00:00,3017,3279.4859154929577,4228.088086748917,2953.713202380952
2018-09-04 19:00:00,3017,3279.4859154929577,4236.986206102244,2950.3763690476185
2018-09-04 20:00:00,2385,2836.232469993683,4361.090205626018,2347.623428571429
2018-09-04 20:00:00,2385,2836.232469993683,4340.206070282433,2363.76403968254
2018-09-04 20:00:00,2385,2836.232469993683,4349.10418963576,2368.1082063492067
2018-09-04 21:00:00,2105,2674.197988686361,4501.546333464552,2172.63792063492
2018-09-04 21:00:00,2105,2674.197988686361,4480.662198120966,2213.4976587301585
2018-09-04 21:00:00,2105,2674.197988686361,4489.560317474294,2186.490492063492
2018-09-04 22:00:00,1351,2201.658125,4562.872124537443,1658.4183513708517
2018-09-04 22:00:00,1351,2201.658125,4541.987989193857,1690.6833037518043
2018-09-04 22:00:00,1351,2201.658125,4550.886108547184,1688.0881370851378
2018-09-04 23:00:00,921,1464.7486338797814,4677.710767129473,1109.616023809524
2018-09-04 23:00:00,921,1464.7486338797814,4665.724751139215,1099.110357142857
2018-09-05 00:00:00,522,840.2307692307693,2537.0970842236034,533.0416904761904
2018-09-05 00:00:00,522,840.2307692307693,2525.111068233345,542.1077142857142
2018-09-05 01:00:00,304,520.4200244200244,2675.21529248745,360.6313888888889
2018-09-05 01:00:00,304,520.4200244200244,2687.201308477708,354.7833055555555
2018-09-05 02:00:00,254,391.66360856269114,2573.2523268174696,286.8942182539682
2018-09-05 03:00:00,323,371.06679035250465,2763.8768521340344,381.0930873015872
2018-09-05 03:00:00,323,371.06679035250465,2751.890836143776,379.82573015873015
2018-09-05 04:00:00,882,696.3011904761905,2971.932968136539,897.6687261904761
2018-09-05 04:00:00,882,696.3011904761905,2959.946952146281,895.7681547619047
2018-09-05 05:00:00,3013,2071.845731707317,3027.46128776639,2925.882948412699
2018-09-05 05:00:00,3013,2071.845731707317,3015.4752717761316,2931.2389484126984
2018-09-05 06:00:00,5633,4163.973699940228,3108.450229527892,5553.169809523808
2018-09-05 06:00:00,5633,4163.973699940228,3120.4362455181504,5597.826
2018-09-05 06:00:00,5633,4163.973699940228,3099.552110174565,5577.565547619047
2018-09-05 07:00:00,6668,4748.809753160746,3234.0598631121306,6249.465333333334
2018-09-05 07:00:00,6668,4748.809753160746,3222.073847121873,6243.474238095238
2018-09-05 08:00:00,6327,4611.336930455635,3632.8799911120977,5805.5335
2018-09-05 09:00:00,5237,4385.760351317441,3709.7589986027456,5198.613880952381
2018-09-05 10:00:00,4599,4183.411445783133,3804.548772808407,4605.224325396825
2018-09-05 11:00:00,4635,4475.547449967721,3902.958808371359,4703.053333333332
2018-09-05 12:00:00,5001,4725.081841432225,3974.89622020985,4816.959488095237
2018-09-05 13:00:00,4781,4727.435270805812,3671.0729658098844,4797.888738095237
2018-09-05 14:00:00,4816,4949.716550412175,3784.5356670163064,5206.240452380954
2018-09-05 15:00:00,5661,5246.461338531514,4313.569463186191,5689.622809523809
2018-09-05 16:00:00,6555,5661.568824638592,4418.648401249415,6694.3636904761925
2018-09-05 17:00:00,5938,5329.677461139896,4102.630582277524,6027.300690476191
2018-09-05 18:00:00,4426,4277.991792929293,4194.752795483077,4621.134444444444
2018-09-05 19:00:00,3414,3279.4859154929577,4221.660439651061,3473.3671428571442
2018-09-05 20:00:00,3130,2836.232469993683,4266.702077733151,2950.591523809524
2018-09-05 21:00:00,2532,2674.197988686361,4381.149626299576,2580.307861111111
2018-09-05 22:00:00,1629,2201.658125,4367.995734503424,1766.8293452380956
2018-09-05 23:00:00,993,1464.7486338797814,4379.7633955172005,1351.1060000000004
2018-09-06 00:00:00,570,840.2307692307693,2230.358376886058,535.8647142857143
2018-09-06 00:00:00,570,840.2307692307693,2209.4742415424726,538.0683095238096
2018-09-06 01:00:00,350,520.4200244200244,2290.839229340917,385.275880952381
2018-09-06 01:00:00,350,520.4200244200244,2269.955093997332,382.4331587301586
2018-09-06 02:00:00,281,391.66360856269114,2390.768116888934,258.11009126984123
2018-09-06 02:00:00,281,391.66360856269114,2369.8839815453484,258.956996031746
2018-09-06 03:00:00,337,371.06679035250465,2472.6936162300253,356.4993809523809
2018-09-06 03:00:00,337,371.06679035250465,2493.577751573611,356.902
2018-09-06 04:00:00,909,696.3011904761905,2573.8864803501124,869.4426666666662
2018-09-06 04:00:00,909,696.3011904761905,2666.858344222124,868.6251785714283
2018-09-06 05:00:00,3036,2071.845731707317,2680.6693418834107,2874.644150793652
2018-09-06 05:00:00,3036,2071.845731707317,2659.7852065398256,2861.9621507936513
2018-09-06 06:00:00,5868,4163.973699940228,2755.2618685168213,4321.741404761905
2018-09-06 07:00:00,6526,4748.809753160746,2861.237868231124,6194.030134920634
2018-09-06 07:00:00,6526,4748.809753160746,2840.3537328875386,6254.303952380952
2018-09-06 08:00:00,5996,4611.336930455635,2960.471171372351,5715.834682539682
2018-09-06 09:00:00,5328,4385.760351317441,3142.682657891623,5430.986472222223
2018-09-06 10:00:00,4579,4183.411445783133,3317.1785519372747,4591.207083333335
2018-09-06 11:00:00,4727,4475.547449967721,3517.022947589389,4896.673898268398
2018-09-06 12:00:00,4765,4725.081841432225,3579.3710450445305,4935.2993333333325
2018-09-06 13:00:00,4853,4727.435270805812,3749.2834720024503,4952.799261904762
2018-09-06 14:00:00,4947,4949.716550412175,4194.191111100062,5184.51788095238
2018-09-06 15:00:00,5786,5246.461338531514,3971.8264527722595,5824.039047619048
2018-09-06 16:00:00,6396,5661.568824638592,4412.1611301553985,6573.361626984129
2018-09-06 17:00:00,6008,5329.677461139896,4587.647340147479,6282.224833333333
2018-09-06 18:00:00,4373,4277.991792929293,4678.054692710106,4741.95219047619
2018-09-06 19:00:00,3382,3279.4859154929577,4749.5985782005355,3424.692392857143
2018-09-06 20:00:00,3223,2836.232469993683,4377.7525182978,3199.7437539682533
2018-09-06 21:00:00,2712,2674.197988686361,4759.591393749984,2852.5915119047627
2018-09-06 22:00:00,2096,2201.658125,4479.302553705538,2377.508238095238
2018-09-06 23:00:00,1248,1464.7486338797814,4557.705881767675,1547.7036746031754
2018-09-07 00:00:00,550,840.2307692307693,2432.3151524433483,724.14841991342
2018-09-07 01:00:00,417,520.4200244200244,2519.1022436486837,431.9062738095237
2018-09-07 02:00:00,307,391.66360856269114,2610.08121642562,313.20716666666664
2018-09-07 03:00:00,338,371.06679035250465,2703.346670059791,363.36588095238096
2018-09-07 04:00:00,892,696.3011904761905,2796.0405034796527,841.1552337662338
2018-09-07 05:00:00,2942,2071.845731707317,2883.780295042171,2787.828988095238
2018-09-07 06:00:00,5542,4163.973699940228,2972.8538671047427,5535.2058333333325
2018-09-07 07:00:00,6675,4748.809753160746,3171.4592209573443,6119.612412698413
2018-09-07 08:00:00,5923,4611.336930455635,3179.0104017310277,5591.823654761905
2018-09-07 09:00:00,5061,4385.760351317441,3313.051430652574,5056.382940476192
2018-09-07 10:00:00,4720,4183.411445783133,3454.7140624315734,4711.7179166666665
2018-09-07 11:00:00,4700,4475.547449967721,4026.0477544603214,4931.069333333333
2018-09-07 12:00:00,5073,4725.081841432225,4066.816702880651,5328.759666666666
2018-09-07 13:00:00,4832,4727.435270805812,4260.59475973062,5015.313857142856
2018-09-07 14:00:00,5163,4949.716550412175,4372.342600294114,5312.038567460318
2018-09-07 15:00:00,4831,5246.461338531514,4062.4220636081877,5673.543869047618
2018-09-07 16:00:00,6148,5661.568824638592,4500.660800205525,6034.456571428572
2018-09-07 17:00:00,5426,5329.677461139896,4259.432674805528,5314.331833333334
2018-09-07 18:00:00,4699,4277.991792929293,4343.933285153627,4721.725999999999
2018-09-07 19:00:00,3734,3279.4859154929577,4425.1947142873105,3935.6493492063496
2018-09-07 20:00:00,3360,2836.232469993683,4761.955701106482,3088.1960476190475
2018-09-07 21:00:00,2803,2674.197988686361,4813.111798953225,2965.329785714286
2018-09-07 22:00:00,2669,2201.658125,4880.463802872055,2461.403833333333
2018-09-07 23:00:00,1957,1464.7486338797814,4670.78522103309,1868.712190476191
2018-09-08 00:00:00,1131,840.2307692307693,1383.9299524551686,1337.2064761904765
2018-09-08 01:00:00,690,520.4200244200244,1465.7630018031596,805.3701111111112
2018-09-08 02:00:00,488,391.66360856269114,1593.2586441141825,619.3750714285716
2018-09-08 03:00:00,393,371.06679035250465,1563.522175103813,419.92114610389604
2018-09-08 04:00:00,459,696.3011904761905,1644.7836042374956,437.9772857142856
2018-09-08 05:00:00,830,2071.845731707317,1794.2384396237435,894.5811666666668
2018-09-08 06:00:00,1504,4163.973699940228,1887.694433329351,1504.107666666667
2018-09-08 07:00:00,2063,4748.809753160746,1914.4272116801171,1955.1480000000001
2018-09-08 08:00:00,3043,4611.336930455635,2077.2739817406755,3200.600226190476
2018-09-08 09:00:00,3588,4385.760351317441,2230.940638020164,3847.3133809523815
2018-09-08 10:00:00,4039,4183.411445783133,2364.219506655964,4383.763369047619
2018-09-08 11:00:00,4249,4475.547449967721,2500.8739669038523,4168.691702380954
2018-09-08 12:00:00,4690,4725.081841432225,2626.5312326821995,4556.958904761906
2018-09-08 13:00:00,4550,4727.435270805812,2743.614195245912,4427.866190476189
2018-09-08 14:00:00,4612,4949.716550412175,2841.1256601254504,4369.261702380953
2018-09-08 15:00:00,4756,5246.461338531514,2955.86801215816,4379.653591269842
2018-09-08 16:00:00,4848,5661.568824638592,3055.611828221167,4340.35438888889
2018-09-08 17:00:00,4125,5329.677461139896,3137.117927100052,4239.930650793652
2018-09-08 18:00:00,3745,4277.991792929293,3237.379233703601,3579.506273809524
2018-09-08 19:00:00,3399,3279.4859154929577,3309.4947394083397,3395.268452380952
2018-09-08 20:00:00,3245,2836.232469993683,3629.923409757753,2964.5692579365077
2018-09-08 21:00:00,2814,2674.197988686361,3680.31734731875,3118.9680000000003
2018-09-08 22:00:00,2478,2201.658125,3478.5873188063447,2892.1340079365077
2018-09-08 23:00:00,1916,1464.7486338797814,3548.8515534704875,2490.514404761905
2018-09-09 00:00:00,1286,840.2307692307693,1424.0324443604686,1558.521619047619
2018-09-09 01:00:00,794,520.4200244200244,1516.7262777803303,931.8027380952385
2018-09-09 02:00:00,620,391.66360856269114,1605.0376895571571,686.2121031746032
2018-09-09 03:00:00,345,371.06679035250465,1683.6315576907311,444.5015833333333
2018-09-09 04:00:00,353,696.3011904761905,1769.656488610322,333.8236031746032
2018-09-09 05:00:00,541,2071.845731707317,1851.1084578154405,511.34640476190475
2018-09-09 06:00:00,1140,4163.973699940228,1875.7994250541728,1016.6937857142856
2018-09-09 07:00:00,1806,4748.809753160746,1959.918955259401,1289.2703214285712
2018-09-09 08:00:00,2224,4611.336930455635,2107.9933735882805,1884.4213928571428
2018-09-09 09:00:00,3449,4385.760351317441,2260.5634259964654,3001.5795158730166
2018-09-09 10:00:00,4322,4183.411445783133,2348.6344330955108,4144.321011904762
2018-09-09 11:00:00,4273,4475.547449967721,2944.2165788030175,4168.850392857144
2018-09-09 12:00:00,3990,4725.081841432225,3071.7792452957287,4291.286357142856
2018-09-09 13:00:00,3993,4727.435270805812,2771.3857121816172,4177.737365079365
2018-09-09 14:00:00,3852,4949.716550412175,3298.323567565701,4323.42994047619
2018-09-09 15:00:00,3888,5246.461338531514,3403.402505628925,4435.705797619048
2018-09-09 16:00:00,4126,5661.568824638592,3089.4806274428342,4487.161646825396
2018-09-09 17:00:00,3959,5329.677461139896,3598.3171760404657,4199.652821428572
2018-09-09 18:00:00,3692,4277.991792929293,3270.676412710959,4138.997690476192
2018-09-09 19:00:00,3258,3279.4859154929577,3349.8419010588427,3410.644595238096
2018-09-09 20:00:00,2755,2836.232469993683,3732.6334768682086,3201.7109880952376
2018-09-09 21:00:00,2140,2674.197988686361,3797.127379715494,2299.3805
2018-09-09 22:00:00,1534,2201.658125,3869.2428854202326,1816.634785714286
2018-09-09 23:00:00,996,1464.7486338797814,3610.2945333766556,1400.177043650794
2018-09-10 00:00:00,534,840.2307692307693,2231.3201496062106,625.120277056277
2018-09-10 01:00:00,303,520.4200244200244,2305.1505159538765,430.80726587301587
2018-09-10 02:00:00,286,391.66360856269114,2394.6051681593203,274.4119920634921
2018-09-10 03:00:00,329,371.06679035250465,2483.4882001504566,340.43067857142853
2018-09-10 04:00:00,861,696.3011904761905,2574.2766328559555,855.5906944444446
2018-09-10 05:00:00,2963,2071.845731707317,2668.685326918745,2639.9685
2018-09-10 06:00:00,5721,4163.973699940228,2757.187278767008,5391.799666666666
2018-09-10 07:00:00,6561,4748.809753160746,2847.785171401071,5674.848404761904
2018-09-10 08:00:00,6009,4611.336930455635,3245.137900936995,4901.381517316017
2018-09-10 09:00:00,5236,4385.760351317441,3088.6199990287673,4710.298285714286
2018-09-10 10:00:00,4201,4183.411445783133,3520.8415616375405,4317.675023809523
2018-09-10 11:00:00,4498,4475.547449967721,3379.947945587092,4469.3980357142855
2018-09-10 12:00:00,4724,4725.081841432225,3522.9443578661458,4595.326916666668
2018-09-10 13:00:00,4462,4727.435270805812,3650.643434756526,4480.750224025975
2018-09-10 14:00:00,5016,4949.716550412175,3764.5413457795876,5058.807488095236
2018-09-10 15:00:00,5688,5246.461338531514,4202.589542305491,5058.324547619048
2018-09-10 16:00:00,6344,5661.568824638592,4302.9049785828065,5888.61826190476
2018-09-10 17:00:00,5857,5329.677461139896,4480.296589289251,4361.839328282827
2018-09-10 18:00:00,4245,4277.991792929293,4486.958864922477,4218.913666666666
2018-09-10 19:00:00,3184,3279.4859154929577,4234.107795164862,3236.4540000000006
2018-09-10 20:00:00,2732,2836.232469993683,4622.996653260192,2724.6310357142856
2018-09-10 21:00:00,2235,2674.197988686361,4354.521297644798,2426.2960317460315
2018-09-10 22:00:00,1389,2201.658125,4717.386274250746,1619.9850833333328
2018-09-10 23:00:00,887,1464.7486338797814,4513.233354483436,1136.7423095238091
2018-09-11 00:00:00,516,840.2307692307693,2386.3183045876176,525.3050714285714
2018-09-11 01:00:00,330,520.4200244200244,2470.437834792845,373.16804761904757
2018-09-11 02:00:00,265,391.66360856269114,2558.5587064982356,244.81228571428576
2018-09-11 03:00:00,332,371.06679035250465,2646.48903813219,346.58057142857143
2018-09-11 04:00:00,891,696.3011904761905,2727.3693871229993,882.8504761904763
2018-09-11 05:00:00,3055,2071.845731707317,2817.967279757062,3016.5463333333337
2018-09-11 06:00:00,5927,4163.973699940228,2909.517872748307,5876.607626984126
2018-09-11 07:00:00,6496,4748.809753160746,2999.1630650251877,5698.8444007936505
2018-09-11 08:00:00,6123,4611.336930455635,3101.002821873994,5923.35490873016
2018-09-11 09:00:00,5471,4385.760351317441,3235.6154710098494,5365.657488095238
2018-09-11 10:00:00,4257,4183.411445783133,3374.229461645867,4612.645964285712
2018-09-11 11:00:00,5074,4475.547449967721,3515.8379637511002,4729.126392857143
2018-09-11 12:00:00,4734,4725.081841432225,3634.1182964171976,4919.207023809524
2018-09-11 13:00:00,4875,4727.435270805812,3750.439098695165,4928.927785714285
2018-09-11 14:00:00,4922,4949.716550412175,3828.1613436764565,5245.533642857144
2018-09-11 15:00:00,5636,5246.461338531514,3979.2157721486064,5834.45403968254
2018-09-11 16:00:00,6601,5661.568824638592,4084.6757903547023,6147.828785714285
2018-09-11 17:00:00,5859,5329.677461139896,4291.262684366986,5627.947023809522
2018-09-11 18:00:00,4372,4277.991792929293,4206.421869815689,4864.4476428571425
2018-09-11 19:00:00,3427,3279.4859154929577,4741.036661249996,3520.391821428572
2018-09-11 20:00:00,3114,2836.232469993683,4800.195442097064,2888.588666666665
2018-09-11 21:00:00,2501,2674.197988686361,4470.268197910321,2616.921428571429
2018-09-11 22:00:00,1860,2201.658125,4880.1164638636465,1766.1999841269842
2018-09-11 23:00:00,2682,1464.7486338797814,4625.741073534542,1145.215369047619
2018-09-12 00:00:00,750,840.2307692307693,2507.209786781923,624.2735714285716
2018-09-12 01:00:00,344,520.4200244200244,2589.423916272786,357.1507261904761
2018-09-12 02:00:00,314,391.66360856269114,2676.0204674066863,226.58373015873013
2018-09-12 03:00:00,371,371.06679035250465,2759.949457540477,342.080126984127
2018-09-12 04:00:00,937,696.3011904761905,2839.496026031233,869.9774166666667
2018-09-12 05:00:00,3085,2071.845731707317,2928.1885179509322,2963.2903968253972
2018-09-12 06:00:00,5908,4163.973699940228,2968.433967119459,5662.614321428571
2018-09-12 07:00:00,6677,4748.809753160746,3109.0032230761844,5676.9029801587285
2018-09-12 08:00:00,6297,4611.336930455635,2987.749971900887,5857.457595238095
2018-09-12 09:00:00,5551,4385.760351317441,3362.076247532008,5009.883261904762
2018-09-12 09:00:00,5551,4385.760351317441,2987.620360721481,5031.855261904762
2018-09-12 10:00:00,4499,4183.411445783133,3311.461338686795,4460.961499999999
2018-09-12 10:00:00,4499,4183.411445783133,2937.005451876268,4599.47830952381
2018-09-12 11:00:00,4598,4475.547449967721,3314.0505564390546,4831.695178571429
2018-09-12 12:00:00,4759,4725.081841432225,3690.416694394585,4938.894476190477
2018-09-12 13:00:00,4733,4727.435270805812,3815.5023399586244,4963.715952380952
2018-09-12 14:00:00,5056,4949.716550412175,4265.173480842142,5146.953452380953
2018-09-12 15:00:00,5739,5246.461338531514,4375.968621048456,5922.028365079364
2018-09-12 16:00:00,6450,5661.568824638592,4477.808377897262,6580.851246031746
2018-09-12 17:00:00,6245,5329.677461139896,4233.912691497156,6360.204547619049
2018-09-12 18:00:00,4668,4277.991792929293,4608.210072389284,4895.885500000001
2018-09-12 19:00:00,3510,3279.4859154929577,4682.4215188798225,3519.7094325396833
2018-09-12 20:00:00,3064,2836.232469993683,4452.682099866277,3066.800178571428
2018-09-12 21:00:00,2705,2674.197988686361,4514.317901642018,2686.10819047619
2018-09-12 22:00:00,1813,2201.658125,4593.864470132772,1972.8903333333326
2018-09-12 23:00:00,2842,1464.7486338797814,4662.79492429686,987.1953214285714
2018-09-13 00:00:00,699,840.2307692307693,2536.832574758224,323.4842619047619
2018-09-13 01:00:00,413,520.4200244200244,2617.522383677597,378.90394841269836
2018-09-13 02:00:00,332,391.66360856269114,2703.1662344543156,256.61396428571425
2018-09-13 03:00:00,383,371.06679035250465,2786.714144445234,353.1789999999999
2018-09-13 04:00:00,914,696.3011904761905,2860.544510792899,877.5298452380956
2018-09-13 05:00:00,3052,2071.845731707317,2954.572124712816,2968.567018398269
2018-09-13 06:00:00,5830,4163.973699940228,3042.8835364896427,5577.665547619047
2018-09-13 07:00:00,6433,4748.809753160746,3130.813868123596,5621.416607142858
2018-09-13 08:00:00,6162,4611.336930455635,3240.030558084653,5899.171107142857
2018-09-13 09:00:00,5092,4385.760351317441,3658.39682515234,5356.602392857143
2018-09-13 10:00:00,4584,4183.411445783133,3493.304620029478,4643.529369047618
2018-09-13 11:00:00,4767,4475.547449967721,3964.887869128175,4950.697107142858
2018-09-13 12:00:00,4851,4725.081841432225,4047.372646987872,5183.083333333334
2018-09-13 13:00:00,4826,4727.435270805812,4209.1524180417255,5161.121817460318
2018-09-13 14:00:00,5014,4949.716550412175,4404.645335534621,5433.898726190478
2018-09-13 15:00:00,5617,5246.461338531514,4434.9345800259525,5509.460384920634
2018-09-13 16:00:00,6514,5661.568824638592,4612.897810946706,6524.227662698412
2018-09-13 17:00:00,5701,5329.677461139896,4627.562769580258,5953.859416666668
2018-09-13 18:00:00,4443,4277.991792929293,4717.589042000011,5129.723166666667
2018-09-13 19:00:00,3669,3279.4859154929577,4796.373450205022,3642.218869047618
2018-09-13 20:00:00,3282,2836.232469993683,4856.6754714807075,3381.228261904762
2018-09-13 21:00:00,2676,2674.197988686361,4539.300685818813,3063.28680952381
2018-09-13 22:00:00,1921,2201.658125,4626.867114788584,2290.4708333333338
2018-09-13 23:00:00,1167,1464.7486338797814,4788.443899565813,1491.5646190476193
2018-09-14 00:00:00,603,840.2307692307693,2960.5879841282667,729.4213571428575
2018-09-14 01:00:00,376,520.4200244200244,2709.832855156452,453.2434285714286
2018-09-14 02:00:00,333,391.66360856269114,2800.6212878619513,326.69833333333327
2018-09-14 03:00:00,377,371.06679035250465,2887.4083790672867,391.38468253968244
2018-09-14 04:00:00,892,696.3011904761905,3089.5641903491933,873.7556746031746
2018-09-14 05:00:00,2899,2071.845731707317,3409.38556572698,2798.2485119047615
2018-09-14 06:00:00,5569,4163.973699940228,3502.079399146843,5442.457195887446
2018-09-14 07:00:00,6728,4748.809753160746,3711.8503757922745,6164.890595238096
2018-09-14 08:00:00,5934,4611.336930455635,3773.8797039160754,5809.695063492062
2018-09-14 09:00:00,5025,4385.760351317441,3515.252610116296,4943.853642857143
2018-09-14 10:00:00,4566,4183.411445783133,3573.8016070792805,4717.210857142858
2018-09-14 11:00:00,4836,4475.547449967721,4119.2218493926885,4988.883535714287
2018-09-14 12:00:00,5019,4725.081841432225,4236.495352027837,5433.376476190477
2018-09-14 13:00:00,4830,4727.435270805812,4360.628297234694,5516.1995
2018-09-14 14:00:00,5231,4949.716550412175,4468.565336369462,5589.010642857142
2018-09-14 15:00:00,5953,5246.461338531514,4499.807281217975,5889.856968253968
2018-09-14 16:00:00,6196,5661.568824638592,4682.152933781765,6239.087380952382
2018-09-14 17:00:00,5358,5329.677461139896,4780.562969344716,5379.343130952382
2018-09-14 18:00:00,4687,4277.991792929293,4870.970321907343,5010.773928571429
2018-09-14 19:00:00,3880,3279.4859154929577,4859.721830825554,3810.5378095238098
2018-09-14 20:00:00,3329,2836.232469993683,4878.185144682643,3258.5680476190482
2018-09-14 21:00:00,3169,2674.197988686361,4988.3285563772515,3238.445988095239
2018-09-14 22:00:00,2810,2201.658125,4741.00314869129,2657.6267857142857
2018-09-14 23:00:00,2024,1464.7486338797814,4830.838881039609,2281.2564999999995
2018-09-15 00:00:00,1179,840.2307692307693,1966.414149996855,1343.5515952380956
2018-09-15 01:00:00,808,520.4200244200244,1928.7606972828128,880.7670952380951
2018-09-15 02:00:00,584,391.66360856269114,1727.6564186584844,600.4987023809523
2018-09-15 03:00:00,428,371.06679035250465,1820.3502520783472,469.2571428571429
2018-09-15 04:00:00,502,696.3011904761905,1488.6113667785935,486.5974285714285
2018-09-15 05:00:00,871,2071.845731707317,1997.354155774873,820.0303571428569
2018-09-15 06:00:00,1469,4163.973699940228,2087.5709682660627,1430.3768650793652
2018-09-15 07:00:00,2117,4748.809753160746,2164.524075342846,2029.4298690476185
2018-09-15 07:00:00,2117,4748.809753160746,1790.0681885323193,2040.093702380952
2018-09-15 08:00:00,3442,4611.336930455635,2607.071133997084,2850.872567460317
2018-09-15 09:00:00,3999,4385.760351317441,2393.852399098227,3599.4680238095234
2018-09-15 10:00:00,4448,4183.411445783133,2942.3212825546157,4073.6535158730157
2018-09-15 11:00:00,4772,4475.547449967721,2999.47667711847,4780.718190476189
2018-09-15 12:00:00,4990,4725.081841432225,3082.3425351210394,4443.553845238093
2018-09-15 13:00:00,4848,4727.435270805812,3254.792550175327,4754.828190476188
2018-09-15 14:00:00,4343,4949.716550412175,3440.7584640964074,4714.74583333333
2018-09-15 15:00:00,4296,5246.461338531514,3474.0963497307193,4618.138999999999
2018-09-15 16:00:00,4219,5661.568824638592,3572.125305150799,4662.038904761905
2018-09-15 17:00:00,3953,5329.677461139896,3621.265570509138,4370.253499999999
2018-09-15 18:00:00,3826,4277.991792929293,3703.479700000002,4028.551595238096
2018-09-15 19:00:00,3455,3279.4859154929577,3490.371396875185,3504.8227976190474
2018-09-15 20:00:00,3208,2836.232469993683,3534.232842333579,3170.2303214285726
2018-09-15 21:00:00,3055,2674.197988686361,3579.9174077824346,2886.332952380952
2018-09-15 22:00:00,2741,2201.658125,3654.3193943444085,2999.275
2018-09-15 23:00:00,2123,1464.7486338797814,3741.4875656926174,2307.7755238095237
2018-09-16 00:00:00,1353,840.2307692307693,1621.0508782256345,1351.5304166666672
2018-09-16 01:00:00,786,520.4200244200244,1706.6947290023531,883.6565793650792
2018-09-16 02:00:00,607,391.66360856269114,1794.6250606363064,632.5287539682539
2018-09-16 03:00:00,401,371.06679035250465,1882.3648521988248,428.0549166666667
2018-09-16 04:00:00,313,696.3011904761905,1965.53168204687,288.42564285714286
2018-09-16 05:00:00,467,2071.845731707317,2500.078694083219,573.8228452380953
2018-09-16 06:00:00,850,4163.973699940228,2558.2972207782936,1008.3300714285715
2018-09-16 07:00:00,1302,4748.809753160746,2566.48381698301,1213.1891010101012
2018-09-16 08:00:00,2090,4611.336930455635,2326.3989320116298,2086.341154761905
2018-09-16 09:00:00,3039,4385.760351317441,2787.121397038456,2676.130142857142
2018-09-16 10:00:00,3278,4183.411445783133,2914.1124433168575,3432.2775119047624
2018-09-16 11:00:00,4352,4475.547449967721,3011.4593467485893,3944.454547619048
2018-09-16 12:00:00,3978,4725.081841432225,2842.746880268437,4447.079964285715
2018-09-16 13:00:00,3935,4727.435270805812,3291.0842406519005,4359.679011904762
2018-09-16 14:00:00,3829,4949.716550412175,3407.595583001305,4327.221583333333
2018-09-16 15:00:00,4101,5246.461338531514,3504.671838064203,4310.1620833333345
2018-09-16 16:00:00,4539,5661.568824638592,3605.749434627263,4337.643488095238
2018-09-16 17:00:00,4154,5329.677461139896,3364.1402290843926,4501.532000000002
2018-09-16 18:00:00,3701,4277.991792929293,3733.674108190612,4068.736682539684
2018-09-16 19:00:00,3400,3279.4859154929577,3527.7521981066084,3578.1643809523807
2018-09-16 20:00:00,3092,2836.232469993683,3570.388122412482,3090.598612554112
2018-09-16 21:00:00,2623,2674.197988686361,3638.0670768004184,2678.32038095238
2018-09-16 22:00:00,1725,2201.658125,3712.469063362394,2030.0436547619047
2018-09-16 23:00:00,1088,1464.7486338797814,3789.9738207411156,1587.4377619047614
2018-09-17 00:00:00,550,840.2307692307693,2419.9548203281784,820.6804285714283
2018-09-17 01:00:00,280,520.4200244200244,2506.932451604951,497.5214444444445
2018-09-17 02:00:00,260,391.66360856269114,2594.291163024596,313.09210317460315
2018-09-17 03:00:00,344,371.06679035250465,3102.9371715507914,332.3199444444445
2018-09-17 04:00:00,880,696.3011904761905,3228.581991123951,683.886726190476
2018-09-17 05:00:00,2965,2071.845731707317,3203.055440889626,2087.4186190476194
2018-09-17 06:00:00,5667,4163.973699940228,3288.8898317377793,3918.192023809523
2018-09-17 07:00:00,6533,4748.809753160746,3310.211246666415,4950.287642857143
2018-09-17 08:00:00,6070,4611.336930455635,3458.843752791162,5493.710142857144
2018-09-17 09:00:00,5145,4385.760351317441,3233.049373177507,4321.3699166666665
2018-09-17 10:00:00,4201,4183.411445783133,3351.602526638943,3751.9474285714296
2018-09-17 11:00:00,4371,4475.547449967721,3467.923328916911,4079.730833333333
2018-09-17 12:00:00,4533,4725.081841432225,3902.977013973598,4600.160678571428
2018-09-17 13:00:00,4680,4727.435270805812,3448.754504335623,4047.6602857142866
2018-09-17 14:00:00,4930,4949.716550412175,3381.9303995670743,4970.583392857143
2018-09-17 14:00:00,4930,4949.716550412175,3756.386286377601,4949.843452380953
2018-09-17 15:00:00,5327,5246.461338531514,3748.7256344176876,5352.320226190475
2018-09-17 15:00:00,5327,5246.461338531514,3374.2697476071608,5366.337206349206
2018-09-17 15:00:00,5327,5246.461338531514,3727.841499074102,5427.171611111111
2018-09-17 15:00:00,5327,5246.461338531514,3736.7396184274294,5420.336087301588
2018-09-17 16:00:00,6354,5661.568824638592,3797.1891878574565,6302.338206349207
2018-09-17 16:00:00,6354,5661.568824638592,3776.305052513871,6288.139682539683
2018-09-17 16:00:00,6354,5661.568824638592,3422.7333010469297,6302.109492063493
2018-09-17 17:00:00,5412,5329.677461139896,3896.855637584601,4663.577452380951
2018-09-17 17:00:00,5412,5329.677461139896,3875.971502241016,4952.77238095238
2018-09-17 17:00:00,5412,5329.677461139896,3884.869621594343,4916.030047619046
2018-09-17 18:00:00,4000,4277.991792929293,3717.2152343721186,3903.1748333333326
2018-09-17 18:00:00,4000,4277.991792929293,4091.6711211826455,3867.4085119047613
2018-09-17 19:00:00,2897,3279.4859154929577,4116.615872123246,3176.905365079366
2018-09-17 19:00:00,2897,3279.4859154929577,4095.7317367796604,3193.6881904761917
2018-09-17 20:00:00,2466,2836.232469993683,4314.460134014049,2503.3043928571433
2018-09-17 20:00:00,2466,2836.232469993683,4293.575998670463,2512.31780952381
2018-09-17 21:00:00,2090,2674.197988686361,4388.690323605615,2150.697134920635
2018-09-17 22:00:00,1434,2201.658125,4375.947135636212,1587.427228937729
2018-09-17 23:00:00,869,1464.7486338797814,4430.538963480069,981.6257023809522
2018-09-18 00:00:00,536,840.2307692307693,2457.0882017428994,525.2040952380953
2018-09-18 00:00:00,536,840.2307692307693,2082.6323149323725,525.2443571428573
2018-09-18 01:00:00,351,520.4200244200244,2455.0253753078896,352.32194047619043
2018-09-18 01:00:00,351,520.4200244200244,2101.4536238409482,353.68953571428574
2018-09-18 01:00:00,351,520.4200244200244,2475.909510651475,351.994869047619
2018-09-18 02:00:00,227,391.66360856269114,2588.6537780800436,242.76382142857148
2018-09-18 02:00:00,227,391.66360856269114,2214.197891269517,244.62954365079375
2018-09-18 03:00:00,340,371.06679035250465,2655.156112107343,328.4803214285715
2018-09-18 03:00:00,340,371.06679035250465,2280.700225296816,328.42262301587306
2018-09-18 03:00:00,340,371.06679035250465,2634.2719767637573,329.0607896825397
2018-09-18 04:00:00,858,696.3011904761905,2646.492077847109,855.1352738095238
2018-09-18 04:00:00,858,696.3011904761905,2272.0361910365823,854.2982380952382
2018-09-18 04:00:00,858,696.3011904761905,2625.6079425035236,859.6417380952381
2018-09-18 05:00:00,3027,2071.845731707317,2284.1370581619462,2844.6126666666664
2018-09-18 05:00:00,3027,2071.845731707317,2637.7088096288876,2858.315
2018-09-18 05:00:00,3027,2071.845731707317,2658.592944972473,2852.0905000000002
2018-09-18 06:00:00,5642,4163.973699940228,2949.4827701233385,4742.142142857143
2018-09-18 06:00:00,5642,4163.973699940228,2575.0268833128116,4767.84630952381
2018-09-18 06:00:00,5642,4163.973699940228,2928.598634779753,4744.907666666667
2018-09-18 07:00:00,6516,4748.809753160746,3131.0963251115313,6147.118928571427
2018-09-18 07:00:00,6516,4748.809753160746,3110.212189767946,6161.146595238093
2018-09-18 08:00:00,5873,4611.336930455635,3215.7382804367494,5960.185433982683
2018-09-18 08:00:00,5873,4611.336930455635,3194.854145093164,5955.311457792206
2018-09-18 08:00:00,5873,4611.336930455635,2841.2823936262225,5964.98360064935
2018-09-18 09:00:00,5123,4385.760351317441,3225.936091036371,5328.212285714287
2018-09-18 09:00:00,5123,4385.760351317441,2851.4802042258443,5339.273952380952
2018-09-18 09:00:00,5123,4385.760351317441,3205.0519556927857,5341.287119047618
2018-09-18 10:00:00,4527,4183.411445783133,3384.782455921431,4264.161880952381
2018-09-18 10:00:00,4527,4183.411445783133,3010.326569110904,4262.893214285715
2018-09-18 10:00:00,4527,4183.411445783133,3363.8983205778454,4289.799547619048
2018-09-18 11:00:00,4593,4475.547449967721,3503.2921205874077,4633.828595238095
2018-09-18 12:00:00,4725,4725.081841432225,3912.8691738841835,4819.7752222222225
2018-09-18 13:00:00,4737,4727.435270805812,3719.2700576320085,4748.431130952382
2018-09-18 14:00:00,4931,4949.716550412175,4128.933792225157,5169.734496031746
2018-09-18 15:00:00,5623,5246.461338531514,4230.201928859655,5668.724357142856
2018-09-18 16:00:00,6623,5661.568824638592,4324.991703065316,6696.892083333335
2018-09-18 17:00:00,5916,5329.677461139896,4415.589595699379,6261.325309523811
2018-09-18 18:00:00,4423,4277.991792929293,4180.146936245623,4432.467690476191
2018-09-18 18:00:00,4423,4277.991792929293,4201.031071589207,4370.249785714285
2018-09-18 19:00:00,3309,3279.4859154929577,4291.057344008961,3227.656333333334
2018-09-18 19:00:00,3309,3279.4859154929577,4279.071328018703,3261.5615000000003
2018-09-18 20:00:00,2805,2836.232469993683,4380.702536285842,2830.4057896825393
2018-09-18 21:00:00,2400,2674.197988686361,4480.2503436909865,2623.091214285714
2018-09-18 22:00:00,2631,2201.658125,4557.325359839496,1649.797883116883
2018-09-18 22:00:00,2631,2201.658125,4536.44122449591,1660.057954545455
2018-09-18 23:00:00,1501,1464.7486338797814,4957.081010717955,1020.8477142857146
2018-09-19 00:00:00,617,840.2307692307693,2541.205450149991,526.5234047619048
2018-09-19 00:00:00,617,840.2307692307693,2166.749563339464,536.5116904761907
2018-09-19 01:00:00,401,520.4200244200244,2565.279102726499,340.9212142857143
2018-09-19 01:00:00,401,520.4200244200244,2190.823215915972,342.65971428571436
2018-09-19 02:00:00,282,391.66360856269114,2285.80353019307,261.7970793650794
2018-09-19 02:00:00,282,391.66360856269114,2660.2594170035964,258.98935714285716
2018-09-19 03:00:00,358,371.06679035250465,2817.000469552342,365.7472777777777
2018-09-19 03:00:00,358,371.06679035250465,2796.116334208757,362.86189682539674
2018-09-19 04:00:00,913,696.3011904761905,3342.0822691459584,884.1825476190477
2018-09-19 04:00:00,913,696.3011904761905,2899.0938628997555,890.8873333333333
2018-09-19 04:00:00,913,696.3011904761905,2919.9779982433406,881.4459642857145
2018-09-19 05:00:00,3074,2071.845731707317,2989.8822956052545,2946.8287380952374
2018-09-19 05:00:00,3074,2071.845731707317,3432.8707018514574,2951.4532380952382
2018-09-19 06:00:00,5803,4163.973699940228,3525.3739951998828,5757.389357142854
2018-09-19 06:00:00,5803,4163.973699940228,3082.38558895368,5776.002142857142
2018-09-19 07:00:00,6510,4748.809753160746,3183.7744617316284,6103.400238095238
2018-09-19 07:00:00,6510,4748.809753160746,3162.8903263880434,6108.299904761906
2018-09-19 07:00:00,6510,4748.809753160746,3171.7884457413707,6111.318738095239
2018-09-19 08:00:00,6101,4611.336930455635,3266.248935221914,5861.7706998557
2018-09-19 08:00:00,6101,4611.336930455635,3380.1049344375106,5851.120485569985
2018-09-19 09:00:00,5331,4385.760351317441,3347.8969130848955,5395.446523809522
2018-09-19 09:00:00,5331,4385.760351317441,3461.752912300492,5438.661190476189
2018-09-19 09:00:00,5331,4385.760351317441,3356.7950324382227,5410.40488095238
2018-09-19 09:00:00,5331,4385.760351317441,3368.781048428481,5345.8660238095235
2018-09-19 10:00:00,4266,4183.411445783133,3554.256205648918,4489.420642857144
2018-09-19 10:00:00,4266,4183.411445783133,3449.298325786648,4466.289642857144
2018-09-19 10:00:00,4266,4183.411445783133,3461.2843417769063,4472.586095238095
2018-09-19 10:00:00,4266,4183.411445783133,3440.400206433321,4480.210488095238
2018-09-19 11:00:00,4567,4475.547449967721,3410.6858233543267,4577.369892857143
2018-09-19 11:00:00,4567,4475.547449967721,3389.8016880107416,4638.885035714286
2018-09-19 11:00:00,4567,4475.547449967721,3398.699807364069,4615.591797619047
2018-09-19 12:00:00,4734,4725.081841432225,3594.3422210699136,4747.819392857144
2018-09-19 12:00:00,4734,4725.081841432225,3573.458085726328,4718.631357142858
2018-09-19 13:00:00,4675,4727.435270805812,3755.5484735939795,4792.102261904763
2018-09-19 13:00:00,4675,4727.435270805812,3743.5624576037217,4789.652726190478
2018-09-19 13:00:00,4675,4727.435270805812,3734.6643382503944,4841.913488095239
2018-09-19 14:00:00,4980,4949.716550412175,4283.888197503041,5200.715222222222
2018-09-19 14:00:00,4980,4949.716550412175,3861.783926600423,5229.782333333334
2018-09-19 15:00:00,5718,5246.461338531514,3954.1664838053985,5644.8202619047615
2018-09-19 16:00:00,6382,5661.568824638592,4060.007582154367,6434.381083333334
2018-09-19 16:00:00,6382,5661.568824638592,4080.8917174979524,6455.311607142858
2018-09-19 17:00:00,5647,5329.677461139896,4145.287230156601,6160.013476190477
2018-09-19 17:00:00,5647,5329.677461139896,4133.301214166343,6132.863666666667
2018-09-19 17:00:00,5647,5329.677461139896,4124.403094813016,6128.701333333334
2018-09-19 18:00:00,4469,4277.991792929293,4243.801124494616,4509.982960317459
2018-09-19 18:00:00,4469,4277.991792929293,4222.916989151031,4550.680349206349
2018-09-19 18:00:00,4469,4277.991792929293,4231.815108504358,4555.060984126984
2018-09-19 19:00:00,3460,3279.4859154929577,4762.21402158796,3255.631095238096
2018-09-19 19:00:00,3460,3279.4859154929577,4319.225615341757,3252.8916785714287
2018-09-19 20:00:00,2865,2836.232469993683,4429.183322747915,2902.997071428572
2018-09-19 21:00:00,2576,2674.197988686361,4501.507377034321,2531.047976190477
2018-09-19 21:00:00,2576,2674.197988686361,4492.609257680993,2641.1154285714288
2018-09-19 22:00:00,1693,2201.658125,4580.349049243511,1740.8670476190482
2018-09-19 22:00:00,1693,2201.658125,4601.233184587097,1681.3503095238093
2018-09-19 22:00:00,1693,2201.658125,4589.2471685968385,1707.0038809523812
2018-09-19 23:00:00,994,1464.7486338797814,4671.328022020446,1042.2678333333329
2018-09-20 00:00:00,583,840.2307692307693,2552.034574982081,539.0586904761906
2018-09-20 01:00:00,349,520.4200244200244,2645.490568687689,334.55526190476195
2018-09-20 01:00:00,349,520.4200244200244,3088.478974933892,342.10809523809525
2018-09-20 02:00:00,265,391.66360856269114,2736.9893662611785,265.92542857142854
2018-09-20 02:00:00,265,391.66360856269114,2728.091246907851,270.3986428571428
2018-09-20 02:00:00,265,391.66360856269114,2748.9753822514367,264.6995952380952
2018-09-20 03:00:00,344,371.06679035250465,2832.2120160274676,346.11926984126984
2018-09-20 03:00:00,344,371.06679035250465,2853.096151371053,348.7079365079366
2018-09-20 03:00:00,344,371.06679035250465,3275.2004222736705,363.2089365079366
2018-09-20 04:00:00,914,696.3011904761905,2877.737521197782,907.7086071428571
2018-09-20 04:00:00,914,696.3011904761905,2856.8533858541964,909.6896428571426
2018-09-20 05:00:00,2924,2071.845731707317,3013.594138292641,2948.4058571428573
2018-09-20 05:00:00,2924,2071.845731707317,2992.7100029490557,2948.0200238095235
2018-09-20 05:00:00,2924,2071.845731707317,3001.608122302383,2947.962357142857
2018-09-20 05:00:00,2924,2071.845731707317,3435.698409195259,2946.565357142857
2018-09-20 06:00:00,5417,4163.973699940228,3535.083791180507,5379.409476190474
2018-09-20 06:00:00,5417,4163.973699940228,3100.9935042876314,5381.934261904759
2018-09-20 06:00:00,5417,4163.973699940228,3092.095384934304,5394.4218095238075
2018-09-20 06:00:00,5417,4163.973699940228,3112.9795202778896,5430.49564285714
2018-09-20 07:00:00,5766,4748.809753160746,3203.169783739877,6203.123119047619
2018-09-20 07:00:00,5766,4748.809753160746,3182.2856483962914,6187.78063095238
2018-09-20 08:00:00,5331,4611.336930455635,3269.9345555880473,5833.816301587301
2018-09-20 08:00:00,5331,4611.336930455635,3249.050420244462,5852.798222222221
2018-09-20 09:00:00,5264,4385.760351317441,3383.25981478144,5212.65980952381
2018-09-20 09:00:00,5264,4385.760351317441,3362.3756794378546,5274.855142857141
2018-09-20 10:00:00,4326,4183.411445783133,3504.7689254960796,4575.993392857143
2018-09-20 10:00:00,4326,4183.411445783133,3483.884790152494,4578.9649285714295
2018-09-20 10:00:00,4326,4183.411445783133,3492.7829095058214,4589.776464285715
2018-09-20 11:00:00,4592,4475.547449967721,3595.0138526388114,4777.827222222222
2018-09-20 11:00:00,4592,4475.547449967721,3574.1297172952263,4850.4650079365065
2018-09-20 11:00:00,4592,4475.547449967721,3583.0278366485536,4855.209126984126
2018-09-20 12:00:00,4695,4725.081841432225,3715.6342982275287,4831.212678571428
2018-09-20 12:00:00,4695,4725.081841432225,3703.648282237271,4839.941416666667
2018-09-20 13:00:00,4459,4727.435270805812,3832.6118363938403,4849.271186507936
2018-09-20 14:00:00,4517,4949.716550412175,3414.373147224549,5259.103988095238
2018-09-20 14:00:00,4517,4949.716550412175,3881.800897907087,5255.703988095238
2018-09-20 14:00:00,4517,4949.716550412175,3767.9448986914904,5262.582654761904
2018-09-20 14:00:00,4517,4949.716550412175,3788.829034035076,5272.712488095239
2018-09-20 15:00:00,5257,5246.461338531514,3858.7330312866884,5597.401047619047
2018-09-20 15:00:00,5257,5246.461338531514,3484.2771444761615,5617.800547619048
2018-09-20 15:00:00,5257,5246.461338531514,3837.848895943103,5606.392380952382
2018-09-20 16:00:00,6331,5661.568824638592,3909.299859831323,5787.937682539683
2018-09-20 16:00:00,6331,5661.568824638592,3555.7281083643816,5774.296849206349
2018-09-20 16:00:00,6331,5661.568824638592,3930.183995174908,5779.9564206349205
2018-09-20 17:00:00,5065,5329.677461139896,4036.3554129500935,5386.661222222223
2018-09-20 17:00:00,5065,5329.677461139896,3661.8995261395667,5442.399888888888
2018-09-20 17:00:00,5065,5329.677461139896,4015.471277606508,5457.712388888888
2018-09-20 18:00:00,3898,4277.991792929293,3948.10259544548,4092.695
2018-09-20 18:00:00,3898,4277.991792929293,3573.646708634953,4076.644309523809
2018-09-20 18:00:00,3898,4277.991792929293,3927.2184601018944,4089.703333333333
2018-09-20 18:00:00,3898,4277.991792929293,4041.0744593174913,4090.341333333333
2018-09-20 18:00:00,3898,4277.991792929293,4370.206866348098,4110.032166666666
2018-09-20 19:00:00,2957,3279.4859154929577,4424.669311885193,3194.4988571428567
2018-09-20 19:00:00,2957,3279.4859154929577,3981.6809056389893,3188.103738095237
2018-09-20 19:00:00,2957,3279.4859154929577,3628.109154172048,3175.9230238095233
2018-09-20 19:00:00,2957,3279.4859154929577,4002.565040982575,3188.3253571428563
2018-09-20 20:00:00,2740,2836.232469993683,4243.971463919132,2833.2206428571426
2018-09-20 20:00:00,2740,2836.232469993683,3869.5155771086047,2830.5179761904756
2018-09-20 20:00:00,2740,2836.232469993683,4223.087328575546,2830.612142857142
2018-09-20 20:00:00,2740,2836.232469993683,4231.985447928873,2822.5584761904756
2018-09-20 21:00:00,3497,2674.197988686361,4506.117074368369,2654.7224285714287
2018-09-20 22:00:00,2356,2201.658125,4712.60313179601,2092.187142857143
2018-09-20 22:00:00,2356,2201.658125,4700.617115805751,2090.0141428571433
2018-09-20 23:00:00,1633,1464.7486338797814,4816.157749287742,1197.5612261904766
2018-09-21 00:00:00,698,840.2307692307693,3007.165300922393,679.5795833333333
2018-09-21 01:00:00,407,520.4200244200244,2795.6499493687766,404.4775476190475
2018-09-21 02:00:00,304,391.66360856269114,2855.5763590880165,301.10588095238086
2018-09-21 03:00:00,377,371.06679035250465,3234.5631421799153,378.41166666666663
2018-09-21 04:00:00,867,696.3011904761905,3008.762753855001,808.622845238095
2018-09-21 04:00:00,867,696.3011904761905,2987.8786185114154,821.0205476190473
2018-09-21 04:00:00,867,696.3011904761905,2996.7767378647427,803.1303015873013
2018-09-21 05:00:00,2919,2071.845731707317,3044.4975521205884,2744.6949880952375
2018-09-21 05:00:00,2919,2071.845731707317,3023.613416777003,2762.0475714285712
2018-09-21 05:00:00,2919,2071.845731707317,3032.51153613033,2764.6357380952377
2018-09-21 06:00:00,5457,4163.973699940228,3160.0562878314267,5371.717291125538
2018-09-21 07:00:00,6539,4748.809753160746,3236.3636751077647,5929.837404761905
2018-09-21 08:00:00,5653,4611.336930455635,3320.8462769456337,5719.808103174603
2018-09-21 08:00:00,5653,4611.336930455635,3299.962141602048,5718.503976190478
2018-09-21 08:00:00,5653,4611.336930455635,3308.8602609553755,5699.517047619048
2018-09-21 09:00:00,4981,4385.760351317441,3400.398314022815,4998.0785000000005
2018-09-21 09:00:00,4981,4385.760351317441,3388.412298032557,4982.6835
2018-09-21 09:00:00,4981,4385.760351317441,3379.5141786792296,4973.8214761904765
2018-09-21 10:00:00,4548,4183.411445783133,3504.709623213868,4681.919142857141
2018-09-21 11:00:00,4937,4475.547449967721,3893.22887846401,4918.945214285715
2018-09-21 12:00:00,5039,4725.081841432225,3697.52835283961,5174.293535714286
2018-09-21 13:00:00,4901,4727.435270805812,4091.0016499470967,5198.833250000001
2018-09-21 14:00:00,5185,4949.716550412175,4195.890047938885,5531.778833333333
2018-09-21 15:00:00,5973,5246.461338531514,4300.397365787799,5797.055095238095
2018-09-21 16:00:00,6007,5661.568824638592,4379.384760269434,6366.622694444443
2018-09-21 17:00:00,5489,5329.677461139896,4487.702879547075,5887.7681785714285
2018-09-21 18:00:00,4607,4277.991792929293,4503.129998466373,5002.444892857142
2018-09-21 19:00:00,3958,3279.4859154929577,4533.216256681078,4029.631630952381
2018-09-21 20:00:00,3255,2836.232469993683,4290.383702412194,3165.9176507936513
2018-09-21 21:00:00,2931,2674.197988686361,4362.254538371729,3050.090468253969
2018-09-21 22:00:00,2570,2201.658125,4420.133668392509,2934.422880952382
2018-09-21 23:00:00,2179,1464.7486338797814,4501.395097526192,1986.963928571428
2018-09-22 00:00:00,1516,840.2307692307693,1217.3979300198148,1257.559428571429
2018-09-22 01:00:00,1273,520.4200244200244,1304.5661013680237,746.3496666666667
2018-09-22 02:00:00,1207,391.66360856269114,1396.4977745021408,568.0215238095238
2018-09-22 03:00:00,611,371.06679035250465,1486.333506850458,396.8543571428573
2018-09-22 04:00:00,647,696.3011904761905,1579.2178803417569,406.7579642857142
2018-09-22 05:00:00,960,2071.845731707317,1675.3414350474727,766.175595238095
2018-09-22 06:00:00,1635,4163.973699940228,1774.7041709676064,1494.7558333333334
2018-09-22 07:00:00,2445,4748.809753160746,1878.6398686022123,2155.5591507936506
2018-09-22 08:00:00,3415,4611.336930455635,1979.7174651652736,3327.114202380954
2018-09-22 09:00:00,3770,4385.760351317441,2106.708511443675,4004.0355238095244
2018-09-22 10:00:00,4308,4183.411445783133,2250.657624079911,3784.3601904761913
2018-09-22 11:00:00,4638,4475.547449967721,2382.602712215658,4874.338345238095
2018-09-22 12:00:00,4831,4725.081841432225,2519.447712534982,4779.016380952381
2018-09-22 13:00:00,4565,4727.435270805812,2916.4734916018006,4547.192095238093
2018-09-22 14:00:00,4654,4949.716550412175,2731.2581384928235,4606.429666666667
2018-09-22 15:00:00,4589,5246.461338531514,3190.3821833620223,4521.510833333333
2018-09-22 16:00:00,4582,5661.568824638592,2965.540504105549,3869.2202619047625
2018-09-22 17:00:00,4847,5329.677461139896,3405.3035612743784,4109.434698412699
2018-09-22 18:00:00,4620,4277.991792929293,3576.0262694805506,4166.880503246753
2018-09-22 19:00:00,4347,3279.4859154929577,3653.857977328379,3618.805805555554
2018-09-22 20:00:00,3602,2836.232469993683,3619.7446776742304,2958.1595714285713
2018-09-22 21:00:00,2985,2674.197988686361,3695.861524879132,3093.3489523809512
2018-09-22 22:00:00,2480,2201.658125,3858.9626302278516,2768.6453571428574
2018-09-22 23:00:00,1871,1464.7486338797814,3819.403776799446,2069.5974761904763
2018-09-23 00:00:00,1249,840.2307692307693,1729.5639325363147,1475.8015158730152
2018-09-23 01:00:00,690,520.4200244200244,1944.2889510390914,1006.3198452380952
2018-09-23 02:00:00,565,391.66360856269114,1916.8570000904028,698.2991746031745
2018-09-23 03:00:00,319,371.06679035250465,1999.071129581267,476.52397619047616
2018-09-23 04:00:00,339,696.3011904761905,1745.6484396093442,324.9154603174604
2018-09-23 05:00:00,514,2071.845731707317,1826.1477084572812,504.9311904761907
2018-09-23 06:00:00,910,4163.973699940228,1915.4118205912898,925.4259523809527
2018-09-23 07:00:00,1402,4748.809753160746,2304.7618671268883,1215.62075
2018-09-23 08:00:00,2203,4611.336930455635,2407.173244190003,1965.2152500000002
2018-09-23 09:00:00,3562,4385.760351317441,2543.881834111658,2908.210428571429
2018-09-23 10:00:00,4594,4183.411445783133,2392.317974060775,4192.044488095238
2018-09-23 11:00:00,4252,4475.547449967721,2532.6468253397206,4162.4823333333325
2018-09-23 12:00:00,3945,4725.081841432225,3073.30356586722,4304.06094047619
2018-09-23 13:00:00,4107,4727.435270805812,2734.371073716625,4199.8514642857135
2018-09-23 14:00:00,4091,4949.716550412175,3236.681138922915,4238.482761904761
2018-09-23 15:00:00,4195,5246.461338531514,3009.5529788092063,4359.860992063493
2018-09-23 16:00:00,4413,5661.568824638592,3113.2981363723757,4078.968892857143
2018-09-23 17:00:00,4117,5329.677461139896,3547.726071540987,4076.87880952381
2018-09-23 18:00:00,3997,4277.991792929293,3627.8442602460514,3654.1248095238097
2018-09-23 19:00:00,3516,3279.4859154929577,3915.890434167055,3275.113547619048
2018-09-23 20:00:00,2846,2836.232469993683,3835.051480798369,2833.9339285714277
2018-09-23 21:00:00,2346,2674.197988686361,3502.6472156829536,2208.563416666667
2018-09-23 22:00:00,1635,2201.658125,3915.734662850697,1852.9257142857145
2018-09-23 23:00:00,934,1464.7486338797814,3669.5524955933547,1261.2580952380952
2018-09-24 00:00:00,509,840.2307692307693,2301.2483558233444,546.4989556277055
2018-09-24 01:00:00,344,520.4200244200244,2384.224645599954,370.51300000000003
2018-09-24 02:00:00,219,391.66360856269114,2464.7239144478904,260.2689523809524
2018-09-24 03:00:00,328,371.06679035250465,2554.5596467962077,322.64473809523804
2018-09-24 04:00:00,888,696.3011904761905,2637.5359365728177,781.0340952380958
2018-09-24 05:00:00,2954,2071.845731707317,2307.7024519874276,2865.087916666667
2018-09-24 06:00:00,5747,4163.973699940228,2391.0598219069093,5536.894464285715
2018-09-24 07:00:00,6591,4748.809753160746,3315.7547860095224,5877.420726190478
2018-09-24 08:00:00,5900,4611.336930455635,3410.354020143748,5096.326833333333
2018-09-24 09:00:00,4936,4385.760351317441,3110.913187386818,4801.592761904762
2018-09-24 10:00:00,4351,4183.411445783133,3653.284788557244,4372.477619047618
2018-09-24 11:00:00,4468,4475.547449967721,3788.6595979788453,4619.408936507936
2018-09-24 12:00:00,4531,4725.081841432225,3908.4101215426663,4574.5125238095225
2018-09-24 13:00:00,4433,4727.435270805812,4071.019714974474,4539.905999999999
2018-09-24 14:00:00,4816,4949.716550412175,4065.1187920980906,4899.5653571428575
2018-09-24 15:00:00,5443,5246.461338531514,4248.988765233369,5109.625154761906
2018-09-24 16:00:00,6307,5661.568824638592,3939.2587686188785,5718.834714285715
2018-09-24 17:00:00,5562,5329.677461139896,4028.9039608957596,5394.630976190475
2018-09-24 18:00:00,4167,4277.991792929293,4557.544230717582,4038.7559880952367
2018-09-24 19:00:00,3253,3279.4859154929577,4622.609753779176,2927.6708214285713
2018-09-24 20:00:00,2559,2836.232469993683,4391.659314939054,2396.1074642857143
2018-09-24 21:00:00,2084,2674.197988686361,4412.11504350002,2086.923964285715
2018-09-24 22:00:00,1392,2201.658125,4436.958662290448,1482.5027698412696
2018-09-24 22:00:00,1392,2201.658125,4416.0745269468625,1426.5787698412698
2018-09-24 22:00:00,1392,2201.658125,4424.97264630019,1491.1429365079362
2018-09-24 23:00:00,826,1464.7486338797814,4405.969365466532,993.6636904761905
2018-09-24 23:00:00,826,1464.7486338797814,4385.085230122946,980.3799047619046
2018-09-24 23:00:00,826,1464.7486338797814,4031.513478656005,993.1302142857144
2018-09-25 00:00:00,527,840.2307692307693,2432.687363706785,541.3863095238096
2018-09-25 00:00:00,527,840.2307692307693,2411.8032283631997,531.9094523809525
2018-09-25 01:00:00,302,520.4200244200244,2535.6820698764723,323.2074722222222
2018-09-25 01:00:00,302,520.4200244200244,2514.797934532887,324.6528055555556
2018-09-25 02:00:00,234,391.66360856269114,2623.0407812961175,256.1415833333333
2018-09-25 02:00:00,234,391.66360856269114,2602.156645952532,255.27358333333333
2018-09-25 03:00:00,366,371.06679035250465,2709.0782521395136,343.84214285714285
2018-09-25 04:00:00,880,696.3011904761905,3053.005568368512,849.925261904762
2018-09-25 05:00:00,3063,2071.845731707317,3174.649046441508,2953.3289999999997
2018-09-25 06:00:00,5833,4163.973699940228,3256.863175932372,5799.1680793650785
2018-09-25 07:00:00,6568,4748.809753160746,3043.3271561073675,6108.947484126983
2018-09-25 08:00:00,6080,4611.336930455635,3580.5337163449235,5949.152476190477
2018-09-25 09:00:00,5083,4385.760351317441,3248.6462579334952,5331.6968809523805
2018-09-25 10:00:00,4385,4183.411445783133,3332.961796796585,4413.948690476191
2018-09-25 11:00:00,4458,4475.547449967721,3393.997091987064,4718.558285714286
2018-09-25 12:00:00,4580,4725.081841432225,3497.1878068146143,4821.671142857144
2018-09-25 12:00:00,4580,4725.081841432225,3476.303671471029,4804.21379761905
2018-09-25 12:00:00,4580,4725.081841432225,3485.201790824356,4853.132345238097
2018-09-25 13:00:00,4716,4727.435270805812,3594.8716026715374,4812.922964285714
2018-09-25 14:00:00,4973,4949.716550412175,3704.308750690344,5021.750285714286
2018-09-25 14:00:00,4973,4949.716550412175,3692.3227347000857,5087.4044047619045
2018-09-25 15:00:00,5748,5246.461338531514,3799.4796050388786,5716.930178571429
2018-09-25 16:00:00,6597,5661.568824638592,3897.14002023989,6402.177666666667
2018-09-25 16:00:00,6597,5661.568824638592,3909.126036230148,6389.166976190479
2018-09-25 17:00:00,5734,5329.677461139896,3985.0647895688016,6161.433428571429
2018-09-25 18:00:00,4320,4277.991792929293,4107.094816371096,4337.226571428572
2018-09-25 19:00:00,3058,3279.4859154929577,4495.989683177686,3316.5427380952374
2018-09-25 20:00:00,2765,2836.232469993683,4539.917704515035,2834.6794285714295
2018-09-25 21:00:00,2282,2674.197988686361,4187.9744515516195,2786.4241190476187
2018-09-25 22:00:00,1571,2201.658125,4562.756813148116,2008.770702380952
2018-09-25 23:00:00,924,1464.7486338797814,4358.032273166496,1021.0840833333335
2018-09-26 00:00:00,543,840.2307692307693,2231.307763342115,542.1783095238095
2018-09-26 01:00:00,358,520.4200244200244,2327.2407779763944,359.86035714285725
2018-09-26 02:00:00,227,391.66360856269114,2876.649915584777,258.3598452380953
2018-09-26 03:00:00,358,371.06679035250465,2979.823452933637,344.38180158730154
2018-09-26 04:00:00,890,696.3011904761905,3070.611885639136,879.1833030303029
2018-09-26 05:00:00,3052,2071.845731707317,3035.5583318329946,2956.8278531746037
2018-09-26 06:00:00,5930,4163.973699940228,2769.559997146273,5770.011238095239
2018-09-26 07:00:00,6193,4748.809753160746,2856.7417009129235,6287.782738095238
2018-09-26 08:00:00,6032,4611.336930455635,3073.746105348423,5911.896869047619
2018-09-26 09:00:00,5320,4385.760351317441,3662.836922739458,4737.538666666667
2018-09-26 10:00:00,4523,4183.411445783133,3542.2800951483528,4527.6392380952375
2018-09-26 11:00:00,4721,4475.547449967721,3757.9702602134994,4644.3648095238095
2018-09-26 12:00:00,4793,4725.081841432225,3874.2910624914675,4651.578726190478
2018-09-26 13:00:00,4624,4727.435270805812,3988.3253839121985,4624.523130952383
2018-09-26 14:00:00,4928,4949.716550412175,4014.2322067604937,5166.862309523811
2018-09-26 15:00:00,5693,5246.461338531514,4127.123287752607,5381.376357142858
2018-09-26 16:00:00,6334,5661.568824638592,3892.754604924318,6386.959984126984
2018-09-26 17:00:00,5954,5329.677461139896,4327.944700378675,6083.593265873015
2018-09-26 18:00:00,4661,4277.991792929293,4423.496634870082,4611.707547619048
2018-09-26 19:00:00,3639,3279.4859154929577,4160.928021469215,3553.3525714285706
2018-09-26 20:00:00,3197,2836.232469993683,4549.435799421672,2886.3626904761895
2018-09-26 21:00:00,3475,2674.197988686361,4291.576558132947,2571.9025238095237
2018-09-26 22:00:00,1973,2201.658125,4387.890652910099,1716.6626666666668
2018-09-26 23:00:00,1209,1464.7486338797814,4479.876455717983,1117.3119523809528
2018-09-27 00:00:00,654,840.2307692307693,2706.5089919999664,646.9229047619049
2018-09-27 01:00:00,421,520.4200244200244,2890.760045278119,346.0995238095238
2018-09-27 02:00:00,312,391.66360856269114,2912.4749865548156,277.95543650793655
2018-09-27 03:00:00,373,371.06679035250465,3097.4882001187125,333.5180396825397
2018-09-27 04:00:00,919,696.3011904761905,2889.611118432617,856.01748015873
2018-09-27 05:00:00,3002,2071.845731707317,2980.9586314286203,2858.5492380952387
2018-09-27 06:00:00,5685,4163.973699940228,2895.921808219461,5771.003706349208
2018-09-27 07:00:00,6589,4748.809753160746,3188.8121119062175,5860.8355
2018-09-27 07:00:00,6589,4748.809753160746,3176.8260959159593,5853.387761904763
2018-09-27 08:00:00,5946,4611.336930455635,3123.2836239679486,5743.093595238094
2018-09-27 09:00:00,5181,4385.760351317441,3674.4076222192575,5375.687277056274
2018-09-27 10:00:00,4500,4183.411445783133,3785.77438263988,4542.62046031746
2018-09-27 11:00:00,4670,4475.547449967721,3588.936085173287,4762.21
2018-09-27 12:00:00,4849,4725.081841432225,3990.787676837547,4794.578301587301
2018-09-27 13:00:00,4787,4727.435270805812,4092.246353543481,4788.352825396825
2018-09-27 14:00:00,4943,4949.716550412175,4201.326633106867,5256.754154761904
2018-09-27 15:00:00,5892,5246.461338531514,3789.0611995822783,5644.040642857143
2018-09-27 16:00:00,6451,5661.568824638592,4361.7659967936215,6434.083460317462
2018-09-27 17:00:00,5968,5329.677461139896,4478.074352866401,6000.79580952381
2018-09-27 18:00:00,4498,4277.991792929293,4528.099656489712,4634.559739177491
2018-09-27 19:00:00,3419,3279.4859154929577,4645.3607129196735,3536.092416666666
2018-09-27 20:00:00,2856,2836.232469993683,4558.560367980246,3063.1914880952377
2018-09-27 21:00:00,2649,2674.197988686361,4345.261524783991,2726.8698333333327
2018-09-27 22:00:00,2003,2201.658125,4836.377846738045,1974.4118492063487
2018-09-27 23:00:00,1278,1464.7486338797814,4499.5911599795945,1291.1665476190476
2018-09-28 00:00:00,699,840.2307692307693,2369.6274689407946,703.5532532467531
2018-09-28 01:00:00,461,520.4200244200244,2458.129420789058,422.8370357142857
2018-09-28 02:00:00,301,391.66360856269114,2541.48679070854,316.3190238095238
2018-09-28 03:00:00,367,371.06679035250465,2957.8134190907003,381.8065595238095
2018-09-28 04:00:00,870,696.3011904761905,2707.8204504046316,839.2092857142858
2018-09-28 05:00:00,2751,2071.845731707317,2801.276444110239,2797.819476190476
2018-09-28 06:00:00,5521,4163.973699940228,3172.9062640022585,5442.0711309523795
2018-09-28 07:00:00,6401,4748.809753160746,2970.0871247350024,6329.726380952383
2018-09-28 08:00:00,5798,4611.336930455635,3060.6850173690655,5510.788571428573
2018-09-28 09:00:00,4791,4385.760351317441,3168.4315164323975,5013.619380952381
2018-09-28 10:00:00,4574,4183.411445783133,3289.7063605677104,4609.61980952381
2018-09-28 11:00:00,4863,4475.547449967721,3826.552299666483,4987.515166666665
2018-09-28 12:00:00,5066,4725.081841432225,3862.5577463009045,5305.418821428573
2018-09-28 13:00:00,4898,4727.435270805812,4074.4246637321357,5117.251964285715
2018-09-28 14:00:00,5193,4949.716550412175,4079.193984856187,5663.739000000001
2018-09-28 15:00:00,5838,5246.461338531514,4176.270239919085,5788.286345238095
2018-09-28 16:00:00,6188,5661.568824638592,4274.299195339165,6325.554107142854
2018-09-28 17:00:00,5695,5329.677461139896,4446.546224116828,5875.490702380953
2018-09-28 18:00:00,5104,4277.991792929293,4445.205816749727,5012.9714246031745
2018-09-28 19:00:00,4286,3279.4859154929577,4470.909653321399,3954.269297619047
2018-09-28 20:00:00,3538,2836.232469993683,4573.812542301426,3042.378738095238
2018-09-28 21:00:00,3058,2674.197988686361,4631.828082719876,3021.6914285714283
2018-09-28 22:00:00,2713,2201.658125,4657.34137922011,2561.343595238095
2018-09-28 23:00:00,3544,1464.7486338797814,4450.520898452691,1954.567345238095
2018-09-29 00:00:00,1733,840.2307692307693,1102.833482480236,1242.06425
2018-09-29 01:00:00,867,520.4200244200244,1234.0662749365815,743.364892857143
2018-09-29 02:00:00,524,391.66360856269114,1328.8560491422431,569.5519285714286
2018-09-29 03:00:00,359,371.06679035250465,1410.6890984902352,396.90688095238096
2018-09-29 04:00:00,425,696.3011904761905,1498.4288900527522,456.5737896825396
2018-09-29 05:00:00,743,2071.845731707317,1600.6497270444318,714.7943452380953
2018-09-29 06:00:00,1359,4163.973699940228,1694.2962608214752,1273.7214761904763
2018-09-29 07:00:00,2036,4748.809753160746,1791.9441360986825,2221.1786428571436
2018-09-29 08:00:00,3073,4611.336930455635,2312.5941691253665,3202.5928650793644
2018-09-29 09:00:00,3725,4385.760351317441,2455.197055056359,3893.398285714285
2018-09-29 10:00:00,4059,4183.411445783133,2121.2809155746418,4625.699261904763
2018-09-29 11:00:00,4378,4475.547449967721,2377.9312810059555,5033.069706349206
2018-09-29 12:00:00,4657,4725.081841432225,2499.759736845346,4937.151440476191
2018-09-29 13:00:00,4553,4727.435270805812,2899.3303162387965,4807.692253968254
2018-09-29 14:00:00,4618,4949.716550412175,3006.1241149449465,4692.4146966089465
2018-09-29 15:00:00,4564,5246.461338531514,3113.4895338654064,4657.444351370852
2018-09-29 16:00:00,4735,5661.568824638592,2913.424595108201,4636.807668831169
2018-09-29 17:00:00,4878,5329.677461139896,3310.8812252056196,4366.3036111111105
2018-09-29 18:00:00,4569,4277.991792929293,3397.287236268083,4072.037036796537
2018-09-29 19:00:00,3818,3279.4859154929577,3485.2175679020374,3545.0324047619047
2018-09-29 20:00:00,3338,2836.232469993683,3577.1492410361543,3024.1642380952385
2018-09-29 21:00:00,2950,2674.197988686361,3668.699834027398,3022.692603174603
2018-09-29 22:00:00,2607,2201.658125,3765.776089090297,3297.9112738095255
2018-09-29 23:00:00,3856,1464.7486338797814,3855.9929015814864,2227.023214285715
2018-09-30 00:00:00,1826,840.2307692307693,1740.1291758289758,1357.998785714286
2018-09-30 01:00:00,920,520.4200244200244,1832.4419291059653,862.8900317460316
2018-09-30 02:00:00,696,391.66360856269114,1924.5641423115183,617.5692608225107
2018-09-30 03:00:00,364,371.06679035250465,2019.1633764457438,366.32723809523804
2018-09-30 04:00:00,335,696.3011904761905,2109.761269079807,335.78920238095236
2018-09-30 05:00:00,444,2071.845731707317,2205.6942837140864,561.9888412698411
2018-09-30 06:00:00,802,4163.973699940228,2304.1043192770394,1035.8501255411254
2018-09-30 07:00:00,1175,4748.809753160746,2398.322473268392,1344.990880952381
2018-09-30 08:00:00,2002,4611.336930455635,2495.0176481884164,2056.912095238096
2018-09-30 09:00:00,2882,4385.760351317441,2595.9047046800415,3134.8635555555556
2018-09-30 10:00:00,3701,4183.411445783133,2670.7002175900775,3979.1945277777772
2018-09-30 11:00:00,4049,4475.547449967721,2814.446343949688,4184.17430952381
2018-09-30 12:00:00,4429,4725.081841432225,2884.4783550738152,4251.402904761904
2018-09-30 13:00:00,4547,4727.435270805812,2728.969338317291,4477.562297619048
2018-09-30 14:00:00,4380,4949.716550412175,2831.9523355947163,4609.417726190477
2018-09-30 14:00:00,4380,4949.716550412175,2819.966319604458,4671.051797619048
2018-09-30 15:00:00,4302,5246.461338531514,2899.126245647298,4368.639488095239
2018-09-30 15:00:00,4302,5246.461338531514,2887.14022965704,4375.522678571429
2018-09-30 16:00:00,4283,5661.568824638592,3003.8241035676497,4473.569821428573
2018-09-30 17:00:00,4132,5329.677461139896,3396.5352403893917,4304.485321428574
2018-09-30 18:00:00,3947,4277.991792929293,3179.1186152076743,4093.532226190476
2018-09-30 19:00:00,3543,3279.4859154929577,3559.8202589425014,3496.741436507937
2018-09-30 20:00:00,2781,2836.232469993683,3675.1759146580985,2847.9035476190475
2018-09-30 21:00:00,2159,2674.197988686361,3104.06680186599,2185.6804444444438
2018-09-30 22:00:00,1450,2201.658125,3851.2271179974423,1685.7249285714286
2018-09-30 23:00:00,954,1464.7486338797814,3946.207432274541,1043.3362857142859
